{
"type": "FeatureCollection",
"name": "rivers",
"crs": { "type": "name", "properties": { "name": "urn:ogc:def:crs:OGC:1.3:CRS84" } },
"features": [
{ "type": "Feature", "properties": { "objectid": 1, "name": "ADYAR RIVER", "zone": "13,12", "ward": "173,172,175,171,170,158,157", "category": "RIVER", "sub_catego": "RIVER", "st_area(shape)": 2049534.8091873408, "st_perimeter(shape)": 42848.39309764497 }, "geometry": { "type": "Polygon", "coordinates": [ [ [ 80.249659189420157, 13.018655845917273 ], [ 80.249590585980243, 13.018759582894248 ], [ 80.249589446018135, 13.018761307088079 ], [ 80.249553089401971, 13.018799810871947 ], [ 80.249522821566771, 13.018837247750501 ], [ 80.249498977584167, 13.018885282721577 ], [ 80.249472523097381, 13.018942893516527 ], [ 80.249453722256803, 13.019000527053947 ], [ 80.249435568203225, 13.019119015788293 ], [ 80.249426962342795, 13.019159498397816 ], [ 80.249421767385513, 13.019231005930491 ], [ 80.24941442096312, 13.019312543502414 ], [ 80.249414641050379, 13.019392566036363 ], [ 80.249411481675523, 13.019431437315754 ], [ 80.249399648168293, 13.019472002145198 ], [ 80.249385118816861, 13.019519520611839 ], [ 80.249378742575004, 13.019554765824525 ], [ 80.249372833457059, 13.019587842231159 ], [ 80.249382202885457, 13.019630457680703 ], [ 80.249392114896295, 13.01967678143882 ], [ 80.249393908831934, 13.019724256980352 ], [ 80.24939361777777, 13.019790352854503 ], [ 80.249397852436019, 13.019945978596516 ], [ 80.249402273045533, 13.019978542071419 ], [ 80.249413242373464, 13.020010492012172 ], [ 80.249448284754394, 13.020071717206969 ], [ 80.249485427396451, 13.02013982074414 ], [ 80.249508442234031, 13.020183469733885 ], [ 80.249518899522243, 13.020232508321433 ], [ 80.249526701390494, 13.020275118408778 ], [ 80.249533501637188, 13.020293673946412 ], [ 80.24954252521421, 13.020318294755986 ], [ 80.249563402959751, 13.020367272051486 ], [ 80.24957214716072, 13.0204034650063 ], [ 80.249568023893545, 13.020455716480459 ], [ 80.249554109888109, 13.020544287784633 ], [ 80.249538984953674, 13.020575258282502 ], [ 80.249526559456655, 13.02059818901655 ], [ 80.249522868279186, 13.02062964437885 ], [ 80.249521849589641, 13.020661650249631 ], [ 80.249511050941607, 13.020695345287955 ], [ 80.249495443611863, 13.020733728866382 ], [ 80.249478107025183, 13.020764149703515 ], [ 80.249459141792926, 13.020784530034399 ], [ 80.24944451003357, 13.020804832469199 ], [ 80.249439190210452, 13.020826156281746 ], [ 80.249433770674329, 13.020849649757745 ], [ 80.2494262275209, 13.020874131352416 ], [ 80.249373280818048, 13.020970817523819 ], [ 80.249340391698894, 13.021021447975867 ], [ 80.249320438319785, 13.02106343564809 ], [ 80.249282681230085, 13.021107722508342 ], [ 80.249224421890631, 13.02119236823247 ], [ 80.249198545020562, 13.021241843353424 ], [ 80.249161855129429, 13.021298791936918 ], [ 80.249091721858562, 13.021406912639382 ], [ 80.249064214546252, 13.021446346366561 ], [ 80.249037183341017, 13.021480899009509 ], [ 80.249002662881281, 13.021521939620698 ], [ 80.248958370547896, 13.021592790935301 ], [ 80.248933022785536, 13.021619391352578 ], [ 80.248905942172968, 13.021639657835152 ], [ 80.248870290734288, 13.021658362057165 ], [ 80.248833434654813, 13.021678689801599 ], [ 80.248802503862947, 13.021660697130976 ], [ 80.248688580416911, 13.021795002346947 ], [ 80.248575178892096, 13.021939888828562 ], [ 80.248599140553978, 13.021975402387636 ], [ 80.248576479652627, 13.021997761477435 ], [ 80.248602029535945, 13.022026408101068 ], [ 80.248556129218187, 13.022079712990115 ], [ 80.248489150830594, 13.022150589526388 ], [ 80.248398950992907, 13.02224644374728 ], [ 80.248394233041054, 13.02225114626666 ], [ 80.248345396130617, 13.022299817730785 ], [ 80.248309789607703, 13.02233389326385 ], [ 80.248276794487296, 13.022358482363002 ], [ 80.248254620472864, 13.022372342229319 ], [ 80.248199507931858, 13.022422456019649 ], [ 80.24818166200042, 13.022438408515063 ], [ 80.248163251926968, 13.022458157680175 ], [ 80.248153601325896, 13.022477841202837 ], [ 80.248133049668837, 13.022504455528489 ], [ 80.248106569130854, 13.022539642552557 ], [ 80.248079618774028, 13.022577992587189 ], [ 80.248001387190868, 13.022680211180552 ], [ 80.247975956783506, 13.022703646716769 ], [ 80.247952118190796, 13.022719130080798 ], [ 80.247928379311105, 13.022731991310895 ], [ 80.24790941677378, 13.022751196071239 ], [ 80.247882944320679, 13.022783669905898 ], [ 80.247777536005231, 13.022876949011758 ], [ 80.247748886035865, 13.022897752770829 ], [ 80.247727805271111, 13.022915956277368 ], [ 80.247712169195268, 13.022933001003794 ], [ 80.247699217285486, 13.022946796947604 ], [ 80.247681383930484, 13.022958590409084 ], [ 80.247666190724061, 13.022981513045668 ], [ 80.247632752734276, 13.0230304241739 ], [ 80.247591679962838, 13.023073073164479 ], [ 80.247547934703462, 13.023115172515862 ], [ 80.247525281886922, 13.023134908498886 ], [ 80.247483536277372, 13.023155764748877 ], [ 80.247451116977047, 13.023172850593641 ], [ 80.247430025432507, 13.023194761468046 ], [ 80.247410105291095, 13.023225627484656 ], [ 80.247391741930073, 13.023260204385338 ], [ 80.247373950795861, 13.023288454393153 ], [ 80.247304810163385, 13.023372615381598 ], [ 80.24725886133659, 13.023411543800355 ], [ 80.247222705943045, 13.023444080563459 ], [ 80.247191279281154, 13.023468041152627 ], [ 80.247144273137266, 13.023490509508804 ], [ 80.247090633833338, 13.0235108791129 ], [ 80.247053330392845, 13.023526413188558 ], [ 80.247034930200897, 13.023542906491686 ], [ 80.247020922770659, 13.023570082586637 ], [ 80.247001476939687, 13.023596699420589 ], [ 80.246980924384332, 13.023623313626029 ], [ 80.246966424677311, 13.023661067476271 ], [ 80.246962688584048, 13.023676518397766 ], [ 80.246950768838531, 13.023684530926346 ], [ 80.2469178051592, 13.023698450232599 ], [ 80.246855535740337, 13.023736336227739 ], [ 80.246806910832305, 13.02377579934117 ], [ 80.2467820840928, 13.023813070053617 ], [ 80.246756177578334, 13.023841387389348 ], [ 80.246723168983223, 13.02387013532385 ], [ 80.246695547584864, 13.023886149865715 ], [ 80.246655560876604, 13.023904840790006 ], [ 80.246618265520979, 13.023948586264384 ], [ 80.246598348074471, 13.023978366930526 ], [ 80.246581644800102, 13.024012948977383 ], [ 80.246551858461913, 13.024043334403569 ], [ 80.246530237809637, 13.024057195926027 ], [ 80.246503753678439, 13.024063177087854 ], [ 80.246485368757817, 13.024074335971438 ], [ 80.246463217201253, 13.024111071887864 ], [ 80.246433580881728, 13.024153212197538 ], [ 80.246412964545939, 13.024170241960332 ], [ 80.246385381775127, 13.024173507354618 ], [ 80.246359374649359, 13.024174155007202 ], [ 80.246342574356902, 13.024179531398746 ], [ 80.24632527010958, 13.024199192029238 ], [ 80.246304200124598, 13.024214140548903 ], [ 80.246281410764155, 13.024217962573665 ], [ 80.246241927112465, 13.024222820842265 ], [ 80.246225100768868, 13.024236696357994 ], [ 80.246184683767623, 13.02430647389394 ], [ 80.246164148280215, 13.024327211017324 ], [ 80.246146306840359, 13.024341625653852 ], [ 80.246138219307866, 13.024362941285119 ], [ 80.246131237601475, 13.024384712896586 ], [ 80.246122638029277, 13.024392192402164 ], [ 80.246100409217561, 13.024393845665161 ], [ 80.246065735145891, 13.024393925308871 ], [ 80.246027252217431, 13.024403036196986 ], [ 80.246008849330536, 13.024420163090397 ], [ 80.2459976680002, 13.024458468198423 ], [ 80.245994508625344, 13.024496706784943 ], [ 80.245992433517046, 13.024542452873163 ], [ 80.245964875899048, 13.024567961593352 ], [ 80.245942151217307, 13.024580826228233 ], [ 80.245908099678161, 13.024588412502883 ], [ 80.245879383233486, 13.024600717005724 ], [ 80.245837146245464, 13.024631607352852 ], [ 80.245802043677415, 13.024651398352946 ], [ 80.245772283390366, 13.024673283715625 ], [ 80.245750638483571, 13.024695102560873 ], [ 80.245717765534081, 13.024739854380485 ], [ 80.245653944724708, 13.024802782428573 ], [ 80.245653190139876, 13.024803412575436 ], [ 80.245572865482117, 13.024870451439304 ], [ 80.245441549753878, 13.024991503462322 ], [ 80.245375066338013, 13.025050716209412 ], [ 80.245266350425723, 13.025139191348805 ], [ 80.24511992323778, 13.025286330395412 ], [ 80.24504752980566, 13.025348147673286 ], [ 80.245004826591995, 13.025380755948568 ], [ 80.244942118795279, 13.025441515959228 ], [ 80.244923778790437, 13.025468136092865 ], [ 80.244904353620711, 13.025487791369875 ], [ 80.24487190108276, 13.025515545759614 ], [ 80.244823798994247, 13.025564594669271 ], [ 80.244666622565603, 13.025698410281786 ], [ 80.244517060257323, 13.025815068394211 ], [ 80.244455409777686, 13.025892107020951 ], [ 80.244383011854012, 13.025985570498593 ], [ 80.244336710887609, 13.026018439499461 ], [ 80.244298067160742, 13.026050245128525 ], [ 80.244271944152288, 13.026089048848114 ], [ 80.244223473754502, 13.026137825457214 ], [ 80.244182682155767, 13.026178756772115 ], [ 80.244138056547385, 13.026206294910267 ], [ 80.244099474804258, 13.026217846661627 ], [ 80.244060385512981, 13.026214025542927 ], [ 80.243999025189169, 13.026225600924308 ], [ 80.243836637633564, 13.026253338602599 ], [ 80.243786144229787, 13.026269738077874 ], [ 80.243771155839255, 13.026285895997198 ], [ 80.243755612289903, 13.026302652551349 ], [ 80.243745755076276, 13.026329749575639 ], [ 80.243746218606987, 13.026359499323531 ], [ 80.243751024593763, 13.026386186748775 ], [ 80.243742239968569, 13.026424499429524 ], [ 80.24360729594494, 13.026525195341605 ], [ 80.243527404275142, 13.026565470194205 ], [ 80.243482828074093, 13.026577004424844 ], [ 80.243443724409786, 13.02657797501908 ], [ 80.243425258640812, 13.026585425576904 ], [ 80.243392125179867, 13.026594370972045 ], [ 80.243346538374126, 13.026604364853625 ], [ 80.24330514310752, 13.026631369949172 ], [ 80.24327630988185, 13.026651539749919 ], [ 80.243219262369735, 13.026670000288632 ], [ 80.243124228697496, 13.026686179186576 ], [ 80.242973813888028, 13.026718743525803 ], [ 80.242923268381915, 13.02672185047582 ], [ 80.242877696847572, 13.026727052647811 ], [ 80.242847247552689, 13.026732750181283 ], [ 80.2428021611086, 13.026729996811062 ], [ 80.242773392561617, 13.026728827547675 ], [ 80.242746293982734, 13.026724498822473 ], [ 80.242706315359356, 13.026710004681723 ], [ 80.242643380288868, 13.026693364556341 ], [ 80.242552180626276, 13.026692013251758 ], [ 80.242494070407176, 13.0266961835668 ], [ 80.2424261658565, 13.02670656428141 ], [ 80.242335012008013, 13.026720674210825 ], [ 80.242258426138463, 13.02673536964631 ], [ 80.242185248477099, 13.026751159952493 ], [ 80.242096308975775, 13.02676482527928 ], [ 80.242023715219332, 13.026770670720159 ], [ 80.241951584095304, 13.026776066309671 ], [ 80.241893678692094, 13.02677354574231 ], [ 80.241783101470475, 13.026775935030125 ], [ 80.241673069526314, 13.02678103830371 ], [ 80.241621601450404, 13.026784323793109 ], [ 80.241570163917245, 13.02677766266897 ], [ 80.241500417820262, 13.026756933627528 ], [ 80.241432188977811, 13.026752755436771 ], [ 80.241343834279732, 13.026755842256817 ], [ 80.241258828500989, 13.026749445441402 ], [ 80.241203720451594, 13.026736805844822 ], [ 80.241174089521934, 13.026715922765263 ], [ 80.241142225380486, 13.026701904731285 ], [ 80.2411258913137, 13.026705473785643 ], [ 80.241109524009204, 13.026720254116166 ], [ 80.241072711947183, 13.026725843125332 ], [ 80.241018046767181, 13.026719082227155 ], [ 80.240919123389787, 13.026680093064435 ], [ 80.240793193960002, 13.026636232546418 ], [ 80.240742030412989, 13.026600276805603 ], [ 80.240712962727045, 13.026576139729517 ], [ 80.240690198519431, 13.026571733109083 ], [ 80.24067717654107, 13.026578024030169 ], [ 80.240658692805795, 13.026591171249509 ], [ 80.240602229198601, 13.026599776192567 ], [ 80.240546967537256, 13.026607390411684 ], [ 80.24048043022249, 13.026605373956441 ], [ 80.240452238393928, 13.026602856888124 ], [ 80.240424062735045, 13.026600158653912 ], [ 80.240380191711495, 13.026591892412345 ], [ 80.240338113725286, 13.02657033979432 ], [ 80.240304196035098, 13.026533981452914 ], [ 80.240280147236618, 13.026497201260787 ], [ 80.240246200800357, 13.026470337057464 ], [ 80.240155095460878, 13.026407589723927 ], [ 80.240131888383829, 13.026397304393388 ], [ 80.24009961730556, 13.026365201241463 ], [ 80.240025293393913, 13.026303588138722 ], [ 80.239981684678412, 13.026269824722545 ], [ 80.239947581036972, 13.026264299592579 ], [ 80.239924249992427, 13.026264140306406 ], [ 80.239903716301669, 13.026253862846696 ], [ 80.239872529489944, 13.026229268007841 ], [ 80.239846114529016, 13.026212552583056 ], [ 80.239805020198034, 13.026201130360919 ], [ 80.239780029066807, 13.026200965823485 ], [ 80.23975666747954, 13.02621093434013 ], [ 80.239704785280296, 13.026198846966643 ], [ 80.239685923354287, 13.026184957557643 ], [ 80.239632537375272, 13.026152159470039 ], [ 80.239598677177256, 13.026127013245516 ], [ 80.239569459472662, 13.026091754089469 ], [ 80.239533392113984, 13.026064974736565 ], [ 80.239471226001385, 13.026038480695828 ], [ 80.239341230796612, 13.025967480993616 ], [ 80.239306715726769, 13.025945498598089 ], [ 80.239222062087663, 13.025884307237435 ], [ 80.239161637808394, 13.025831004917514 ], [ 80.239151612609831, 13.025822162768433 ], [ 80.239105272117556, 13.025777268486699 ], [ 80.239055789318428, 13.025734445796791 ], [ 80.238976149176921, 13.025662147209264 ], [ 80.238831451245929, 13.025513976523436 ], [ 80.238792876689303, 13.025462685337182 ], [ 80.23876973518928, 13.025430699341126 ], [ 80.238728353397391, 13.025392691952064 ], [ 80.238670783964096, 13.025340712831882 ], [ 80.238616469127066, 13.025279790884094 ], [ 80.2385494440271, 13.025183748793207 ], [ 80.238494708778518, 13.025109534225852 ], [ 80.238454642120203, 13.025033283038523 ], [ 80.238394722694139, 13.024935634853639 ], [ 80.238320184085111, 13.024823566771401 ], [ 80.238299706089876, 13.024781913189235 ], [ 80.238273260586269, 13.024728126644138 ], [ 80.23823116104046, 13.024623206264074 ], [ 80.238169738732921, 13.024504304439809 ], [ 80.238089901860349, 13.024315725693414 ], [ 80.238029418292271, 13.024131001212151 ], [ 80.237983627568966, 13.024027064311475 ], [ 80.237945391677215, 13.023925320636122 ], [ 80.237920598175393, 13.023830668724582 ], [ 80.237915334047827, 13.023802984162673 ], [ 80.237874859554381, 13.023709733412133 ], [ 80.237826789805197, 13.023536709140801 ], [ 80.237799048930924, 13.023410672967524 ], [ 80.237778411933903, 13.023344153582773 ], [ 80.237749096312939, 13.02328068340956 ], [ 80.237727620289419, 13.02324707449338 ], [ 80.237717567243067, 13.023217297240151 ], [ 80.237711853957862, 13.023185904346301 ], [ 80.237702830380854, 13.023151337937747 ], [ 80.237687487155796, 13.023102285049381 ], [ 80.23765758673153, 13.023049481875802 ], [ 80.237635860078072, 13.022977172877249 ], [ 80.237597249588859, 13.022847216349817 ], [ 80.237535312546655, 13.022655615986835 ], [ 80.237497265301116, 13.02252249627448 ], [ 80.237465448770379, 13.022432525337791 ], [ 80.237442221930394, 13.02233833059212 ], [ 80.237373158553012, 13.022155117880136 ], [ 80.237321907869443, 13.0220575849641 ], [ 80.237289281058338, 13.021991482693041 ], [ 80.237248219965011, 13.021909350857083 ], [ 80.237205920094894, 13.02184005576426 ], [ 80.237156622348735, 13.02176739370119 ], [ 80.237118675714513, 13.021691691120079 ], [ 80.237089805657888, 13.02163364685752 ], [ 80.237060318458703, 13.021596217403195 ], [ 80.23704104151102, 13.021567407064529 ], [ 80.237020672211969, 13.021533801416803 ], [ 80.237006321625316, 13.021492256683409 ], [ 80.236941077884524, 13.02123635749607 ], [ 80.236911446954892, 13.021215925564565 ], [ 80.236884505581173, 13.021190257209742 ], [ 80.236830037132265, 13.021150040997945 ], [ 80.236790745720057, 13.021122167089588 ], [ 80.236753207819277, 13.021063916142335 ], [ 80.236727115353517, 13.021002173064028 ], [ 80.236705346479255, 13.020943969350339 ], [ 80.236662607332988, 13.020867709879028 ], [ 80.236600083690874, 13.020777558921658 ], [ 80.236546252147463, 13.020710127727565 ], [ 80.236505200037314, 13.020655121994093 ], [ 80.236489187567358, 13.020614114497642 ], [ 80.236480270889857, 13.020574755906868 ], [ 80.236450227633497, 13.020538408938476 ], [ 80.236385878614755, 13.020412084167837 ], [ 80.236332132411306, 13.020316714109022 ], [ 80.236300434458201, 13.020255044362994 ], [ 80.236278139171134, 13.020211667579318 ], [ 80.236213486521834, 13.020094383671017 ], [ 80.236189523063302, 13.020029934168328 ], [ 80.23618380618484, 13.019999627019779 ], [ 80.236149435743755, 13.019961097165719 ], [ 80.236107721575237, 13.019911424864265 ], [ 80.236083078990362, 13.019858095002535 ], [ 80.236021624343465, 13.01975040423333 ], [ 80.23590983619286, 13.01954726341712 ], [ 80.235850818675317, 13.019426740869438 ], [ 80.235750392416435, 13.019217394451946 ], [ 80.235707464623985, 13.01911247173803 ], [ 80.235662358416917, 13.018996330352628 ], [ 80.235632190294737, 13.018910614353608 ], [ 80.235571642946269, 13.018777880353914 ], [ 80.235500952719946, 13.018614735688539 ], [ 80.235429366873277, 13.018442997942834 ], [ 80.235383095551271, 13.018346203132197 ], [ 80.235343496016938, 13.018238667496366 ], [ 80.235314904438084, 13.018149971960998 ], [ 80.235296422499431, 13.018102537253565 ], [ 80.235256380095649, 13.018019233073561 ], [ 80.235222389641905, 13.017916868144647 ], [ 80.235172903249534, 13.017755956496512 ], [ 80.235151733551575, 13.017682834615714 ], [ 80.235150943932425, 13.017639521273543 ], [ 80.235159478825949, 13.017622728249 ], [ 80.23514541390351, 13.017608672065643 ], [ 80.23512459544682, 13.017601286004799 ], [ 80.235111907641752, 13.017588951396531 ], [ 80.235094986975056, 13.017543601378664 ], [ 80.235091733277102, 13.017521981456007 ], [ 80.235088390645942, 13.017499457419119 ], [ 80.235072064663953, 13.017470836529009 ], [ 80.235053244958763, 13.017413093232074 ], [ 80.235042608007461, 13.017363692616502 ], [ 80.235047447231892, 13.017349058766428 ], [ 80.235022212657256, 13.017278547578318 ], [ 80.234987958098856, 13.017202403384683 ], [ 80.234939131968204, 13.017096649223278 ], [ 80.234904342912216, 13.017014264573428 ], [ 80.234890093835148, 13.016969736292891 ], [ 80.234888605326731, 13.016944142768148 ], [ 80.234889326673894, 13.016919370208255 ], [ 80.234893669130003, 13.016886650540089 ], [ 80.234894916889928, 13.016870740573628 ], [ 80.234883525353808, 13.016856692224701 ], [ 80.234872686281605, 13.016842644750186 ], [ 80.234865226671459, 13.016809529466958 ], [ 80.234870400069184, 13.016776450939021 ], [ 80.234870282389906, 13.016754749552829 ], [ 80.234860676704528, 13.016729675018773 ], [ 80.234844988526419, 13.016673206763182 ], [ 80.234831023317014, 13.016596399832228 ], [ 80.234828210691859, 13.01658147185859 ], [ 80.234833651787554, 13.016581397463762 ], [ 80.234855355983129, 13.016600269237079 ], [ 80.234881260700959, 13.016632806019393 ], [ 80.234908927015098, 13.016662183207327 ], [ 80.234926970575899, 13.016672273765124 ], [ 80.234942743195646, 13.016670873392826 ], [ 80.234945901672191, 13.016663286875781 ], [ 80.234946159488672, 13.016639507677031 ], [ 80.234935507266044, 13.01659399906826 ], [ 80.234930867467568, 13.016574179417093 ], [ 80.234901660542747, 13.016505916482799 ], [ 80.234870788141407, 13.016469477018152 ], [ 80.234869658959084, 13.016468459121702 ], [ 80.234818647227328, 13.016422485732482 ], [ 80.234784778944501, 13.016400594389609 ], [ 80.234771169467948, 13.016388348120179 ], [ 80.234765669981783, 13.016377300920336 ], [ 80.234738482469723, 13.016342137527712 ], [ 80.234683597202505, 13.016287723358149 ], [ 80.23464462828548, 13.016245563330804 ], [ 80.234609300240294, 13.016218785539335 ], [ 80.234580308012809, 13.01620072157827 ], [ 80.234568619134336, 13.016193438753156 ], [ 80.234545066205911, 13.016175917435623 ], [ 80.234527399937519, 13.016163207280792 ], [ 80.234506204188364, 13.016158895000469 ], [ 80.234471931663677, 13.016148575985566 ], [ 80.234460614687706, 13.016140224497502 ], [ 80.234441124839307, 13.01612090719477 ], [ 80.234423014803198, 13.016102498384088 ], [ 80.234422490187058, 13.016093184136306 ], [ 80.234426009786347, 13.016088311704504 ], [ 80.234437280049903, 13.01608165379373 ], [ 80.234442582805002, 13.016066569122012 ], [ 80.234439709094431, 13.016041423624298 ], [ 80.23442971174363, 13.016023763133642 ], [ 80.234417553046242, 13.016019477107935 ], [ 80.234391438122614, 13.016025367439342 ], [ 80.234373947924041, 13.016045299164452 ], [ 80.23435785819899, 13.016059989981771 ], [ 80.234335803660457, 13.016064988447924 ], [ 80.234299771336083, 13.016057286381328 ], [ 80.234266719621843, 13.016039828071078 ], [ 80.23422236710131, 13.016009135331124 ], [ 80.234165857680068, 13.015973253318226 ], [ 80.234115694856285, 13.015942633214559 ], [ 80.234065651508445, 13.015933262945708 ], [ 80.234035493267712, 13.015934711460105 ], [ 80.234003107205098, 13.015940673562788 ], [ 80.233973389138853, 13.015948814125881 ], [ 80.233947286791661, 13.015950726514864 ], [ 80.233927469956484, 13.015947774346426 ], [ 80.233910242065946, 13.01594256932238 ], [ 80.23387428070852, 13.015941920773059 ], [ 80.233855294814987, 13.01593851873357 ], [ 80.233839607535174, 13.01594208969345 ], [ 80.233814325349798, 13.015947078534392 ], [ 80.233797270834131, 13.015945490857652 ], [ 80.233784165312457, 13.015949068819344 ], [ 80.233764872195124, 13.015955793251585 ], [ 80.233736009325014, 13.015955527180083 ], [ 80.233706786230542, 13.015952638028622 ], [ 80.23368420078765, 13.015950582101054 ], [ 80.233616757072767, 13.015961956657874 ], [ 80.233575789404199, 13.015969792638392 ], [ 80.233529927714017, 13.015980145794934 ], [ 80.233477705951614, 13.015989304255127 ], [ 80.233438133366718, 13.015993528139692 ], [ 80.233406659094115, 13.016003019188695 ], [ 80.233367582379245, 13.016025779675015 ], [ 80.23333210611203, 13.016047194923242 ], [ 80.233317310859306, 13.016060533502614 ], [ 80.233268371540944, 13.016081999511437 ], [ 80.233237818041488, 13.016091945679163 ], [ 80.233219365747232, 13.016095146412543 ], [ 80.233200923334465, 13.016094819949979 ], [ 80.233174809309176, 13.016100711154841 ], [ 80.233130243887899, 13.016108898100079 ], [ 80.233088040137531, 13.016129026746279 ], [ 80.233039560756609, 13.016150946120653 ], [ 80.232999962120559, 13.016163578380228 ], [ 80.232969879338327, 13.016170361447342 ], [ 80.232946052423756, 13.016182044951794 ], [ 80.232920781018166, 13.016183507468517 ], [ 80.232899277146913, 13.016189321650613 ], [ 80.232871921649874, 13.016208952281961 ], [ 80.232843636396524, 13.01623074999171 ], [ 80.232815421211768, 13.016260052832409 ], [ 80.232778260603411, 13.016289419561712 ], [ 80.232733816454697, 13.016318403810308 ], [ 80.232684404622518, 13.016343484512619 ], [ 80.232633174600181, 13.01636015071491 ], [ 80.232584220908748, 13.016386047130784 ], [ 80.232539813591018, 13.01640309580732 ], [ 80.23251506051335, 13.016416042262911 ], [ 80.232492609817768, 13.016429900711145 ], [ 80.232439173533095, 13.016444300052907 ], [ 80.232368888446956, 13.016450059964409 ], [ 80.232302232554559, 13.016445161282665 ], [ 80.232265196812037, 13.016433839262032 ], [ 80.232195666310716, 13.016404247614778 ], [ 80.232148635014013, 13.016374992928986 ], [ 80.232136921881036, 13.016375500564571 ], [ 80.232131162781741, 13.016389227730006 ], [ 80.23211865463972, 13.016408269313276 ], [ 80.232086783311757, 13.016426981807264 ], [ 80.232065242609565, 13.016444821692055 ], [ 80.232032477457892, 13.016454309222855 ], [ 80.232000013241816, 13.016455840006177 ], [ 80.23197837103001, 13.016446643928177 ], [ 80.231946639839251, 13.016419875785964 ], [ 80.231920014672539, 13.016411659093038 ], [ 80.231882184819284, 13.016418962042133 ], [ 80.231824690844476, 13.016433439280322 ], [ 80.231791303160279, 13.016435419933766 ], [ 80.231762002810697, 13.016427647859992 ], [ 80.231741191540507, 13.016418001910891 ], [ 80.231722690737215, 13.016407096500238 ], [ 80.231701027864148, 13.016404591581615 ], [ 80.231676746402002, 13.016414013471428 ], [ 80.231665184185999, 13.016425552550873 ], [ 80.231645882085488, 13.016434989318887 ], [ 80.231617462983152, 13.016440421018062 ], [ 80.231578359318831, 13.016442023570601 ], [ 80.231551711694237, 13.016441220981456 ], [ 80.231528293513108, 13.016440066548487 ], [ 80.231468161186299, 13.016472711005541 ], [ 80.231418281331827, 13.016499960520315 ], [ 80.231369416573642, 13.016527122508782 ], [ 80.231331199546503, 13.016540209870428 ], [ 80.23129206713611, 13.016551034753785 ], [ 80.231265968382175, 13.016551680675805 ], [ 80.231242911323776, 13.016552697696675 ], [ 80.231186766618507, 13.016578210740395 ], [ 80.231130140416241, 13.016610322162387 ], [ 80.231090282167102, 13.016647276243237 ], [ 80.231035421154388, 13.016675053504116 ], [ 80.230978752731289, 13.016690799814652 ], [ 80.230931043206581, 13.016702141078646 ], [ 80.230890010859326, 13.016703743629494 ], [ 80.230860834477227, 13.016712874055527 ], [ 80.230850837126425, 13.016725231463436 ], [ 80.230847083965159, 13.016746197656984 ], [ 80.230850849702833, 13.016751091956637 ], [ 80.230850908093331, 13.016762213534566 ], [ 80.230848402692004, 13.016767179602953 ], [ 80.230842109095136, 13.016774575316182 ], [ 80.230805723732857, 13.016791918044017 ], [ 80.2307843258628, 13.016793210762073 ], [ 80.230769306031235, 13.016789549665525 ], [ 80.230755470179233, 13.016790774115455 ], [ 80.23073032633441, 13.01681059199883 ], [ 80.230710255276023, 13.016830334610651 ], [ 80.230670181431222, 13.016877233919628 ], [ 80.230542221808875, 13.016985991094238 ], [ 80.23041050812698, 13.017115714383403 ], [ 80.230243656842717, 13.017276347248707 ], [ 80.230180887062247, 13.017327066853881 ], [ 80.230149538553789, 13.017355456699807 ], [ 80.230114412629561, 13.017382658855103 ], [ 80.230056614125843, 13.017406177164009 ], [ 80.230006365063801, 13.017433424825677 ], [ 80.229965663296582, 13.01747462277336 ], [ 80.22996177718467, 13.017478864137171 ], [ 80.229947444564317, 13.017491480574924 ], [ 80.229940324517386, 13.017497969528501 ], [ 80.229933116435546, 13.017503011727129 ], [ 80.229930070248429, 13.017503997235851 ], [ 80.229918803578116, 13.017509117329785 ], [ 80.229910670231547, 13.017515152038682 ], [ 80.229900405182775, 13.017524706045975 ], [ 80.229889124139461, 13.017534799194372 ], [ 80.229878391068425, 13.017546340847318 ], [ 80.229867201653249, 13.017556434870038 ], [ 80.229853885925777, 13.017568511287211 ], [ 80.229838536412544, 13.017582119355389 ], [ 80.229825219786775, 13.017594195771341 ], [ 80.229809876561717, 13.017605814441685 ], [ 80.229803221842076, 13.017610858388613 ], [ 80.229799138999113, 13.01761889386931 ], [ 80.229797177976835, 13.017626935476352 ], [ 80.229793558664568, 13.017634429189595 ], [ 80.229782289299322, 13.017640544416535 ], [ 80.229772042216894, 13.017644040082178 ], [ 80.229764852999651, 13.017643023941025 ], [ 80.229757189471982, 13.017646075865436 ], [ 80.229752102312517, 13.017651124187674 ], [ 80.229746996288455, 13.017662230846284 ], [ 80.229746516588108, 13.017668197283593 ], [ 80.229750652431676, 13.01767273009537 ], [ 80.229754689460535, 13.017679252302919 ], [ 80.229754205268591, 13.017686755642099 ], [ 80.229748085046566, 13.017697858798243 ], [ 80.229740398162704, 13.017708415810949 ], [ 80.22973170516569, 13.017716527433411 ], [ 80.229719978557952, 13.017721556499172 ], [ 80.229710284837736, 13.017725053914132 ], [ 80.229702060761298, 13.017730635249169 ], [ 80.229694397233601, 13.0177336871725 ], [ 80.229688292282958, 13.017739727127299 ], [ 80.229681077912915, 13.017746757841067 ], [ 80.22967238222094, 13.01775577444889 ], [ 80.229663210421904, 13.017769400011352 ], [ 80.229657552832251, 13.017779962272417 ], [ 80.229648942480239, 13.017791058422512 ], [ 80.229642274285894, 13.017800623797147 ], [ 80.229636154962151, 13.017811184306389 ], [ 80.229629020542177, 13.017822194682687 ], [ 80.22962540841641, 13.017827247377474 ], [ 80.229618295555994, 13.017831295309747 ], [ 80.22961007147957, 13.017836876642392 ], [ 80.229598332295467, 13.017845883619456 ], [ 80.229585484590245, 13.017855519885474 ], [ 80.229574764095645, 13.017863083610093 ], [ 80.229560997413927, 13.017871632841704 ], [ 80.229541046729793, 13.017882243235961 ], [ 80.229532830738208, 13.017885202383173 ], [ 80.229525617266461, 13.017891781474955 ], [ 80.229524115283297, 13.017900366589952 ], [ 80.229521049333243, 13.017907862920614 ], [ 80.229516520027573, 13.017911376087069 ], [ 80.229511893703858, 13.017916425279138 ], [ 80.229507802776084, 13.017926992785256 ], [ 80.229505288391564, 13.017935032631861 ], [ 80.229498078513089, 13.017940616587854 ], [ 80.229491436369898, 13.017941591592081 ], [ 80.229480642213446, 13.017943096984602 ], [ 80.229467916679113, 13.01794314949827 ], [ 80.229460174997996, 13.017941679990129 ], [ 80.229453538244712, 13.017940665600658 ], [ 80.229446331959494, 13.017945255297306 ], [ 80.229440227008809, 13.017951295246942 ], [ 80.229432567972708, 13.017952809391675 ], [ 80.229427398168241, 13.017954783906394 ], [ 80.229422862574353, 13.017960375739017 ], [ 80.229417679295182, 13.017966419189197 ], [ 80.229408996179629, 13.017971457002181 ], [ 80.229399291679627, 13.017978480707532 ], [ 80.229384780294538, 13.017989288023491 ], [ 80.22937949640405, 13.017998314250038 ], [ 80.229376330740976, 13.018008250713306 ], [ 80.229372168846254, 13.018012217246433 ], [ 80.229363860328206, 13.018015085368408 ], [ 80.229351485136846, 13.018020925764368 ], [ 80.229346201246329, 13.018029951989744 ], [ 80.229341028746944, 13.018032830614269 ], [ 80.229333833241526, 13.018033712843968 ], [ 80.229325724149419, 13.018031609671384 ], [ 80.229306172317266, 13.018032364993008 ], [ 80.229294910138549, 13.01803621949658 ], [ 80.229287610428571, 13.018041080512122 ], [ 80.229284352239034, 13.018051107997344 ], [ 80.22928433696768, 13.018056081041768 ], [ 80.229276922273314, 13.018068084790674 ], [ 80.229268697298593, 13.018073937438613 ], [ 80.229264538098818, 13.018076908836736 ], [ 80.229258248993517, 13.018082857759508 ], [ 80.229252062296126, 13.018085732882483 ], [ 80.229243956797319, 13.018082634576436 ], [ 80.229239803885775, 13.018083616581917 ], [ 80.229238688178185, 13.018086597607427 ], [ 80.229238453717898, 13.018102691293667 ], [ 80.229238222850881, 13.018117700571837 ], [ 80.229237100855073, 13.018122760262408 ], [ 80.229231912186009, 13.018130702077181 ], [ 80.229228657589729, 13.018139643401492 ], [ 80.229228537215477, 13.018148685376618 ], [ 80.229229320546409, 13.018163787426161 ], [ 80.229224936767807, 13.018179869729387 ], [ 80.229215601475374, 13.018186714007257 ], [ 80.229210416399553, 13.018193660686494 ], [ 80.229205128915808, 13.01820368116377 ], [ 80.229197831900763, 13.018207547917832 ], [ 80.229186573315303, 13.018210408160506 ], [ 80.229172187694346, 13.018210184102312 ], [ 80.229165093698526, 13.018208083556917 ], [ 80.229162967386287, 13.018210065946651 ], [ 80.229160824904298, 13.018217022252752 ], [ 80.229155647913331, 13.018220985281619 ], [ 80.229148344610053, 13.018226931575242 ], [ 80.229145185235197, 13.018234878638033 ], [ 80.229149116262903, 13.018246012402512 ], [ 80.229153058968691, 13.018253076360555 ], [ 80.229156998979519, 13.018261226475159 ], [ 80.22915687591032, 13.018271262703804 ], [ 80.229156755536067, 13.018280303798921 ], [ 80.229157545155203, 13.018293326301167 ], [ 80.229154286965695, 13.018303353776238 ], [ 80.229147978995741, 13.018315361014084 ], [ 80.229143805422922, 13.018323305448336 ], [ 80.229138524227395, 13.018331246381434 ], [ 80.229134251839895, 13.018341270354053 ], [ 80.229134131465656, 13.018350312321862 ], [ 80.229134013786322, 13.018358359156517 ], [ 80.22913075919007, 13.018367300472621 ], [ 80.229128515198497, 13.018377330570353 ], [ 80.22912647692111, 13.018380308091462 ], [ 80.229120187815795, 13.018386257882169 ], [ 80.229116127430714, 13.01838723988643 ], [ 80.229109841918657, 13.018392104395964 ], [ 80.229105680023963, 13.018396070047695 ], [ 80.229105667447541, 13.018400138976119 ], [ 80.229110723165974, 13.018405217915916 ], [ 80.229112638374161, 13.018412275742829 ], [ 80.229108362393404, 13.018423294844686 ], [ 80.229103084791092, 13.018430240642095 ], [ 80.229091600728495, 13.018446120750729 ], [ 80.229080006173135, 13.018468058299913 ], [ 80.229077650790472, 13.018484055686477 ], [ 80.229079445624407, 13.01850015547344 ], [ 80.229081344662902, 13.018512277356415 ], [ 80.229079100671328, 13.018522307448267 ], [ 80.22907391469721, 13.018529254118141 ], [ 80.229064484183354, 13.01853718279146 ], [ 80.229054138286216, 13.018543029301732 ], [ 80.229040752490164, 13.018547872802774 ], [ 80.229029490311461, 13.018551727298316 ], [ 80.229021175505181, 13.01855658480282 ], [ 80.229019036616506, 13.018562546842453 ], [ 80.22902194985295, 13.018574671348036 ], [ 80.229022744861979, 13.018585795469811 ], [ 80.229023535379426, 13.018598817956002 ], [ 80.229020377801234, 13.018605861773782 ], [ 80.229014079712741, 13.018614794328679 ], [ 80.229009905241625, 13.018622738753328 ], [ 80.229006649747049, 13.018631771083383 ], [ 80.229004396772297, 13.018644784814919 ], [ 80.228999217086368, 13.018649742093322 ], [ 80.228988871189259, 13.018655588600909 ], [ 80.228970308402211, 13.018664395121531 ], [ 80.228951653987053, 13.018673109743167 ], [ 80.228947483109167, 13.018680059909666 ], [ 80.228947263920233, 13.018691181401021 ], [ 80.228948148760807, 13.018703209625501 ], [ 80.228951068285468, 13.018713344736739 ], [ 80.228950856283063, 13.018722386690923 ], [ 80.228946567725885, 13.018737383678438 ], [ 80.22894522474455, 13.018754377929245 ], [ 80.228945091793889, 13.018767488804336 ], [ 80.228947000713845, 13.018776536007937 ], [ 80.228951951329378, 13.018785683862076 ], [ 80.228960951550206, 13.018797826736481 ], [ 80.2289689267933, 13.018813040775251 ], [ 80.228971840029786, 13.01882516526857 ], [ 80.228972632343869, 13.018837284509953 ], [ 80.228974429872764, 13.018852390018413 ], [ 80.22898048811102, 13.018861449472036 ], [ 80.228982279351698, 13.018878634513378 ], [ 80.228973847764436, 13.018891539704057 ], [ 80.228966529189819, 13.018902459008988 ], [ 80.228965185310159, 13.018919544271865 ], [ 80.228960915617634, 13.018928482942028 ], [ 80.228953492838414, 13.018943470289599 ], [ 80.228943133466586, 13.018953385709592 ], [ 80.228932676178346, 13.018965289639459 ], [ 80.228923338190967, 13.018973129025945 ], [ 80.228911866704777, 13.018985030329196 ], [ 80.228903428829341, 13.019000015047643 ], [ 80.228892972439425, 13.019011918975284 ], [ 80.228860786701077, 13.019042565831652 ], [ 80.228855395012772, 13.019056565044139 ], [ 80.228850101240809, 13.019068484723094 ], [ 80.228837615556657, 13.019080382520864 ], [ 80.228827263371343, 13.019088308550863 ], [ 80.228815908666121, 13.019092163037996 ], [ 80.228807702555997, 13.019091958235565 ], [ 80.228800401947694, 13.019096909378449 ], [ 80.228796337969357, 13.019098886509747 ], [ 80.2287859893773, 13.01910572726131 ], [ 80.22877768085921, 13.019108596245839 ], [ 80.228767432878456, 13.01911245423358 ], [ 80.22875303827432, 13.019115304838346 ], [ 80.228734491656994, 13.019119047296369 ], [ 80.228708745940949, 13.019124667109869 ], [ 80.228680965540775, 13.019132270180812 ], [ 80.228658362131597, 13.019135910237404 ], [ 80.228645993228469, 13.019139761222872 ], [ 80.228630473933606, 13.019148576478559 ], [ 80.228617075561132, 13.019157397860463 ], [ 80.228601561656191, 13.019164222856372 ], [ 80.228582000840873, 13.019167962688007 ], [ 80.22856860516336, 13.019175788939705 ], [ 80.22856029125542, 13.019180647307207 ], [ 80.228547918758991, 13.019185493421471 ], [ 80.228533527748155, 13.019187348895954 ], [ 80.228518109962948, 13.019193090364006 ], [ 80.228494501338957, 13.019193743280942 ], [ 80.228476058926177, 13.019193507845749 ], [ 80.228468850844337, 13.019198368838559 ], [ 80.228457493444196, 13.019203217578166 ], [ 80.228439961024776, 13.019206963535753 ], [ 80.228421506035573, 13.019210705992389 ], [ 80.228397795901984, 13.019214342546922 ], [ 80.228375191594495, 13.019218072750306 ], [ 80.228359890590269, 13.019215857559134 ], [ 80.228347633078201, 13.019213651120186 ], [ 80.228333244762283, 13.019214421317049 ], [ 80.228310526368759, 13.019225113924829 ], [ 80.228303216777277, 13.019233049577696 ], [ 80.228296116493283, 13.01923293754907 ], [ 80.228290046576902, 13.019227856000557 ], [ 80.22827869815994, 13.019229630954147 ], [ 80.228269470665325, 13.019231502182286 ], [ 80.22826228144811, 13.019230395899582 ], [ 80.228256103733912, 13.019230286496631 ], [ 80.228250930336202, 13.01923325525525 ], [ 80.228239680733864, 13.019233040825446 ], [ 80.228229549534106, 13.019228942153111 ], [ 80.228222357621945, 13.019228830124472 ], [ 80.228215155828309, 13.019231702608502 ], [ 80.228204707523233, 13.019240622887731 ], [ 80.228191328015399, 13.019243385968645 ], [ 80.228178043728974, 13.019245154795557 ], [ 80.228144198802326, 13.019245686931502 ], [ 80.228129816774626, 13.019244468620235 ], [ 80.228117660772199, 13.019239278544262 ], [ 80.22810237863257, 13.019231005055254 ], [ 80.228086082295036, 13.019222728065079 ], [ 80.228074946778733, 13.019215461958041 ], [ 80.228060672548906, 13.01920927062549 ], [ 80.228047397245632, 13.019208055814971 ], [ 80.22803917766079, 13.019211919052459 ], [ 80.228030860159549, 13.019217861821415 ], [ 80.228023661959185, 13.01921973917622 ], [ 80.228009276338227, 13.019219515994179 ], [ 80.22800015394651, 13.019217318307495 ], [ 80.227991959514483, 13.019213224886242 ], [ 80.227984764009065, 13.019214107986969 ], [ 80.22797654532252, 13.019217972099606 ], [ 80.22796935880028, 13.019215870687523 ], [ 80.227962264804461, 13.019213770150614 ], [ 80.227954057796012, 13.019213654621074 ], [ 80.227944732385055, 13.019217515232835 ], [ 80.227938548382667, 13.019219396088527 ], [ 80.227924257983105, 13.019218177777171 ], [ 80.227896699466825, 13.019213755271814 ], [ 80.227873090842834, 13.019214408188699 ], [ 80.227834082399937, 13.019214835297856 ], [ 80.227814613212772, 13.019218574253502 ], [ 80.2278001081159, 13.019227393007238 ], [ 80.227789876304797, 13.019226186949044 ], [ 80.227772457073129, 13.019222970502071 ], [ 80.22775816487696, 13.019222746444791 ], [ 80.227744788064058, 13.019224515271819 ], [ 80.227732524263814, 13.019224298216352 ], [ 80.227717124444908, 13.019224071533438 ], [ 80.22770283494367, 13.019222853222068 ], [ 80.227694640511658, 13.01921875980093 ], [ 80.227685533391309, 13.019211589968354 ], [ 80.227673373795596, 13.019207394145809 ], [ 80.227660013152402, 13.019204098928455 ], [ 80.227644819945994, 13.01919682056772 ], [ 80.227633585615067, 13.019191633116392 ], [ 80.227616266096362, 13.019186337137223 ], [ 80.22760715268781, 13.019181246835531 ], [ 80.227600076658334, 13.019173087998929 ], [ 80.227588938447127, 13.019166906292787 ], [ 80.2275777005229, 13.019162713095167 ], [ 80.22756758279786, 13.019154455357652 ], [ 80.227553305873059, 13.019149258277997 ], [ 80.227535881251484, 13.019147941065944 ], [ 80.227527784735855, 13.019141858259479 ], [ 80.227518782718363, 13.019130619508351 ], [ 80.227502594178645, 13.019117279343766 ], [ 80.227487302157556, 13.019112080512896 ], [ 80.227469988028759, 13.01910479514765 ], [ 80.227458748307953, 13.019101597078787 ], [ 80.227444474078069, 13.019095315595335 ], [ 80.227434349166515, 13.019089136512934 ], [ 80.227417035936014, 13.019081852022252 ], [ 80.227401858899299, 13.019069509610658 ], [ 80.227387587364376, 13.019062324019705 ], [ 80.227376553357772, 13.019052073393178 ], [ 80.227367461508763, 13.019039839507926 ], [ 80.227352164097795, 13.019036629185072 ], [ 80.227339798787924, 13.019039485917277 ], [ 80.227320446381754, 13.019035178938354 ], [ 80.227299081749337, 13.019025801784634 ], [ 80.227276496306445, 13.019023383539663 ], [ 80.227259169601268, 13.019020167090055 ], [ 80.227245907772726, 13.019014883360347 ], [ 80.22723050795382, 13.019014656677228 ], [ 80.227221381968832, 13.01901354426702 ], [ 80.227205995624644, 13.019009248665553 ], [ 80.22719181032798, 13.019004052458069 ], [ 80.22718371830392, 13.018996885244958 ], [ 80.227169450362268, 13.018988615248746 ], [ 80.227154263444064, 13.018979346621085 ], [ 80.22714313062275, 13.018971175524719 ], [ 80.227134036078823, 13.018959936765841 ], [ 80.227123125141375, 13.018939649933902 ], [ 80.227109986382033, 13.018924421024105 ], [ 80.22710097717804, 13.018915261797131 ], [ 80.227090871131097, 13.018903024404235 ], [ 80.227079748191244, 13.01889177951568 ], [ 80.227070632087745, 13.018887593315204 ], [ 80.227059496571471, 13.018880416471248 ], [ 80.227046350625614, 13.018867176068843 ], [ 80.227038257703228, 13.018860008851764 ], [ 80.227023184871058, 13.018843688531486 ], [ 80.227013085112333, 13.018829462623668 ], [ 80.227002165191749, 13.018812250446979 ], [ 80.22699712474467, 13.018802108338001 ], [ 80.22698812003226, 13.018791863827285 ], [ 80.226977896306025, 13.018787764272421 ], [ 80.226971927899271, 13.018779608923756 ], [ 80.226966883858935, 13.018770461944602 ], [ 80.226960813942597, 13.018765380386636 ], [ 80.226952828818028, 13.018753149988099 ], [ 80.226949911988285, 13.018742109895484 ], [ 80.226943947174789, 13.018732959414056 ], [ 80.226932814353503, 13.018724698161316 ], [ 80.22692158361582, 13.01871851644399 ], [ 80.226908428686784, 13.018708259676677 ], [ 80.226897292272199, 13.018701083702728 ], [ 80.226885157829344, 13.018688840172686 ], [ 80.226872104409949, 13.018675600635264 ], [ 80.226857833773366, 13.01866832400942 ], [ 80.226847823846143, 13.018655093223193 ], [ 80.226837815715569, 13.018640867304548 ], [ 80.226831859885223, 13.018628733174735 ], [ 80.226827830941161, 13.018619588815696 ], [ 80.226828051926731, 13.018607564088056 ], [ 80.226827269494123, 13.018592461190348 ], [ 80.226821312765466, 13.018580327058167 ], [ 80.226821528361128, 13.01857029171728 ], [ 80.226824682346106, 13.018564333178727 ], [ 80.226820748623481, 13.018554194560521 ], [ 80.226814690385197, 13.018545044072146 ], [ 80.226805571586752, 13.018541852122643 ], [ 80.226797364578303, 13.01854173746805 ], [ 80.226780842763588, 13.018546570466393 ], [ 80.226770499561411, 13.018551422719648 ], [ 80.226760251580657, 13.018555279840827 ], [ 80.226750019769582, 13.018554073779338 ], [ 80.226740811139607, 13.018549977721431 ], [ 80.226733729720223, 13.018543808252955 ], [ 80.226719554305021, 13.018535537366418 ], [ 80.226703133999948, 13.018537297446093 ], [ 80.226687728791148, 13.018539059276204 ], [ 80.226676602258038, 13.018528899651555 ], [ 80.226667600240589, 13.018517660872616 ], [ 80.226649395881338, 13.018500335770065 ], [ 80.226624996739915, 13.018487876049159 ], [ 80.226601612694736, 13.018475509101647 ], [ 80.226586432963089, 13.018464161792208 ], [ 80.226567210812632, 13.018447828317449 ], [ 80.226552045454, 13.018431507970011 ], [ 80.226542139731365, 13.018414298391312 ], [ 80.226532033684421, 13.018402061848883 ], [ 80.226515848737947, 13.018387727387678 ], [ 80.226494594598321, 13.018372292765648 ], [ 80.226476371374474, 13.018361025972332 ], [ 80.226441858101254, 13.018339403495307 ], [ 80.226427590159588, 13.018331132601938 ], [ 80.226416562441159, 13.01831889342975 ], [ 80.226401168910456, 13.018316677355299 ], [ 80.226393064309988, 13.018313488028534 ], [ 80.226378904166125, 13.018300244970176 ], [ 80.226368786441085, 13.018291986328672 ], [ 80.226358671411006, 13.018282823577453 ], [ 80.226347642794281, 13.018270584402847 ], [ 80.226331466830942, 13.018253266284821 ], [ 80.226316289794212, 13.018241013980353 ], [ 80.226302231159991, 13.018224696244962 ], [ 80.226289187622086, 13.018208382009405 ], [ 80.226277062162396, 13.018193155680324 ], [ 80.226266047020374, 13.018176937717714 ], [ 80.226253008872348, 13.018158634087071 ], [ 80.226242995351868, 13.018146397532009 ], [ 80.226231876005258, 13.018134157475449 ], [ 80.226216796884913, 13.018119826499611 ], [ 80.226202640334364, 13.018105588297077 ], [ 80.226190616384272, 13.018087287286855 ], [ 80.226180723238045, 13.018066009625672 ], [ 80.226179823126159, 13.018059044563058 ], [ 80.226170842668239, 13.018040753176876 ], [ 80.226149814005737, 13.018012298642603 ], [ 80.226126660827617, 13.017984832237534 ], [ 80.226105419264428, 13.017965418803479 ], [ 80.226085186509266, 13.017947998262432 ], [ 80.22606494656759, 13.017932656387222 ], [ 80.226042690806437, 13.017913240323356 ], [ 80.226038651082618, 13.017910856201462 ], [ 80.22602869685096, 13.017906055574169 ], [ 80.225986988072307, 13.017885225139112 ], [ 80.225957515246151, 13.017873744767948 ], [ 80.22592491358786, 13.017860084202072 ], [ 80.225883090723187, 13.017846396503352 ], [ 80.225858676310381, 13.017838908923133 ], [ 80.225836313649694, 13.017824465900945 ], [ 80.225825294914429, 13.017809242173964 ], [ 80.225821468989636, 13.017794130475345 ], [ 80.225824733467377, 13.017782114459932 ], [ 80.225833152478202, 13.017773188001623 ], [ 80.225836424142472, 13.017759183465282 ], [ 80.225834728123218, 13.017741094234852 ], [ 80.225826863372902, 13.017719821795311 ], [ 80.225822133742952, 13.017698650005302 ], [ 80.225816396203214, 13.017675395168141 ], [ 80.225818770450516, 13.01765333939279 ], [ 80.225823156924051, 13.017636353818791 ], [ 80.225813368880694, 13.017611097326231 ], [ 80.225800324444478, 13.01759478305028 ], [ 80.225785039609903, 13.017587503767043 ], [ 80.225762546693517, 13.017585085508038 ], [ 80.22573792027832, 13.017586730064217 ], [ 80.225714296382975, 13.017592356039076 ], [ 80.225701714579088, 13.017605248168275 ], [ 80.22569237030352, 13.017615076118894 ], [ 80.225678874014704, 13.017625977100241 ], [ 80.225661223916006, 13.017637678915921 ], [ 80.225629287909314, 13.017647258300148 ], [ 80.225604658799156, 13.017649806967645 ], [ 80.225589266166807, 13.01764759088724 ], [ 80.225570025151697, 13.017637225547139 ], [ 80.22555890580513, 13.017624985465428 ], [ 80.225554055800899, 13.017612854786782 ], [ 80.2255551903731, 13.017603816293015 ], [ 80.225549120456748, 13.017598644562469 ], [ 80.225538887747334, 13.017597528644961 ], [ 80.225523479843602, 13.01760028561762 ], [ 80.225504016944654, 13.017601945927785 ], [ 80.22549176572079, 13.017597750077989 ], [ 80.225479732787548, 13.017582432687554 ], [ 80.225475805353128, 13.017570305507736 ], [ 80.225470860127515, 13.017559169087189 ], [ 80.225459721916295, 13.01755298734078 ], [ 80.225448364516168, 13.017557836112573 ], [ 80.225433865707473, 13.017564664653452 ], [ 80.225420584115994, 13.017565438356382 ], [ 80.225406414988996, 13.017555087891759 ], [ 80.225401467068423, 13.017545036755219 ], [ 80.225407768750131, 13.017535018877002 ], [ 80.225418111952308, 13.0175301674791 ], [ 80.225437672767654, 13.017526518646633 ], [ 80.225460178260448, 13.017524867963472 ], [ 80.225474565678041, 13.017524096886119 ], [ 80.22547974536397, 13.017519139585197 ], [ 80.225472768149146, 13.017508991296719 ], [ 80.225460631011359, 13.017497743719208 ], [ 80.225441402572685, 13.01748330942946 ], [ 80.225418111054012, 13.017470942431824 ], [ 80.225402822626179, 13.017464658281352 ], [ 80.225385287511841, 13.01746939765111 ], [ 80.225367860195348, 13.017469074691302 ], [ 80.2253549505064, 13.017468860259973 ], [ 80.225341211672429, 13.017468633575442 ], [ 80.225318706179607, 13.017470284258971 ], [ 80.225296222246385, 13.017464882340169 ], [ 80.225271821308326, 13.017453415953192 ], [ 80.22524639898576, 13.017443937212924 ], [ 80.225227963759508, 13.017441621354473 ], [ 80.225218632060347, 13.017447470516258 ], [ 80.225213340983316, 13.017458486160102 ], [ 80.22521312538764, 13.017468522421225 ], [ 80.225213002318441, 13.017478557806729 ], [ 80.225205701710138, 13.017483509857088 ], [ 80.225190287518174, 13.017488255353104 ], [ 80.225177931191425, 13.017488038296126 ], [ 80.225161733668571, 13.017477771850333 ], [ 80.225145538840621, 13.017466420994296 ], [ 80.224923007280111, 13.017234644259984 ], [ 80.224911983154968, 13.017221409896269 ], [ 80.224901770208504, 13.017214145480969 ], [ 80.22489265949487, 13.017207969852572 ], [ 80.224872702522518, 13.017190730431112 ], [ 80.224849334647018, 13.017173390356851 ], [ 80.224827075292609, 13.017154969371132 ], [ 80.224808658930982, 13.017146686185033 ], [ 80.224787404791357, 13.017131341634519 ], [ 80.224769089041004, 13.017120074784819 ], [ 80.22475492260898, 13.017108820187822 ], [ 80.224738623576471, 13.017101628413439 ], [ 80.224718180615554, 13.017092253812226 ], [ 80.224704017776787, 13.017080095975334 ], [ 80.224690879017444, 13.017064775051951 ], [ 80.224679862977098, 13.017048557015489 ], [ 80.224665706426549, 13.017034318751392 ], [ 80.224646385461398, 13.017020065607568 ], [ 80.224626156299536, 13.017001649861852 ], [ 80.224605947798892, 13.016976271647415 ], [ 80.224583698325958, 13.016954957131109 ], [ 80.22456851500101, 13.016944694164158 ], [ 80.224550201945618, 13.016932342018567 ], [ 80.224530869302413, 13.016922066797445 ], [ 80.224510544020788, 13.016904736331933 ], [ 80.224490310367329, 13.01688740586525 ], [ 80.224473228003902, 13.016865111081458 ], [ 80.22445201518677, 13.016836656412213 ], [ 80.224432038451482, 13.016796178674625 ], [ 80.224423057993562, 13.016777977344196 ], [ 80.224422154288391, 13.016772007384525 ], [ 80.224424404568182, 13.01675998869387 ], [ 80.224418347228223, 13.01675083813925 ], [ 80.224401943092829, 13.016747624285816 ], [ 80.224384502301575, 13.016751369405315 ], [ 80.224367074985082, 13.016751136593507 ], [ 80.224349764449556, 13.016742947043765 ], [ 80.224325489275614, 13.016720541092436 ], [ 80.22430413362639, 13.016708180183373 ], [ 80.224292900193745, 13.016702992679949 ], [ 80.224283678987348, 13.016702874523538 ], [ 80.224262329626328, 13.016688524209849 ], [ 80.224246018017368, 13.016685311230864 ], [ 80.224236673741785, 13.016695229366873 ], [ 80.224232384286324, 13.016710316625998 ], [ 80.224232036638313, 13.016733372000754 ], [ 80.224237855924699, 13.016759611468725 ], [ 80.224253905225581, 13.016787960243716 ], [ 80.224292207592669, 13.01683663015522 ], [ 80.224308284741312, 13.016855937774663 ], [ 80.2243265915085, 13.016870279326396 ], [ 80.224344916241947, 13.016878561646505 ], [ 80.22435604816495, 13.016886732811878 ], [ 80.224378298536223, 13.016908048209288 ], [ 80.224383223998942, 13.016925242138385 ], [ 80.224373873435155, 13.016937149666603 ], [ 80.224368583256449, 13.016948165333142 ], [ 80.224373389243212, 13.0169743111286 ], [ 80.224385526380999, 13.016985559605075 ], [ 80.224399813187276, 13.016987772190484 ], [ 80.22441103763677, 13.016995943352281 ], [ 80.224419922873238, 13.017015138929665 ], [ 80.224430021733667, 13.017029364941601 ], [ 80.224451504045348, 13.0170306042693 ], [ 80.224479145206644, 13.017038011352669 ], [ 80.224508611744596, 13.017051481163419 ], [ 80.224530066208544, 13.017061763381047 ], [ 80.224550289980527, 13.01708207749885 ], [ 80.224557143227813, 13.017102261205554 ], [ 80.22455183418451, 13.017119335214534 ], [ 80.224545405840317, 13.017140383646463 ], [ 80.22455642457561, 13.017155516390483 ], [ 80.224582043629198, 13.017160927943578 ], [ 80.224596335825353, 13.017161060978649 ], [ 80.224611602693628, 13.017174307598848 ], [ 80.224624532145526, 13.017197584363798 ], [ 80.224643969891616, 13.017203881649541 ], [ 80.224661407089599, 13.017201130799096 ], [ 80.224663306128093, 13.017213161721589 ], [ 80.224651819370578, 13.017230126319069 ], [ 80.224638426387983, 13.017236958369931 ], [ 80.224624806131672, 13.017257894762368 ], [ 80.224621531772442, 13.017272985488157 ], [ 80.224611175993871, 13.017281905837892 ], [ 80.224588461193562, 13.017291603391977 ], [ 80.224568890496798, 13.017298416186058 ], [ 80.224552698363823, 13.017286161208663 ], [ 80.224546742533462, 13.017274027887765 ], [ 80.224541822460665, 13.017254843708423 ], [ 80.224537904009381, 13.017239731975961 ], [ 80.224527788979302, 13.017230569185811 ], [ 80.224513619852317, 13.01722030973121 ], [ 80.224491256293319, 13.017205956821781 ], [ 80.224462819224698, 13.017187516583377 ], [ 80.224447540678327, 13.017178247888364 ], [ 80.22443427166327, 13.017175133816817 ], [ 80.224424936370824, 13.017181978122434 ], [ 80.224414704559763, 13.017180862203043 ], [ 80.224405597439414, 13.017173692311525 ], [ 80.224397286226406, 13.017177645729506 ], [ 80.224393120738441, 13.017182606538222 ], [ 80.224380865921333, 13.017179495092401 ], [ 80.224369844491108, 13.017165266463376 ], [ 80.224356816224528, 13.017143979095495 ], [ 80.22433963504642, 13.017123673735068 ], [ 80.224322442190157, 13.017107346298568 ], [ 80.224311457590886, 13.017081091988487 ], [ 80.224303615298467, 13.017052857902312 ], [ 80.22428868170519, 13.017021528119329 ], [ 80.224276652365219, 13.017005306579129 ], [ 80.224264536786961, 13.016987005487627 ], [ 80.22424936873341, 13.016971770331196 ], [ 80.224234308477662, 13.016951471083285 ], [ 80.224218250193616, 13.016926196141053 ], [ 80.224210182424059, 13.016910981111199 ], [ 80.224202209875912, 13.016894772692224 ], [ 80.22419613995956, 13.016889691095761 ], [ 80.22418490562859, 13.016884503596177 ], [ 80.224173896774786, 13.016866296145597 ], [ 80.224167052510651, 13.016843127878287 ], [ 80.224157190805442, 13.016811813822981 ], [ 80.224146184646614, 13.016792611227972 ], [ 80.224136082192913, 13.016779380341559 ], [ 80.224120898867966, 13.016769117367367 ], [ 80.224105623016555, 13.016758944541648 ], [ 80.224083246881165, 13.016748569536821 ], [ 80.224066947848655, 13.016741377751979 ], [ 80.224049763975586, 13.016722067497955 ], [ 80.224030664894329, 13.016695697616314 ], [ 80.224020677424988, 13.016675414099987 ], [ 80.22401270128357, 13.016660290078956 ], [ 80.223999577795595, 13.016639996932165 ], [ 80.22399362466021, 13.016626868439866 ], [ 80.223982501720343, 13.016615623448033 ], [ 80.223965080692068, 13.016613401231739 ], [ 80.223953827496487, 13.016614271213225 ], [ 80.223941569984433, 13.016612154900104 ], [ 80.223930345534967, 13.016603893576667 ], [ 80.223916181797875, 13.016591734840567 ], [ 80.223895841244882, 13.016579376550743 ], [ 80.223874476612494, 13.016570090328354 ], [ 80.223854014786966, 13.016566774070307 ], [ 80.2238325360685, 13.016564539600305 ], [ 80.223808936427687, 13.016562207979419 ], [ 80.223789584919842, 13.016557900957446 ], [ 80.223777342679142, 13.016550720545098 ], [ 80.223764299141209, 13.016534497223608 ], [ 80.223753178896317, 13.016522257087395 ], [ 80.223746106460098, 13.01651319404734 ], [ 80.22372880939929, 13.016500845381174 ], [ 80.223714655543674, 13.016485611945335 ], [ 80.223702517507533, 13.016474454470419 ], [ 80.223687334182628, 13.016464191483594 ], [ 80.223675206027991, 13.016449959312576 ], [ 80.223638927565247, 13.016403284857798 ], [ 80.223626802105514, 13.016388057542592 ], [ 80.223613663346171, 13.016372827600744 ], [ 80.223602530524843, 13.016364657293625 ], [ 80.223585223582603, 13.01635538244121 ], [ 80.223564869554892, 13.016347093101718 ], [ 80.223549483210704, 13.016342797454056 ], [ 80.223535184726302, 13.016344653825037 ], [ 80.223520802698616, 13.016343434624295 ], [ 80.223508538898358, 13.016343307715392 ], [ 80.223496287674521, 13.016339111844289 ], [ 80.223476947844773, 13.016330826005213 ], [ 80.223448402978306, 13.016317448930099 ], [ 80.223432107539068, 13.016309171842611 ], [ 80.223410742906651, 13.016299884734845 ], [ 80.223379040461964, 13.016293460517209 ], [ 80.223362639919827, 13.016289252392014 ], [ 80.223353526511261, 13.016284071006462 ], [ 80.223348479775964, 13.016276008350227 ], [ 80.223339369960698, 13.016269832698461 ], [ 80.223319916943225, 13.016268599493598 ], [ 80.223313624244653, 13.016275542725712 ], [ 80.223303373568953, 13.016280394148181 ], [ 80.223294158650759, 13.016278287459773 ], [ 80.223284950020769, 13.016274190489048 ], [ 80.223270657824628, 13.016273967304359 ], [ 80.223250082811333, 13.016277703678655 ], [ 80.223224435011673, 13.016281424298672 ], [ 80.223203967796238, 13.016280187592933 ], [ 80.22318968727815, 13.016275985594159 ], [ 80.223169245215558, 13.016266610961715 ], [ 80.223143718688434, 13.016261290413462 ], [ 80.223100875337607, 13.016249678681943 ], [ 80.223042644744254, 13.0162338614494 ], [ 80.222979251532948, 13.016218029336901 ], [ 80.22293325419713, 13.016212375323352 ], [ 80.222882098734999, 13.016204717898271 ], [ 80.222844312000888, 13.016198185149129 ], [ 80.222787983140989, 13.016193494768157 ], [ 80.222735709276293, 13.016189811781889 ], [ 80.222644621903115, 13.016183571360632 ], [ 80.222623139591391, 13.016182331153471 ], [ 80.222584137436698, 13.01618085813392 ], [ 80.222549383415, 13.016177408835066 ], [ 80.222527895713398, 13.016178067886592 ], [ 80.222501253478711, 13.016175727509729 ], [ 80.222483821670593, 13.016176579112837 ], [ 80.222459091050851, 13.016182291767914 ], [ 80.222429282254751, 13.016189887927256 ], [ 80.222401609652437, 13.016192608155729 ], [ 80.222385003396099, 13.016195819390639 ], [ 80.222301649619226, 13.016218688388312 ], [ 80.222229858956652, 13.016231983196764 ], [ 80.222111936210965, 13.016261363933127 ], [ 80.221721916460695, 13.016351368618976 ], [ 80.221331895812128, 13.016411372016414 ], [ 80.220881873990763, 13.016591381246458 ], [ 80.220581858245438, 13.016651383710583 ], [ 80.220401848438897, 13.016741388254793 ], [ 80.220011829586923, 13.016831392766308 ], [ 80.219591807902788, 13.016831392766308 ], [ 80.219141784284801, 13.016831392766308 ], [ 80.21869176246345, 13.01698140137983 ], [ 80.218391746718098, 13.017101406979926 ], [ 80.218091731871112, 13.017251414554794 ], [ 80.217821718059625, 13.017311417734378 ], [ 80.217521703212597, 13.017611432539086 ], [ 80.217251689401152, 13.017791441772706 ], [ 80.217041677660788, 13.018031453880793 ], [ 80.216771664747625, 13.0183014676622 ], [ 80.216531651971692, 13.018391472482342 ], [ 80.216231637124679, 13.018511478274911 ], [ 80.215991625247071, 13.018511478274911 ], [ 80.215661608466192, 13.018451475385891 ], [ 80.215181583812665, 13.018451474510654 ], [ 80.214791564062367, 13.018481476394602 ], [ 80.214491549215381, 13.018601483018786 ], [ 80.214101528566772, 13.018751489685631 ], [ 80.213771512684218, 13.018961501667407 ], [ 80.213591502877676, 13.019171511720762 ], [ 80.213291488030691, 13.019261516224898 ], [ 80.213021475117529, 13.019471526899224 ], [ 80.212811463377122, 13.019681537395515 ], [ 80.212541449565677, 13.020101558729372 ], [ 80.212121428779838, 13.020611584240214 ], [ 80.21191141793777, 13.021151612012204 ], [ 80.211791411998988, 13.021631636488268 ], [ 80.211671406060177, 13.022201666096015 ], [ 80.21158140115692, 13.022591685275792 ], [ 80.21149139715196, 13.022891699813602 ], [ 80.211461395218095, 13.02316171354968 ], [ 80.211401392248717, 13.023551733843593 ], [ 80.211341389279283, 13.023911751425455 ], [ 80.211191382304946, 13.024331774339489 ], [ 80.211281385411567, 13.024451779880325 ], [ 80.211134227893311, 13.024709305376541 ], [ 80.211133411324724, 13.02470892378747 ], [ 80.211127451901106, 13.024721163519207 ], [ 80.211041374432298, 13.024871801003437 ], [ 80.21071135675308, 13.025411828240408 ], [ 80.210441342941621, 13.025681841854924 ], [ 80.210231332099553, 13.025921854195827 ], [ 80.209991320221931, 13.026101862642438 ], [ 80.209661304339377, 13.02637187725505 ], [ 80.209511296466744, 13.026581887152723 ], [ 80.209271283690811, 13.026761896869992 ], [ 80.208971268843783, 13.026971907312113 ], [ 80.208491244190256, 13.027211920153139 ], [ 80.208101224439986, 13.027451931886352 ], [ 80.207771207659107, 13.027541936882736 ], [ 80.207531195781485, 13.027541936007523 ], [ 80.207261182868351, 13.027541936007523 ], [ 80.206768735412723, 13.02755014007861 ], [ 80.206452312837058, 13.027588110378398 ], [ 80.206186517514169, 13.02760076831062 ], [ 80.205971351240677, 13.02760076743542 ], [ 80.205680242291393, 13.027664051835679 ], [ 80.205338506089305, 13.027689365066127 ], [ 80.205034741674297, 13.027803277634352 ], [ 80.204743632725041, 13.027879219900855 ], [ 80.204351268371838, 13.028005787667677 ], [ 80.204085473947288, 13.028069071964428 ], [ 80.203769051371609, 13.028145014149381 ], [ 80.203439972431894, 13.028296896699107 ], [ 80.20309823622982, 13.02841080898785 ], [ 80.202794470916473, 13.028461436168687 ], [ 80.202490705603182, 13.028499407203919 ], [ 80.202148970299419, 13.028588005388297 ], [ 80.20179457683497, 13.028663946538922 ], [ 80.201452840632925, 13.028765201661969 ], [ 80.201123761693196, 13.028828485764603 ], [ 80.200794682753497, 13.028853799751223 ], [ 80.200567871618972, 13.028900029014386 ], [ 80.200009513872644, 13.029035067213954 ], [ 80.199262523391425, 13.029145385638662 ], [ 80.198868620224161, 13.029168302451509 ], [ 80.198614455389261, 13.02911120426975 ], [ 80.198458720756662, 13.029062454501961 ], [ 80.198417878852254, 13.029006015313231 ], [ 80.198303091226933, 13.028981525770416 ], [ 80.198253914753337, 13.028965284883983 ], [ 80.198122406785615, 13.029037280566957 ], [ 80.197876110294288, 13.029084786696329 ], [ 80.197547610767941, 13.029180305661958 ], [ 80.197301469685158, 13.029179543372795 ], [ 80.197180229461125, 13.0291676600631 ], [ 80.197152567638597, 13.02916494872901 ], [ 80.197047201543981, 13.029154621503951 ], [ 80.196571510363356, 13.029096834545479 ], [ 80.196038490497955, 13.029006690084024 ], [ 80.195985062298121, 13.028994475069371 ], [ 80.195883228379202, 13.028975257665305 ], [ 80.195748364305587, 13.028950537069456 ], [ 80.195671411923399, 13.02890169449995 ], [ 80.195597361099601, 13.028806958721763 ], [ 80.195470812730591, 13.028766062848865 ], [ 80.195242220236864, 13.028770752991791 ], [ 80.195118276083832, 13.028775768705291 ], [ 80.195016364011494, 13.02878085268352 ], [ 80.194955892121513, 13.028745561523319 ], [ 80.194898199619018, 13.028702179224993 ], [ 80.194815669597219, 13.028674921425267 ], [ 80.194702776518852, 13.028669169674712 ], [ 80.194501976103396, 13.028595639675647 ], [ 80.194298493318499, 13.028500500317358 ], [ 80.194050982304901, 13.028394423657442 ], [ 80.193886053415341, 13.02829940237268 ], [ 80.193757030187726, 13.028172091717886 ], [ 80.193416831003105, 13.027774103062001 ], [ 80.19300780290142, 13.02737049851617 ], [ 80.192636998115049, 13.027069621209037 ], [ 80.192318439345655, 13.026793207917306 ], [ 80.192038260198402, 13.026570917424806 ], [ 80.191733349533109, 13.026332348915362 ], [ 80.191541190910698, 13.026142735324933 ], [ 80.191415012647553, 13.025988429776286 ], [ 80.191118671011722, 13.025655380155632 ], [ 80.19080809826518, 13.025323635888663 ], [ 80.190672790423847, 13.02515399977931 ], [ 80.190533881236504, 13.024962752157181 ], [ 80.190306894930515, 13.024756828089885 ], [ 80.189937175309026, 13.024406445997093 ], [ 80.189560488354218, 13.023940833680834 ], [ 80.189286543515053, 13.023497144465109 ], [ 80.189210009747811, 13.023320491428002 ], [ 80.189060121351048, 13.023118406416511 ], [ 80.188862933959669, 13.022782964485739 ], [ 80.18871132888242, 13.02253454969412 ], [ 80.188702230745221, 13.022519641332851 ], [ 80.188563628781736, 13.02223478590993 ], [ 80.188345459440256, 13.021871088240365 ], [ 80.188029721380829, 13.02142751784786 ], [ 80.187526181528085, 13.020588622874715 ], [ 80.187192127718319, 13.020150975428349 ], [ 80.186985639170501, 13.019875209081821 ], [ 80.186754480190004, 13.019683097916452 ], [ 80.186504944373752, 13.019514852174314 ], [ 80.186048277714249, 13.019268204683106 ], [ 80.185749966971315, 13.019093824213424 ], [ 80.185061383153197, 13.018888313625258 ], [ 80.184293602961333, 13.018652646967409 ], [ 80.183873068339167, 13.018549649511687 ], [ 80.183422231745865, 13.018386748884305 ], [ 80.182910519020666, 13.018187769531412 ], [ 80.182423223403234, 13.01798288573036 ], [ 80.182246985622569, 13.017784962454327 ], [ 80.181718780727095, 13.017035692864713 ], [ 80.181628093104209, 13.016790192085995 ], [ 80.181616698873157, 13.016544943131231 ], [ 80.181707417937062, 13.015293440614434 ], [ 80.181736256552611, 13.014707229440461 ], [ 80.181760599998498, 13.013956293713385 ], [ 80.181773928302405, 13.013611839251777 ], [ 80.181779608349913, 13.013367839627046 ], [ 80.18179048964295, 13.013025770267211 ], [ 80.181811404219417, 13.012600001448341 ], [ 80.181817413948664, 13.012255524096345 ], [ 80.181791643079791, 13.011930084692017 ], [ 80.181765731175417, 13.011647708060302 ], [ 80.181727488097152, 13.011405961149848 ], [ 80.181684255775764, 13.011197691520135 ], [ 80.181663089671062, 13.010955999311848 ], [ 80.181656759243253, 13.010654545412173 ], [ 80.181596402337632, 13.010460575936868 ], [ 80.181523938836904, 13.010237860298414 ], [ 80.181482864268858, 13.010115721878323 ], [ 80.181405341456468, 13.009948014051897 ], [ 80.181339988121223, 13.009789913808088 ], [ 80.181257711424351, 13.00958391323957 ], [ 80.18103920521466, 13.009257866400224 ], [ 80.180920671614587, 13.008948881450253 ], [ 80.180833807221561, 13.008654350175673 ], [ 80.180732556309266, 13.008283218232611 ], [ 80.180682367434343, 13.007964879878845 ], [ 80.18063217766111, 13.007646541116479 ], [ 80.180581540526845, 13.007464563922895 ], [ 80.18049487376318, 13.007110225687684 ], [ 80.180439389319673, 13.006918662175321 ], [ 80.180367189025347, 13.006617001181155 ], [ 80.180299780344725, 13.006341669668068 ], [ 80.18019105455096, 13.006018360788303 ], [ 80.180096803311329, 13.005745337576313 ], [ 80.179995255955006, 13.005465113199197 ], [ 80.17970151584025, 13.005019211481343 ], [ 80.179361424453447, 13.004573161915724 ], [ 80.179286179768624, 13.004455699930636 ], [ 80.179257202812494, 13.004364700114404 ], [ 80.179126270664881, 13.004117875625431 ], [ 80.178866485071239, 13.003734280809047 ], [ 80.178538688027459, 13.00325956263883 ], [ 80.178339755209464, 13.002919221146685 ], [ 80.178077539672969, 13.0025332262028 ], [ 80.17800956056216, 13.00243253279837 ], [ 80.177824902872359, 13.002202284262097 ], [ 80.177615660988181, 13.002029373646895 ], [ 80.177408960437916, 13.001825370161104 ], [ 80.177214221854001, 13.001693174944471 ], [ 80.176848591363694, 13.001596323704229 ], [ 80.176190124463801, 13.001522465319162 ], [ 80.175531461731168, 13.00150841259962 ], [ 80.175128999415904, 13.001483211358028 ], [ 80.174677468424875, 13.001541585944421 ], [ 80.174469743795186, 13.001648580892292 ], [ 80.174018094226554, 13.001742836891031 ], [ 80.173347033844678, 13.001788548665493 ], [ 80.172748965172929, 13.001894299727129 ], [ 80.172089626907209, 13.002083584378003 ], [ 80.171308227357301, 13.002296401755709 ], [ 80.170527420695507, 13.002329793816008 ], [ 80.170185433863494, 13.002460279266073 ], [ 80.169855564406291, 13.002614725501582 ], [ 80.169672113153922, 13.002757680066587 ], [ 80.169512581342616, 13.003044248035893 ], [ 80.169303261305018, 13.003629699904 ], [ 80.169229116158078, 13.003916542578578 ], [ 80.169069304072423, 13.004286841665051 ], [ 80.168884776638308, 13.004752755231543 ], [ 80.168578185225115, 13.005242200514834 ], [ 80.168430848043798, 13.00552880850268 ], [ 80.16825919436603, 13.005791414476658 ], [ 80.168014827455934, 13.00591024825372 ], [ 80.167758302746762, 13.006017080267869 ], [ 80.167611721946912, 13.006076419210425 ], [ 80.167038397369652, 13.006074580267956 ], [ 80.166172271417125, 13.006083760975786 ], [ 80.165659979278558, 13.006070154027062 ], [ 80.165538195573816, 13.006009953817001 ], [ 80.165404292697573, 13.00592579130984 ], [ 80.165137047493801, 13.005590007514618 ], [ 80.164821210619664, 13.005194256554745 ], [ 80.164359555615391, 13.004630574722992 ], [ 80.163764001328119, 13.003982730194632 ], [ 80.163289751943537, 13.00353862188499 ], [ 80.162839539679354, 13.003202244919816 ], [ 80.162365051342903, 13.002829903933343 ], [ 80.161902804348827, 13.002445641035354 ], [ 80.16208637956872, 13.002266808421439 ], [ 80.162682405471529, 13.002771120018188 ], [ 80.163290754463389, 13.003239584371455 ], [ 80.16368241813062, 13.003575173534976 ], [ 80.163906000720004, 13.00383426471001 ], [ 80.164178344761339, 13.004103081693229 ], [ 80.164431236683484, 13.004352698327891 ], [ 80.164771509529956, 13.004736565273856 ], [ 80.165023985532144, 13.005110580422892 ], [ 80.165490258775307, 13.005753222019656 ], [ 80.165558218123195, 13.005858703558506 ], [ 80.165704311137844, 13.005945296714749 ], [ 80.166407097320572, 13.005899708244069 ], [ 80.167129337419112, 13.005873317955494 ], [ 80.16721697526161, 13.005931014924814 ], [ 80.167461038541163, 13.005903090290058 ], [ 80.167812415462848, 13.005885077218467 ], [ 80.168164494867113, 13.005656542166985 ], [ 80.168606154271501, 13.004901980779843 ], [ 80.168861281202055, 13.004481749012449 ], [ 80.169018917568124, 13.004032494965637 ], [ 80.169206210914965, 13.00346850502177 ], [ 80.169324395968687, 13.003143526738915 ], [ 80.169442804702939, 13.002751563597309 ], [ 80.169589691828293, 13.002598924029769 ], [ 80.169804954221533, 13.00242736512784 ], [ 80.170020024375276, 13.002313220326085 ], [ 80.170303277557394, 13.002237571324127 ], [ 80.170576740001252, 13.002171459392208 ], [ 80.170928271433169, 13.0021055968987 ], [ 80.171494428352773, 13.002059556951032 ], [ 80.172002254067735, 13.001946345033522 ], [ 80.172988820743669, 13.001662408655514 ], [ 80.173535490509821, 13.001606733479122 ], [ 80.17408219081868, 13.001541487037084 ], [ 80.174761660329921, 13.001354566122185 ], [ 80.17520667494189, 13.001284476650996 ], [ 80.175546670208931, 13.001335616163455 ], [ 80.176171249063046, 13.001328028301964 ], [ 80.176542043069617, 13.001338774198258 ], [ 80.17722490551769, 13.001412707912611 ], [ 80.177443763867004, 13.001628711030689 ], [ 80.177735418093633, 13.001964561457145 ], [ 80.178100105352925, 13.002348489866668 ], [ 80.178318650190178, 13.002660184158914 ], [ 80.178464005687999, 13.002971647860665 ], [ 80.17916820312405, 13.003978654902681 ], [ 80.179824161927655, 13.004818045468125 ], [ 80.180212153282014, 13.00553697041409 ], [ 80.180575357422768, 13.006375434923751 ], [ 80.180622738164118, 13.006806204329987 ], [ 80.180694750710529, 13.007165280815743 ], [ 80.180815557946588, 13.007524512578852 ], [ 80.180887256980995, 13.007979282338045 ], [ 80.181080942739385, 13.008434437253774 ], [ 80.181153113389314, 13.008745668763558 ], [ 80.181225126834065, 13.009104745942473 ], [ 80.181321774778851, 13.009392130197499 ], [ 80.181564098920006, 13.009895285098379 ], [ 80.181708913631994, 13.010374208422341 ], [ 80.181878675457796, 13.01068574733752 ], [ 80.181974852685357, 13.011116670303416 ], [ 80.182071108964678, 13.011523671040319 ], [ 80.182142733438923, 13.012002362779088 ], [ 80.182187606982296, 13.013198672341236 ], [ 80.18225531031031, 13.01487351966135 ], [ 80.182301283391595, 13.015734904791008 ], [ 80.182372437148629, 13.016357135534518 ], [ 80.18251749171084, 13.016764288710469 ], [ 80.182686866362715, 13.017195442673959 ], [ 80.182930376280027, 13.017339750692102 ], [ 80.183198048183556, 13.017555902730454 ], [ 80.183660592519956, 13.017868362112965 ], [ 80.184293846404785, 13.018205281079222 ], [ 80.184974254655486, 13.018492958488087 ], [ 80.185828740238591, 13.018879956978205 ], [ 80.186364952716502, 13.019049103757197 ], [ 80.186875988111964, 13.019457403428522 ], [ 80.18736254980584, 13.019889547833111 ], [ 80.187921139317481, 13.020680768523835 ], [ 80.188431245854929, 13.021376142669938 ], [ 80.188664834778294, 13.022101499680895 ], [ 80.188888549420014, 13.022471468782875 ], [ 80.188987480882247, 13.022610254643318 ], [ 80.189221791152733, 13.02293922637646 ], [ 80.189403779049513, 13.02327316448598 ], [ 80.189596462288065, 13.02353533156275 ], [ 80.189815264941828, 13.023807838938579 ], [ 80.190159288254634, 13.02417818358122 ], [ 80.190331100035849, 13.024424899701483 ], [ 80.190581438047644, 13.02465134671589 ], [ 80.190925546700399, 13.024996046642594 ], [ 80.191201790328364, 13.025299504814576 ], [ 80.191634588750787, 13.025716282756614 ], [ 80.192077833681637, 13.026138221922464 ], [ 80.192907570678642, 13.026740869385044 ], [ 80.193278054766438, 13.027018975364514 ], [ 80.193502494348593, 13.027168408057204 ], [ 80.19366413181092, 13.027327901026874 ], [ 80.193783874543357, 13.027502651158661 ], [ 80.19392920668497, 13.027851857862547 ], [ 80.19403832144927, 13.028077862396939 ], [ 80.194058896462536, 13.028185630063431 ], [ 80.194105823554665, 13.028231934717814 ], [ 80.194299113156035, 13.028309467075927 ], [ 80.194774630063492, 13.028459677909904 ], [ 80.19518252808453, 13.02849171690138 ], [ 80.195407433892342, 13.028497544797684 ], [ 80.195600789969006, 13.028554560853031 ], [ 80.195789112785192, 13.028550016862852 ], [ 80.196008920653739, 13.028514796560206 ], [ 80.196265408532, 13.028459176425423 ], [ 80.19640933660682, 13.028501024556711 ], [ 80.196679857966402, 13.028574264895717 ], [ 80.196843951422736, 13.028574773381489 ], [ 80.1971475244966, 13.028575714211421 ], [ 80.197352797623836, 13.028528082832061 ], [ 80.197680829127933, 13.028577365696119 ], [ 80.197951661304643, 13.028554069871008 ], [ 80.198230413028881, 13.028619289948983 ], [ 80.198689591377928, 13.028709200875705 ], [ 80.199067085019863, 13.028686234134559 ], [ 80.199436425552321, 13.028647151636186 ], [ 80.199723718458287, 13.028607816201593 ], [ 80.199969988000163, 13.028568352107737 ], [ 80.200470809550836, 13.028465316765692 ], [ 80.200807339117532, 13.028360181796632 ], [ 80.201047819915715, 13.028309552844723 ], [ 80.201225016198777, 13.028271582655556 ], [ 80.201452840632925, 13.028220955435904 ], [ 80.201680665067059, 13.028182985233162 ], [ 80.201921144966946, 13.028107043059824 ], [ 80.202110998512339, 13.028056415806523 ], [ 80.202288195693697, 13.027967817431934 ], [ 80.202503362865514, 13.027929847190377 ], [ 80.202655245522152, 13.027891876067818 ], [ 80.202819784542882, 13.027891876067818 ], [ 80.202984324461909, 13.027828591725765 ], [ 80.203161520744928, 13.027790620587684 ], [ 80.203288089775214, 13.027727336219767 ], [ 80.20347794242231, 13.027638738602647 ], [ 80.203604512350879, 13.027524826833899 ], [ 80.203933591290593, 13.02751216977301 ], [ 80.20418672935115, 13.027436228269153 ], [ 80.204376581998247, 13.02743622739394 ], [ 80.204477837402109, 13.02743622739394 ], [ 80.204566436441965, 13.027385600878667 ], [ 80.204655034583496, 13.027309659335994 ], [ 80.204781602715457, 13.0272970013889 ], [ 80.204996770785556, 13.027271688118351 ], [ 80.205135996179877, 13.027246374845166 ], [ 80.205332778431071, 13.02723640111904 ], [ 80.205332777532746, 13.027214241171468 ], [ 80.205643025089174, 13.027147759566464 ], [ 80.205975431388708, 13.027059117982196 ], [ 80.206440801825011, 13.027014797178147 ], [ 80.206817529204002, 13.026837513007468 ], [ 80.207393702339061, 13.026726710445738 ], [ 80.207814751695878, 13.02666022958506 ], [ 80.208235800154355, 13.02650510604874 ], [ 80.20847956519323, 13.026283501453477 ], [ 80.208789810953036, 13.026150538601131 ], [ 80.208967095270964, 13.026017575677374 ], [ 80.209122218150853, 13.025884612682271 ], [ 80.20943246570728, 13.025640848318604 ], [ 80.209654070206426, 13.025441403058188 ], [ 80.209942156324757, 13.025264119511624 ], [ 80.210185921363617, 13.025064675698234 ], [ 80.210274563522617, 13.024754429155358 ], [ 80.210274563522617, 13.024510663679374 ], [ 80.21040752676106, 13.024178257098546 ], [ 80.21049616802172, 13.02393449105557 ], [ 80.210606970720434, 13.023446960875509 ], [ 80.210739933060594, 13.023070233107756 ], [ 80.21082857521958, 13.022737825469216 ], [ 80.210961537559726, 13.022471900262495 ], [ 80.21111666133794, 13.022161653973084 ], [ 80.211183142957154, 13.021718444689357 ], [ 80.211205303496882, 13.021386036987396 ], [ 80.211338265837057, 13.020898507043359 ], [ 80.211426907996028, 13.020410976139964 ], [ 80.211582031774242, 13.020100729895487 ], [ 80.211714994114402, 13.019834804483938 ], [ 80.211914438073777, 13.019546717278274 ], [ 80.212269005811365, 13.019325112584722 ], [ 80.212512770850225, 13.019147829037305 ], [ 80.212667893730128, 13.018815422262806 ], [ 80.212889499127556, 13.018682459778233 ], [ 80.21304462290577, 13.018505175771049 ], [ 80.21342135028479, 13.0185494963471 ], [ 80.213642955682232, 13.018571657069803 ], [ 80.213864560181335, 13.018505175771049 ], [ 80.21401968306121, 13.018239249522429 ], [ 80.213931040902253, 13.018061966073379 ], [ 80.213953202340335, 13.017862522588629 ], [ 80.214263448100084, 13.017840361802522 ], [ 80.214595855297944, 13.017773880307578 ], [ 80.215083386273989, 13.017596596525641 ], [ 80.21559307689148, 13.017308510218866 ], [ 80.2161249280487, 13.017109066127762 ], [ 80.216590298485002, 13.016998263591068 ], [ 80.216900545143091, 13.016732337475968 ], [ 80.217210791801222, 13.016555053824192 ], [ 80.21760967971997, 13.016555053824192 ], [ 80.218075049257962, 13.016488572859714 ], [ 80.218939308511352, 13.016311289033565 ], [ 80.219338196430101, 13.016222647072961 ], [ 80.219847887945903, 13.016178326080764 ], [ 80.220268936404423, 13.01615616514405 ], [ 80.220712146300954, 13.016023202108059 ], [ 80.220911590260343, 13.015912399961135 ], [ 80.221221836918446, 13.015845919699508 ], [ 80.22157640465602, 13.015823758733127 ], [ 80.221820169694894, 13.015757277572472 ], [ 80.221883699450117, 13.015747105580466 ], [ 80.221883707534957, 13.015747141465125 ], [ 80.221895087392966, 13.015745282463966 ], [ 80.222336710864724, 13.015674575641937 ], [ 80.222400467893721, 13.015671426542012 ], [ 80.222406550386509, 13.015672440065556 ], [ 80.222414313627198, 13.015666947083034 ], [ 80.222423556393153, 13.015660012586249 ], [ 80.222432785684362, 13.015657508535307 ], [ 80.222442560252986, 13.015657628442677 ], [ 80.22244918981977, 13.015660632253541 ], [ 80.22245636556228, 13.015666168998013 ], [ 80.222464458484666, 13.015673246158133 ], [ 80.222469613017779, 13.015676335741928 ], [ 80.222473675199481, 13.015674811080448 ], [ 80.222482905389029, 13.015671854532538 ], [ 80.22250134780181, 13.015671909672427 ], [ 80.222514726411347, 13.015669508899464 ], [ 80.222524959120747, 13.015670533801087 ], [ 80.222536207824731, 13.01567111058174 ], [ 80.222540353549775, 13.015672117103408 ], [ 80.222550581767592, 13.015674679795014 ], [ 80.222554625084697, 13.01567921264329 ], [ 80.222565416546189, 13.01567834090806 ], [ 80.222573640622628, 13.015672849676127 ], [ 80.222582859134064, 13.015673871952011 ], [ 80.222592050696036, 13.015683484671097 ], [ 80.222598673974645, 13.015688477018168 ], [ 80.222608543764679, 13.015693389718704 ], [ 80.222610919808602, 13.015694572162717 ], [ 80.222652796572191, 13.015720466897655 ], [ 80.222668184713001, 13.015724039611166 ], [ 80.222690226675113, 13.015723110985723 ], [ 80.222708672681193, 13.015722262006776 ], [ 80.222720374136074, 13.015725280695868 ], [ 80.222729109353878, 13.015733354748079 ], [ 80.222752573349098, 13.015749609630518 ], [ 80.222780634023636, 13.015770309834888 ], [ 80.222791416501991, 13.015772421779008 ], [ 80.222797042650612, 13.01577189576226 ], [ 80.22280874320721, 13.015775457096955 ], [ 80.222824682913611, 13.015779574206382 ], [ 80.222839518590504, 13.015783144293302 ], [ 80.222852787605561, 13.015786258382366 ], [ 80.222868177543006, 13.015789379473233 ], [ 80.222882017886619, 13.015786888552155 ], [ 80.222894289771702, 13.015784484279372 ], [ 80.222909141618274, 13.015782539505345 ], [ 80.222923542510628, 13.015777609301912 ], [ 80.222934373497992, 13.015764079030674 ], [ 80.222952373041338, 13.015758617558646 ], [ 80.222964633248353, 13.015759738735836 ], [ 80.222974859669549, 13.01576275392353 ], [ 80.222982507027567, 13.015764856240125 ], [ 80.222997905049851, 13.015765354249355 ], [ 80.223012760489681, 13.015762415207206 ], [ 80.223020984566105, 13.015756923977143 ], [ 80.223037411159396, 13.015752995043098 ], [ 80.223056865075208, 13.015754138101233 ], [ 80.223069669661271, 13.015758245583374 ], [ 80.223082025987978, 13.015758282343283 ], [ 80.223093276488598, 13.015758315602255 ], [ 80.223104511717864, 13.015762961354435 ], [ 80.223111682968778, 13.015769944861518 ], [ 80.223123942277468, 13.015771518535614 ], [ 80.223138235371962, 13.015771651571459 ], [ 80.223158813978472, 13.015766740622988 ], [ 80.223183920992341, 13.015758768099221 ], [ 80.223202940123556, 13.015751320716749 ], [ 80.223210595566385, 13.015750890975939 ], [ 80.22321980239974, 13.015755439577033 ], [ 80.223234170952708, 13.015761089224849 ], [ 80.223245401690392, 13.015767180866627 ], [ 80.223251010771037, 13.015772170586343 ], [ 80.223259216881146, 13.015772737739166 ], [ 80.223264827758427, 13.015777274961838 ], [ 80.223266833696442, 13.015784333738809 ], [ 80.223270882403426, 13.015787329671006 ], [ 80.223281113316204, 13.015788898093534 ], [ 80.223292918077362, 13.015788480606076 ], [ 80.223304176662822, 13.015785531061391 ], [ 80.22330890180119, 13.01577849241489 ], [ 80.223314001537062, 13.015769465232257 ], [ 80.223325821569574, 13.015764075529699 ], [ 80.22333561500281, 13.015758046904821 ], [ 80.223346982284411, 13.015750034119927 ], [ 80.223352616517872, 13.015747067070093 ], [ 80.223362305746519, 13.015745106541559 ], [ 80.223370515449901, 13.015744136780105 ], [ 80.223381872850041, 13.015739196948292 ], [ 80.22339056494873, 13.015731718931988 ], [ 80.223407552090762, 13.015725258814948 ], [ 80.223413634583551, 13.015726272338277 ], [ 80.223424989288716, 13.015722327649481 ], [ 80.223434678517393, 13.015720367120755 ], [ 80.223444908531832, 13.015721934668504 ], [ 80.223455691908526, 13.015723956463733 ], [ 80.223463334774962, 13.015727505545836 ], [ 80.223472075382659, 13.015733590186565 ], [ 80.223478137214201, 13.015741655486133 ], [ 80.223486315476535, 13.015750812204667 ], [ 80.223492938755143, 13.015755805425654 ], [ 80.223499561135398, 13.015761431442076 ], [ 80.223509321330965, 13.01576598179348 ], [ 80.223520016672751, 13.015766555948229 ], [ 80.223529254048813, 13.015761519840899 ], [ 80.223545220704679, 13.015757137534736 ], [ 80.223558492414696, 13.01575916633155 ], [ 80.223568256203521, 13.015762721539785 ], [ 80.223585679926757, 13.015764310968159 ], [ 80.223598957924978, 13.015764441378344 ], [ 80.223610195849176, 13.015768453459607 ], [ 80.223618381298053, 13.015775530616775 ], [ 80.223628600532706, 13.015780624489377 ], [ 80.223637268376891, 13.015780650746446 ], [ 80.223645010058021, 13.015782211291924 ], [ 80.223652097765623, 13.015786301268903 ], [ 80.223657699659725, 13.015793822170126 ], [ 80.223665431459366, 13.015798366394293 ], [ 80.223673083308952, 13.015798931796589 ], [ 80.223683865787308, 13.015801043740494 ], [ 80.223694075140514, 13.01580957378804 ], [ 80.223700142361935, 13.015815650549632 ], [ 80.223709350991925, 13.015819746652703 ], [ 80.223716538412503, 13.015821305447476 ], [ 80.223725211646581, 13.015819793915453 ], [ 80.223729813715778, 13.015822339976065 ], [ 80.223733949559346, 13.015826872821645 ], [ 80.22373956402987, 13.015830415775584 ], [ 80.223748792422782, 13.015828002750871 ], [ 80.223761064307865, 13.015825507453998 ], [ 80.223768700886126, 13.015831136094517 ], [ 80.223775876628608, 13.015836673710439 ], [ 80.223782509788663, 13.015838682376236 ], [ 80.223786665395153, 13.015836705218934 ], [ 80.223794875098548, 13.015835735457838 ], [ 80.223805545287476, 13.015844357403951 ], [ 80.223813188153912, 13.015847906484337 ], [ 80.223822412055284, 13.015846939348993 ], [ 80.22382913325022, 13.015850485803577 ], [ 80.223836768031831, 13.015856566940366 ], [ 80.223849014764099, 13.015862119434741 ], [ 80.223863845949438, 13.015867227309316 ], [ 80.223873610636559, 13.015870330894447 ], [ 80.223882263209404, 13.015875420388928 ], [ 80.223887861510235, 13.015883936430166 ], [ 80.223887282995207, 13.015891981594443 ], [ 80.223881082823112, 13.015899015861564 ], [ 80.22387700087846, 13.015907051397766 ], [ 80.223878452555951, 13.015914560042022 ], [ 80.223884504506017, 13.015925609888177 ], [ 80.223898310713608, 13.015933788962114 ], [ 80.223916736058413, 13.015939358959439 ], [ 80.223933692657724, 13.015942936045972 ], [ 80.223950009656534, 13.015944521972225 ], [ 80.223967434278094, 13.01594565977808 ], [ 80.223980241559119, 13.015949223735957 ], [ 80.22398842341471, 13.015957296030416 ], [ 80.223992455053718, 13.01596535519608 ], [ 80.223998492630756, 13.015981015778671 ], [ 80.224005072790177, 13.016000114283553 ], [ 80.224015239922565, 13.016022297115065 ], [ 80.224028458631992, 13.016041415747184 ], [ 80.224041141945477, 13.016055016022124 ], [ 80.224052359208443, 13.01606562911984 ], [ 80.224064128036972, 13.016076785737877 ], [ 80.224076904775259, 13.016089935264951 ], [ 80.224090619354698, 13.016098023309047 ], [ 80.224105996715721, 13.016105122337704 ], [ 80.224125883619493, 13.016115308318746 ], [ 80.22414171013817, 13.016126387038726 ], [ 80.224154941423976, 13.01614152684653 ], [ 80.224170309801849, 13.016151699697591 ], [ 80.224185132902363, 13.016159248595226 ], [ 80.224205013517931, 13.01617142398195 ], [ 80.224222856754395, 13.016186125294618 ], [ 80.224240797907271, 13.016199290570119 ], [ 80.224263235128092, 13.016219430586993 ], [ 80.224273442684691, 13.016228593414533 ], [ 80.224283652936194, 13.016236670951285 ], [ 80.224292292932617, 13.016245739252893 ], [ 80.224294759706382, 13.01625325138782 ], [ 80.22429270705598, 13.016260840543136 ], [ 80.224291669501795, 13.016268342174778 ], [ 80.22429468424788, 13.016277392970549 ], [ 80.224301760277385, 13.016285461753384 ], [ 80.224312538264172, 13.01628901957976 ], [ 80.224330518044567, 13.016289616489368 ], [ 80.22434224105902, 13.016285672684766 ], [ 80.224355610685436, 13.016286255590659 ], [ 80.224364822908669, 13.016289266395766 ], [ 80.224376036578334, 13.016300873749239 ], [ 80.224387266417708, 13.016307508022845 ], [ 80.224399071178865, 13.016307091411464 ], [ 80.224413922127155, 13.016305598262296 ], [ 80.224425712515256, 13.016309703109629 ], [ 80.224435923665069, 13.016317780643758 ], [ 80.224445014615753, 13.01632992363905 ], [ 80.224449586142214, 13.01634250600118 ], [ 80.224452594600137, 13.016353546200675 ], [ 80.224461791552017, 13.016361621107679 ], [ 80.224476066680182, 13.016367269866416 ], [ 80.224482239004487, 13.016369277652663 ], [ 80.224490448707883, 13.016368307018428 ], [ 80.224497081867923, 13.016370316555113 ], [ 80.224504709463005, 13.016378928855062 ], [ 80.224510853041224, 13.016389978680518 ], [ 80.224518925302377, 13.016403655956852 ], [ 80.224531160356548, 13.016413277399984 ], [ 80.224542485417359, 13.016418826380916 ], [ 80.224554736641196, 13.016422932101616 ], [ 80.224568545543747, 13.016430478365281 ], [ 80.224582253834953, 13.016440645953059 ], [ 80.224594015476981, 13.016454244455591 ], [ 80.224601629597316, 13.016466835563724 ], [ 80.224609234734501, 13.016482500490774 ], [ 80.224616854244758, 13.016493554687774 ], [ 80.224624489026354, 13.016499635808774 ], [ 80.22463829882723, 13.016506729574505 ], [ 80.224653115639526, 13.016516358015492 ], [ 80.224664332902478, 13.016526971093452 ], [ 80.224672514758083, 13.016535042493869 ], [ 80.224683719444613, 13.016549633505562 ], [ 80.224689775886276, 13.016559236563142 ], [ 80.224699527098679, 13.016566860718376 ], [ 80.224712227480168, 13.016574946121237 ], [ 80.224723438454902, 13.016587547726013 ], [ 80.224726995783442, 13.016600126574138 ], [ 80.224723818442286, 13.016613680431032 ], [ 80.224724228074052, 13.016630228458707 ], [ 80.224729353861065, 13.016642360060706 ], [ 80.22473543096396, 13.016645362109136 ], [ 80.224748240939903, 13.016647931792566 ], [ 80.224761037441127, 13.016654570433047 ], [ 80.224771704935122, 13.016664186615019 ], [ 80.224783503408062, 13.016665759408214 ], [ 80.224797346446607, 13.016662274231532 ], [ 80.224809704569978, 13.016661859371226 ], [ 80.224821953098854, 13.01666695935225 ], [ 80.224838244944848, 13.016676502014187 ], [ 80.224850567135604, 13.016687660355231 ], [ 80.22485764226677, 13.016695729124695 ], [ 80.224867398869094, 13.016701816367371 ], [ 80.224876514972607, 13.0167059124558 ], [ 80.224883688918453, 13.016711901672165 ], [ 80.224884681556844, 13.016718956921595 ], [ 80.224882624414832, 13.016727992821925 ], [ 80.224884623166346, 13.016737583619332 ], [ 80.224884501893783, 13.016747077265562 ], [ 80.224881886897975, 13.016757648322491 ], [ 80.224878267585709, 13.016765142062019 ], [ 80.224873179527947, 13.016770190402195 ], [ 80.224870586990022, 13.016773709711394 ], [ 80.224866967677741, 13.016781203450464 ], [ 80.224866945219858, 13.016788256072209 ], [ 80.224874041012285, 13.01678981398565 ], [ 80.224883817377545, 13.016789301099553 ], [ 80.224893034092361, 13.016790866014833 ], [ 80.224902705354708, 13.01679442120826 ], [ 80.224907851802939, 13.016799951800802 ], [ 80.224909864927511, 13.016805021145846 ], [ 80.22491648730778, 13.016810556989535 ], [ 80.224927736910089, 13.016810681272521 ], [ 80.22494111012972, 13.016810178014003 ], [ 80.224948739521437, 13.016817796034927 ], [ 80.224951756962454, 13.016826305041908 ], [ 80.224954294703153, 13.016840418159765 ], [ 80.224952586107477, 13.016855964906856 ], [ 80.224949491411309, 13.016872592564514 ], [ 80.224939090716987, 13.016896070661119 ], [ 80.224931860177236, 13.016908165490358 ], [ 80.224929244283132, 13.01691918903526 ], [ 80.224929685355931, 13.016925700759852 ], [ 80.224934289221764, 13.016927703290158 ], [ 80.224941027484718, 13.016925734018658 ], [ 80.224951279957054, 13.016920248940998 ], [ 80.224958494327083, 13.016913308352651 ], [ 80.224969185177315, 13.016915330138159 ], [ 80.224975905473926, 13.016918876577504 ], [ 80.224984579606328, 13.016916912557317 ], [ 80.22499279919117, 13.016912959135151 ], [ 80.225006635941497, 13.016911553512825 ], [ 80.225017420216489, 13.016913122803492 ], [ 80.225027086987254, 13.016918124753358 ], [ 80.225041441167178, 13.016928294946849 ], [ 80.225049543072728, 13.016932297381747 ], [ 80.225058858602239, 13.016931872894359 ], [ 80.225077751070941, 13.016935456093154 ], [ 80.225091579736443, 13.016936582516454 ], [ 80.225110011369452, 13.016940163964723 ], [ 80.225133505009069, 13.016946834105696 ], [ 80.2251789930001, 13.016968128492387 ], [ 80.225220399944803, 13.016997005883352 ], [ 80.225259115536943, 13.017031390227121 ], [ 80.225323347774705, 13.017104008166955 ], [ 80.225336023003351, 13.017120140427128 ], [ 80.225346786617081, 13.017128310709337 ], [ 80.225355975484106, 13.017138844115063 ], [ 80.22535643542156, 13.017139371004136 ], [ 80.225362019349348, 13.017152498594072 ], [ 80.225366600757326, 13.017162006228116 ], [ 80.225374676611722, 13.017174598175494 ], [ 80.225379797907152, 13.017188266656246 ], [ 80.225382252104509, 13.01719975756194 ], [ 80.225381212753703, 13.017207801808297 ], [ 80.225378065056972, 13.01721186112866 ], [ 80.225367821567772, 13.017214272389426 ], [ 80.225355732939008, 13.017216950595584 ], [ 80.225354533688105, 13.017217215790501 ], [ 80.225345754452803, 13.017223247880795 ], [ 80.225343703599037, 13.017230294363381 ], [ 80.225347736136328, 13.017238354362899 ], [ 80.225355655683884, 13.017241799270833 ], [ 80.225356944766318, 13.017242360293695 ], [ 80.225404025470354, 13.017255702309654 ], [ 80.225418851265786, 13.017262256036464 ], [ 80.22542805091264, 13.017269336651911 ], [ 80.225440865380151, 13.017270459572746 ], [ 80.225455722616658, 13.017266977905512 ], [ 80.225468564931958, 13.017259059694309 ], [ 80.225476235646141, 13.017253566746939 ], [ 80.225486007519805, 13.017254590766772 ], [ 80.225501395660658, 13.017258162582934 ], [ 80.225521305022284, 13.017261296783715 ], [ 80.225536158665491, 13.017258899527098 ], [ 80.225539770791258, 13.017253846820733 ], [ 80.225542371414022, 13.017247796351297 ], [ 80.225546977076462, 13.017249347260012 ], [ 80.225555173305125, 13.017252898070735 ], [ 80.225573575293723, 13.017266064164772 ], [ 80.22558019587737, 13.017272141765902 ], [ 80.225589395524182, 13.01727922150582 ], [ 80.225596472451983, 13.017286838637117 ], [ 80.225597471378592, 13.017291814322508 ], [ 80.225605201381612, 13.017296901162091 ], [ 80.225616456373814, 13.017295397516138 ], [ 80.225626696269714, 13.0172939813932 ], [ 80.225640063201169, 13.017295558558525 ], [ 80.225651769147603, 13.017297130472475 ], [ 80.225661531139792, 13.017301228301545 ], [ 80.225666121530892, 13.017307752269327 ], [ 80.225667106084444, 13.017317339543352 ], [ 80.225660892437631, 13.017328804186164 ], [ 80.225656719763151, 13.017336297033202 ], [ 80.225654669807668, 13.017342891018465 ], [ 80.225657139276379, 13.017349408858566 ], [ 80.225662755543539, 13.017352409147971 ], [ 80.225669393195162, 13.017352971921055 ], [ 80.225675121751749, 13.0173494622476 ], [ 80.225679747177153, 13.017344503192705 ], [ 80.225687398128429, 13.017345521085568 ], [ 80.225697158323982, 13.017350070532652 ], [ 80.225706270834209, 13.017355704389955 ], [ 80.225717045227739, 13.017360257337762 ], [ 80.225727273445571, 13.017362819136713 ], [ 80.225741086839676, 13.017368918616203 ], [ 80.225753330877012, 13.017375465338208 ], [ 80.225766149836105, 13.017375051354286 ], [ 80.225777506337948, 13.017370564924269 ], [ 80.225785747482348, 13.017359558028796 ], [ 80.225797015949269, 13.017353623967599 ], [ 80.225810284066029, 13.017357189655725 ], [ 80.225825213167724, 13.017360308976356 ], [ 80.225843655580505, 13.017360364115877 ], [ 80.225862107874747, 13.017357434720211 ], [ 80.225877419658772, 13.01735603435178 ], [ 80.225891795398255, 13.017359151046749 ], [ 80.225901021994545, 13.017357641274515 ], [ 80.22591429999278, 13.017357771683859 ], [ 80.225931252100509, 13.017362795505482 ], [ 80.225951696858047, 13.017371446281073 ], [ 80.225963359685394, 13.017387123404175 ], [ 80.225969386482618, 13.017406220050253 ], [ 80.225981580214281, 13.017428951525156 ], [ 80.225997818161346, 13.017456126540273 ], [ 80.226039629347966, 13.017503087872139 ], [ 80.22605085200081, 13.017512164004476 ], [ 80.22606622936182, 13.017519262117338 ], [ 80.226083095231274, 13.017522386687336 ], [ 80.226093311770995, 13.017528475660159 ], [ 80.22609890288534, 13.017539523683894 ], [ 80.226103388173556, 13.017550115712535 ], [ 80.226108993660944, 13.017556643174677 ], [ 80.226117184499699, 13.017561730884065 ], [ 80.226120213618827, 13.01756626107214 ], [ 80.226123777235571, 13.017576850473935 ], [ 80.226127811569498, 13.017584366944645 ], [ 80.226132409147112, 13.017588449890079 ], [ 80.226141061719957, 13.017593539349242 ], [ 80.226146668105642, 13.017599523292809 ], [ 80.226149684648362, 13.017608122421583 ], [ 80.226154701739219, 13.017625678647041 ], [ 80.226164437680254, 13.017638366846134 ], [ 80.226175672011195, 13.017643373157506 ], [ 80.226185346866828, 13.017645934078281 ], [ 80.226194089271161, 13.017651566178404 ], [ 80.226200141221227, 13.017662615071906 ], [ 80.226200113373451, 13.017671657064437 ], [ 80.226199071327727, 13.017680695555761 ], [ 80.226202075294054, 13.017693273473153 ], [ 80.226210174504644, 13.017698361179717 ], [ 80.226225564442089, 13.017701481371287 ], [ 80.226236817637655, 13.017700520369782 ], [ 80.22624501566294, 13.017703528532014 ], [ 80.226253204705074, 13.017709158880375 ], [ 80.226262860696039, 13.017717687111841 ], [ 80.226270586207477, 13.017724310844743 ], [ 80.226277753865148, 13.01773237958048 ], [ 80.226286830442788, 13.017749495556993 ], [ 80.226295009603433, 13.017758562052784 ], [ 80.226302183549294, 13.01776464139229 ], [ 80.226305198295393, 13.017773692133407 ], [ 80.226307211419936, 13.017778762333764 ], [ 80.226315405851963, 13.01778285577868 ], [ 80.226329652234071, 13.01779799811103 ], [ 80.226343913887519, 13.017808077244631 ], [ 80.226353119822534, 13.017813167574516 ], [ 80.2263613043731, 13.017820245548526 ], [ 80.226365334215473, 13.017829298913307 ], [ 80.226374508709469, 13.017844426363917 ], [ 80.226386750950141, 13.017851515715039 ], [ 80.226396983659541, 13.017852540607603 ], [ 80.22640923578173, 13.01785664630455 ], [ 80.226414393908058, 13.017858650577798 ], [ 80.226415391936357, 13.0178637172755 ], [ 80.22641435617885, 13.017870767240783 ], [ 80.226420391959223, 13.017886879320795 ], [ 80.226427572193273, 13.017890879989718 ], [ 80.226440844801616, 13.017892998917626 ], [ 80.226451061341351, 13.017899087006139 ], [ 80.226459240501995, 13.017908153496421 ], [ 80.226464278254113, 13.017919199752784 ], [ 80.226476496240295, 13.017934336825437 ], [ 80.22648871961637, 13.017947483628253 ], [ 80.226498927172926, 13.017956556243417 ], [ 80.226511163125423, 13.017965725133299 ], [ 80.226529574995496, 13.017975816513257 ], [ 80.226558206998547, 13.017991001719967 ], [ 80.226571457148978, 13.018000174109513 ], [ 80.226582667225415, 13.018013228134697 ], [ 80.226595914680914, 13.018023393907104 ], [ 80.226609168424588, 13.018031481012859 ], [ 80.226628584611149, 13.018044649691236 ], [ 80.226643946700818, 13.018056811856953 ], [ 80.226656174568475, 13.018068874246136 ], [ 80.226669393277888, 13.018088082868818 ], [ 80.226689793119689, 13.018111290404976 ], [ 80.226706067897666, 13.018126438843824 ], [ 80.226723452993355, 13.01814059652423 ], [ 80.226735692539108, 13.018148680125268 ], [ 80.226753105482587, 13.01815379582977 ], [ 80.226778626619776, 13.018160924557252 ], [ 80.226799066885775, 13.01817111220428 ], [ 80.22681442897543, 13.018183274363777 ], [ 80.22682251291468, 13.018193335101927 ], [ 80.226832682742028, 13.018214523479026 ], [ 80.226840852919523, 13.018226573607299 ], [ 80.226857125002581, 13.018242717172372 ], [ 80.226876531307667, 13.018258959637034 ], [ 80.226898973020099, 13.018278105228665 ], [ 80.226920408619421, 13.018294354692838 ], [ 80.2269367947885, 13.018303444799807 ], [ 80.226961289151348, 13.018314639827127 ], [ 80.226984753146567, 13.018330804391899 ], [ 80.227001124044307, 13.018344958559712 ], [ 80.227019411946884, 13.018365177172635 ], [ 80.227032656707422, 13.018376247039757 ], [ 80.22704385959733, 13.01839138058356 ], [ 80.227049982514316, 13.018409482894914 ], [ 80.227059042922264, 13.018431662885083 ], [ 80.227077293993901, 13.018463906226128 ], [ 80.227090608823033, 13.018482120561158 ], [ 80.227102842080583, 13.018492193540336 ], [ 80.227118127813455, 13.01849929162517 ], [ 80.227139584972335, 13.018508488502228 ], [ 80.227167227031913, 13.018515623346108 ], [ 80.227186671964574, 13.018519750037465 ], [ 80.227208244107814, 13.018521894341541 ], [ 80.227224546733567, 13.018528000794296 ], [ 80.227244004242635, 13.018528058559225 ], [ 80.227258395253472, 13.018526112056312 ], [ 80.227274812863627, 13.018525166812102 ], [ 80.227291216999021, 13.018528289618953 ], [ 80.227307520523112, 13.018534396071557 ], [ 80.227329980201844, 13.018547574350693 ], [ 80.227353543011731, 13.018561749511566 ], [ 80.227373989565947, 13.018569948628697 ], [ 80.227396486973916, 13.018571010277812 ], [ 80.227417050309072, 13.018571161691897 ], [ 80.227434368031112, 13.01857727164437 ], [ 80.227449751680339, 13.018582381213429 ], [ 80.227466171985427, 13.018580440837537 ], [ 80.227480594437324, 13.018568458118843 ], [ 80.227496019409088, 13.018560455927497 ], [ 80.227508280514371, 13.018561577967269 ], [ 80.227523677638359, 13.018562618611007 ], [ 80.227546184029464, 13.018560695739451 ], [ 80.227563633803882, 13.018553785829958 ], [ 80.227575013661877, 13.018541793482516 ], [ 80.227590444023519, 13.018531802776604 ], [ 80.227602708722088, 13.018531839536069 ], [ 80.227617093444749, 13.01853197257044 ], [ 80.227637580423121, 13.018527060801436 ], [ 80.227657028949011, 13.018530103087469 ], [ 80.227676470288401, 13.018535224035448 ], [ 80.227698947933433, 13.018542434147994 ], [ 80.227717363396764, 13.018551531247692 ], [ 80.227728569879929, 13.018565669648847 ], [ 80.227736736464166, 13.018578805040239 ], [ 80.227748963433498, 13.018590867403965 ], [ 80.22776525078794, 13.018602037036743 ], [ 80.227780619165813, 13.018612119638561 ], [ 80.227807142822883, 13.018623319903273 ], [ 80.227854213645458, 13.018639645489442 ], [ 80.22789006630677, 13.018645900727682 ], [ 80.227911545923519, 13.018647954007196 ], [ 80.227937184740028, 13.018647126043687 ], [ 80.227954603073414, 13.0186502523499 ], [ 80.227973014943458, 13.018660343701995 ], [ 80.227991445678143, 13.018664466890035 ], [ 80.228014953690831, 13.018666616444214 ], [ 80.228044726554288, 13.01867077464119 ], [ 80.228076456846765, 13.018667884646185 ], [ 80.228098050549562, 13.018662976380766 ], [ 80.228118528544769, 13.018661047383397 ], [ 80.228136967364279, 13.018662187802434 ], [ 80.228160577784891, 13.018661263564146 ], [ 80.228186228279512, 13.018656366676526 ], [ 80.22820772047271, 13.018654531328288 ], [ 80.228242605648447, 13.018645593523477 ], [ 80.228333946346524, 13.018630041637271 ], [ 80.228361638711775, 13.018621081950918 ], [ 80.228382119401942, 13.01861815957195 ], [ 80.228401576012715, 13.018618307485108 ], [ 80.228420015730521, 13.018619356880844 ], [ 80.228443647710705, 13.018611470220986 ], [ 80.228459065495926, 13.018605548442913 ], [ 80.228477521383454, 13.018601624805369 ], [ 80.228492457671649, 13.018602212081916 ], [ 80.22850584167108, 13.018598182541989 ], [ 80.228516000718656, 13.018593149993126 ], [ 80.228527346440657, 13.01859209797159 ], [ 80.228539623715662, 13.018588065805835 ], [ 80.228553939268039, 13.018580965097856 ], [ 80.228568190141701, 13.018564913453561 ], [ 80.228583556722953, 13.018545789764756 ], [ 80.228600967869781, 13.01852160901781 ], [ 80.228614198257304, 13.018507543257941 ], [ 80.228623438328313, 13.018501421925812 ], [ 80.228629616940808, 13.018501440305538 ], [ 80.228636710936627, 13.018503450700159 ], [ 80.228644927826537, 13.018500400536794 ], [ 80.228651041760358, 13.018491376954243 ], [ 80.228652096382476, 13.018478269565435 ], [ 80.228655097653856, 13.018462183780647 ], [ 80.228661233147264, 13.01844610762233 ], [ 80.228668390025135, 13.018428044698851 ], [ 80.228674436585294, 13.018410882382152 ], [ 80.228684676481222, 13.018379718188694 ], [ 80.228692783776651, 13.018352616793877 ], [ 80.228691668069089, 13.01832548738887 ], [ 80.228688518575694, 13.018300341245146 ], [ 80.228688519474005, 13.018270231686344 ], [ 80.228688418862689, 13.018243105773204 ], [ 80.228693534768226, 13.018229015491183 ], [ 80.228703786342265, 13.018223982059578 ], [ 80.228710899202682, 13.018219934133704 ], [ 80.228719051413876, 13.018207842869421 ], [ 80.228722119160565, 13.018199803906921 ], [ 80.228728233992712, 13.018190690164969 ], [ 80.228734426978292, 13.018185735503081 ], [ 80.228743581709352, 13.018177624771212 ], [ 80.228747682518645, 13.018163531859726 ], [ 80.228762982624531, 13.018136360423103 ], [ 80.22877733770278, 13.018116239816989 ], [ 80.228797760900761, 13.018102195039569 ], [ 80.228814113832186, 13.018092116793191 ], [ 80.228822278619802, 13.018075955713744 ], [ 80.228822266941705, 13.018049824913406 ], [ 80.228834508284095, 13.018027707905434 ], [ 80.228852862661981, 13.017996568170147 ], [ 80.228871220633138, 13.017964343148105 ], [ 80.228883477246868, 13.017937162937338 ], [ 80.228918139640399, 13.017880843745706 ], [ 80.228954930142862, 13.017822451999916 ], [ 80.228970225757209, 13.017796275660931 ], [ 80.228979420912466, 13.017775145013202 ], [ 80.228991686509374, 13.017744981126404 ], [ 80.228998784996733, 13.017715886765771 ], [ 80.229005870907713, 13.017690681044584 ], [ 80.229021182691696, 13.01765953163947 ], [ 80.229041623856006, 13.017639429374444 ], [ 80.229059000866869, 13.017626279054381 ], [ 80.229076390454111, 13.017609151691342 ], [ 80.229090660192398, 13.017587040770644 ], [ 80.229106042045032, 13.017562853803577 ], [ 80.229116228940356, 13.01754877923697 ], [ 80.229134642607036, 13.017528669961134 ], [ 80.229152016024628, 13.017516605795242 ], [ 80.229169414595034, 13.017496402867199 ], [ 80.229181649649206, 13.017476276082551 ], [ 80.229191855409169, 13.017456143169625 ], [ 80.229207205820728, 13.017442082600651 ], [ 80.229231790913431, 13.017423981969113 ], [ 80.229249097855714, 13.017403779033552 ], [ 80.229256247547042, 13.017387705432247 ], [ 80.2292654606686, 13.017360607429863 ], [ 80.229280741909903, 13.017339404100888 ], [ 80.229305329697553, 13.017320308324871 ], [ 80.229322694131994, 13.017311226934137 ], [ 80.229359550211456, 13.017290992481072 ], [ 80.229376924527358, 13.017278927428377 ], [ 80.229389167666369, 13.017255816964861 ], [ 80.229397347725367, 13.017234682770139 ], [ 80.229413719521403, 13.017218546141233 ], [ 80.229429052864987, 13.017210453757563 ], [ 80.229444419446239, 13.01719133083947 ], [ 80.229459702484164, 13.017169223382448 ], [ 80.229477092071434, 13.01715209511257 ], [ 80.229495450042592, 13.017119869980721 ], [ 80.229520044118416, 13.017098784787343 ], [ 80.229546572267111, 13.017078609832662 ], [ 80.229572196710578, 13.017052373899382 ], [ 80.229591543726841, 13.017028289282168 ], [ 80.229608948585465, 13.017006097788403 ], [ 80.229675370017588, 13.016937666053332 ], [ 80.229698956183668, 13.016914498667937 ], [ 80.229729624667485, 13.016897319617044 ], [ 80.229755214975, 13.016882204361863 ], [ 80.22978386045277, 13.01686303065498 ], [ 80.229794063517772, 13.016843891955888 ], [ 80.229799126422719, 13.0168167807656 ], [ 80.229807226531605, 13.016791668602808 ], [ 80.229825716555098, 13.016776532335637 ], [ 80.229853383767534, 13.016775439170456 ], [ 80.22986768943845, 13.016771413101788 ], [ 80.229874840028103, 13.016755339459479 ], [ 80.229870662862041, 13.01673425948646 ], [ 80.229875707800673, 13.016713115619686 ], [ 80.2298849541599, 13.016705095863816 ], [ 80.229915631626838, 13.016684842981384 ], [ 80.229924801629281, 13.016671759128338 ], [ 80.229934069548065, 13.016656686745799 ], [ 80.22994628214434, 13.016643611643579 ], [ 80.229952411349529, 13.016629524771531 ], [ 80.229964719167228, 13.016615455403311 ], [ 80.229968324106451, 13.016612714173903 ], [ 80.230074116900866, 13.016515867009655 ], [ 80.230149362483999, 13.016456503433117 ], [ 80.230188268518958, 13.016429312554196 ], [ 80.230210860250025, 13.016399721781646 ], [ 80.230228433991954, 13.016382413160464 ], [ 80.230254826494971, 13.016376162241253 ], [ 80.230287462289255, 13.016348952098374 ], [ 80.230307533347641, 13.016329209448207 ], [ 80.23033765655407, 13.016309406405313 ], [ 80.230353907975868, 13.016272383130643 ], [ 80.230361322670234, 13.016230449786367 ], [ 80.230375100131752, 13.016188536565371 ], [ 80.23040391179785, 13.016145310485497 ], [ 80.230433941579463, 13.016095940250443 ], [ 80.230446451518105, 13.016076175699231 ], [ 80.230466569288907, 13.01607126213109 ], [ 80.230510419651196, 13.016025549488235 ], [ 80.230544365189132, 13.015992195156656 ], [ 80.230578141843836, 13.015953866858862 ], [ 80.230610687806575, 13.015895914027226 ], [ 80.230650868550924, 13.015844041443895 ], [ 80.230724837628046, 13.015779791264849 ], [ 80.230761253533018, 13.015752593309818 ], [ 80.230771324545671, 13.015746383510816 ], [ 80.230800171246074, 13.015721603829279 ], [ 80.230802788038517, 13.015717814057185 ], [ 80.230821475691357, 13.015690743879818 ], [ 80.230833985630014, 13.015671069445654 ], [ 80.230874109780501, 13.015637642421733 ], [ 80.23088041415717, 13.01562653917334 ], [ 80.230890328862927, 13.015618294446522 ], [ 80.230921270434592, 13.015594923007718 ], [ 80.230946398109737, 13.015580078121198 ], [ 80.230979099481004, 13.01556145833837 ], [ 80.231002009215715, 13.015548144238748 ], [ 80.231027153958806, 13.01552805493106 ], [ 80.231051741746455, 13.015508959015493 ], [ 80.231115387384349, 13.015473251102341 ], [ 80.231137285616029, 13.015458939227845 ], [ 80.231158011546242, 13.015436215449437 ], [ 80.231176702792368, 13.015415564230418 ], [ 80.231199628696743, 13.015397005701841 ], [ 80.231222710009646, 13.015387941745354 ], [ 80.231248252706436, 13.015388288339278 ], [ 80.231283219628864, 13.015382334100451 ], [ 80.231386513310142, 13.015348009919316 ], [ 80.231430509199484, 13.015344613123073 ], [ 80.231493864681511, 13.015343173357621 ], [ 80.231601558311041, 13.015317270706117 ], [ 80.231689360545246, 13.015282538655255 ], [ 80.231738439102472, 13.015245882827028 ], [ 80.23181481835951, 13.015177571388802 ], [ 80.231912628724274, 13.015126954621891 ], [ 80.231980172152163, 13.015112867663614 ], [ 80.231999522761683, 13.015117537059313 ], [ 80.232013035220177, 13.015131681783041 ], [ 80.232016380546312, 13.015153211764687 ], [ 80.232011167622716, 13.015169020313794 ], [ 80.231979105851906, 13.015189721441887 ], [ 80.231933517249558, 13.01520106977647 ], [ 80.231878323860187, 13.015217182030037 ], [ 80.231848937272304, 13.015237349259101 ], [ 80.231833605725342, 13.015275370459264 ], [ 80.231832828682613, 13.015317956017041 ], [ 80.231843305733804, 13.015359489532248 ], [ 80.231870796876436, 13.015385611863875 ], [ 80.231885408872827, 13.015401840511979 ], [ 80.231900470925197, 13.015421776663429 ], [ 80.23191768893426, 13.015430056406259 ], [ 80.231937994452949, 13.015424148555976 ], [ 80.231969650185235, 13.015415561604717 ], [ 80.232008220250279, 13.015407448156475 ], [ 80.232060863322545, 13.01541131145321 ], [ 80.232118900778119, 13.015429928621636 ], [ 80.232132973785355, 13.015441362718464 ], [ 80.232131513124699, 13.015466676322513 ], [ 80.232105965936356, 13.015497885519357 ], [ 80.232087157010923, 13.01552694513088 ], [ 80.232087426505515, 13.015559045311035 ], [ 80.232103249430935, 13.015601498659349 ], [ 80.23213878588524, 13.015620230469455 ], [ 80.232281755457663, 13.015667852952538 ], [ 80.232368747411442, 13.015686736173459 ], [ 80.232410673582407, 13.015697077963754 ], [ 80.23242728702526, 13.01569215388524 ], [ 80.232451384332776, 13.0156825507941 ], [ 80.232473350836386, 13.015676105554791 ], [ 80.232481915374322, 13.015679747412582 ], [ 80.232486425815381, 13.015691272522458 ], [ 80.232488503618598, 13.015696585205824 ], [ 80.232494529517524, 13.01571604257942 ], [ 80.232504762226938, 13.01571697733154 ], [ 80.232541486254064, 13.015722963070848 ], [ 80.232548265839526, 13.015724068493949 ], [ 80.232579479600716, 13.01573917069121 ], [ 80.232612753198836, 13.015774261524797 ], [ 80.23264132591305, 13.01580879570348 ], [ 80.232650633357707, 13.015840831954932 ], [ 80.232643003067693, 13.01592291066242 ], [ 80.232628164695839, 13.015980373356063 ], [ 80.232568315338355, 13.016070887530576 ], [ 80.232558211088033, 13.016088308203566 ], [ 80.232562121454464, 13.016106132358503 ], [ 80.232578261485173, 13.016135024728928 ], [ 80.232593912832385, 13.016143299196504 ], [ 80.232620195740949, 13.016142653273391 ], [ 80.232652398547273, 13.01613614765489 ], [ 80.23266027946724, 13.016122427477287 ], [ 80.232663875423313, 13.016092328156729 ], [ 80.232673440684479, 13.016070746617794 ], [ 80.232685653280754, 13.016057490311038 ], [ 80.232701051303039, 13.016027968637667 ], [ 80.232707324238675, 13.015937387054377 ], [ 80.23271352710573, 13.015899519121939 ], [ 80.232732704340393, 13.015870461304557 ], [ 80.232755100238734, 13.015844486063584 ], [ 80.232792135981256, 13.015765840005255 ], [ 80.23280107870994, 13.015736390066497 ], [ 80.232801808141957, 13.015723733278548 ], [ 80.232802052483692, 13.015719484007573 ], [ 80.232792795344693, 13.01570119244875 ], [ 80.232781410995088, 13.015684883298505 ], [ 80.232779724857295, 13.015663357739228 ], [ 80.232779881164163, 13.015657129558006 ], [ 80.232780146167173, 13.015646540949403 ], [ 80.232791807197898, 13.015632741098207 ], [ 80.232804657597995, 13.015622109602011 ], [ 80.232808302063134, 13.015606387730196 ], [ 80.23280330563351, 13.015582140178511 ], [ 80.232790847797162, 13.015554887061848 ], [ 80.232786401136494, 13.015531726549098 ], [ 80.232799310825456, 13.015471726439641 ], [ 80.232807719056524, 13.015436396623512 ], [ 80.232803734129931, 13.015412695203128 ], [ 80.23279072203303, 13.015385982964444 ], [ 80.2327706366016, 13.015350297789752 ], [ 80.232772236501106, 13.015339814196551 ], [ 80.232783969397019, 13.015332886692496 ], [ 80.23279748634711, 13.01534540433769 ], [ 80.232813738667232, 13.015367967080785 ], [ 80.232825599123942, 13.015379485203225 ], [ 80.232838978631776, 13.015376722079194 ], [ 80.23284963354935, 13.015360387525732 ], [ 80.232848397467521, 13.015342481044833 ], [ 80.232836464247299, 13.015324632328342 ], [ 80.232829418760502, 13.015306799364806 ], [ 80.232825469766524, 13.015271613939412 ], [ 80.232819912788187, 13.015249535193981 ], [ 80.232822546648606, 13.015232634353303 ], [ 80.232812803521014, 13.015222207645557 ], [ 80.232783171693072, 13.015202408015208 ], [ 80.232761079425273, 13.015189864980917 ], [ 80.232751834862682, 13.015167323227333 ], [ 80.232727954049167, 13.015136419446954 ], [ 80.232710698310868, 13.015110237572848 ], [ 80.232696150993164, 13.015102960842365 ], [ 80.232676787807222, 13.015102541603236 ], [ 80.232659214963647, 13.015119488840444 ], [ 80.232649719771089, 13.015148485479196 ], [ 80.232644985649529, 13.015158507830037 ], [ 80.232632005892, 13.015151235477166 ], [ 80.232625489512913, 13.0151412700165 ], [ 80.232629223809553, 13.015126452235201 ], [ 80.232642478451567, 13.015104339342548 ], [ 80.232667535159791, 13.015082531906129 ], [ 80.232701236356007, 13.015068706641612 ], [ 80.232746144933671, 13.015038458402559 ], [ 80.23276482629835, 13.015020972012886 ], [ 80.232770053594948, 13.015000371523115 ], [ 80.232760322145495, 13.014986237294773 ], [ 80.232736099972158, 13.014976400487544 ], [ 80.232710380307253, 13.014973883301126 ], [ 80.232694231293408, 13.014977723848423 ], [ 80.232659556323441, 13.015008454351356 ], [ 80.232611269181959, 13.015087609163425 ], [ 80.232590931323955, 13.015104096026324 ], [ 80.23257433944066, 13.015102057596513 ], [ 80.232564173206569, 13.015109533006109 ], [ 80.232549137205353, 13.015111206461532 ], [ 80.232530808878607, 13.015103918352981 ], [ 80.232496392623432, 13.015080488224688 ], [ 80.232476411396576, 13.015071116172768 ], [ 80.232463035481985, 13.015072794004659 ], [ 80.232422156746665, 13.015051966832457 ], [ 80.232376259123868, 13.01501385544843 ], [ 80.232355615838628, 13.014979705388772 ], [ 80.232342065650897, 13.014948199420729 ], [ 80.232332752816347, 13.014917790998243 ], [ 80.232337438428871, 13.014893572262078 ], [ 80.23234911203599, 13.014875613233098 ], [ 80.232382756638316, 13.014850124520875 ], [ 80.232456011554788, 13.014808114790158 ], [ 80.232503156039229, 13.014800478327437 ], [ 80.232513384257047, 13.014803040152826 ], [ 80.232508084196866, 13.014817310928933 ], [ 80.23249214359214, 13.014843123483045 ], [ 80.232490689219702, 13.014866357580242 ], [ 80.232506337871939, 13.014875174738357 ], [ 80.23254437343941, 13.014861271566001 ], [ 80.232588774468951, 13.014846213077208 ], [ 80.232647738087564, 13.014833276167289 ], [ 80.232706629840933, 13.014814010401782 ], [ 80.232768830089526, 13.014798370751237 ], [ 80.232830339533692, 13.014767448544848 ], [ 80.232866646742522, 13.014745674337846 ], [ 80.232900379379757, 13.014721270034062 ], [ 80.23292062201638, 13.014705867567606 ], [ 80.2329522148666, 13.014687786866736 ], [ 80.232971971514644, 13.01468034032734 ], [ 80.232983832869635, 13.014691316708367 ], [ 80.232979709602489, 13.014712914996968 ], [ 80.232995275609738, 13.014718566419013 ], [ 80.233041942190411, 13.014716715287296 ], [ 80.233080100827053, 13.014722252928102 ], [ 80.233105958832539, 13.014740051799322 ], [ 80.233125393883711, 13.014747252394644 ], [ 80.23314254092584, 13.014748749929376 ], [ 80.233160302415641, 13.014760195435731 ], [ 80.233176083120227, 13.014786463995485 ], [ 80.233197197122678, 13.014817359067086 ], [ 80.233218103614291, 13.014825649332959 ], [ 80.233239125988575, 13.014826525447408 ], [ 80.233251997049933, 13.014839131517315 ], [ 80.233259633628165, 13.014844850329892 ], [ 80.233278897999455, 13.01484734913759 ], [ 80.233300868096336, 13.014839908729666 ], [ 80.23332075949169, 13.014848738142076 ], [ 80.233335908680644, 13.01487021300826 ], [ 80.233340380494127, 13.014885416785274 ], [ 80.233366225024866, 13.014907374780146 ], [ 80.233405529911792, 13.014930276280543 ], [ 80.233423319249354, 13.014932769835948 ], [ 80.23346475763509, 13.014951519201356 ], [ 80.233495964209752, 13.014969152635999 ], [ 80.233532043246512, 13.014991592879953 ], [ 80.233579859670783, 13.015005477664975 ], [ 80.233609447481285, 13.015009544023346 ], [ 80.233633657976497, 13.015023088339595 ], [ 80.233667693345993, 13.015050224232768 ], [ 80.233701582290081, 13.015065333472998 ], [ 80.233752085575375, 13.015074976849018 ], [ 80.233840259712068, 13.0150991981932 ], [ 80.233916619206184, 13.015127183059024 ], [ 80.233937609241096, 13.015138638175527 ], [ 80.233962358725492, 13.015156885138747 ], [ 80.234003883349487, 13.015177623903094 ], [ 80.234047446250898, 13.015195293206405 ], [ 80.234125878158338, 13.015208997681036 ], [ 80.234184949574782, 13.01522128864586 ], [ 80.234237172235495, 13.015241515390761 ], [ 80.234289810816236, 13.015276573035756 ], [ 80.234337156523281, 13.015293620913361 ], [ 80.234408853761053, 13.015338500465221 ], [ 80.234508994355664, 13.015399919366407 ], [ 80.234562409979063, 13.01545224891639 ], [ 80.234582544817869, 13.015471757072923 ], [ 80.234629342552594, 13.015517096967034 ], [ 80.234671384606187, 13.01554950085557 ], [ 80.234727619142987, 13.015614859143634 ], [ 80.234763953301297, 13.015674643910341 ], [ 80.234814692843486, 13.015727508171524 ], [ 80.234816237945751, 13.015729682257819 ], [ 80.234898063688362, 13.015844847535913 ], [ 80.234956559284726, 13.015924499214565 ], [ 80.235019665035125, 13.015974596804167 ], [ 80.23507569475602, 13.016016355144719 ], [ 80.235156086787441, 13.016082779345647 ], [ 80.235191765175557, 13.01611570655054 ], [ 80.235219868070928, 13.01615286200901 ], [ 80.235303377256358, 13.016285482758988 ], [ 80.23534394158132, 13.016348896083411 ], [ 80.235367939175816, 13.016401952752213 ], [ 80.235386495674632, 13.016454993655424 ], [ 80.235394282271528, 13.016501763500889 ], [ 80.235404643440035, 13.016521143790753 ], [ 80.235414451246299, 13.016540522328667 ], [ 80.23542161710732, 13.016579423813353 ], [ 80.235434762154881, 13.016623045422783 ], [ 80.23546458352736, 13.01667123661441 ], [ 80.235495017550846, 13.016730551126477 ], [ 80.235521189068365, 13.01679618217555 ], [ 80.235526791860778, 13.016833542336379 ], [ 80.235540501948662, 13.016873367144779 ], [ 80.235567211556983, 13.016944244295066 ], [ 80.235588189015516, 13.016959949452584 ], [ 80.235615170813347, 13.016971873608526 ], [ 80.235631406065494, 13.017000223234481 ], [ 80.235638111090765, 13.017039122896533 ], [ 80.23566154993317, 13.017093715448331 ], [ 80.235681330835718, 13.017168821651433 ], [ 80.235692162721421, 13.01718503880482 ], [ 80.235710544048771, 13.017204985315578 ], [ 80.235717643434455, 13.01723538733085 ], [ 80.23573239556805, 13.017266354741317 ], [ 80.235756245838857, 13.017307294523782 ], [ 80.235756438976637, 13.017334601712026 ], [ 80.23576575091289, 13.017365100861959 ], [ 80.235780884830447, 13.01739181901393 ], [ 80.23581624341837, 13.017468960911412 ], [ 80.23585398972827, 13.017579294114643 ], [ 80.235870481000262, 13.017644444438117 ], [ 80.23591028804546, 13.01774465641649 ], [ 80.235944550688686, 13.017818088109941 ], [ 80.235975529989602, 13.017880026282391 ], [ 80.235997798327176, 13.017925663313564 ], [ 80.236007804661114, 13.017970360341367 ], [ 80.236007971747782, 13.018006166795521 ], [ 80.236000609155695, 13.018031462633083 ], [ 80.236011098783266, 13.018069289104064 ], [ 80.236057720448201, 13.018142123796206 ], [ 80.236124338611347, 13.01828002985286 ], [ 80.236176272014546, 13.018364905852366 ], [ 80.236220306531465, 13.018439541673654 ], [ 80.236249579033327, 13.01851675588877 ], [ 80.236295725489441, 13.018654691494584 ], [ 80.236329188632126, 13.018748464906858 ], [ 80.236368578859015, 13.018834208093947 ], [ 80.236400522052207, 13.018912515341817 ], [ 80.236442998890396, 13.019014272453729 ], [ 80.236475665227417, 13.019067083489094 ], [ 80.236513776253332, 13.019118915137527 ], [ 80.23654377279729, 13.019170633871246 ], [ 80.236582153317798, 13.019254836518762 ], [ 80.236622925153597, 13.019310926964849 ], [ 80.236680339178349, 13.019382979717827 ], [ 80.236751712124303, 13.01947379022533 ], [ 80.23678663682594, 13.019512321030415 ], [ 80.236811198562435, 13.019561853376279 ], [ 80.236828764219482, 13.019607657265176 ], [ 80.236853321464409, 13.019658816629933 ], [ 80.236883351246036, 13.019699412930114 ], [ 80.236942975126382, 13.019772647994703 ], [ 80.236998706606613, 13.019852109363109 ], [ 80.237043619675902, 13.019941214767934 ], [ 80.237087728752982, 13.020052018614406 ], [ 80.237146298909494, 13.020198490263915 ], [ 80.237180689113501, 13.020257635014271 ], [ 80.237202439123166, 13.020295042790305 ], [ 80.237222672776625, 13.020342933942741 ], [ 80.23723648796738, 13.02037860001894 ], [ 80.237256879724328, 13.020404791839072 ], [ 80.237287065812836, 13.020424682076619 ], [ 80.237324367456708, 13.020439801491838 ], [ 80.23735344861737, 13.020459146464949 ], [ 80.23741124083287, 13.020558326297134 ], [ 80.237485801899751, 13.020662437946363 ], [ 80.237548799852334, 13.020718140352082 ], [ 80.237616549892735, 13.020787691322388 ], [ 80.237652836440319, 13.020863388928412 ], [ 80.237675581783321, 13.0209341642874 ], [ 80.237695430059532, 13.020957099364354 ], [ 80.237727795460884, 13.020988208094945 ], [ 80.237743293196175, 13.021016464488373 ], [ 80.237782254926685, 13.021091627266888 ], [ 80.237848562272745, 13.021211086491734 ], [ 80.23788808724693, 13.021283086179153 ], [ 80.237901847640444, 13.021336835837959 ], [ 80.237905887364292, 13.021372925375664 ], [ 80.237947640160371, 13.02144013933585 ], [ 80.237977762468475, 13.021541316892291 ], [ 80.238018713069025, 13.021720106722366 ], [ 80.238043908117788, 13.021834471896142 ], [ 80.23808687184291, 13.02195802063793 ], [ 80.23812508976836, 13.022065552033917 ], [ 80.238179497131824, 13.022186512655031 ], [ 80.238242570542894, 13.022308041230188 ], [ 80.238299661174125, 13.02242584484191 ], [ 80.238343475603799, 13.022512777044813 ], [ 80.238419694960712, 13.022677926003437 ], [ 80.238488793372369, 13.022789435796513 ], [ 80.238537239515665, 13.022899799888616 ], [ 80.238609092161951, 13.023075606022431 ], [ 80.238680663635577, 13.023223200528591 ], [ 80.23875168354364, 13.023369798958992 ], [ 80.238811413425196, 13.023499274722761 ], [ 80.238867927338035, 13.023625033409996 ], [ 80.238897270806802, 13.023679461722061 ], [ 80.238960332539733, 13.023805240447553 ], [ 80.239034439957422, 13.023967761173378 ], [ 80.23907396942316, 13.024038675678554 ], [ 80.239124797000272, 13.024124000436576 ], [ 80.239160791595395, 13.024174741395356 ], [ 80.239166651306007, 13.024188473379954 ], [ 80.239185788116473, 13.024233316312536 ], [ 80.239233800373469, 13.024334636261864 ], [ 80.239258204904786, 13.024405959382927 ], [ 80.239304998147958, 13.024453567049369 ], [ 80.239352780436235, 13.024509676448151 ], [ 80.239406408960392, 13.024583887694437 ], [ 80.239453568716129, 13.024662329656863 ], [ 80.239483754804638, 13.024682672033284 ], [ 80.239549802537596, 13.024766594492508 ], [ 80.239564582518966, 13.024785626679936 ], [ 80.23964312941078, 13.024886765236175 ], [ 80.239658597501659, 13.024925058019207 ], [ 80.239680493936717, 13.024971960171944 ], [ 80.239727018583594, 13.025047235526714 ], [ 80.239765408087251, 13.025129268299562 ], [ 80.239847196100627, 13.025283401968668 ], [ 80.239910818382285, 13.025407012004784 ], [ 80.239958308718101, 13.025498203642407 ], [ 80.239993240606239, 13.025534564761442 ], [ 80.240059862362642, 13.025612069082456 ], [ 80.240093760289909, 13.025654846283052 ], [ 80.240166425013228, 13.025716364150291 ], [ 80.240213262273826, 13.025749685665607 ], [ 80.240229873920057, 13.025775774519378 ], [ 80.240257764813009, 13.025822784160678 ], [ 80.24028725291052, 13.025860123705964 ], [ 80.240330271432853, 13.025906092718371 ], [ 80.240358354565259, 13.025920099419803 ], [ 80.240393041213338, 13.025916132138079 ], [ 80.240414854105069, 13.025899830661825 ], [ 80.24044803068513, 13.025876689495281 ], [ 80.240464815706233, 13.025876286903202 ], [ 80.240485781486626, 13.025896059424628 ], [ 80.240505198571483, 13.025909498996979 ], [ 80.240530631673806, 13.025915540502886 ], [ 80.240552155308023, 13.025933687774852 ], [ 80.240571549935026, 13.025954541163564 ], [ 80.240594749825533, 13.025967448611219 ], [ 80.240640760636069, 13.025969392430087 ], [ 80.240734439648847, 13.025974277795523 ], [ 80.240760850118221, 13.025992529211955 ], [ 80.240792871464819, 13.025985299186654 ], [ 80.240814663695303, 13.025975959929587 ], [ 80.240848793387897, 13.025972985125421 ], [ 80.240870314327154, 13.025992216765674 ], [ 80.240926917173198, 13.026028731847322 ], [ 80.241007019947091, 13.026039907271151 ], [ 80.241075927915901, 13.026032965187891 ], [ 80.241131742041134, 13.026025895325315 ], [ 80.241167397971381, 13.026036307575213 ], [ 80.241220756102649, 13.026078599842045 ], [ 80.241267031017856, 13.026115083403798 ], [ 80.241317924171994, 13.026118578074666 ], [ 80.241408077297265, 13.026100125371679 ], [ 80.241452150441717, 13.026072314159473 ], [ 80.241475681810584, 13.026036848448562 ], [ 80.241526318046553, 13.026003722141429 ], [ 80.241561429597738, 13.026011419522852 ], [ 80.241598600985867, 13.026039287629851 ], [ 80.241632135095443, 13.026050145355747 ], [ 80.241667238561789, 13.026060465708683 ], [ 80.241688472938478, 13.026052661554461 ], [ 80.241728044625049, 13.026049250901814 ], [ 80.24178815629061, 13.026053947222573 ], [ 80.24183640210957, 13.026048934954773 ], [ 80.241864086389981, 13.026042776175391 ], [ 80.241892203658395, 13.02604557156284 ], [ 80.241935967782396, 13.026058629540078 ], [ 80.241979280053812, 13.026068521044934 ], [ 80.242025422018386, 13.026057715831792 ], [ 80.242070473428186, 13.026041571900777 ], [ 80.242156875188854, 13.026013432482108 ], [ 80.242222455797858, 13.026009102869226 ], [ 80.242303885383421, 13.026008798299767 ], [ 80.242399246940721, 13.026005912766328 ], [ 80.242462359877635, 13.025994342625866 ], [ 80.242530173698455, 13.025983328236727 ], [ 80.242572599332661, 13.025981373040416 ], [ 80.242640411356831, 13.025970901274617 ], [ 80.242696976473667, 13.025959311878136 ], [ 80.242791999366091, 13.025946840279587 ], [ 80.242974498404266, 13.025916449835682 ], [ 80.243112439207735, 13.025891805952089 ], [ 80.243211823420864, 13.02587030490999 ], [ 80.243294450460695, 13.025840165639195 ], [ 80.243474917509687, 13.025750181904337 ], [ 80.243530261816034, 13.025745551217833 ], [ 80.243567258931023, 13.025739872040894 ], [ 80.243620451772259, 13.025714981333127 ], [ 80.24377317255707, 13.025621398726031 ], [ 80.243840154537907, 13.025580353542844 ], [ 80.243960321275168, 13.025517409938677 ], [ 80.244081084493743, 13.025440000985057 ], [ 80.244117434821717, 13.025434772529993 ], [ 80.244138689859668, 13.025419915105001 ], [ 80.244158318946916, 13.025393931237945 ], [ 80.244192075838683, 13.025361568896141 ], [ 80.244242612361617, 13.025330793291504 ], [ 80.244308400481458, 13.025288396747911 ], [ 80.244348179678852, 13.025247010180639 ], [ 80.244349965529651, 13.02520551245569 ], [ 80.244317675586757, 13.025088324558375 ], [ 80.244298343841848, 13.025016384615576 ], [ 80.244270830241319, 13.024966301982138 ], [ 80.244264353388104, 13.024942864909585 ], [ 80.244266617142628, 13.024926324438706 ], [ 80.244278090425468, 13.024913608606342 ], [ 80.244301995493487, 13.024906806524116 ], [ 80.244316568862331, 13.024905764156617 ], [ 80.244322040500705, 13.02489565292926 ], [ 80.244315084845496, 13.024878091092516 ], [ 80.244305887893603, 13.024870017338259 ], [ 80.244306486171567, 13.024855189636327 ], [ 80.244330469393049, 13.024822708196401 ], [ 80.244335846708339, 13.02481322973807 ], [ 80.24432538313188, 13.024799545924321 ], [ 80.244323997031429, 13.024797733376893 ], [ 80.244323520026001, 13.024772685912893 ], [ 80.244332812199318, 13.024749294332656 ], [ 80.244350729995958, 13.024740304235456 ], [ 80.244371380467697, 13.024742535130883 ], [ 80.244386008633796, 13.024753699235106 ], [ 80.24439461269759, 13.024775062967137 ], [ 80.244393734145234, 13.024799745470821 ], [ 80.244393402666915, 13.024809057640912 ], [ 80.24439933514104, 13.024829329113775 ], [ 80.244415054760182, 13.024845831082159 ], [ 80.244456241617655, 13.024857163220823 ], [ 80.244488360880624, 13.024848215137313 ], [ 80.244507402469722, 13.024833351550695 ], [ 80.244519362639409, 13.024812137483558 ], [ 80.24452805114484, 13.024805743243565 ], [ 80.2445688148958, 13.024800255714728 ], [ 80.24457473209857, 13.024799459279143 ], [ 80.244593735060079, 13.024797434932331 ], [ 80.244606300694272, 13.024789424190155 ], [ 80.244609570561906, 13.024775599467249 ], [ 80.244624247237013, 13.024770849734772 ], [ 80.244649236571604, 13.024771465003216 ], [ 80.244672036711833, 13.024764116789713 ], [ 80.244701443960963, 13.024737076482385 ], [ 80.244780904439409, 13.024655840015726 ], [ 80.244787507056785, 13.024637774919368 ], [ 80.244783795218012, 13.024614798173381 ], [ 80.244774683606082, 13.024578603208202 ], [ 80.244755241368409, 13.024542921107782 ], [ 80.244744985302802, 13.02451892999043 ], [ 80.2447401784177, 13.024492332510102 ], [ 80.244725043601804, 13.024465615123793 ], [ 80.244714774061492, 13.024446415747581 ], [ 80.244712068335829, 13.02442624401681 ], [ 80.244724101269085, 13.024411360275172 ], [ 80.244751216915944, 13.024410353789037 ], [ 80.244791941141017, 13.024422226824496 ], [ 80.24482122352434, 13.024436146964526 ], [ 80.244835349532167, 13.024430852847878 ], [ 80.244854426155555, 13.024404234353154 ], [ 80.244937676626208, 13.024320387038836 ], [ 80.245036596410301, 13.024238753967211 ], [ 80.245021920633533, 13.024212761224167 ], [ 80.245030467205154, 13.024192080104422 ], [ 80.245051503952482, 13.02415796194186 ], [ 80.245094238607166, 13.024114775761344 ], [ 80.245184529174693, 13.024050750029373 ], [ 80.245235966707867, 13.024026666967655 ], [ 80.245257087896817, 13.024025552829503 ], [ 80.245268487517791, 13.024037250842117 ], [ 80.245278321375181, 13.024048400974799 ], [ 80.245298090599633, 13.024067446345486 ], [ 80.245319205500408, 13.024068412573534 ], [ 80.245337602099113, 13.024053456168218 ], [ 80.245350555805487, 13.024039116782712 ], [ 80.245368471805534, 13.024030579141565 ], [ 80.245374324329575, 13.024016219624992 ], [ 80.245372659751368, 13.023987461205001 ], [ 80.24536664103897, 13.023965200317944 ], [ 80.245375198390363, 13.023940721654332 ], [ 80.245398442298352, 13.023908780097305 ], [ 80.245432988809227, 13.023859240743647 ], [ 80.245451918108898, 13.023851248350498 ], [ 80.245474082241884, 13.023840552441545 ], [ 80.24550812030634, 13.023806925221999 ], [ 80.245546985018791, 13.023762732491482 ], [ 80.245636664731904, 13.023656750075167 ], [ 80.245666927177197, 13.023621031958438 ], [ 80.245707913710348, 13.023576755174769 ], [ 80.245738783416769, 13.023553878104096 ], [ 80.245759800401174, 13.023526180383113 ], [ 80.245776084162316, 13.023508595693855 ], [ 80.245800923478228, 13.023497817500504 ], [ 80.245822566588402, 13.023476541179161 ], [ 80.245867905459079, 13.023425947987665 ], [ 80.245884687785207, 13.023426358460588 ], [ 80.245904303397765, 13.023435366984867 ], [ 80.245928125820797, 13.023425218938709 ], [ 80.245941624804573, 13.023413503393044 ], [ 80.245936148674602, 13.023394860568166 ], [ 80.245929501141475, 13.023366720848832 ], [ 80.245941916757033, 13.023347587903327 ], [ 80.245968989284762, 13.023329944562388 ], [ 80.246005154559768, 13.02329424302747 ], [ 80.246038662618162, 13.023252747601019 ], [ 80.246038570091713, 13.023222456600477 ], [ 80.246041712398579, 13.02318946207361 ], [ 80.24606063091845, 13.023154344283411 ], [ 80.246092940624294, 13.023112754310837 ], [ 80.246148610120756, 13.023061558025249 ], [ 80.246182695795895, 13.023042397049464 ], [ 80.246214103593175, 13.023024766814942 ], [ 80.246248144352549, 13.02299005334857 ], [ 80.24628272140616, 13.02296076793273 ], [ 80.24631792728043, 13.022937270280906 ], [ 80.24633684669864, 13.022932442619444 ], [ 80.246353670347276, 13.022919109661245 ], [ 80.246361669844902, 13.02289625616053 ], [ 80.246370300858146, 13.022878106915602 ], [ 80.246396823616919, 13.022859467551282 ], [ 80.246424931902169, 13.022834954645182 ], [ 80.246448677070035, 13.022820013919198 ], [ 80.246474167664545, 13.022807157944955 ], [ 80.246488147247007, 13.022789024447322 ], [ 80.246498926132119, 13.022761929661293 ], [ 80.246525880082189, 13.022722494393095 ], [ 80.246595126715889, 13.02266437510386 ], [ 80.246666420610097, 13.022599841374166 ], [ 80.246727553660122, 13.022541245940882 ], [ 80.246768541091598, 13.022496426332681 ], [ 80.246850207832381, 13.022417003446519 ], [ 80.246890724546645, 13.022375437856104 ], [ 80.246904726586962, 13.022349889525579 ], [ 80.246924709610454, 13.022328608729564 ], [ 80.24695714508043, 13.022306188404738 ], [ 80.24698739405099, 13.022275261883875 ], [ 80.247070525944011, 13.022168716944277 ], [ 80.247124031398968, 13.022101057698064 ], [ 80.247157456812374, 13.022056396423945 ], [ 80.247182764150566, 13.022012706629097 ], [ 80.247193024707741, 13.021973855884575 ], [ 80.247211346746283, 13.021953112437675 ], [ 80.247241080982164, 13.021939726913953 ], [ 80.247248621440676, 13.02191632981488 ], [ 80.247277108814956, 13.021826987062052 ], [ 80.247307819519563, 13.021765229295269 ], [ 80.247344451918536, 13.021696525807448 ], [ 80.247372972530513, 13.021626894572449 ], [ 80.247410617330814, 13.021528445973042 ], [ 80.247442418590168, 13.021472026072608 ], [ 80.247464487501745, 13.021431581475204 ], [ 80.247467610944, 13.02140500729422 ], [ 80.247481140470512, 13.021383165403577 ], [ 80.247510343802048, 13.02136236239256 ], [ 80.247536315893569, 13.021342635895719 ], [ 80.247553002099949, 13.021313840406251 ], [ 80.247572980631858, 13.021294096401206 ], [ 80.24757563964512, 13.021268605723426 ], [ 80.247574999146309, 13.021236234090523 ], [ 80.247579235601236, 13.021207492852144 ], [ 80.247603354468254, 13.021129801607056 ], [ 80.247621183331717, 13.021088893088718 ], [ 80.247642745593481, 13.021063818118009 ], [ 80.24766115926019, 13.021043075470153 ], [ 80.247684278302316, 13.020990880133791 ], [ 80.247714926124871, 13.020919085162392 ], [ 80.247738616495539, 13.020861103734502 ], [ 80.247761749910737, 13.02080411566558 ], [ 80.247763776510027, 13.020774374002682 ], [ 80.247763203384878, 13.02075041052734 ], [ 80.247759308289787, 13.020727071080389 ], [ 80.247757636525066, 13.020700482820349 ], [ 80.24776076625551, 13.020671829041689 ], [ 80.247773178277782, 13.020653690136415 ], [ 80.247695038322789, 13.020562934324882 ], [ 80.247770238990171, 13.020308464286929 ], [ 80.24785034176405, 13.019621365871947 ], [ 80.248329045894153, 13.018566255175033 ], [ 80.248562828853565, 13.018182799115335 ], [ 80.248907364206076, 13.017401766879512 ], [ 80.248932022960602, 13.017328326310381 ], [ 80.248956697884836, 13.017249099569762 ], [ 80.24900605761475, 13.017087933670998 ], [ 80.249045411010727, 13.017003323304502 ], [ 80.249128354257522, 13.016836196040128 ], [ 80.24915366698562, 13.016790426648239 ], [ 80.249192248728747, 13.016717298355978 ], [ 80.249235400201727, 13.016626912201501 ], [ 80.249354718031029, 13.016445694299838 ], [ 80.249401873295227, 13.016373314230687 ], [ 80.249439131819955, 13.016310760392249 ], [ 80.249466047142505, 13.016253240885005 ], [ 80.249501739903693, 13.016190140870014 ], [ 80.249580038860486, 13.016064502692585 ], [ 80.249628511953205, 13.015983174108447 ], [ 80.2496674377511, 13.015918003217889 ], [ 80.249698136777639, 13.015859499854743 ], [ 80.249741067265063, 13.015773273383504 ], [ 80.249751946761435, 13.015751423119363 ], [ 80.24979373998174, 13.015652533692318 ], [ 80.249831434189375, 13.015567829185549 ], [ 80.24985688795293, 13.015505512333 ], [ 80.249880806495725, 13.015463265524145 ], [ 80.249926283706969, 13.015396666985019 ], [ 80.25001893235212, 13.015252352584163 ], [ 80.250066976050121, 13.015191006291147 ], [ 80.250122040082104, 13.015125610256096 ], [ 80.250195895073205, 13.015036398966458 ], [ 80.250226930967912, 13.014988475279988 ], [ 80.250260519874715, 13.014950053176429 ], [ 80.250400331868903, 13.01479140822248 ], [ 80.250451841267306, 13.014742821057089 ], [ 80.250506578312525, 13.014694242634597 ], [ 80.250571006383012, 13.014642708517613 ], [ 80.250616500662247, 13.014600885177897 ], [ 80.250681019462576, 13.014549893690399 ], [ 80.250799724640871, 13.014449327698403 ], [ 80.250836992148749, 13.014414262059235 ], [ 80.250892517016453, 13.014379429229153 ], [ 80.250952490341461, 13.014337286382071 ], [ 80.251012113323483, 13.014288902183598 ], [ 80.251059400640059, 13.014264535470229 ], [ 80.251104240047454, 13.014225784163715 ], [ 80.251246331067506, 13.014137311254197 ], [ 80.251324974977393, 13.014080754008608 ], [ 80.251380944511155, 13.01405125835706 ], [ 80.251425783918563, 13.014012597167172 ], [ 80.251463390989628, 13.013987478593616 ], [ 80.251517139888023, 13.013960507129624 ], [ 80.251540271506585, 13.013934623588979 ], [ 80.251586428742513, 13.013856362906706 ], [ 80.251614010614986, 13.013822082276423 ], [ 80.251647828592198, 13.013799575408131 ], [ 80.251667947261282, 13.013763555662266 ], [ 80.251694974873232, 13.013729815919364 ], [ 80.251745485345026, 13.01367589043728 ], [ 80.251820124565356, 13.013601418602605 ], [ 80.251900895685807, 13.013542788657567 ], [ 80.251981023612544, 13.013513723561982 ], [ 80.252070378135528, 13.013483328092216 ], [ 80.252154835941909, 13.013455903196988 ], [ 80.252208252463632, 13.013447467594776 ], [ 80.25227090636146, 13.013433903937067 ], [ 80.252348133628089, 13.013419026537111 ], [ 80.252401223163091, 13.013396845223131 ], [ 80.252477982407484, 13.013353483868794 ], [ 80.25260094200695, 13.013278789625092 ], [ 80.252688718189972, 13.013220902686673 ], [ 80.252752684526413, 13.013169366512926 ], [ 80.25281221228704, 13.013121976365078 ], [ 80.252927787734876, 13.013018778805611 ], [ 80.25299110099607, 13.0129698622004 ], [ 80.253032967878227, 13.0129383340958 ], [ 80.253067533253713, 13.012912304282324 ], [ 80.253128064432502, 13.012868624253672 ], [ 80.253198366586645, 13.012795044052515 ], [ 80.253255104179985, 13.012755512671696 ], [ 80.253315725190319, 13.012712376143583 ], [ 80.253382258013517, 13.012665639717783 ], [ 80.25349942886929, 13.012584056196857 ], [ 80.253592552723234, 13.01252627412592 ], [ 80.253723171358772, 13.012449612076395 ], [ 80.253798827471996, 13.012405252773958 ], [ 80.253863857413748, 13.012367643375349 ], [ 80.253912075384946, 13.01233993302586 ], [ 80.253941431430093, 13.012329166600257 ], [ 80.253954191100405, 13.012317901282742 ], [ 80.253964039330853, 13.012293334819052 ], [ 80.25398089172559, 13.01227005496782 ], [ 80.254011215256313, 13.012244011080261 ], [ 80.2540953496692, 13.01220103200786 ], [ 80.254131212211959, 13.012173014427526 ], [ 80.254185600710855, 13.012117019518737 ], [ 80.254238469260272, 13.012076211041681 ], [ 80.254280340633983, 13.012043147636607 ], [ 80.254338657465581, 13.011999371177394 ], [ 80.254451713139062, 13.011905930432411 ], [ 80.25454533825291, 13.011834676359422 ], [ 80.254603100823985, 13.011791440767871 ], [ 80.254671199410737, 13.011745341350521 ], [ 80.254715738780831, 13.011714364497802 ], [ 80.254766388491504, 13.011675177793323 ], [ 80.254905970516973, 13.011560925215178 ], [ 80.254997937340818, 13.011489033860327 ], [ 80.255068560193493, 13.011431367942585 ], [ 80.255126976738111, 13.011385059273222 ], [ 80.255168707974633, 13.011337076239052 ], [ 80.255246493095086, 13.011268127415761 ], [ 80.255247204560817, 13.011267497234487 ], [ 80.255288770507306, 13.01124392582809 ], [ 80.255324326724562, 13.011225853627252 ], [ 80.255358075531475, 13.01119520755493 ], [ 80.255387183641631, 13.01117485619409 ], [ 80.255446548807186, 13.011150703611426 ], [ 80.255500664218218, 13.011124275370525 ], [ 80.255565830703858, 13.011102851819754 ], [ 80.255710509770267, 13.011072614475131 ], [ 80.255760439930398, 13.011058199942049 ], [ 80.255830351317371, 13.0110226839434 ], [ 80.255900403739858, 13.011001455565216 ], [ 80.255994711573337, 13.010979302043024 ], [ 80.256084580830986, 13.010961204440598 ], [ 80.256156993127732, 13.010952731117644 ], [ 80.256262693395641, 13.010944625400606 ], [ 80.256383657836849, 13.010950668146599 ], [ 80.256519902621037, 13.010966068220615 ], [ 80.256619181731281, 13.010977384364182 ], [ 80.256686495190493, 13.010978209727549 ], [ 80.256747466543743, 13.010971964798822 ], [ 80.25684212651683, 13.010955145940301 ], [ 80.256973247310626, 13.010926044655982 ], [ 80.257077290186857, 13.010886286286635 ], [ 80.257157478300698, 13.010867436834896 ], [ 80.257267720450656, 13.010851477467959 ], [ 80.25738958859705, 13.010863941948948 ], [ 80.257445711742747, 13.010875495290788 ], [ 80.257506403719972, 13.010900987037413 ], [ 80.257535080638789, 13.010932444505633 ], [ 80.257555184036534, 13.010963064352872 ], [ 80.257568897717647, 13.010971874647794 ], [ 80.257597495584719, 13.010967978022256 ], [ 80.257631383630525, 13.010952521932181 ], [ 80.257649577209975, 13.010943224995955 ], [ 80.257668509204564, 13.010933549950108 ], [ 80.257698270389938, 13.010910578060257 ], [ 80.25772540849465, 13.010901342390177 ], [ 80.257761560294938, 13.010899727548267 ], [ 80.257810321746888, 13.010906377720969 ], [ 80.257902533810807, 13.010937474584248 ], [ 80.258031803176834, 13.010972746399615 ], [ 80.258170860586191, 13.011003615688864 ], [ 80.258295343728363, 13.011036161083013 ], [ 80.258391320631617, 13.011072874425109 ], [ 80.258444765899469, 13.011085505192915 ], [ 80.258495425491589, 13.011104999689003 ], [ 80.258596973746236, 13.011159723084967 ], [ 80.258718578686256, 13.011229693357375 ], [ 80.258802756218259, 13.011278309219309 ], [ 80.258807319659908, 13.01128094460225 ], [ 80.258862211215373, 13.011303706397383 ], [ 80.258897185324329, 13.0113260489449 ], [ 80.258908550809295, 13.011349410283165 ], [ 80.258913150183531, 13.011384325812593 ], [ 80.258896080396525, 13.011480936038087 ], [ 80.258884469671472, 13.011571323193598 ], [ 80.258884411280974, 13.011653062842329 ], [ 80.258891513361618, 13.0117765063781 ], [ 80.258909130222662, 13.011806396162751 ], [ 80.258934513917637, 13.011828982859658 ], [ 80.258962450624651, 13.011830147817133 ], [ 80.25909661401235, 13.011863353041027 ], [ 80.259184239278426, 13.011886751089127 ], [ 80.259232099720123, 13.011886164671889 ], [ 80.259396262346726, 13.011878404708995 ], [ 80.259532843999139, 13.011873730876053 ], [ 80.259610320099142, 13.011867893836227 ], [ 80.25969813490974, 13.011858650324541 ], [ 80.259771477861094, 13.011847466383898 ], [ 80.259872968623597, 13.011828406070061 ], [ 80.25991792840523, 13.011810901948973 ], [ 80.259985821277809, 13.01180277700454 ], [ 80.260073529188872, 13.011798144306896 ], [ 80.260163243037965, 13.01180156478345 ], [ 80.260225481015794, 13.011803370423921 ], [ 80.260273549866653, 13.011794827109771 ], [ 80.260318964195847, 13.011779404330753 ], [ 80.260376722275353, 13.011768447076257 ], [ 80.260433808415044, 13.011766439252773 ], [ 80.260491808141339, 13.011767057179268 ], [ 80.260536782296043, 13.011775865695128 ], [ 80.260567390592726, 13.011778031938785 ], [ 80.260596001036205, 13.011769704810499 ], [ 80.260623148124097, 13.011757575595839 ], [ 80.260684798603734, 13.011739847405703 ], [ 80.260744785403475, 13.011723652652631 ], [ 80.260867105402454, 13.011708177354144 ], [ 80.26094346130327, 13.01170712880441 ], [ 80.261001669438713, 13.011699879982032 ], [ 80.261065987914762, 13.011684240135031 ], [ 80.261192756371031, 13.011661544018606 ], [ 80.261217470821123, 13.011660981232611 ], [ 80.261239852346421, 13.011669815134502 ], [ 80.261256774809752, 13.011684963967014 ], [ 80.261270933156936, 13.01169947124016 ], [ 80.261288069419308, 13.01170458357676 ], [ 80.261302201715338, 13.011696395610807 ], [ 80.261316556793602, 13.011675639925489 ], [ 80.26133735369072, 13.011659151959332 ], [ 80.261369743346606, 13.011651377985306 ], [ 80.261471335618722, 13.011629152750626 ], [ 80.261614348310289, 13.011601438817605 ], [ 80.261759265430214, 13.011584399438632 ], [ 80.261873253554953, 13.011579841133207 ], [ 80.262085392505938, 13.011563536088065 ], [ 80.262179216147459, 13.011549064692238 ], [ 80.262258449352146, 13.011541451760927 ], [ 80.262260571172845, 13.011541247827502 ], [ 80.262322797472592, 13.011547211786345 ], [ 80.262427571577433, 13.011571471110994 ], [ 80.262535898519204, 13.011610479280758 ], [ 80.262663728784148, 13.011665275210927 ], [ 80.262736570475582, 13.011698666009933 ], [ 80.262800340979297, 13.011712501090162 ], [ 80.262864030634617, 13.011722537583925 ], [ 80.262922333093201, 13.011745850746085 ], [ 80.262969860259929, 13.011764431429249 ], [ 80.263023215696236, 13.011776608782355 ], [ 80.263057278015182, 13.011795694482439 ], [ 80.263083218665628, 13.011817377922503 ], [ 80.263113975184353, 13.01183175214998 ], [ 80.263162521040599, 13.011848708363262 ], [ 80.263262435259762, 13.011864091751734 ], [ 80.263319667824831, 13.011874742664592 ], [ 80.263382227399532, 13.011892733419923 ], [ 80.263430808290096, 13.011898025178699 ], [ 80.263476181296795, 13.011896526751491 ], [ 80.263545327319136, 13.011901334497196 ], [ 80.263690500458935, 13.011922542667572 ], [ 80.263758027717174, 13.011944796759183 ], [ 80.263806581658272, 13.011959130717772 ], [ 80.263837386685992, 13.011957047624348 ], [ 80.263880570498344, 13.011947495152995 ], [ 80.263958876641652, 13.011941750016073 ], [ 80.26407710661114, 13.011937564573472 ], [ 80.26416030048793, 13.011931742414419 ], [ 80.264234247107169, 13.011934483695594 ], [ 80.264344914160304, 13.011930819026267 ], [ 80.264427002210965, 13.011924450711396 ], [ 80.264517653901223, 13.011922447265396 ], [ 80.264580331155202, 13.011931937595048 ], [ 80.264619224613782, 13.011938830184118 ], [ 80.264653242915259, 13.011941548708728 ], [ 80.264711478898491, 13.011956361428899 ], [ 80.264814643222365, 13.011995082456382 ], [ 80.264868615801262, 13.012016845526697 ], [ 80.264919868281453, 13.01202313944305 ], [ 80.264984661067984, 13.012034354009508 ], [ 80.265064603941738, 13.012036479989442 ], [ 80.265152031578452, 13.012033381607775 ], [ 80.265281107806658, 13.012040800218708 ], [ 80.265359910718331, 13.012054133762181 ], [ 80.265399823764739, 13.012059401010521 ], [ 80.26545119482256, 13.012056742879388 ], [ 80.265511129520007, 13.01205790783577 ], [ 80.265610415816795, 13.012067411288948 ], [ 80.265721068496859, 13.012068538609595 ], [ 80.265825821940467, 13.012068654142457 ], [ 80.265921464670441, 13.012062866121161 ], [ 80.266040728600814, 13.012051810851359 ], [ 80.266085020934199, 13.012041718354949 ], [ 80.266154125634088, 13.012029074507126 ], [ 80.266244358709429, 13.012012691594348 ], [ 80.266333972845544, 13.0119873566316 ], [ 80.266378767337173, 13.011962979189013 ], [ 80.266444174571333, 13.011922294096728 ], [ 80.266529518116585, 13.011875154907161 ], [ 80.266595346660594, 13.011847672067596 ], [ 80.266736246514597, 13.01181705670583 ], [ 80.266835133959376, 13.011773662690951 ], [ 80.266868445286732, 13.011766282583013 ], [ 80.266902032396928, 13.01175884208261 ], [ 80.266982554684049, 13.011752016882777 ], [ 80.267072714097537, 13.011729304142815 ], [ 80.267134807446595, 13.011717725458494 ], [ 80.267241169772873, 13.011704010287886 ], [ 80.267452855074623, 13.011684986723512 ], [ 80.26765207355686, 13.011671895604577 ], [ 80.267761177541374, 13.011666597714214 ], [ 80.26790911569563, 13.011657159014177 ], [ 80.268053814524976, 13.011651418246828 ], [ 80.268137462949298, 13.011647766702097 ], [ 80.26820175896745, 13.011639809800375 ], [ 80.268295119976585, 13.011625605360384 ], [ 80.268339926146339, 13.011628806151434 ], [ 80.26837885104591, 13.011625118721117 ], [ 80.268452276642293, 13.011617187200908 ], [ 80.268505314074986, 13.01161209236751 ], [ 80.268584083748991, 13.011605171761328 ], [ 80.268677246230453, 13.01159603064418 ], [ 80.268764036063331, 13.011590126203551 ], [ 80.268841708894371, 13.011580127340178 ], [ 80.268913460031058, 13.0115768941642 ], [ 80.26913678929553, 13.011549492689863 ], [ 80.269230999212624, 13.011528780754793 ], [ 80.269324648581005, 13.011510779470058 ], [ 80.269447185972268, 13.01148408869223 ], [ 80.269585936157796, 13.011463049407768 ], [ 80.269730561325289, 13.011450887793776 ], [ 80.269854326713556, 13.011445810461991 ], [ 80.269988244861153, 13.011437416803473 ], [ 80.27009856785952, 13.011425067884465 ], [ 80.270150041325323, 13.011418883359358 ], [ 80.270175829262158, 13.011429716343603 ], [ 80.270230652545649, 13.011444518591325 ], [ 80.270323941689583, 13.011454907822138 ], [ 80.270411840043508, 13.011448464223449 ], [ 80.270500214504537, 13.011436686843998 ], [ 80.270602567649675, 13.011438059237809 ], [ 80.270690050083616, 13.011447347402981 ], [ 80.27078713730458, 13.011451869825528 ], [ 80.270852444825735, 13.011445091005573 ], [ 80.270919898422093, 13.01142936624313 ], [ 80.270965374735056, 13.011424249524589 ], [ 80.271001407059387, 13.011431855457497 ], [ 80.271043726692454, 13.011434235265465 ], [ 80.271168527838242, 13.011421655279987 ], [ 80.271267180822761, 13.011426724735001 ], [ 80.271379771168867, 13.011427493205559 ], [ 80.271433502999287, 13.011437047447489 ], [ 80.271480042917503, 13.011446854636592 ], [ 80.271486124511995, 13.011448136004264 ], [ 80.271532297019277, 13.011457307760638 ], [ 80.271586495973651, 13.011464784155406 ], [ 80.27160905536536, 13.011476150165526 ], [ 80.271619490195704, 13.011502853197726 ], [ 80.271618669135535, 13.011531242835403 ], [ 80.27160432214211, 13.011549829661414 ], [ 80.271576452808773, 13.011556803659428 ], [ 80.271523828601104, 13.011546710267666 ], [ 80.271479777016197, 13.011537871985121 ], [ 80.271455722827824, 13.01153304585212 ], [ 80.27137304638066, 13.011519973980656 ], [ 80.271203084230592, 13.011524470144352 ], [ 80.271123843839391, 13.011534465508962 ], [ 80.271049965492097, 13.011539773029881 ], [ 80.27097976305096, 13.011549251120641 ], [ 80.270933243793976, 13.011564311560221 ], [ 80.27082992765483, 13.011577132232407 ], [ 80.270625252805559, 13.011595544880086 ], [ 80.270543348011188, 13.011601915829194 ], [ 80.270459154309492, 13.011603125425498 ], [ 80.270357282661351, 13.011594882315382 ], [ 80.270229675178598, 13.011589550288633 ], [ 80.270061364132047, 13.011597123832196 ], [ 80.269970255199283, 13.011597862543692 ], [ 80.269853553264099, 13.011615527725906 ], [ 80.269807034007101, 13.011630587286202 ], [ 80.269755713254924, 13.011647804337843 ], [ 80.269735940437215, 13.011661130900418 ], [ 80.269730727513618, 13.01167793395657 ], [ 80.269745343103295, 13.011693617566477 ], [ 80.269786779692382, 13.011713807838685 ], [ 80.26983890803001, 13.011736017311263 ], [ 80.269904971034336, 13.01175446758293 ], [ 80.269954368493487, 13.011764101460008 ], [ 80.269995735013978, 13.011776876608838 ], [ 80.270044584500852, 13.01178497092042 ], [ 80.270088640577299, 13.011792509448009 ], [ 80.270130564951643, 13.011803748531875 ], [ 80.270170824747723, 13.011816611203667 ], [ 80.270184890568444, 13.011831208619864 ], [ 80.270186671927647, 13.011852733636653 ], [ 80.270174454839761, 13.011868070636645 ], [ 80.270151463358388, 13.011878223532323 ], [ 80.270116123635106, 13.011885810195839 ], [ 80.270031335248689, 13.01186965746423 ], [ 80.269897550051766, 13.011832299181087 ], [ 80.269796024254973, 13.01180045671709 ], [ 80.269732549297004, 13.011779933856964 ], [ 80.269629110088658, 13.011771775651969 ], [ 80.269546571083751, 13.011774527437931 ], [ 80.26947631384536, 13.011771345904224 ], [ 80.269351579174895, 13.011792786027009 ], [ 80.269275563735576, 13.011803331912926 ], [ 80.269212373543553, 13.011811743939338 ], [ 80.269158767477251, 13.011822081515017 ], [ 80.269062993593238, 13.011841252110834 ], [ 80.268971953830757, 13.011849766540141 ], [ 80.268883510199473, 13.011853586129845 ], [ 80.26874746753623, 13.01186305895712 ], [ 80.268652012554128, 13.011867943725452 ], [ 80.268591585579912, 13.011877357910475 ], [ 80.268532977694136, 13.011863629619912 ], [ 80.26849704957435, 13.011851774362977 ], [ 80.268478861384793, 13.011859227989325 ], [ 80.268452102369125, 13.011865210320794 ], [ 80.268335735505516, 13.011862983685655 ], [ 80.268237069944618, 13.011862162701467 ], [ 80.268148641584673, 13.011860737795006 ], [ 80.268055889633288, 13.011855593952657 ], [ 80.267876736819517, 13.011849572234699 ], [ 80.267730411141216, 13.011843915495772 ], [ 80.26757650547853, 13.011844475655597 ], [ 80.267474146943499, 13.011845272132861 ], [ 80.26739429839283, 13.01184224376879 ], [ 80.267302159092438, 13.011848674228494 ], [ 80.267190736556188, 13.011858486652853 ], [ 80.267058375188967, 13.011870500329668 ], [ 80.266965615152714, 13.011884574343405 ], [ 80.266919716631591, 13.011891538704262 ], [ 80.266868015892058, 13.011912282993295 ], [ 80.266833118139886, 13.011926286984705 ], [ 80.266749767057931, 13.011954262580968 ], [ 80.266690884287698, 13.011971547004375 ], [ 80.26665822603556, 13.011976518420228 ], [ 80.266608566268317, 13.011993196294341 ], [ 80.266573365783913, 13.012016063054 ], [ 80.266556876308556, 13.012041967800942 ], [ 80.266537402629837, 13.012078894554822 ], [ 80.266521402736316, 13.01209476281687 ], [ 80.266513040319325, 13.012116349953443 ], [ 80.266495932803039, 13.012132758241565 ], [ 80.266490727065985, 13.012147030046645 ], [ 80.266504229643033, 13.012164790591813 ], [ 80.266530577230299, 13.012173544828135 ], [ 80.266572093769483, 13.012197985267932 ], [ 80.266594723229801, 13.012216676198509 ], [ 80.266632376114941, 13.012237941233094 ], [ 80.266671077333982, 13.012247634608247 ], [ 80.266712368396043, 13.012254713616446 ], [ 80.266743670192113, 13.01227180108804 ], [ 80.266784053955689, 13.012305190054869 ], [ 80.266817067940721, 13.012335935768297 ], [ 80.26685582395703, 13.012358288725808 ], [ 80.266866694470266, 13.012362126687899 ], [ 80.26695872866776, 13.012394615012605 ], [ 80.267026242451252, 13.012418448008694 ], [ 80.267143351323256, 13.012450697383429 ], [ 80.267199668505057, 13.012459175031427 ], [ 80.267244881611603, 13.012480912678818 ], [ 80.267301266167053, 13.012497889853648 ], [ 80.267357176412034, 13.012519567980837 ], [ 80.267417280891067, 13.012525886391343 ], [ 80.267465580608942, 13.012532894496582 ], [ 80.267526288755846, 13.012553501318099 ], [ 80.267649453171188, 13.012596165240454 ], [ 80.267714552283195, 13.012628810203674 ], [ 80.267773623699654, 13.012641454896203 ], [ 80.267822940310438, 13.012647471343408 ], [ 80.267877276707011, 13.012671224667722 ], [ 80.267997137118755, 13.012708634464046 ], [ 80.268086243706719, 13.012730587400256 ], [ 80.268215716990312, 13.012760157604884 ], [ 80.268352509746819, 13.01277799512782 ], [ 80.268515594395069, 13.012792017450522 ], [ 80.268589098144901, 13.012788698516243 ], [ 80.268757797263689, 13.012806353985869 ], [ 80.268934086248279, 13.012814445638089 ], [ 80.269068857795432, 13.012798278963105 ], [ 80.269164146589205, 13.01278724473196 ], [ 80.269232428432232, 13.012772517835597 ], [ 80.26942199272014, 13.01275035571919 ], [ 80.269452730374226, 13.012739682087503 ], [ 80.269538351498866, 13.012723918896313 ], [ 80.269598106533266, 13.012723454140342 ], [ 80.269700858530399, 13.012683053628086 ], [ 80.269747064275364, 13.012680833127028 ], [ 80.26976819265083, 13.012676913771935 ], [ 80.269816262400013, 13.01266800726045 ], [ 80.269844136224947, 13.012659315184086 ], [ 80.269853816470487, 13.012660156296338 ], [ 80.269874092344764, 13.012663829707305 ], [ 80.269897082029516, 13.012654219496888 ], [ 80.269913417892937, 13.012649292732206 ], [ 80.269923098138449, 13.012650223994877 ], [ 80.269937556522933, 13.012656684192041 ], [ 80.269950086224512, 13.012660426747592 ], [ 80.269954029828611, 13.012667942492156 ], [ 80.269952173909232, 13.012671734936603 ], [ 80.269924297389338, 13.01268133201769 ], [ 80.269801482418643, 13.01273994028525 ], [ 80.269705329445586, 13.012762364976535 ], [ 80.269464880088435, 13.012810424756548 ], [ 80.269349322606914, 13.012815073189707 ], [ 80.269143329929108, 13.012842161186002 ], [ 80.269127712717889, 13.012853600653669 ], [ 80.269092956001231, 13.012851061564552 ], [ 80.269053171413944, 13.012857188287697 ], [ 80.269013112840483, 13.012861245053591 ], [ 80.26897289077364, 13.012863219608882 ], [ 80.26893261929942, 13.012863105826877 ], [ 80.268892409809013, 13.012860904582819 ], [ 80.268852375490027, 13.012856622878658 ], [ 80.268812628631991, 13.012850272092498 ], [ 80.268495435301816, 13.01281113020509 ], [ 80.268432727505058, 13.012812128861119 ], [ 80.268406361053181, 13.012809703553573 ], [ 80.268402110225253, 13.012812856190822 ], [ 80.268418854822144, 13.012825833467501 ], [ 80.268459252958777, 13.012854429511803 ], [ 80.268498641389044, 13.012881485994962 ], [ 80.268529302686318, 13.012897034740877 ], [ 80.268612115677399, 13.01292692614088 ], [ 80.268693759960343, 13.012946234940118 ], [ 80.268811336854611, 13.01297640466232 ], [ 80.268889683422117, 13.012988379774157 ], [ 80.268989985713461, 13.012997161989261 ], [ 80.269057171611877, 13.013010281921337 ], [ 80.269190263309454, 13.013032447515515 ], [ 80.269282531068882, 13.013045366139268 ], [ 80.269368920253157, 13.013050492452027 ], [ 80.269394152132833, 13.01306240891884 ], [ 80.269414599585332, 13.013070693991924 ], [ 80.269451038846526, 13.01306564295068 ], [ 80.269515400441705, 13.01306672825498 ], [ 80.269611375548322, 13.013073418630846 ], [ 80.269806158149706, 13.013095577217397 ], [ 80.269907967814106, 13.013093783839745 ], [ 80.270056435076057, 13.01309266440097 ], [ 80.270154141236262, 13.013106593054644 ], [ 80.270245795446385, 13.013108568483213 ], [ 80.270333743207658, 13.013116863182475 ], [ 80.270423289970111, 13.013114583168621 ], [ 80.270537453266314, 13.013113728929239 ], [ 80.270747948300311, 13.013092167261634 ], [ 80.270912826884185, 13.013060441367092 ], [ 80.271049837931315, 13.013035236923011 ], [ 80.271124688255739, 13.01301311334087 ], [ 80.271194675101228, 13.012982657417767 ], [ 80.271253482412988, 13.012959584189272 ], [ 80.271318871680805, 13.012956422801453 ], [ 80.271394553845198, 13.012964863671833 ], [ 80.271470080601034, 13.012963718850385 ], [ 80.271475614223178, 13.012963451025163 ], [ 80.271598737315998, 13.012957480098398 ], [ 80.271733692119454, 13.012941763309071 ], [ 80.271800524979966, 13.012917628403446 ], [ 80.271846909489668, 13.012885749318531 ], [ 80.271895883842319, 13.012851165718851 ], [ 80.271955780810515, 13.012833882232027 ], [ 80.272084309066429, 13.012808201630884 ], [ 80.27215812632825, 13.012792404309453 ], [ 80.272229825362686, 13.012775606580286 ], [ 80.272280652939756, 13.01276941946314 ], [ 80.272341241610718, 13.012767962177769 ], [ 80.27241939504043, 13.012751543428713 ], [ 80.272521079839052, 13.012729223766048 ], [ 80.272632235575657, 13.012684234335973 ], [ 80.272678205063684, 13.012668087783151 ], [ 80.272756240814118, 13.012628611522642 ], [ 80.272809166855708, 13.012598559916409 ], [ 80.272833130314226, 13.01257113929956 ], [ 80.272848097145186, 13.012529677962741 ], [ 80.272878406302851, 13.012476595958201 ], [ 80.272940878740968, 13.012398285801776 ], [ 80.272975491727195, 13.012355161464997 ], [ 80.273015030176111, 13.012330949480436 ], [ 80.273048244485437, 13.012325074815717 ], [ 80.273073953370528, 13.012331295203422 ], [ 80.273092156831439, 13.012350154171571 ], [ 80.273121155347141, 13.012366872281952 ], [ 80.273159696666085, 13.012368336571669 ], [ 80.273187003654115, 13.012364073239207 ], [ 80.273231329225169, 13.012342495751941 ], [ 80.273300775284838, 13.012307697640692 ], [ 80.273358015934718, 13.012284439671994 ], [ 80.273426431626774, 13.012254882539358 ], [ 80.273471319543191, 13.012230142770271 ], [ 80.273558535177528, 13.01220470717616 ], [ 80.27362329742131, 13.012195123205382 ], [ 80.273701393358834, 13.012198054412554 ], [ 80.273732511898586, 13.012215321313956 ], [ 80.273772659405267, 13.012235145689875 ], [ 80.27379996639327, 13.012230881479883 ], [ 80.273860381689403, 13.012193978380349 ], [ 80.27392285322918, 13.01214767685539 ], [ 80.274023862494673, 13.012071825169341 ], [ 80.274071865768533, 13.012022409485306 ], [ 80.274084065788387, 13.011980940179441 ], [ 80.274090336927387, 13.011917392699756 ], [ 80.274088659772772, 13.011891708502677 ], [ 80.274059204912902, 13.011873360645454 ], [ 80.274008863324411, 13.011870868809764 ], [ 80.273977797785236, 13.011867255779222 ], [ 80.273960692065586, 13.011851565178278 ], [ 80.273942414942809, 13.011826467391771 ], [ 80.273917680729795, 13.011801803726666 ], [ 80.273902165926529, 13.011778251626529 ], [ 80.273901579326647, 13.011757814539093 ], [ 80.273904192525805, 13.011747242393676 ], [ 80.27388438916536, 13.011739501681928 ], [ 80.273857568165923, 13.011734814717597 ], [ 80.273802955986554, 13.01171079085128 ], [ 80.273742982661517, 13.011691002318699 ], [ 80.273716725804093, 13.011682700569752 ], [ 80.273707562089868, 13.011662782497886 ], [ 80.273704786295667, 13.011634382372241 ], [ 80.273712179430447, 13.011597150089697 ], [ 80.273728208968393, 13.011570882067241 ], [ 80.273727142668136, 13.011557225530286 ], [ 80.273714799816119, 13.01155248954848 ], [ 80.273680015251713, 13.011559445166169 ], [ 80.273609918811772, 13.011564312435459 ], [ 80.273572959426019, 13.011558150670325 ], [ 80.273546166274357, 13.01154396985744 ], [ 80.273525752957852, 13.011524110416264 ], [ 80.273510154611245, 13.011497393382321 ], [ 80.273493603152161, 13.011481160977626 ], [ 80.273481723830841, 13.011475431584424 ], [ 80.273458760197215, 13.011476543153234 ], [ 80.273422380224858, 13.011492897218115 ], [ 80.273374827905272, 13.01151446515158 ], [ 80.273332085165734, 13.011530892735083 ], [ 80.273294624520076, 13.011538292980781 ], [ 80.273258758384031, 13.011536835688169 ], [ 80.273195068728725, 13.011526440334013 ], [ 80.273108804410327, 13.011510465254982 ], [ 80.273061662620833, 13.011485829566469 ], [ 80.273038033335581, 13.011461801299715 ], [ 80.27302196067852, 13.01143978435787 ], [ 80.273002630730247, 13.011427794291979 ], [ 80.272972096993726, 13.011431507107526 ], [ 80.272917633036386, 13.011451608125444 ], [ 80.272796815020556, 13.011521165197095 ], [ 80.272710277614294, 13.011567037090934 ], [ 80.272549365990685, 13.011661888867259 ], [ 80.272399622222721, 13.011721508289726 ], [ 80.272261224176802, 13.011779622267984 ], [ 80.272139842018973, 13.011821327924951 ], [ 80.27203011909522, 13.011849412064 ], [ 80.27193332472504, 13.011870660500353 ], [ 80.271883564346524, 13.011858675706792 ], [ 80.271865260274296, 13.01184298160431 ], [ 80.271852417060671, 13.011819888139001 ], [ 80.271849639469806, 13.011792121712288 ], [ 80.271853321664182, 13.011762744822473 ], [ 80.271869346710531, 13.011738014632009 ], [ 80.272005006691458, 13.011638481170158 ], [ 80.272057864461104, 13.011600110187221 ], [ 80.272094150110362, 13.01155274074547 ], [ 80.272118099195851, 13.011498645866435 ], [ 80.272135098015951, 13.0114561060409 ], [ 80.272172501169436, 13.011405123534386 ], [ 80.272220623020885, 13.011378222684852 ], [ 80.27230612646629, 13.011339129579111 ], [ 80.272327305147428, 13.011316583974374 ], [ 80.272332303373673, 13.01131126244465 ], [ 80.272342919663657, 13.011275576683426 ], [ 80.272335776260547, 13.011227362561565 ], [ 80.272301377971687, 13.011164965845262 ], [ 80.272264946795346, 13.011135658026067 ], [ 80.272201757501605, 13.011112152251041 ], [ 80.27213475036794, 13.011101294745851 ], [ 80.272098407226508, 13.011105081087489 ], [ 80.272067934575432, 13.011119372207263 ], [ 80.271959777415205, 13.011116447114086 ], [ 80.271897723592005, 13.011114464667608 ], [ 80.271854907190644, 13.011124561578004 ], [ 80.271813212785034, 13.011129418352812 ], [ 80.271771933401126, 13.011118451441861 ], [ 80.271734955150762, 13.011087062266943 ], [ 80.271714022607995, 13.01105562757493 ], [ 80.271693005623604, 13.011021570622052 ], [ 80.271690332237313, 13.010989553878659 ], [ 80.271688027160295, 13.010958081538407 ], [ 80.271651044418391, 13.010928229287392 ], [ 80.271512832323694, 13.010859844888733 ], [ 80.271481784750847, 13.010849973782911 ], [ 80.271432496886163, 13.010834302373166 ], [ 80.271347889061119, 13.010819325913587 ], [ 80.271298586823377, 13.010808427258661 ], [ 80.271238054746291, 13.010790715630502 ], [ 80.271188291672829, 13.010779816099092 ], [ 80.271077449448185, 13.010780589823163 ], [ 80.27089604725299, 13.010787314395591 ], [ 80.27083130656878, 13.010789573424756 ], [ 80.270767660930915, 13.010795995159256 ], [ 80.270685744458476, 13.010806705635252 ], [ 80.270648873107632, 13.010802081671551 ], [ 80.270618293557035, 13.010790060065689 ], [ 80.27058723700101, 13.010783372253986 ], [ 80.270560486070181, 13.010786552049838 ], [ 80.270526792958819, 13.010798663806957 ], [ 80.270489411364906, 13.010810856086788 ], [ 80.270459426499045, 13.010816196882836 ], [ 80.270435841231262, 13.010808897269722 ], [ 80.270423519938802, 13.010796836277819 ], [ 80.270425602233644, 13.010778486589031 ], [ 80.270441134104928, 13.010764787120999 ], [ 80.27050472853881, 13.010744168772529 ], [ 80.270586042241717, 13.010718808297803 ], [ 80.270666313000561, 13.010703391578618 ], [ 80.270747042798504, 13.01068851751584 ], [ 80.270822514757114, 13.010674081954344 ], [ 80.270915016976872, 13.010669730192129 ], [ 80.271084680886261, 13.010672467110982 ], [ 80.271213214532054, 13.010676354988609 ], [ 80.271293975771044, 13.010682459008891 ], [ 80.271422479772426, 13.010696292395282 ], [ 80.271482199772507, 13.01070788513136 ], [ 80.271510862318294, 13.01071344911932 ], [ 80.27166397027699, 13.010732957648742 ], [ 80.271855128176199, 13.010764507915116 ], [ 80.2719948647119, 13.010784701764022 ], [ 80.27212438470788, 13.010797995113338 ], [ 80.272375490779268, 13.010826278050834 ], [ 80.272501307021301, 13.010844805412468 ], [ 80.272586420597861, 13.010844682001769 ], [ 80.272700456333297, 13.010855400352908 ], [ 80.272816619279297, 13.010864044353571 ], [ 80.272924675828193, 13.010870043338846 ], [ 80.272992104271751, 13.01086308945232 ], [ 80.273116275698513, 13.010844900815064 ], [ 80.273198167018151, 13.010842598023745 ], [ 80.273263417047104, 13.010823612029203 ], [ 80.273330300213274, 13.010813943105429 ], [ 80.273399833409542, 13.010812238987118 ], [ 80.273485446449357, 13.010798915879935 ], [ 80.273542098702762, 13.010787229496001 ], [ 80.273603160785868, 13.010781341665909 ], [ 80.273677024760119, 13.010781096594936 ], [ 80.273732703239745, 13.010787310894589 ], [ 80.273777598342704, 13.010791414958016 ], [ 80.273886294492058, 13.0107994952977 ], [ 80.274002993732324, 13.010813927350894 ], [ 80.274052295071741, 13.010825367787357 ], [ 80.274097241378684, 13.010843577432137 ], [ 80.274154019396192, 13.010852416614664 ], [ 80.274226296945656, 13.010858496123543 ], [ 80.274305540930101, 13.010878791494127 ], [ 80.27437951809209, 13.010902778680428 ], [ 80.274415350990466, 13.0109158085723 ], [ 80.274468365066937, 13.010918850951715 ], [ 80.274506929742103, 13.010911905819118 ], [ 80.274551297533975, 13.010907598698953 ], [ 80.274616084032274, 13.010921071468548 ], [ 80.274665902801274, 13.010944539625804 ], [ 80.274713615919282, 13.010962847290166 ], [ 80.274760152244284, 13.010973737185768 ], [ 80.274821190072899, 13.010976258789086 ], [ 80.27488915301403, 13.010975544582809 ], [ 80.274973711431713, 13.010975871052091 ], [ 80.275077123690579, 13.010993430373029 ], [ 80.275173487767759, 13.011024713654228 ], [ 80.275277390506773, 13.011063794556001 ], [ 80.275339614111545, 13.011102487714776 ], [ 80.275371777391982, 13.011140734488924 ], [ 80.275396054362545, 13.011195778219211 ], [ 80.275406388581558, 13.011257112372089 ], [ 80.275432958052704, 13.011325273472044 ], [ 80.275437051675482, 13.011335772989545 ], [ 80.275477416574461, 13.011407589117193 ], [ 80.275519770343479, 13.011461508090639 ], [ 80.275557331600439, 13.011482951741181 ], [ 80.275604435660682, 13.011488598860582 ], [ 80.275637085827981, 13.011486429988629 ], [ 80.275669165565105, 13.011490045650456 ], [ 80.27569814701279, 13.011512550977873 ], [ 80.275715940841962, 13.011545603950676 ], [ 80.275742337836576, 13.011632572354269 ], [ 80.275769740046002, 13.011659322633138 ], [ 80.275815783195895, 13.011681242402741 ], [ 80.275881178751931, 13.011707285474182 ], [ 80.275962632592012, 13.011760679232419 ], [ 80.275972894047513, 13.011783765701256 ], [ 80.275966467499956, 13.011805810620585 ], [ 80.275934522510127, 13.011851021648249 ], [ 80.275892890088286, 13.011897833499035 ], [ 80.275876919839192, 13.011935584759339 ], [ 80.275857174869216, 13.011971336944541 ], [ 80.275826701319858, 13.011986170668903 ], [ 80.275780671644682, 13.011991467677184 ], [ 80.275746983923227, 13.012001500658673 ], [ 80.275704896055515, 13.01204677466856 ], [ 80.275670745701689, 13.01208935727996 ], [ 80.275618293072242, 13.012115252391489 ], [ 80.275569692418742, 13.012148391058293 ], [ 80.275553379013175, 13.012177190238415 ], [ 80.275549288983697, 13.012220219204087 ], [ 80.275546469171999, 13.012238566160386 ], [ 80.275556849205145, 13.012284347770947 ], [ 80.275598773579432, 13.012327234052613 ], [ 80.275754559416015, 13.01240986095333 ], [ 80.275844951493141, 13.012433713203365 ], [ 80.276020298145042, 13.012480769138261 ], [ 80.276087669994737, 13.012492995470014 ], [ 80.276150342757163, 13.01250437018548 ], [ 80.276249773682693, 13.012527704280016 ], [ 80.276383628049942, 13.012541369516017 ], [ 80.276444093651691, 13.012550760919018 ], [ 80.276628001248227, 13.012602632440984 ], [ 80.276717132989049, 13.012648000867774 ], [ 80.276810381708785, 13.012704412274042 ], [ 80.276921714413533, 13.012789355826262 ], [ 80.276987526787877, 13.012862870385657 ], [ 80.277028822341478, 13.012931976309723 ], [ 80.277062693319266, 13.013049436905977 ], [ 80.277071684556958, 13.013128850540925 ], [ 80.277068747065968, 13.013156149437055 ], [ 80.277035250685671, 13.013195750773589 ], [ 80.27696452452669, 13.013258848049842 ], [ 80.276877339435131, 13.013305443449442 ], [ 80.276745398479449, 13.013331207147283 ], [ 80.276669213258515, 13.013336871729482 ], [ 80.276640215641137, 13.013351349147678 ], [ 80.276616882799956, 13.013384287218351 ], [ 80.276613663237995, 13.013445221718477 ], [ 80.276630797703703, 13.013514712587533 ], [ 80.276685335322924, 13.01359660476316 ], [ 80.276758311761654, 13.013648076955317 ], [ 80.27682031527921, 13.013667509107648 ], [ 80.276872766112021, 13.01367416533283 ], [ 80.276934498338349, 13.013659961009388 ], [ 80.277012947313764, 13.013636941233766 ], [ 80.277143161707471, 13.013570664293653 ], [ 80.277221370832734, 13.013502976442702 ], [ 80.277305189936968, 13.013408539361256 ], [ 80.277369735686747, 13.013314500480092 ], [ 80.277438235820426, 13.013270431038384 ], [ 80.277989400756255, 13.013585998561663 ], [ 80.277672331393561, 13.01412718120732 ], [ 80.277633652632375, 13.014087492495376 ], [ 80.277601754354976, 13.014075945429916 ], [ 80.277524283644851, 13.014047970948324 ], [ 80.277413600422094, 13.01402505711302 ], [ 80.277265282280453, 13.014006017972417 ], [ 80.277041001700098, 13.01397962329507 ], [ 80.276984742010512, 13.013982901952293 ], [ 80.276942287630177, 13.013995171096857 ], [ 80.276913739170425, 13.014013809377449 ], [ 80.276898085128295, 13.014037907416196 ], [ 80.276894600563296, 13.014063124886949 ], [ 80.276899219700496, 13.014091982485819 ], [ 80.276896955945986, 13.014109336779502 ], [ 80.276875447583151, 13.014117052910523 ], [ 80.276851386208264, 13.014114725642813 ], [ 80.276812332849573, 13.014099245242143 ], [ 80.276774352977682, 13.014094708864009 ], [ 80.276740602374147, 13.014094975812736 ], [ 80.276710220452912, 13.014077982992923 ], [ 80.276673542239891, 13.014038276768311 ], [ 80.276655874174878, 13.014025478104418 ], [ 80.276596941997283, 13.013996378931008 ], [ 80.276492402352744, 13.013953590090001 ], [ 80.276376294203928, 13.013925416914541 ], [ 80.276241574759084, 13.013891675443173 ], [ 80.27613426471018, 13.013882333979792 ], [ 80.276083636559108, 13.013883161083966 ], [ 80.276025538916414, 13.013884110722124 ], [ 80.275958469798994, 13.0138941410013 ], [ 80.275927259631061, 13.013908611384986 ], [ 80.275908278229124, 13.013935232757653 ], [ 80.27590532546678, 13.013967776016505 ], [ 80.275915873484863, 13.013987335929135 ], [ 80.275920629165952, 13.014001002835119 ], [ 80.275899119006496, 13.014009261619609 ], [ 80.275861007980566, 13.014018378141008 ], [ 80.275827180121908, 13.014044957490253 ], [ 80.275805520842084, 13.014073108771067 ], [ 80.275791754160366, 13.014114030700902 ], [ 80.275783439354072, 13.01415126085498 ], [ 80.275776151322191, 13.014183791832057 ], [ 80.275756628236124, 13.01420670390219 ], [ 80.275727550668691, 13.014217021247466 ], [ 80.275706571413536, 13.014233147568882 ], [ 80.27569194055252, 13.014254084215013 ], [ 80.275688443411099, 13.014283461684885 ], [ 80.275685604734818, 13.014308138231732 ], [ 80.275678307719758, 13.014344286558899 ], [ 80.275667445291333, 13.014369482992739 ], [ 80.275658052506742, 13.014396673222395 ], [ 80.275656762525983, 13.014428226523501 ], [ 80.275663938268465, 13.014465590542214 ], [ 80.275677004264267, 13.014507129451657 ], [ 80.275695938953831, 13.014560350184574 ], [ 80.275713086894285, 13.014625138952274 ], [ 80.275714173855775, 13.014685555005499 ], [ 80.275717069125946, 13.014714576201708 ], [ 80.275723978967122, 13.014748321937297 ], [ 80.275737336915398, 13.014784708265372 ], [ 80.275748037647048, 13.014815300504415 ], [ 80.275769260345641, 13.014842305134469 ], [ 80.275774582863676, 13.014851180934466 ], [ 80.275786227724723, 13.014842262247742 ], [ 80.275801520644109, 13.014815720619252 ], [ 80.275817422621301, 13.014801659900487 ], [ 80.27583487778557, 13.01479230446755 ], [ 80.275843349797029, 13.014796397086577 ], [ 80.275842371531652, 13.01481565410108 ], [ 80.27582863988421, 13.01484473129738 ], [ 80.275827633771115, 13.014873391876472 ], [ 80.275835662014799, 13.01490352460414 ], [ 80.275838913916132, 13.014926861973834 ], [ 80.275840032318683, 13.014954443374043 ], [ 80.275852332949867, 13.014973646986689 ], [ 80.275874541998647, 13.014978772384341 ], [ 80.275883520659889, 13.014967313759508 ], [ 80.275883561084072, 13.014953298561743 ], [ 80.27588436148298, 13.014868034538271 ], [ 80.275890564350036, 13.014796257923557 ], [ 80.275898424608769, 13.014756766247626 ], [ 80.275915829467394, 13.014733305453136 ], [ 80.275933231631072, 13.01467873951389 ], [ 80.275936198766459, 13.014609576310896 ], [ 80.275951309327866, 13.014518565341527 ], [ 80.275973997178681, 13.014454068001081 ], [ 80.27599508063841, 13.014433782550825 ], [ 80.276010480457302, 13.01443373528782 ], [ 80.276025894649266, 13.014460723329869 ], [ 80.276047146093944, 13.014477871916252 ], [ 80.276059868933331, 13.014478811924469 ], [ 80.276074227604809, 13.014488164743499 ], [ 80.276075372956797, 13.014506342610582 ], [ 80.276047999493485, 13.014596867826251 ], [ 80.276027517904993, 13.014663902449664 ], [ 80.275996449670885, 13.014756496673835 ], [ 80.275979641293617, 13.014828786190268 ], [ 80.275951788129916, 13.014893812077529 ], [ 80.275942808570335, 13.014937550390366 ], [ 80.275944544115447, 13.014974898577996 ], [ 80.275960483821848, 13.015011291874742 ], [ 80.275970129033055, 13.015024248905869 ], [ 80.275984423924172, 13.01502365636941 ], [ 80.275995469608901, 13.014998731326028 ], [ 80.276002314771361, 13.014991425709388 ], [ 80.276010860444686, 13.015001848050629 ], [ 80.276014658521703, 13.015027809376051 ], [ 80.276015212782227, 13.015059006374832 ], [ 80.276030807535562, 13.015119179006138 ], [ 80.276028727037357, 13.015136895576473 ], [ 80.276031424678166, 13.015160774696522 ], [ 80.276045795926066, 13.015197163589789 ], [ 80.276059629083136, 13.015228849825169 ], [ 80.276079700141523, 13.015239746535274 ], [ 80.276087249583156, 13.015243846148838 ], [ 80.27610802581907, 13.015266147205116 ], [ 80.276125555543516, 13.015294679075557 ], [ 80.276152068420828, 13.01531021454154 ], [ 80.276188693633244, 13.015336629207642 ], [ 80.276233375835503, 13.015382777845716 ], [ 80.276302451789263, 13.015443914034382 ], [ 80.276342772670802, 13.015467716979243 ], [ 80.276374100518012, 13.01547648422747 ], [ 80.276416493812903, 13.015485192834538 ], [ 80.276459995628855, 13.015493451569538 ], [ 80.276497110423122, 13.015509921775985 ], [ 80.276541212313703, 13.015533734342114 ], [ 80.276574057415431, 13.015559685984224 ], [ 80.276588458307742, 13.015586129506557 ], [ 80.276610236165183, 13.015612593156522 ], [ 80.276640538136334, 13.015625516897254 ], [ 80.276672885571401, 13.015632208079277 ], [ 80.27670897987953, 13.015650844486279 ], [ 80.276737128588934, 13.015674613277071 ], [ 80.276781743417544, 13.015712443608699 ], [ 80.27681787545491, 13.015749796931017 ], [ 80.276858337371934, 13.015820347939632 ], [ 80.276869503430888, 13.015849494161676 ], [ 80.276869965164963, 13.015850309006009 ], [ 80.276881247106601, 13.015870232868073 ], [ 80.276907288368363, 13.01588938477088 ], [ 80.276934334844952, 13.015911703273787 ], [ 80.27695353094424, 13.015938159887092 ], [ 80.276975294428667, 13.015969776884189 ], [ 80.276997149541188, 13.016001394752426 ], [ 80.277011520789117, 13.016038326167955 ], [ 80.277013753102608, 13.016063288741908 ], [ 80.277008950709089, 13.016065897816915 ], [ 80.277002042664535, 13.016063256358187 ], [ 80.276985586426875, 13.016045668513614 ], [ 80.276893160563915, 13.015959602275183 ], [ 80.276826219905573, 13.015893227054466 ], [ 80.276785943041475, 13.015850075318124 ], [ 80.276771981425355, 13.015835116666254 ], [ 80.276705090174346, 13.015783842731519 ], [ 80.276635557876389, 13.015752815619726 ], [ 80.276592598642893, 13.015748265268105 ], [ 80.276556054278799, 13.015757747574158 ], [ 80.276531201488169, 13.015773863292482 ], [ 80.27652220755553, 13.01579101878988 ], [ 80.276519640170463, 13.015817594448155 ], [ 80.276528679018867, 13.015848724829608 ], [ 80.276529011395482, 13.01584935850018 ], [ 80.276542527447276, 13.015875166570639 ], [ 80.276547411587472, 13.01590791175413 ], [ 80.276544358213826, 13.015943258132513 ], [ 80.276535931118133, 13.01598744963195 ], [ 80.276526027192119, 13.016031728647022 ], [ 80.276516085536883, 13.016089389118484 ], [ 80.27649347404288, 13.016159582934792 ], [ 80.276473467663152, 13.0162215556558 ], [ 80.276452898938118, 13.016254863569145 ], [ 80.276429125024123, 13.016280837891829 ], [ 80.276369924250247, 13.016343876617366 ], [ 80.276348270360344, 13.016369948081721 ], [ 80.276312844398774, 13.016406921453513 ], [ 80.27629754878447, 13.016434547325943 ], [ 80.276280144824128, 13.016489655523314 ], [ 80.276269117105699, 13.0165400794607 ], [ 80.276252829751286, 13.01659157379771 ], [ 80.276234377457044, 13.016626424696792 ], [ 80.276210577491909, 13.016661350861002 ], [ 80.276188445698253, 13.01669302640641 ], [ 80.276168423148874, 13.016728958203361 ], [ 80.276154746298673, 13.016770604387085 ], [ 80.276147393588062, 13.01679400197202 ], [ 80.276138330485182, 13.016802838316677 ], [ 80.276129874643402, 13.016793501339176 ], [ 80.276127727669859, 13.016770619266063 ], [ 80.276138179568207, 13.016727970065883 ], [ 80.276169311582706, 13.016676969388453 ], [ 80.276203051406455, 13.016617113969629 ], [ 80.276246886497347, 13.016542187897343 ], [ 80.276254269750709, 13.016508390767262 ], [ 80.276252529713986, 13.016472579720526 ], [ 80.276246617002798, 13.016444532865005 ], [ 80.276248149528641, 13.016424735082749 ], [ 80.276256064584629, 13.016398263642397 ], [ 80.276266086189921, 13.016376861553002 ], [ 80.276287193005857, 13.016348799807691 ], [ 80.276316328065448, 13.016318590235125 ], [ 80.276360233224992, 13.016283087243393 ], [ 80.276402449551753, 13.016225878437869 ], [ 80.276429415179962, 13.016180562304703 ], [ 80.276449933599352, 13.016132696604936 ], [ 80.276454521295506, 13.016077100822415 ], [ 80.276453246586115, 13.015976278130877 ], [ 80.27646367422993, 13.015910210122241 ], [ 80.276472016883972, 13.01586339552814 ], [ 80.276471181450773, 13.015849197456802 ], [ 80.276469819604813, 13.015826045723921 ], [ 80.276452288083718, 13.015797966411528 ], [ 80.276434724223265, 13.015780918568604 ], [ 80.276418777330363, 13.015778884520529 ], [ 80.27638011024726, 13.015788814070913 ], [ 80.276337286659356, 13.015801352698697 ], [ 80.276285931771199, 13.015830054303267 ], [ 80.276250892983555, 13.015848583041421 ], [ 80.276210753561699, 13.015869810129329 ], [ 80.276163167106162, 13.015902590322955 ], [ 80.276117627911148, 13.015929228110947 ], [ 80.276086934274517, 13.015956358653511 ], [ 80.276077605270288, 13.015961574180078 ], [ 80.276066336803353, 13.015967874998161 ], [ 80.276036082442914, 13.01597050332934 ], [ 80.275992107214805, 13.015966492126584 ], [ 80.275969272938582, 13.015954583676526 ], [ 80.275957592144962, 13.015944152622959 ], [ 80.275935846626865, 13.015938033853237 ], [ 80.27589397615148, 13.015939634658544 ], [ 80.275862686931816, 13.015949584332883 ], [ 80.275820880236836, 13.015961132186321 ], [ 80.275771057874508, 13.015970125227774 ], [ 80.275739843215035, 13.015985770931042 ], [ 80.275691166204751, 13.01601339422473 ], [ 80.275633435973006, 13.016046327565446 ], [ 80.275600640278611, 13.016066670649263 ], [ 80.275569439093815, 13.016078157230776 ], [ 80.275543422984882, 13.016081882229971 ], [ 80.275525366847688, 13.016075683817277 ], [ 80.27552217693011, 13.016062744345815 ], [ 80.275539046392822, 13.016033043249887 ], [ 80.275568112282173, 13.015995057175363 ], [ 80.275587155667878, 13.015978834692714 ], [ 80.275589767968711, 13.015968443901025 ], [ 80.275573370121521, 13.015962791632228 ], [ 80.275550539438598, 13.015949345393663 ], [ 80.275535639082975, 13.015936374407127 ], [ 80.27548243725856, 13.015870490187327 ], [ 80.275456446302442, 13.015846365194434 ], [ 80.275396448722944, 13.015790679198417 ], [ 80.275378278499687, 13.015760066949321 ], [ 80.275374003417255, 13.015739800861112 ], [ 80.275378724962408, 13.015701837497771 ], [ 80.275379661905248, 13.015664948043463 ], [ 80.275371679475612, 13.01565091100426 ], [ 80.275343033997828, 13.015639528556038 ], [ 80.275301662985726, 13.015628200371962 ], [ 80.275268830460419, 13.01562937493919 ], [ 80.275232764000094, 13.015633071937545 ], [ 80.27521205064626, 13.015621168722872 ], [ 80.275205652844818, 13.015601439143271 ], [ 80.275210880141429, 13.015579572234499 ], [ 80.275242668824419, 13.01555660340088 ], [ 80.275272277296182, 13.015522235482042 ], [ 80.275296555165042, 13.015513351828924 ], [ 80.275330400091676, 13.015481075720265 ], [ 80.275367963145285, 13.015438412294394 ], [ 80.275384874828845, 13.015425891152994 ], [ 80.275403378327056, 13.015405055258082 ], [ 80.275438231163434, 13.015343124344307 ], [ 80.275463070479375, 13.015299882362715 ], [ 80.275477702238703, 13.015246846463738 ], [ 80.27547979261837, 13.015225512543477 ], [ 80.275475008191179, 13.015221882932348 ], [ 80.275462348233887, 13.01523079897971 ], [ 80.275440070014824, 13.015249543946371 ], [ 80.275411040956428, 13.015275051872797 ], [ 80.275379325037008, 13.015304802072825 ], [ 80.275348616129037, 13.015337086956837 ], [ 80.275301557882841, 13.01537872987347 ], [ 80.275268275301585, 13.015407933037851 ], [ 80.275241280927304, 13.015431367511379 ], [ 80.275212185393542, 13.015447561147035 ], [ 80.275183565966927, 13.015459055634377 ], [ 80.275165629305633, 13.015475280776734 ], [ 80.275144930324856, 13.015489870975578 ], [ 80.275120634489696, 13.015504994192806 ], [ 80.275095237319988, 13.01551803434563 ], [ 80.275063950795271, 13.015526897868117 ], [ 80.275043307510046, 13.015522319504752 ], [ 80.27504160699921, 13.015504682608521 ], [ 80.275049514868655, 13.015480743130221 ], [ 80.275064297544958, 13.015439101105976 ], [ 80.27506945746795, 13.015408915053955 ], [ 80.275059841002829, 13.015386101996704 ], [ 80.275047126248296, 13.01538244963176 ], [ 80.275024885758498, 13.015388264707909 ], [ 80.274953927834204, 13.015403528844486 ], [ 80.274919995770972, 13.015402529323651 ], [ 80.274896681794402, 13.015396858661987 ], [ 80.274880679205936, 13.015382346353755 ], [ 80.274864187035632, 13.015345498863329 ], [ 80.274851375263069, 13.015311736579532 ], [ 80.274839721418886, 13.015292082245749 ], [ 80.27480101480991, 13.015283836632598 ], [ 80.27474854151923, 13.015284956061462 ], [ 80.274738463320062, 13.015294331606244 ], [ 80.274729473879006, 13.015309496846806 ], [ 80.274718924962627, 13.015321945349386 ], [ 80.274698266406034, 13.015323063027612 ], [ 80.274672822523911, 13.015320550220869 ], [ 80.274631922229034, 13.01530551714187 ], [ 80.274609103224208, 13.015288453510813 ], [ 80.274594237902861, 13.015263004226703 ], [ 80.274592531103806, 13.015247446876828 ], [ 80.274605271011183, 13.015242690835032 ], [ 80.274638170011855, 13.015249925550009 ], [ 80.274673197121402, 13.015254996677218 ], [ 80.274712396007146, 13.015252303570849 ], [ 80.274808326198027, 13.015243257989063 ], [ 80.27484169232261, 13.015248414889726 ], [ 80.274865537203496, 13.015261863792031 ], [ 80.274885213901499, 13.015281540009136 ], [ 80.274917135535119, 13.015307941549752 ], [ 80.27493305547857, 13.015319379153153 ], [ 80.274953153486436, 13.015320881935866 ], [ 80.274989693358933, 13.015313026679582 ], [ 80.275009300886623, 13.015293189421246 ], [ 80.275053659695359, 13.015228662524276 ], [ 80.275093326603354, 13.015191611080553 ], [ 80.275115575177992, 13.01518326393645 ], [ 80.275140412697283, 13.015172301580995 ], [ 80.275165289742475, 13.015147776536358 ], [ 80.275173211086653, 13.015119226268977 ], [ 80.275167221120327, 13.015085934832586 ], [ 80.275147026094416, 13.015054321223735 ], [ 80.275122557782709, 13.015033546564309 ], [ 80.275094984893371, 13.015001912818274 ], [ 80.275061471445085, 13.014952088106561 ], [ 80.275045475144793, 13.014935044581646 ], [ 80.275026403911326, 13.014929385287411 ], [ 80.275001513391445, 13.014926784077558 ], [ 80.274976545616425, 13.01491911873563 ], [ 80.274933548653678, 13.014895760359479 ], [ 80.274894325513415, 13.014875125724991 ], [ 80.274877864784145, 13.014859527214513 ], [ 80.274874117012772, 13.014848123724228 ], [ 80.274887332128941, 13.014838214266666 ], [ 80.27491592550443, 13.014836033170658 ], [ 80.27496467527827, 13.014846839748436 ], [ 80.275019362017815, 13.014877373338802 ], [ 80.275045401482956, 13.014897067966473 ], [ 80.275069807810908, 13.014907443924017 ], [ 80.275084662352455, 13.014904772694852 ], [ 80.275116889413255, 13.014857934279387 ], [ 80.275151723385036, 13.014802241934627 ], [ 80.275169456128737, 13.014697765474237 ], [ 80.275162981072157, 13.014641054314291 ], [ 80.27513581871294, 13.014595406175438 ], [ 80.275092740003487, 13.014536783467424 ], [ 80.275052903313906, 13.014505205673412 ], [ 80.274977036994912, 13.014464304813925 ], [ 80.274917625116942, 13.014441623831129 ], [ 80.274854489722131, 13.014430867999659 ], [ 80.274817870797918, 13.01443402149151 ], [ 80.274752262341138, 13.014449299690718 ], [ 80.274689771038382, 13.014470735205654 ], [ 80.274639461789207, 13.01448849821009 ], [ 80.274580169387193, 13.014519888704838 ], [ 80.274519241153058, 13.014542866386911 ], [ 80.274469529283536, 13.01457726770067 ], [ 80.274436236820819, 13.014610088326295 ], [ 80.27440603546097, 13.014626279389873 ], [ 80.274373202935649, 13.014627905585588 ], [ 80.274306936013772, 13.014615604088485 ], [ 80.274253295811505, 13.014605868794371 ], [ 80.274207218525632, 13.014595612732084 ], [ 80.274169058092369, 13.014589991065414 ], [ 80.274118628468941, 13.014585961460261 ], [ 80.274085816604895, 13.01458026364746 ], [ 80.274026327471844, 13.014552338236204 ], [ 80.273992343306318, 13.014537414515642 ], [ 80.273951512181711, 13.014530698797319 ], [ 80.273910742142547, 13.014534472833237 ], [ 80.273877420933701, 13.014545411585415 ], [ 80.273833955948689, 13.014556501753649 ], [ 80.273796873493765, 13.01456073791597 ], [ 80.273756641545418, 13.014569667115689 ], [ 80.273733326670552, 13.01459618601428 ], [ 80.273713296036334, 13.014634739458641 ], [ 80.273690537218613, 13.014660264953127 ], [ 80.273671506409329, 13.014672237357919 ], [ 80.273648712557318, 13.014678050700208 ], [ 80.273633324416508, 13.014673848674272 ], [ 80.273628024356299, 13.014657286512136 ], [ 80.273638045961619, 13.014635975297372 ], [ 80.273640603465253, 13.014612563504901 ], [ 80.273630449807598, 13.0145845050608 ], [ 80.27361128694595, 13.01454665530172 ], [ 80.273580489104759, 13.014514470092182 ], [ 80.273482815283884, 13.014457502444838 ], [ 80.273334249207238, 13.014397047825401 ], [ 80.273192622616193, 13.014360482891295 ], [ 80.273136945933217, 13.014353364557369 ], [ 80.273109436824271, 13.014363323923062 ], [ 80.273089379240574, 13.014379452860648 ], [ 80.273079336974021, 13.01440808811156 ], [ 80.273076775877172, 13.014432494196658 ], [ 80.27306518671169, 13.01445389207772 ], [ 80.273054609049197, 13.014476195830817 ], [ 80.273058894911443, 13.014492845529094 ], [ 80.273056809921655, 13.014512099066195 ], [ 80.273047839345224, 13.0145209354922 ], [ 80.273029765241702, 13.014520974878026 ], [ 80.272998080763301, 13.014539783790923 ], [ 80.272979623079181, 13.01457671454893 ], [ 80.27294534067299, 13.014664144891084 ], [ 80.272916892824568, 13.014711445469679 ], [ 80.272883064965939, 13.014769762677808 ], [ 80.272854517404511, 13.014788037675814 ], [ 80.272832278711334, 13.014793310117529 ], [ 80.272815287976059, 13.014801129505463 ], [ 80.272768357290673, 13.014862122298402 ], [ 80.272737199225048, 13.014890246353961 ], [ 80.272684276776715, 13.01491903208699 ], [ 80.272624007905975, 13.014937128525258 ], [ 80.272550849109223, 13.01494831582748 ], [ 80.272462911229439, 13.014967781136967 ], [ 80.272380849229904, 13.014996575613353 ], [ 80.272300347604059, 13.015027364754912 ], [ 80.272248997207484, 13.015054527780011 ], [ 80.272193487611091, 13.015084843410463 ], [ 80.272093325456936, 13.015122448895896 ], [ 80.272007586652961, 13.015147073720195 ], [ 80.271907517025255, 13.015184226698189 ], [ 80.271873590351916, 13.015212885487545 ], [ 80.271853579480648, 13.015244657494215 ], [ 80.271824454302504, 13.015271249840554 ], [ 80.271780017340362, 13.015299426363969 ], [ 80.271754600407689, 13.015319247867527 ], [ 80.271746706911287, 13.015337942063759 ], [ 80.271750984688666, 13.015357213915181 ], [ 80.271779139686302, 13.015378903170445 ], [ 80.271817907380708, 13.015397548348883 ], [ 80.271887440576961, 13.0154280346086 ], [ 80.27195855031654, 13.015455450533302 ], [ 80.272103351553838, 13.015510199226012 ], [ 80.272294859795977, 13.015580903469274 ], [ 80.2724009831704, 13.015618092266918 ], [ 80.272540494228949, 13.01565311484921 ], [ 80.27271125857456, 13.015690574959249 ], [ 80.272955671298774, 13.015738911621368 ], [ 80.273256176625907, 13.015810281853735 ], [ 80.273379200904074, 13.015838566845131 ], [ 80.273389283594824, 13.015840584263231 ], [ 80.273497443449983, 13.015862226213457 ], [ 80.273634304478463, 13.015888921771353 ], [ 80.273755215919053, 13.01591457754674 ], [ 80.273862382237525, 13.015941913771156 ], [ 80.273958897231651, 13.015985314058305 ], [ 80.274015719266643, 13.016011152747838 ], [ 80.274092067082634, 13.016044731137015 ], [ 80.274153645697027, 13.016083603816792 ], [ 80.274199433725371, 13.016130208312992 ], [ 80.274220712119529, 13.016169691017739 ], [ 80.274222387477522, 13.016196188739535 ], [ 80.274201726226011, 13.016229495781026 ], [ 80.274160450435318, 13.016248820952436 ], [ 80.274117551388926, 13.016255211037086 ], [ 80.274064031560911, 13.016267268262512 ], [ 80.274042878032631, 13.016279777983392 ], [ 80.273933711166038, 13.016274318273201 ], [ 80.273874255270641, 13.016266646846299 ], [ 80.273851977949903, 13.016253202374697 ], [ 80.273826490050325, 13.01623405225047 ], [ 80.273792004624895, 13.016233051857755 ], [ 80.27374754340822, 13.016237899780126 ], [ 80.273698783752934, 13.016230167960927 ], [ 80.273634570379784, 13.016209553567936 ], [ 80.273530735912715, 13.016177976862208 ], [ 80.273435228828333, 13.016136658791897 ], [ 80.273379981540046, 13.01610874493403 ], [ 80.273285622502627, 13.01605332419312 ], [ 80.27322833244537, 13.01603010683667 ], [ 80.273190173808743, 13.016023941681599 ], [ 80.273128613160651, 13.016010567215609 ], [ 80.273081912443942, 13.015992533872625 ], [ 80.273034205614152, 13.015971873947613 ], [ 80.272986455665233, 13.015965682534036 ], [ 80.272969004094222, 13.015973590283759 ], [ 80.272945658676591, 13.015978769050072 ], [ 80.272856542207165, 13.015928064923223 ], [ 80.272803485909861, 13.015907933635024 ], [ 80.272732875633579, 13.015867046135559 ], [ 80.272664442873534, 13.015838642990614 ], [ 80.272664206616625, 13.015838551966116 ], [ 80.272629440916816, 13.015825162611147 ], [ 80.272581239115311, 13.015815985764918 ], [ 80.27250006824454, 13.015791705849994 ], [ 80.272413650314192, 13.015764428249765 ], [ 80.272285265788753, 13.015740287492326 ], [ 80.272186559803657, 13.015689556184366 ], [ 80.272118692083936, 13.01565699477162 ], [ 80.271974734364704, 13.015597365792743 ], [ 80.271794428114134, 13.015543240287739 ], [ 80.271698243700044, 13.01551331244325 ], [ 80.271592006239572, 13.015452071243278 ], [ 80.27151134291698, 13.015412240079812 ], [ 80.271468504956033, 13.015397824048598 ], [ 80.271437643334437, 13.015387438483973 ], [ 80.271392530839165, 13.015362627258012 ], [ 80.271322605977474, 13.015339916599316 ], [ 80.271251197997188, 13.015320004072711 ], [ 80.271200148536252, 13.015307201974061 ], [ 80.271152262043401, 13.015285005074752 ], [ 80.271130106893509, 13.015261523324568 ], [ 80.271095528941615, 13.015229146530782 ], [ 80.271048187726151, 13.015209572712321 ], [ 80.270994075010051, 13.015203634223436 ], [ 80.270947965384835, 13.015204498958456 ], [ 80.270891552981652, 13.015196564051848 ], [ 80.270807302686066, 13.015185024915166 ], [ 80.270729990977756, 13.015165638394162 ], [ 80.270651569850116, 13.015147333665897 ], [ 80.270571018816881, 13.01513218854592 ], [ 80.270463649479183, 13.015111451528245 ], [ 80.270401362992331, 13.015094006279936 ], [ 80.270315540645029, 13.015084179979821 ], [ 80.270196027881326, 13.015085109482907 ], [ 80.270094137368545, 13.015082652689003 ], [ 80.270034022109712, 13.015079951703623 ], [ 80.26999320086658, 13.015069800689536 ], [ 80.269897696477159, 13.015059494757846 ], [ 80.269829088545634, 13.01505948250453 ], [ 80.269777567469148, 13.015050386151881 ], [ 80.269660730786654, 13.015050690734849 ], [ 80.269552535897205, 13.015059970012267 ], [ 80.269503739410979, 13.015065077028156 ], [ 80.269470137029487, 13.015077370625855 ], [ 80.269447680943998, 13.015093853988477 ], [ 80.269409745987872, 13.015105682833234 ], [ 80.269338726978148, 13.015142012218361 ], [ 80.269266060458179, 13.01517408794172 ], [ 80.269198683218619, 13.015194514244683 ], [ 80.26911799384483, 13.015226657354518 ], [ 80.269027765261058, 13.015272608209328 ], [ 80.268974931745944, 13.015302388167745 ], [ 80.268937465710408, 13.015311595666303 ], [ 80.268892054974458, 13.015325664233279 ], [ 80.268856853591728, 13.015348531560766 ], [ 80.268836045016499, 13.015369179284395 ], [ 80.268807362707804, 13.015402011183253 ], [ 80.268774913763082, 13.015429588154428 ], [ 80.268696475567424, 13.015543116004144 ], [ 80.26865351094402, 13.015603396172001 ], [ 80.268624416308583, 13.015650965268886 ], [ 80.268563188037163, 13.01571291186001 ], [ 80.268527092830723, 13.015757839473919 ], [ 80.268496914827068, 13.015797449147195 ], [ 80.268478421210318, 13.015826783547597 ], [ 80.268467267727758, 13.01584447468553 ], [ 80.268450162906419, 13.015859887584066 ], [ 80.26842135932516, 13.015871108978819 ], [ 80.268387739875649, 13.015889279742641 ], [ 80.26836426779559, 13.015906212047033 ], [ 80.268340252234779, 13.01591952700263 ], [ 80.268315139831003, 13.015929763754954 ], [ 80.268278294531314, 13.015947382241016 ], [ 80.268246318100466, 13.015971253405887 ], [ 80.268215904738199, 13.015996665857429 ], [ 80.268124582006408, 13.016038363803052 ], [ 80.268061605613426, 13.016067753314745 ], [ 80.267996884692138, 13.016094516243545 ], [ 80.267852053810486, 13.016144019514533 ], [ 80.267797511699669, 13.016158604422616 ], [ 80.267770119371718, 13.016160334761228 ], [ 80.267689840528035, 13.016177830698062 ], [ 80.267640105302334, 13.016188722115077 ], [ 80.267587141531493, 13.016199603904003 ], [ 80.26747941196939, 13.016207256077811 ], [ 80.267411978135939, 13.016215655701487 ], [ 80.267375051987884, 13.016229566675005 ], [ 80.267341438826548, 13.01624556683173 ], [ 80.267296016412558, 13.016263250937913 ], [ 80.267221019662742, 13.016272262348341 ], [ 80.267139978149373, 13.016266969807683 ], [ 80.267042763367641, 13.016273747620598 ], [ 80.26695801989699, 13.016273237359083 ], [ 80.266911026329524, 13.016260988457693 ], [ 80.266867326884224, 13.016257247706967 ], [ 80.266855244543663, 13.016258087056507 ], [ 80.266836060122444, 13.016259420038118 ], [ 80.26679986969458, 13.016273694231298 ], [ 80.266768007349768, 13.016290061108254 ], [ 80.266732823933353, 13.016306961001611 ], [ 80.266643779329129, 13.016326511102102 ], [ 80.266595712274906, 13.016334422341238 ], [ 80.266544398709271, 13.016348744667965 ], [ 80.266485029950474, 13.016374075684052 ], [ 80.266430486941331, 13.016388931025793 ], [ 80.266272828117408, 13.016410547546363 ], [ 80.266198307474696, 13.016414225277961 ], [ 80.266144790341642, 13.016425285604653 ], [ 80.266108674473969, 13.016445437856422 ], [ 80.266070248139371, 13.016467662659309 ], [ 80.266043838568336, 13.016479795144472 ], [ 80.266011452505708, 13.016486123081592 ], [ 80.265928284680058, 13.016482903973358 ], [ 80.265847801020513, 13.016475985253614 ], [ 80.265797626518633, 13.016479098458701 ], [ 80.265739276449338, 13.01647169923573 ], [ 80.265681044957688, 13.016455258851154 ], [ 80.265588831995473, 13.016423350463242 ], [ 80.265447332066827, 13.016375118087401 ], [ 80.265287678084661, 13.01632258305229 ], [ 80.265058220513339, 13.016237751865555 ], [ 80.264964827164803, 13.016199601278329 ], [ 80.264861169665849, 13.01617100649513 ], [ 80.264813146629081, 13.01616408864192 ], [ 80.264760270893134, 13.016145040913258 ], [ 80.264707344851544, 13.016112158349245 ], [ 80.264548600862753, 13.016063876024473 ], [ 80.264466582880672, 13.016045831307279 ], [ 80.264315775507413, 13.01599549129193 ], [ 80.264248798018144, 13.015974323730813 ], [ 80.264139239486084, 13.015914426131001 ], [ 80.264066320539527, 13.015875157818263 ], [ 80.264016182868602, 13.015866154270547 ], [ 80.263982643369133, 13.015857017686679 ], [ 80.263946514026728, 13.015819480581087 ], [ 80.263940321939472, 13.015813947340934 ], [ 80.263916162648201, 13.015792358775913 ], [ 80.263889719839511, 13.015784869383122 ], [ 80.263863810630085, 13.015783801595409 ], [ 80.263841695904418, 13.015777951519112 ], [ 80.263799611629992, 13.015758391747774 ], [ 80.263761788064969, 13.015732424372212 ], [ 80.263718630303757, 13.015701739471332 ], [ 80.263679214924039, 13.015683724485823 ], [ 80.263601991250653, 13.015666144491407 ], [ 80.263529147762554, 13.015664039548261 ], [ 80.26350535049238, 13.015666141865694 ], [ 80.26348912871498, 13.01566347327041 ], [ 80.263474590380426, 13.015652853153565 ], [ 80.263426625734141, 13.015625861740384 ], [ 80.263376970458481, 13.015609445806311 ], [ 80.26331170605647, 13.015601483780346 ], [ 80.263270105075676, 13.015605615771664 ], [ 80.263228523857791, 13.015602965555685 ], [ 80.263196660614653, 13.015588679070538 ], [ 80.263168035798131, 13.015570152063432 ], [ 80.263116224565806, 13.015565845899419 ], [ 80.263036282590349, 13.015563177303065 ], [ 80.26299378688752, 13.015557903127247 ], [ 80.262961400824892, 13.015564230212679 ], [ 80.262938153323688, 13.015567419574811 ], [ 80.262905436681024, 13.015560906939294 ], [ 80.262858366756745, 13.015543412709388 ], [ 80.262798466195292, 13.015530040843183 ], [ 80.26275751020485, 13.015534536058908 ], [ 80.262723689532734, 13.015558129813522 ], [ 80.262689766452681, 13.015585340043216 ], [ 80.262652273467651, 13.015603589599278 ], [ 80.262601411754588, 13.015620985798458 ], [ 80.262550002967501, 13.015636301559661 ], [ 80.262485561422281, 13.015661888217561 ], [ 80.26241668489449, 13.015690536448851 ], [ 80.262353368938307, 13.015709796894829 ], [ 80.26224606607596, 13.015729150989516 ], [ 80.262185079451299, 13.015740151830741 ], [ 80.262139225845957, 13.015747706867572 ], [ 80.262079460930096, 13.015751244571231 ], [ 80.262014797500996, 13.015758384745897 ], [ 80.261968483059889, 13.015765847882383 ], [ 80.261924743190406, 13.015776031251667 ], [ 80.261872998433404, 13.015780224506587 ], [ 80.261820233190249, 13.015786584845314 ], [ 80.261798311602362, 13.015777751090098 ], [ 80.261760001150435, 13.015760643729772 ], [ 80.261698760302579, 13.015732981022307 ], [ 80.261653757401803, 13.015702562193274 ], [ 80.261633484222472, 13.01566687968984 ], [ 80.261623997114754, 13.015631949884558 ], [ 80.261628532708627, 13.015595071797922 ], [ 80.261662008427663, 13.01556306789846 ], [ 80.261700168860941, 13.015537496984662 ], [ 80.261731104144374, 13.015522846397261 ], [ 80.261740778101682, 13.01552567691288 ], [ 80.261749597761153, 13.015536914077027 ], [ 80.261762052004244, 13.015535050698087 ], [ 80.261779970699223, 13.015525426595174 ], [ 80.26179020700188, 13.01552509400523 ], [ 80.261802234545215, 13.015542760658045 ], [ 80.261819614251039, 13.015559447044632 ], [ 80.261849910832296, 13.015573729155257 ], [ 80.26188318982031, 13.015577079560808 ], [ 80.261905784246338, 13.015576420507678 ], [ 80.261957887431123, 13.015575935626634 ], [ 80.262001622809038, 13.015567289164563 ], [ 80.262055151620189, 13.015552069675113 ], [ 80.262099340647339, 13.015546047171735 ], [ 80.262148767750901, 13.015546006910849 ], [ 80.262225676115634, 13.015545411749924 ], [ 80.262246608658387, 13.015545622681969 ], [ 80.262275654784787, 13.015545915011012 ], [ 80.262344560058651, 13.01553887810814 ], [ 80.262363019539436, 13.015533414880712 ], [ 80.262377822876999, 13.015516909666395 ], [ 80.262377238073753, 13.015496292588328 ], [ 80.262368541483482, 13.015474566583421 ], [ 80.262299717956296, 13.015423102647642 ], [ 80.262247066799191, 13.015390507940875 ], [ 80.262224883801565, 13.015376775468697 ], [ 80.262145045132371, 13.015339295180762 ], [ 80.262060627750159, 13.01529077113989 ], [ 80.262025106567194, 13.015265804111953 ], [ 80.261987017999161, 13.015236038152963 ], [ 80.261933996736147, 13.01520442106227 ], [ 80.26190869838112, 13.01518382321348 ], [ 80.261882616695161, 13.015147491208745 ], [ 80.261854210169247, 13.015117932666984 ], [ 80.26181912017762, 13.015103004604278 ], [ 80.261788921512689, 13.015087094523317 ], [ 80.261701268398838, 13.015041454343738 ], [ 80.261652929155105, 13.015016812879427 ], [ 80.261630660817531, 13.015000564075601 ], [ 80.261621960634002, 13.014980375821581 ], [ 80.2616094767465, 13.014961081184628 ], [ 80.261541436550246, 13.014924990713149 ], [ 80.261459379042307, 13.01488958292285 ], [ 80.261315046725613, 13.014832931323053 ], [ 80.261223760824748, 13.014799486681314 ], [ 80.261150259769877, 13.014770614285752 ], [ 80.261096476735489, 13.014746861162589 ], [ 80.261017319887614, 13.014728370852623 ], [ 80.260954992976579, 13.014725029188012 ], [ 80.260886681489097, 13.014718414127325 ], [ 80.260791197760938, 13.014701685672621 ], [ 80.260744101785519, 13.014692871134038 ], [ 80.260636555479707, 13.014670140283451 ], [ 80.260563642821367, 13.014660257951224 ], [ 80.260471129821823, 13.014636756011349 ], [ 80.260391139337344, 13.014619348364931 ], [ 80.260280597150071, 13.014611890445359 ], [ 80.260216819459842, 13.014600044072234 ], [ 80.260157479447116, 13.014584593460043 ], [ 80.260105252294807, 13.014565094861343 ], [ 80.26007551356733, 13.014549276646074 ], [ 80.26002843286328, 13.014535670161864 ], [ 80.259940042232586, 13.0145212216958 ], [ 80.259898081027359, 13.014522458410303 ], [ 80.259867352356451, 13.014529785046516 ], [ 80.2598266083684, 13.014524696399679 ], [ 80.259785523918879, 13.014510202420437 ], [ 80.259731189318941, 13.014485904872785 ], [ 80.259678301006559, 13.014471648081448 ], [ 80.259627415937317, 13.014465896876372 ], [ 80.259602249634625, 13.014463293911184 ], [ 80.259559598523239, 13.014448252903025 ], [ 80.259432228195735, 13.01439399848673 ], [ 80.259374000297356, 13.014376471790561 ], [ 80.259339944266586, 13.014386320874948 ], [ 80.259267947889853, 13.014409624158954 ], [ 80.25909034287335, 13.014471959667047 ], [ 80.259057743011681, 13.014488141987254 ], [ 80.259035153975532, 13.014518277387452 ], [ 80.259015276953249, 13.014566414723447 ], [ 80.259003408411701, 13.014619367620213 ], [ 80.259002581063356, 13.014711593385165 ], [ 80.258999275263093, 13.014769001219522 ], [ 80.258978717317817, 13.014798057415545 ], [ 80.258955261407451, 13.014840306963496 ], [ 80.258941941188411, 13.014885388777616 ], [ 80.258943659665519, 13.014958634017118 ], [ 80.258934348627605, 13.015020093273412 ], [ 80.258914782422394, 13.015056657234995 ], [ 80.258880863833923, 13.015082240451763 ], [ 80.258843470561914, 13.015097866080618 ], [ 80.258794495310923, 13.015101072078249 ], [ 80.258703328885986, 13.015089780629603 ], [ 80.25865077474694, 13.015087098024255 ], [ 80.258583999378587, 13.015091067229861 ], [ 80.258489834377244, 13.01509604208411 ], [ 80.258429502624452, 13.015103736303425 ], [ 80.258348339838534, 13.015108477468837 ], [ 80.258284444469027, 13.015105582180828 ], [ 80.258234121745119, 13.015096667004201 ], [ 80.258202305214382, 13.015097661274842 ], [ 80.258177922242623, 13.015110340850942 ], [ 80.258149221069303, 13.015118125219379 ], [ 80.25811804593566, 13.015120206535725 ], [ 80.258089334880864, 13.015131155764932 ], [ 80.258040601276733, 13.015146026060227 ], [ 80.257954124955887, 13.015170102107945 ], [ 80.257882618160963, 13.015183912487757 ], [ 80.257829002213228, 13.015197231858346 ], [ 80.257783313897889, 13.015211206781357 ], [ 80.257658126476514, 13.015259946146291 ], [ 80.257636714233399, 13.015266232978391 ], [ 80.257594073901814, 13.015278751502157 ], [ 80.257566282721868, 13.015290154972648 ], [ 80.257541973411946, 13.015309525729638 ], [ 80.257519518224797, 13.01532519510603 ], [ 80.257475392978051, 13.015340892488998 ], [ 80.257427783166307, 13.015350069352811 ], [ 80.25738315216806, 13.01534985054346 ], [ 80.257331870941741, 13.015353140560645 ], [ 80.257292033353821, 13.015353658701144 ], [ 80.257240991079385, 13.01536960727543 ], [ 80.25719706795357, 13.015379428312782 ], [ 80.257137110798226, 13.015385133984353 ], [ 80.257091824029828, 13.015388620929448 ], [ 80.257067812062274, 13.015400668569422 ], [ 80.257043605160334, 13.015416332688636 ], [ 80.257007797414786, 13.015425904281548 ], [ 80.256967746926165, 13.01543582684419 ], [ 80.256932494339466, 13.015444858415135 ], [ 80.256884433573461, 13.015450326895962 ], [ 80.256838046368813, 13.015451730776094 ], [ 80.256776936674967, 13.015442062032861 ], [ 80.256710932061154, 13.015434910470979 ], [ 80.256650715292736, 13.01543537084566 ], [ 80.25655481025467, 13.015435818967049 ], [ 80.256459240288237, 13.015447933122726 ], [ 80.256428679602251, 13.01546077547501 ], [ 80.256399671205102, 13.015478414124846 ], [ 80.256374756430674, 13.015484039272328 ], [ 80.256345163230293, 13.015481603488112 ], [ 80.256295644498564, 13.015481281400922 ], [ 80.256230290265023, 13.015472593799407 ], [ 80.256190768884096, 13.015459822341967 ], [ 80.256160012365399, 13.015445266275576 ], [ 80.256056102439842, 13.015409071721374 ], [ 80.256019599398286, 13.015404355943634 ], [ 80.255971742549818, 13.015403585734889 ], [ 80.255837349193428, 13.015416130508829 ], [ 80.255676833726895, 13.015436918264784 ], [ 80.255557711730333, 13.015461532554971 ], [ 80.255453068779516, 13.015485555182602 ], [ 80.25532204141048, 13.015513480488721 ], [ 80.255248311285229, 13.015530448703483 ], [ 80.255204181546887, 13.015547682989046 ], [ 80.255151827732149, 13.015570499532327 ], [ 80.255095031748297, 13.015598457212613 ], [ 80.255029452037633, 13.01563461760496 ], [ 80.254957884157236, 13.015668500627347 ], [ 80.254847867484401, 13.015731840589796 ], [ 80.254759606211096, 13.015766850902718 ], [ 80.254719177531754, 13.015787621999756 ], [ 80.254696249830744, 13.015799400922933 ], [ 80.254629572378775, 13.015832302783664 ], [ 80.254507167039847, 13.015875352995787 ], [ 80.254456270292465, 13.015904502712294 ], [ 80.25443961462878, 13.01592353383 ], [ 80.254428009293648, 13.015949631595609 ], [ 80.25441638958543, 13.015980973767361 ], [ 80.254398326261722, 13.016007958140028 ], [ 80.254375217101028, 13.016026788820922 ], [ 80.254362107087772, 13.016031724270846 ], [ 80.254325347128031, 13.016020677930349 ], [ 80.254271245191731, 13.016011209638126 ], [ 80.254188963104966, 13.01598936202064 ], [ 80.254153008934026, 13.015986275066453 ], [ 80.254103899834078, 13.015972209162696 ], [ 80.254019707030707, 13.015941856880881 ], [ 80.25397871780261, 13.015926457991199 ], [ 80.253950183715915, 13.015908744102989 ], [ 80.253930880717093, 13.015888163817438 ], [ 80.253915502457744, 13.015880795210066 ], [ 80.253887468732685, 13.015881076160648 ], [ 80.253871988963709, 13.015876962553852 ], [ 80.253856720298799, 13.015863898788577 ], [ 80.253833980345718, 13.015851626235554 ], [ 80.253814060204277, 13.015852111991302 ], [ 80.253797718950949, 13.015858484581488 ], [ 80.253779157062212, 13.015867473250479 ], [ 80.253761915696984, 13.015866519243751 ], [ 80.253707668233602, 13.015844391538135 ], [ 80.253686800369564, 13.015822630554302 ], [ 80.253679749492889, 13.01580606321753 ], [ 80.253679157503129, 13.015788158519282 ], [ 80.253679267097581, 13.015784632194224 ], [ 80.253679769255825, 13.015768629382002 ], [ 80.253669611106602, 13.015711906213758 ], [ 80.25366454011683, 13.015680606894534 ], [ 80.253657997686602, 13.015648217026927 ], [ 80.253660736649906, 13.015626615318887 ], [ 80.253656660095146, 13.015602280245497 ], [ 80.253633087403784, 13.015559896041019 ], [ 80.253610099515654, 13.015538128905547 ], [ 80.253600382439231, 13.015518841313916 ], [ 80.253598778048143, 13.015500300297791 ], [ 80.253602624634183, 13.015478249580326 ], [ 80.253611561972946, 13.015449973300187 ], [ 80.253628170924245, 13.015415661381745 ], [ 80.253637147788865, 13.015404837324057 ], [ 80.253629095290663, 13.015384017181646 ], [ 80.253619621657663, 13.015375852093371 ], [ 80.253598442976525, 13.015365754480873 ], [ 80.253593207595031, 13.01535868693963 ], [ 80.253620896367039, 13.015350538480021 ], [ 80.253641877418815, 13.01533423280766 ], [ 80.253663869973622, 13.015319015054374 ], [ 80.253676328708309, 13.015315704906273 ], [ 80.2536953613142, 13.015272900538728 ], [ 80.253720845620492, 13.015230838365383 ], [ 80.253743499335343, 13.015210377931135 ], [ 80.253771844775812, 13.01519852370947 ], [ 80.253807757624244, 13.015184792977134 ], [ 80.253849669422152, 13.015169090332815 ], [ 80.253868886182687, 13.015156938528252 ], [ 80.253882764255522, 13.015141516833637 ], [ 80.253899070474574, 13.015116064908726 ], [ 80.253907246041962, 13.015095743627855 ], [ 80.253926770026368, 13.015073557212457 ], [ 80.253951997414489, 13.015055817006173 ], [ 80.253969051930156, 13.015026750337485 ], [ 80.253981328306807, 13.014991702284762 ], [ 80.253987944398872, 13.01496866425282 ], [ 80.253978982805592, 13.014943592163808 ], [ 80.25395832155408, 13.014914507977185 ], [ 80.25391578722369, 13.014860586253805 ], [ 80.253876424844563, 13.014825660711075 ], [ 80.253856019612897, 13.014803448889584 ], [ 80.253789930557446, 13.014763112608769 ], [ 80.253725957932801, 13.014724319368714 ], [ 80.253707920660204, 13.014711789438831 ], [ 80.253704457654777, 13.014698035923303 ], [ 80.253676505676395, 13.014671190571166 ], [ 80.253627527730472, 13.014644375849553 ], [ 80.253592237414537, 13.014635232218733 ], [ 80.253551939889221, 13.014635026537325 ], [ 80.253531585861523, 13.014626738890817 ], [ 80.253520769247174, 13.014604916533283 ], [ 80.253515758444522, 13.01458473874988 ], [ 80.253520312903007, 13.01457272607985 ], [ 80.253539121828425, 13.014573594318023 ], [ 80.253556477279716, 13.014567043145824 ], [ 80.253562039647946, 13.014557203696267 ], [ 80.253497477728487, 13.014530614774266 ], [ 80.253407196144124, 13.014500968634888 ], [ 80.25337603628185, 13.014498257140293 ], [ 80.253366686616388, 13.014510165660349 ], [ 80.253346002906952, 13.014550432838346 ], [ 80.253311203071164, 13.014623573148056 ], [ 80.253272284459811, 13.014686664809433 ], [ 80.253207642590283, 13.014748145138901 ], [ 80.25315635507576, 13.01478461811573 ], [ 80.253127991668961, 13.014802529888334 ], [ 80.253083369653879, 13.014830160315777 ], [ 80.253049556168264, 13.014851131045837 ], [ 80.253027183626116, 13.014870159618681 ], [ 80.253016181958827, 13.014879517674379 ], [ 80.252994813733153, 13.014901789880547 ], [ 80.252958368183769, 13.015001237134099 ], [ 80.252920886876851, 13.015076991647637 ], [ 80.252881517311209, 13.01513637480979 ], [ 80.25281755636469, 13.015216845063474 ], [ 80.252768844320087, 13.015255495562716 ], [ 80.25273980358358, 13.015283984547741 ], [ 80.252707108500488, 13.015331812776211 ], [ 80.252675410547369, 13.01538552171445 ], [ 80.252657620311481, 13.015413681595383 ], [ 80.252630697802417, 13.015443261982812 ], [ 80.252589434588174, 13.015488352439643 ], [ 80.25257373563025, 13.015495903107958 ], [ 80.25255982342145, 13.015491975045002 ], [ 80.252552027841404, 13.015477575647912 ], [ 80.252544677825739, 13.015468512569615 ], [ 80.252534443319718, 13.015468301637531 ], [ 80.25250763310008, 13.015491010533983 ], [ 80.252457899671001, 13.015531737051939 ], [ 80.252427743226917, 13.015563297210448 ], [ 80.252373699681087, 13.015626616194137 ], [ 80.252341541790571, 13.015649219172495 ], [ 80.252299356006503, 13.015663655319532 ], [ 80.252255308014867, 13.015684415047144 ], [ 80.252210120959433, 13.015715751125805 ], [ 80.252168856846865, 13.015761385054564 ], [ 80.252147538926849, 13.015780221005649 ], [ 80.252143153351653, 13.015784096549885 ], [ 80.252113888036305, 13.015795134148576 ], [ 80.252078837570551, 13.015798107324489 ], [ 80.252053911118068, 13.015807710411163 ], [ 80.251992605591482, 13.015863503182116 ], [ 80.25195857740853, 13.015894420000365 ], [ 80.25192853954205, 13.015917119230195 ], [ 80.251898048924673, 13.015937104353357 ], [ 80.251857212410187, 13.01596320824418 ], [ 80.251826722691135, 13.01598265071787 ], [ 80.251798699745848, 13.016010057828849 ], [ 80.2517711043986, 13.016048587421951 ], [ 80.251741747455128, 13.016090186457335 ], [ 80.251714937235491, 13.016112895296805 ], [ 80.251655412169825, 13.016159199582077 ], [ 80.251628044994675, 13.016182900931065 ], [ 80.251591899482605, 13.016212816441454 ], [ 80.25155173400961, 13.016261075105875 ], [ 80.251484765503491, 13.016329420379591 ], [ 80.251442160206196, 13.016360763378556 ], [ 80.251359146890792, 13.016398229508303 ], [ 80.251319637187976, 13.016412220993045 ], [ 80.251289370251101, 13.016419004928592 ], [ 80.251266569212547, 13.016427077207734 ], [ 80.251254894707131, 13.01644530832187 ], [ 80.251243664867758, 13.016469327353208 ], [ 80.251234757173393, 13.016487567216616 ], [ 80.251222196030781, 13.016494221615563 ], [ 80.251192477964551, 13.016502635233245 ], [ 80.251159976019252, 13.016516737866722 ], [ 80.25113260794582, 13.01654098182606 ], [ 80.251111038497513, 13.0165685875532 ], [ 80.251096578316407, 13.016593592084915 ], [ 80.251089583135268, 13.0166197939327 ], [ 80.251092265504695, 13.016647832016034 ], [ 80.251104741307401, 13.016669659445114 ], [ 80.25111143285794, 13.01668296998352 ], [ 80.251109646108844, 13.016694538808364 ], [ 80.251097525140722, 13.016708067278351 ], [ 80.251071058975796, 13.016739185294737 ], [ 80.251058264271194, 13.016762115508534 ], [ 80.251051264598516, 13.016789944395287 ], [ 80.251045377938468, 13.01681569722815 ], [ 80.251039497566609, 13.016839279482806 ], [ 80.25102992691555, 13.016863393876244 ], [ 80.251019484898691, 13.01690116013453 ], [ 80.251010153199545, 13.016937843725389 ], [ 80.251008281110501, 13.016977894326784 ], [ 80.251007184267522, 13.017005288199238 ], [ 80.250953466810174, 13.017082894089587 ], [ 80.250935125008709, 13.017110510259137 ], [ 80.2509186633811, 13.017126466597462 ], [ 80.250890049344349, 13.017135426337832 ], [ 80.250855890905683, 13.017148528546281 ], [ 80.250821623770875, 13.017166875137859 ], [ 80.25079971296276, 13.01718543878531 ], [ 80.250792824681156, 13.01720684868196 ], [ 80.250779019371862, 13.017228780214234 ], [ 80.250755437697364, 13.017250955933935 ], [ 80.250719833869411, 13.017284579667123 ], [ 80.250684905574531, 13.017308168878989 ], [ 80.250584676046685, 13.017397485253797 ], [ 80.250542512720514, 13.017435159531548 ], [ 80.250526041211458, 13.017454370829064 ], [ 80.250514361316149, 13.017474682288993 ], [ 80.250498901310095, 13.017494438851593 ], [ 80.250464868635547, 13.017527072666994 ], [ 80.250437170880417, 13.017568676705583 ], [ 80.250395257285874, 13.017645955083783 ], [ 80.250369225007248, 13.017686026576271 ], [ 80.250348309532512, 13.017710921591629 ], [ 80.25032216137123, 13.017727845019296 ], [ 80.250301471373575, 13.017739088210199 ], [ 80.250291469531234, 13.017753164516417 ], [ 80.250281346416273, 13.017777186921967 ], [ 80.250271777561849, 13.017800758582363 ], [ 80.250249311594928, 13.017819772925098 ], [ 80.250229505539536, 13.01784367629307 ], [ 80.250212723213394, 13.017874100110676 ], [ 80.25020127418513, 13.017909601999289 ], [ 80.250193765167651, 13.017953343280857 ], [ 80.250183509102058, 13.017990747903854 ], [ 80.250172188532829, 13.018014224144109 ], [ 80.250136471517138, 13.018054810210982 ], [ 80.250089304574843, 13.018100335180858 ], [ 80.249980744969363, 13.01819325633147 ], [ 80.24997826202592, 13.018195381383395 ], [ 80.249879898298957, 13.01827957561005 ], [ 80.24983928097339, 13.018324396856235 ], [ 80.249801421475709, 13.018372029322428 ], [ 80.249771588425133, 13.018418509106116 ], [ 80.24973216226563, 13.018496427884905 ], [ 80.249697008493627, 13.018564231652507 ], [ 80.249696458724657, 13.018565669648847 ], [ 80.249695369966545, 13.018564607999705 ], [ 80.249659189420157, 13.018655845917273 ] ] ] } },
{ "type": "Feature", "properties": { "objectid": 2, "name": "COOVUM RIVER", "zone": "11,10,8,9,13,5,4,1", "ward": " 2,3,4,6,7,38,41,47,53,54,57,58,59,62,63,111,110,106,102,100,90,93,145,144,146,150,114,116,121,124,125,123,122,", "category": "RIVER", "sub_catego": "RIVER", "st_area(shape)": 760872.37942725769, "st_perimeter(shape)": 45346.184040443826 }, "geometry": { "type": "Polygon", "coordinates": [ [ [ 80.282638531796238, 13.067845106493817 ], [ 80.282646319291416, 13.067955407601472 ], [ 80.282650850393708, 13.067983540497028 ], [ 80.282660172211408, 13.068013314985119 ], [ 80.282665817224682, 13.068038828846637 ], [ 80.282674343135028, 13.068056665009252 ], [ 80.282701781277069, 13.068105206701642 ], [ 80.28274854577414, 13.068168359102762 ], [ 80.282788207292228, 13.068200116432685 ], [ 80.282836458501095, 13.068227738270977 ], [ 80.282868793359739, 13.068241390804911 ], [ 80.282969754116195, 13.068253787641048 ], [ 80.283084283925035, 13.06826260464647 ], [ 80.283205836762761, 13.068266829388527 ], [ 80.283310810293614, 13.068263323062606 ], [ 80.283504093606751, 13.068245052014978 ], [ 80.283689804122076, 13.068230375672501 ], [ 80.283879763668693, 13.068213631585193 ], [ 80.284089400811609, 13.06818545933862 ], [ 80.284135540979548, 13.068177539257162 ], [ 80.284162571286444, 13.068175805782216 ], [ 80.284219834394236, 13.068180756817624 ], [ 80.284251081393066, 13.068187986484219 ], [ 80.284567727649247, 13.068121951671298 ], [ 80.28457329630568, 13.068109851470727 ], [ 80.284582213881549, 13.068088174714164 ], [ 80.284601797154721, 13.068077830738904 ], [ 80.28465060711568, 13.068071546123967 ], [ 80.284679302899136, 13.068067646897473 ], [ 80.284713455947923, 13.068058518366987 ], [ 80.284760848367355, 13.068032066452874 ], [ 80.284860966504098, 13.067985053460452 ], [ 80.284961418814092, 13.067949795897851 ], [ 80.285061848666231, 13.067922405042014 ], [ 80.285194060014817, 13.067874201083539 ], [ 80.285226836844572, 13.067864901910848 ], [ 80.285244188702606, 13.067860965928922 ], [ 80.285381983978979, 13.067829705584725 ], [ 80.285541757437088, 13.067789548584857 ], [ 80.285682522543809, 13.067752051736397 ], [ 80.285778995317116, 13.067721575425047 ], [ 80.28584454718002, 13.067698789943345 ], [ 80.285876592781136, 13.067684591346884 ], [ 80.285898739846189, 13.067680854873979 ], [ 80.285909982261956, 13.067684593096978 ], [ 80.285927297289049, 13.067693321742457 ], [ 80.285953037615201, 13.067690679959961 ], [ 80.285997343423318, 13.067679138021528 ], [ 80.286025216349955, 13.067672975903772 ], [ 80.286040173299469, 13.067667682712754 ], [ 80.286049520269998, 13.067656677180313 ], [ 80.286064020875301, 13.067649845646965 ], [ 80.286108996826627, 13.067629806073063 ], [ 80.286117780553468, 13.067622325250074 ], [ 80.286114865520403, 13.067609657991001 ], [ 80.286115536561894, 13.067600617823894 ], [ 80.286124759564927, 13.067600734205861 ], [ 80.286130821396469, 13.067609883754546 ], [ 80.286136891312822, 13.067616048499046 ], [ 80.286150262735816, 13.067616718789203 ], [ 80.286182188861034, 13.067612104637679 ], [ 80.28623931093334, 13.067602226170347 ], [ 80.2862666394809, 13.067592535838934 ], [ 80.28628013487139, 13.067582626744006 ], [ 80.286290033407511, 13.067572255620918 ], [ 80.286305552702359, 13.067563890118006 ], [ 80.286315992024299, 13.067557951135791 ], [ 80.286324661665091, 13.06755806489263 ], [ 80.286334332029128, 13.067563246079256 ], [ 80.286341505076663, 13.06757040925992 ], [ 80.286353758097135, 13.067575596571698 ], [ 80.286367598440719, 13.067573736209898 ], [ 80.286376368692856, 13.067570866912453 ], [ 80.286414151833696, 13.067550174542818 ], [ 80.286469590463142, 13.067516148992462 ], [ 80.286489713623823, 13.06751041739661 ], [ 80.286504094753212, 13.067513079307247 ], [ 80.286521867921081, 13.067522893899255 ], [ 80.286537248875391, 13.06753062149016 ], [ 80.28655467439529, 13.067532930754291 ], [ 80.286590101255129, 13.067529863694459 ], [ 80.286606623968169, 13.067525478805127 ], [ 80.286627317559038, 13.067513690094112 ], [ 80.28666150384548, 13.067492988094115 ], [ 80.286695125091654, 13.067476353338424 ], [ 80.2867219946001, 13.067466119594181 ], [ 80.286746176349226, 13.067460399372884 ], [ 80.286769785871513, 13.067461187795596 ], [ 80.286803285845096, 13.067454589020951 ], [ 80.286821940260296, 13.067446773922402 ], [ 80.28684006017788, 13.067431905020761 ], [ 80.286866938669505, 13.067418687343498 ], [ 80.286885584101555, 13.067413855300034 ], [ 80.286895375738155, 13.067408457097061 ], [ 80.286907410468004, 13.067393029034111 ], [ 80.28696466189767, 13.067337849921529 ], [ 80.287003703578264, 13.067296544771395 ], [ 80.287062958250999, 13.067250502948482 ], [ 80.287130429813701, 13.067201500809659 ], [ 80.287176553811975, 13.067166906426117 ], [ 80.28719431440345, 13.067148961692508 ], [ 80.287214804076754, 13.067112036157162 ], [ 80.287266436544343, 13.067022029813446 ], [ 80.287293668073858, 13.066982138698826 ], [ 80.287295924641867, 13.066967044880114 ], [ 80.287299638277233, 13.066958464968261 ], [ 80.287308519022147, 13.066949537659371 ], [ 80.287318868512543, 13.066942604600095 ], [ 80.287327080012531, 13.066941722544829 ], [ 80.287342475339898, 13.066944478092459 ], [ 80.287362947945212, 13.066945709294592 ], [ 80.287388236418764, 13.066939992561446 ], [ 80.287407913116766, 13.066929196134675 ], [ 80.287428160244929, 13.066912343452328 ], [ 80.287449190704052, 13.066879940166112 ], [ 80.287491512133741, 13.066788280758209 ], [ 80.287523575701172, 13.066735834308961 ], [ 80.287535513412962, 13.066721942801633 ], [ 80.287556415412993, 13.066702017784683 ], [ 80.287580262090543, 13.066684722308619 ], [ 80.287607697537638, 13.066669968868441 ], [ 80.287660890378874, 13.066646968025921 ], [ 80.287720378613614, 13.066615575394504 ], [ 80.287765282699738, 13.066590022008386 ], [ 80.28781142017273, 13.066566679011451 ], [ 80.287858680539813, 13.066545603283048 ], [ 80.287906946121694, 13.06652684470192 ], [ 80.288003235638683, 13.066495552686714 ], [ 80.288048941920366, 13.066477775915132 ], [ 80.288159838942178, 13.066434679380141 ], [ 80.288280259004324, 13.06638328992444 ], [ 80.288325875454461, 13.066364789472754 ], [ 80.288359193070008, 13.066357466121698 ], [ 80.288417058049049, 13.066345509343952 ], [ 80.288444559971481, 13.066340780536178 ], [ 80.288472373609309, 13.066338372379443 ], [ 80.288500295044955, 13.06633830149984 ], [ 80.288528121259219, 13.066340570522511 ], [ 80.288547282324217, 13.06633937256953 ], [ 80.288566155928336, 13.066335923970028 ], [ 80.288584471678647, 13.066330276352257 ], [ 80.288601960080598, 13.066322509346252 ], [ 80.288616259463311, 13.066316688466875 ], [ 80.288631169700395, 13.066312601075381 ], [ 80.288646473399581, 13.06631030492567 ], [ 80.288661948676975, 13.066309834144954 ], [ 80.288678450728753, 13.066309542750943 ], [ 80.288694837796129, 13.066311464376257 ], [ 80.28871080535032, 13.066315562268466 ], [ 80.288726051557319, 13.066321760297432 ], [ 80.288740289854587, 13.066329942955536 ], [ 80.288827831577322, 13.066357942152621 ], [ 80.288956494580532, 13.066391480456021 ], [ 80.289122377480922, 13.066439769584495 ], [ 80.289816356580602, 13.066597200093243 ], [ 80.289855092833974, 13.068146376083643 ], [ 80.289537361412926, 13.067786094755315 ], [ 80.289230872407657, 13.067235948179313 ], [ 80.28912028440628, 13.067042324952613 ], [ 80.288966236809785, 13.066725701165419 ], [ 80.288914507324165, 13.066624107190211 ], [ 80.288812279044805, 13.066571382438259 ], [ 80.288748435777592, 13.066545074749069 ], [ 80.288711734208349, 13.066542532710701 ], [ 80.28865895189719, 13.066550977878354 ], [ 80.288616821808674, 13.066575908228579 ], [ 80.288599246270138, 13.066594034140437 ], [ 80.28858451659444, 13.066616508204197 ], [ 80.288541736125666, 13.066739633800168 ], [ 80.288512910086496, 13.066788832918135 ], [ 80.28851131647518, 13.066797961495581 ], [ 80.288521119789877, 13.066820684056434 ], [ 80.288535896178004, 13.066846403679204 ], [ 80.288564179634719, 13.06688988341638 ], [ 80.288573748489128, 13.06693032758063 ], [ 80.288584815733401, 13.06696300037709 ], [ 80.288596851361575, 13.0669793989026 ], [ 80.288612131704568, 13.067022028938423 ], [ 80.288687680918301, 13.067244310193143 ], [ 80.288703076245625, 13.067279163581709 ], [ 80.288704826163809, 13.067312443619169 ], [ 80.288699737207708, 13.06731803521105 ], [ 80.288693936785918, 13.067314402863969 ], [ 80.288681157352684, 13.067300080862816 ], [ 80.288651768069869, 13.06728842689928 ], [ 80.288632316849018, 13.067284665918891 ], [ 80.288592643652805, 13.067289077939156 ], [ 80.28857222225146, 13.067302222993925 ], [ 80.288540770436711, 13.067334326081376 ], [ 80.288523174236929, 13.067359594998148 ], [ 80.288512562438484, 13.067393383430673 ], [ 80.288510095664734, 13.06741733801157 ], [ 80.288514819006465, 13.067442939439966 ], [ 80.288521677643672, 13.067463483934633 ], [ 80.288537401754397, 13.067479983933032 ], [ 80.288556022931928, 13.06748374228528 ], [ 80.288567645335078, 13.067483232129435 ], [ 80.288613136021056, 13.067476756737845 ], [ 80.288645716119788, 13.067469340664154 ], [ 80.288717963126516, 13.067459684454583 ], [ 80.288741020184915, 13.067460018724798 ], [ 80.288756030134991, 13.067468650247346 ], [ 80.288771873721657, 13.067475927187633 ], [ 80.288791227924463, 13.067481134627602 ], [ 80.28881490661702, 13.06748997003672 ], [ 80.288839216825238, 13.067503690865559 ], [ 80.288860664102643, 13.0675188502804 ], [ 80.288877030508829, 13.067536707481862 ], [ 80.288923168880103, 13.067593890420239 ], [ 80.288973308347707, 13.067670975534362 ], [ 80.289041644089679, 13.067738979334923 ], [ 80.289062255035574, 13.067756215233564 ], [ 80.289081580492265, 13.067771368507556 ], [ 80.289095210630066, 13.06777864018863 ], [ 80.289118777033252, 13.067794438374394 ], [ 80.289170018733685, 13.067841145135072 ], [ 80.289201905332988, 13.067882555200281 ], [ 80.289203992119411, 13.067894587157996 ], [ 80.289200180567661, 13.067905156029182 ], [ 80.289192870077883, 13.067913544271866 ], [ 80.289187042706644, 13.067919134975085 ], [ 80.289187561932863, 13.067931161680724 ], [ 80.289186701346807, 13.06794173842577 ], [ 80.289174202187965, 13.067958522783835 ], [ 80.28916402966567, 13.067967626816609 ], [ 80.289156098440031, 13.067967514810054 ], [ 80.289134428380436, 13.067965827711349 ], [ 80.289122888622302, 13.067969231660495 ], [ 80.289083628651113, 13.067990554031766 ], [ 80.289065424291863, 13.068002348845376 ], [ 80.289029242847178, 13.068011110731558 ], [ 80.288998141375444, 13.068017715616708 ], [ 80.288925675179783, 13.068039398504794 ], [ 80.288883661872234, 13.068055829335671 ], [ 80.288852457094222, 13.068066051679789 ], [ 80.288795953062859, 13.068085788450727 ], [ 80.288746644536914, 13.06810500281483 ], [ 80.288703778728177, 13.068129117460908 ], [ 80.288678386948362, 13.068138722891344 ], [ 80.288619029867647, 13.068156281655737 ], [ 80.288569097910894, 13.068167718565791 ], [ 80.288484248439048, 13.068197684667686 ], [ 80.288395789536395, 13.068231892134575 ], [ 80.28837039775658, 13.068241496685983 ], [ 80.288347100847986, 13.068260240260949 ], [ 80.288335063423176, 13.068276754206893 ], [ 80.288314697717382, 13.06830264868791 ], [ 80.288275894090361, 13.068357607947309 ], [ 80.288263304201635, 13.068373486600597 ], [ 80.288254522271444, 13.068380424869977 ], [ 80.288248340963946, 13.068380859769686 ], [ 80.288238562802107, 13.068381285043879 ], [ 80.288231262193761, 13.068386238700292 ], [ 80.288225521060824, 13.068394179776286 ], [ 80.288204142055349, 13.068419619219185 ], [ 80.288186949199144, 13.068432501698899 ], [ 80.288167269806195, 13.068444292991202 ], [ 80.288147691024591, 13.068453100364252 ], [ 80.28809496890058, 13.0684725763395 ], [ 80.288075868022659, 13.068475326619762 ], [ 80.288065067578017, 13.068478733187012 ], [ 80.288052585487151, 13.068489187401736 ], [ 80.288034940778331, 13.068498994079482 ], [ 80.287967927356462, 13.068516803082334 ], [ 80.287931834844969, 13.068526921276529 ], [ 80.2879102483287, 13.068528127969371 ], [ 80.287887557782909, 13.068528337106146 ], [ 80.287859324631867, 13.068531423404657 ], [ 80.287821564847206, 13.068544068740216 ], [ 80.287782873509627, 13.068559695367369 ], [ 80.287752865287544, 13.068570915246562 ], [ 80.287731722539021, 13.068578180778735 ], [ 80.287690459324764, 13.068590183825918 ], [ 80.287668769502204, 13.068595458621143 ], [ 80.287645506729632, 13.06860226650198 ], [ 80.287630547983497, 13.068608102203301 ], [ 80.287610869488887, 13.068619441086943 ], [ 80.287579278435302, 13.068635629490661 ], [ 80.287538463480359, 13.068652244917139 ], [ 80.287504282583811, 13.068670867704231 ], [ 80.287450093510941, 13.068687356246258 ], [ 80.287391279910963, 13.068708262032409 ], [ 80.287334962729162, 13.068727094826908 ], [ 80.287285390098518, 13.068742058155769 ], [ 80.287221973531047, 13.068759876766606 ], [ 80.287174526314345, 13.068773399763902 ], [ 80.287132156375691, 13.068785399301408 ], [ 80.287097629627709, 13.068796063514709 ], [ 80.287072332171022, 13.068804764994395 ], [ 80.287039283151699, 13.068814981182182 ], [ 80.287007801692582, 13.068825112489883 ], [ 80.286982508727448, 13.068832366638938 ], [ 80.286957773616109, 13.068838085078349 ], [ 80.286926855400637, 13.068844690816411 ], [ 80.286903584543182, 13.068854482604225 ], [ 80.286864806967316, 13.06886811935262 ], [ 80.286807023734994, 13.06888342219151 ], [ 80.28672246262235, 13.068909048844274 ], [ 80.286617682229306, 13.068941943640956 ], [ 80.286567208588423, 13.068949309792686 ], [ 80.286529000544448, 13.068957341855494 ], [ 80.286484139577496, 13.068969424513565 ], [ 80.286458379488394, 13.068978666766553 ], [ 80.286455233588256, 13.068982094327996 ], [ 80.28645152803773, 13.068987599252369 ], [ 80.286444226531088, 13.068993004421175 ], [ 80.286431398588846, 13.068995410801929 ], [ 80.286415546917326, 13.068991116943595 ], [ 80.2863438523745, 13.068968585342876 ], [ 80.286248558190849, 13.068909910766401 ], [ 80.286220011527746, 13.068893917516327 ], [ 80.286197432373072, 13.068887526166339 ], [ 80.286185168572828, 13.068886406980035 ], [ 80.286160432563165, 13.068892125418223 ], [ 80.286007661472667, 13.068934924882971 ], [ 80.285988086284334, 13.068942194779639 ], [ 80.285968406891413, 13.06895407530247 ], [ 80.285945485478607, 13.068970378315491 ], [ 80.285929288854049, 13.068989773745558 ], [ 80.285906330610331, 13.069018735193177 ], [ 80.285882153352773, 13.069055198418297 ], [ 80.285871233432161, 13.069067646841367 ], [ 80.285856060887014, 13.069083608578479 ], [ 80.285844238159584, 13.069089453893943 ], [ 80.285809062827994, 13.069101111272618 ], [ 80.28578162827921, 13.069115321163226 ], [ 80.285750025547514, 13.069135578503269 ], [ 80.285725178146748, 13.069148349814633 ], [ 80.285691114031167, 13.069158473233209 ], [ 80.285656044700815, 13.069165610116194 ], [ 80.285634449201353, 13.069169799840902 ], [ 80.285611846690529, 13.069171545559533 ], [ 80.28558701186617, 13.069179795501787 ], [ 80.285551819466576, 13.069197420695664 ], [ 80.285524031879902, 13.069206115160803 ], [ 80.285505480770965, 13.069210403765126 ], [ 80.285487949249884, 13.069212706013232 ], [ 80.285467834174042, 13.069215453660085 ], [ 80.285451856738405, 13.069222824178869 ], [ 80.285424529987466, 13.069231519518189 ], [ 80.285402838368285, 13.069237336828641 ], [ 80.285385857514484, 13.069240634879602 ], [ 80.285356056803238, 13.069243717669032 ], [ 80.285318953687053, 13.069252294876293 ], [ 80.285284896758043, 13.069259886780765 ], [ 80.285254080052212, 13.069263508598683 ], [ 80.285240140893947, 13.069267483060294 ], [ 80.285225186639394, 13.069271748037282 ], [ 80.285182349576772, 13.069285734781218 ], [ 80.28512642945033, 13.069294531623706 ], [ 80.285085618986955, 13.069309428414625 ], [ 80.285066921452639, 13.069332524389113 ], [ 80.285055007995339, 13.069337645160276 ], [ 80.285034445558495, 13.069335780436548 ], [ 80.285012327239556, 13.069329208838447 ], [ 80.284932798489137, 13.069337217262648 ], [ 80.284570530392955, 13.069454665078709 ], [ 80.284548847756909, 13.06945704607862 ], [ 80.284490662079349, 13.069483920487148 ], [ 80.284461058099183, 13.069514762350002 ], [ 80.284442445006476, 13.069572398978741 ], [ 80.28440765595046, 13.06967429713122 ], [ 80.284382903771132, 13.069749729510903 ], [ 80.284367848905276, 13.06982112003648 ], [ 80.284346389949789, 13.069938064471838 ], [ 80.284303497191601, 13.070100886518388 ], [ 80.284299392789066, 13.070123205380137 ], [ 80.284277812560987, 13.070240539066548 ], [ 80.284270173287808, 13.070286279316884 ], [ 80.284264916346771, 13.070332342449563 ], [ 80.28425435395566, 13.070573012355617 ], [ 80.284250024974313, 13.070586542253928 ], [ 80.284247982205343, 13.070600579675778 ], [ 80.284248278649386, 13.070614757103497 ], [ 80.284250907119898, 13.070628700894259 ], [ 80.284252737886447, 13.070633696507594 ], [ 80.28376456641162, 13.070676145653707 ], [ 80.283755567089088, 13.070665347640272 ], [ 80.283705156330299, 13.070600075651651 ], [ 80.283657245582944, 13.070533019434954 ], [ 80.283581015446259, 13.070452153281547 ], [ 80.283467615718024, 13.070306985457822 ], [ 80.283450558507397, 13.070287672385293 ], [ 80.283432132264309, 13.070269608872714 ], [ 80.283412433108452, 13.070252885049788 ], [ 80.283391561651129, 13.070237588421085 ], [ 80.283369625690199, 13.070223798615823 ], [ 80.283346118575849, 13.070197943713286 ], [ 80.28332439821061, 13.070170626610555 ], [ 80.283304558917536, 13.070141968063149 ], [ 80.283284352213528, 13.070120392115122 ], [ 80.283223732999872, 13.070055664259586 ], [ 80.283176398072612, 13.069998296382233 ], [ 80.283111608879352, 13.06994820535891 ], [ 80.283017935256481, 13.069871268838495 ], [ 80.282905149077607, 13.069769684908435 ], [ 80.282796143907774, 13.069668112312101 ], [ 80.282700695213876, 13.069599037112422 ], [ 80.282532106587865, 13.069465471020489 ], [ 80.282397510212235, 13.069378473943788 ], [ 80.282258029696379, 13.069290379528089 ], [ 80.282167904418884, 13.069230360956352 ], [ 80.28201715992769, 13.069178132037605 ], [ 80.281843613499632, 13.069132529839333 ], [ 80.281678744797205, 13.069084329617413 ], [ 80.281464046545992, 13.069044038064357 ], [ 80.281397561333506, 13.069038428135574 ], [ 80.281355299192626, 13.069044821231749 ], [ 80.281313578735904, 13.06905546530775 ], [ 80.281263767153419, 13.069056953763258 ], [ 80.281199267217687, 13.069066811171208 ], [ 80.281034987810088, 13.06910188918955 ], [ 80.280822458990286, 13.069140540895036 ], [ 80.280653398748782, 13.06917027061616 ], [ 80.280628664535726, 13.069175618902896 ], [ 80.280484134589685, 13.069206872076292 ], [ 80.280304617958251, 13.069248146280152 ], [ 80.280182584521853, 13.069282436730855 ], [ 80.280043095921144, 13.069324365456776 ], [ 80.279954374710428, 13.069353233235189 ], [ 80.279873282891401, 13.069391074608559 ], [ 80.279852400654306, 13.069400511105998 ], [ 80.279765503023626, 13.069439781422194 ], [ 80.279643528876036, 13.069485375688329 ], [ 80.279564507673754, 13.069508754286113 ], [ 80.279526925755519, 13.069523388550387 ], [ 80.27948016575003, 13.069554091276085 ], [ 80.279381754412356, 13.069616658776189 ], [ 80.279207219837488, 13.069720879279799 ], [ 80.279073972731396, 13.069804959711933 ], [ 80.27893426134851, 13.069891825381676 ], [ 80.27882771846086, 13.069959252791293 ], [ 80.278719979915579, 13.0700255916279 ], [ 80.278593984010456, 13.070107341715149 ], [ 80.278547082071157, 13.070137773104687 ], [ 80.278442206456688, 13.070203034715044 ], [ 80.278362814250187, 13.070258602581266 ], [ 80.2782169655773, 13.070343032847301 ], [ 80.278191881021314, 13.070361294114164 ], [ 80.278130703055524, 13.070402174355808 ], [ 80.278076917326175, 13.070438191979962 ], [ 80.277879539491963, 13.070554989990903 ], [ 80.277875405445016, 13.070557435733322 ], [ 80.277633615801463, 13.070698357708347 ], [ 80.277494275422782, 13.070784229016828 ], [ 80.277363880467732, 13.070870396934286 ], [ 80.277201125501179, 13.070983237807575 ], [ 80.277003671310169, 13.071134320503713 ], [ 80.276891583122278, 13.071236723784201 ], [ 80.276829336161271, 13.07129613721578 ], [ 80.276680848238087, 13.071418963839168 ], [ 80.276515068643974, 13.07155666168053 ], [ 80.276357162783341, 13.071682717064537 ], [ 80.276237988684485, 13.071779675633094 ], [ 80.276161402814921, 13.071853153410721 ], [ 80.276021831569238, 13.071986132810641 ], [ 80.276008699098099, 13.071998260822367 ], [ 80.275979566733426, 13.072025165580458 ], [ 80.275934747987279, 13.072072952210746 ], [ 80.275891486021521, 13.07212209513826 ], [ 80.275849822158648, 13.072172548860372 ], [ 80.275793310042445, 13.072289213044984 ], [ 80.2757221158612, 13.072411804664538 ], [ 80.275707121182492, 13.072426263749623 ], [ 80.275690393653576, 13.072438761004625 ], [ 80.27567219917583, 13.072449098671891 ], [ 80.275634393577079, 13.072478893622042 ], [ 80.275598144758732, 13.072510495516109 ], [ 80.275563546145563, 13.072543825600134 ], [ 80.275534358983677, 13.072563507760831 ], [ 80.275506361191248, 13.072584790358629 ], [ 80.275479640803113, 13.072607606890472 ], [ 80.275454285854195, 13.072631878602859 ], [ 80.275430381684501, 13.072657528492288 ], [ 80.275408003752432, 13.072684473430071 ], [ 80.275387225719939, 13.072712623287233 ], [ 80.275368116757221, 13.07274188880986 ], [ 80.275350737051397, 13.072772171993769 ], [ 80.275343328645235, 13.072793606829505 ], [ 80.275338385216244, 13.072815717189597 ], [ 80.275335970544759, 13.07283822831327 ], [ 80.275325497985193, 13.072858300715534 ], [ 80.275312715856984, 13.072877069315879 ], [ 80.2752978056199, 13.072894271604415 ], [ 80.275293021192724, 13.072902733180358 ], [ 80.275256614270859, 13.072976167746932 ], [ 80.275232765796716, 13.072997922827108 ], [ 80.275210701376707, 13.073021415721524 ], [ 80.275190552164887, 13.07304650992436 ], [ 80.275177504135371, 13.073076767694925 ], [ 80.275162298352569, 13.073106040174647 ], [ 80.275145008478304, 13.073134179483295 ], [ 80.275071608933061, 13.073221772008216 ], [ 80.275063421687562, 13.073235011250507 ], [ 80.27503192226213, 13.073293634921811 ], [ 80.2750128851646, 13.073317483926139 ], [ 80.274995371609819, 13.07334242934343 ], [ 80.274979445378165, 13.073368378419964 ], [ 80.274965167555052, 13.07339523315181 ], [ 80.274952590242762, 13.073422893785082 ], [ 80.274921695383483, 13.073516301667022 ], [ 80.2749140138895, 13.073556548738317 ], [ 80.274904172845567, 13.073596344286925 ], [ 80.274892200099458, 13.073635573683987 ], [ 80.274883746952625, 13.07365223427546 ], [ 80.274877099419555, 13.073669664018006 ], [ 80.274872329365394, 13.073687675654861 ], [ 80.274869487095799, 13.073706073179002 ], [ 80.2748686049502, 13.073724661458526 ], [ 80.274857071480255, 13.073775186605424 ], [ 80.274842831386394, 13.07382504496883 ], [ 80.274825924194431, 13.073874096544262 ], [ 80.274819972855667, 13.073884344023263 ], [ 80.274815992420656, 13.073895489282787 ], [ 80.274814113145055, 13.073907156934807 ], [ 80.274811402029556, 13.073951133320138 ], [ 80.274805483928446, 13.073994805187231 ], [ 80.274796391181155, 13.074037945028566 ], [ 80.27477871862456, 13.074119816290622 ], [ 80.274776586922371, 13.074145565778686 ], [ 80.274772134871824, 13.074171030004594 ], [ 80.274765398405535, 13.074196003336505 ], [ 80.274761058644373, 13.074222170205491 ], [ 80.274753664611268, 13.074247671174669 ], [ 80.274743316019212, 13.074272164983054 ], [ 80.274739823369387, 13.074302074341855 ], [ 80.274738867561922, 13.07434258991873 ], [ 80.274730977658777, 13.074376187514005 ], [ 80.274721154581144, 13.074409290713694 ], [ 80.274709430668366, 13.074441788389411 ], [ 80.274669299331364, 13.074617361866947 ], [ 80.274657857489601, 13.074667423066501 ], [ 80.274649629819919, 13.074699232061723 ], [ 80.27463569964479, 13.074737798012841 ], [ 80.274634385409556, 13.074774166764966 ], [ 80.274630496602683, 13.074810357006283 ], [ 80.2746240511905, 13.074846195481486 ], [ 80.274615079715787, 13.074881508060457 ], [ 80.274612806079801, 13.074913025644214 ], [ 80.274607844684468, 13.074944251840158 ], [ 80.274600233259051, 13.074974960891534 ], [ 80.274585216122489, 13.07501183624891 ], [ 80.274572812185028, 13.075049634753276 ], [ 80.274563081633872, 13.075088177898937 ], [ 80.274556067588122, 13.075127284555188 ], [ 80.274555146814976, 13.075154847866401 ], [ 80.274551707165742, 13.075182217793897 ], [ 80.274545774691617, 13.075209176456372 ], [ 80.274536922692789, 13.075229397420093 ], [ 80.274530241922037, 13.075250417280298 ], [ 80.274525807837776, 13.075272005030156 ], [ 80.274523667152451, 13.075293928787806 ], [ 80.274522326866048, 13.075309762368475 ], [ 80.274514803475554, 13.075360091185191 ], [ 80.274497737281806, 13.075398152143663 ], [ 80.274482516227621, 13.075436958617267 ], [ 80.274469175347321, 13.075476423978307 ], [ 80.274455353868376, 13.075512173979295 ], [ 80.274443551802179, 13.075548618744399 ], [ 80.274433805979626, 13.07558564277015 ], [ 80.274432373166775, 13.07559919251913 ], [ 80.274420552235952, 13.075670419472891 ], [ 80.27440405916731, 13.07572206687674 ], [ 80.274389454357447, 13.07577426290948 ], [ 80.274376758467525, 13.07582693844399 ], [ 80.274365987667267, 13.075880025228104 ], [ 80.274357154533064, 13.07593345413475 ], [ 80.274343808262884, 13.075998106071426 ], [ 80.27433346416241, 13.076063283879689 ], [ 80.274326144689468, 13.076128855430685 ], [ 80.274323858477089, 13.076155528732484 ], [ 80.27431943607094, 13.076181943899869 ], [ 80.274312908912066, 13.076207935553827 ], [ 80.274304435104014, 13.076223251937895 ], [ 80.274298498138293, 13.076239674348647 ], [ 80.274295240847081, 13.076256803775891 ], [ 80.274299167383177, 13.076274897475917 ], [ 80.274300959522179, 13.076293313182603 ], [ 80.274300592111231, 13.076311809389891 ], [ 80.274298069641915, 13.076330141966761 ], [ 80.274297958250813, 13.076330427223789 ], [ 80.274286582884358, 13.076364987946898 ], [ 80.274278955289276, 13.076400525188953 ], [ 80.274283265406012, 13.076440774414769 ], [ 80.274269957763408, 13.076512621515345 ], [ 80.274263773760993, 13.076549968279053 ], [ 80.274255416733894, 13.076586906402476 ], [ 80.274244914529888, 13.076623315132938 ], [ 80.27423664104613, 13.07665543888327 ], [ 80.27423072564001, 13.076688058765948 ], [ 80.274227196159245, 13.076721009401897 ], [ 80.274226615847553, 13.076722971197057 ], [ 80.274221410110513, 13.076737331152202 ], [ 80.274214712271743, 13.07675108559261 ], [ 80.274206593298217, 13.076764082264974 ], [ 80.274196735186266, 13.076783448206758 ], [ 80.274188939606219, 13.076803699667114 ], [ 80.274183285609823, 13.076824625766067 ], [ 80.274179833384224, 13.07684600862355 ], [ 80.274178618861939, 13.076867625109427 ], [ 80.274178078974444, 13.076887684933602 ], [ 80.274174615969045, 13.076907462124835 ], [ 80.274168300812576, 13.076926549799214 ], [ 80.274165970582729, 13.076937783298256 ], [ 80.274161662262628, 13.076948441034089 ], [ 80.274155509701274, 13.076958190499406 ], [ 80.274147706036388, 13.076966728937665 ], [ 80.274139668809511, 13.076982094275699 ], [ 80.274134238493644, 13.076998521011014 ], [ 80.274131553429243, 13.077015586509185 ], [ 80.274123138011674, 13.077041347070249 ], [ 80.274105024382294, 13.077084878387268 ], [ 80.274107480376259, 13.077096640390481 ], [ 80.274109823182513, 13.077115544296293 ], [ 80.274098971533931, 13.077167324400364 ], [ 80.27408205356214, 13.077212125346863 ], [ 80.274041170335252, 13.077282719196761 ], [ 80.274020693238384, 13.077314489353951 ], [ 80.274001431562041, 13.077340385511576 ], [ 80.273983389797877, 13.077359232522506 ], [ 80.273954461350783, 13.077379224930334 ], [ 80.273948438146803, 13.077388611246253 ], [ 80.273920790697304, 13.077412133473118 ], [ 80.273897921386805, 13.077441546316253 ], [ 80.273887092196048, 13.077454535952061 ], [ 80.273882261056428, 13.077466276937225 ], [ 80.273877512561853, 13.077481635243995 ], [ 80.273866665404782, 13.077500412242749 ], [ 80.273852242054602, 13.077512216226966 ], [ 80.273835331269368, 13.077522747935484 ], [ 80.273820924987149, 13.077528675302643 ], [ 80.273811335471493, 13.077527473028878 ], [ 80.27380774221038, 13.077526287380458 ], [ 80.273806550145991, 13.077523933583919 ], [ 80.273771683834852, 13.077523925708789 ], [ 80.273748816321003, 13.077521510661025 ], [ 80.273730850913623, 13.077514407270414 ], [ 80.273722453462355, 13.077515558793225 ], [ 80.273703165734872, 13.077519121863741 ], [ 80.273652693890654, 13.077556774731079 ], [ 80.273617718883372, 13.077688599534715 ], [ 80.273588763486813, 13.077780475397789 ], [ 80.273582709740111, 13.077800531647682 ], [ 80.273576631738919, 13.077828725546899 ], [ 80.273574232338774, 13.077860546384676 ], [ 80.27357899430811, 13.077872314476016 ], [ 80.273576558077053, 13.077885328589575 ], [ 80.273566927238903, 13.077898231575471 ], [ 80.27353326646687, 13.077927703861709 ], [ 80.273523629340502, 13.077942958012846 ], [ 80.273509170956018, 13.07796651693751 ], [ 80.273508013027637, 13.077984145878805 ], [ 80.273492373358536, 13.078001823819713 ], [ 80.273469473505287, 13.078010077841792 ], [ 80.273467057935491, 13.078015948321207 ], [ 80.273465851498059, 13.078050123801386 ], [ 80.273463435029967, 13.078087822088445 ], [ 80.273451389520318, 13.078106595540969 ], [ 80.273445349248334, 13.078121950307844 ], [ 80.273424899100917, 13.078144316569821 ], [ 80.273414072605092, 13.078156040896843 ], [ 80.273408032333123, 13.07817139566059 ], [ 80.273409210922765, 13.078178451781492 ], [ 80.273405571847576, 13.078192546522384 ], [ 80.273397140260315, 13.07820554399378 ], [ 80.273386317357776, 13.078216092297948 ], [ 80.273379102987718, 13.078223124792164 ], [ 80.273349073206077, 13.078240762465278 ], [ 80.273332161522518, 13.078283212052559 ], [ 80.273305695357649, 13.078312615166633 ], [ 80.273287640118738, 13.078336163555813 ], [ 80.273273206887083, 13.078351404556498 ], [ 80.273268375747492, 13.078363235625442 ], [ 80.273267148648799, 13.078372635904111 ], [ 80.273266007788365, 13.078384387345769 ], [ 80.273245550454419, 13.078409104747008 ], [ 80.273241942820235, 13.07841262055387 ], [ 80.273223887581338, 13.078436169808516 ], [ 80.273216665126469, 13.078445643585605 ], [ 80.273215181109606, 13.078447812745361 ], [ 80.273162809328554, 13.078513165784045 ], [ 80.273146880401924, 13.07852682562398 ], [ 80.27313003070212, 13.078548026331045 ], [ 80.273128179274352, 13.078556380961386 ], [ 80.272985395653194, 13.078734556424054 ], [ 80.272944988533382, 13.078709629052291 ], [ 80.272926996176594, 13.078711929461694 ], [ 80.272912507249373, 13.07871432962259 ], [ 80.27290290425897, 13.078717828799833 ], [ 80.272890889292057, 13.078726023297067 ], [ 80.272863268791994, 13.078740141631988 ], [ 80.272823547985084, 13.078760103302439 ], [ 80.272747846956108, 13.078782404755602 ], [ 80.272717742614319, 13.078794164927844 ], [ 80.272688940829681, 13.078802402298129 ], [ 80.272660067179785, 13.078803496064092 ], [ 80.272636088449914, 13.078802343672262 ], [ 80.272616827671911, 13.078796411960681 ], [ 80.272598848789798, 13.07879401092559 ], [ 80.272577179628527, 13.078791689516613 ], [ 80.272559179186871, 13.078796340209619 ], [ 80.27254955194195, 13.078808158132034 ], [ 80.272539938171789, 13.078815183609246 ], [ 80.272529044302345, 13.078818679285041 ], [ 80.27248583893045, 13.078831578722035 ], [ 80.272425675162609, 13.078839817841128 ], [ 80.272405249269681, 13.078853866168517 ], [ 80.272388423824395, 13.07886683910472 ], [ 80.272376419637254, 13.078871507296565 ], [ 80.272306734625715, 13.078886772764534 ], [ 80.272293453034223, 13.07888673513898 ], [ 80.272280245104611, 13.078892665973388 ], [ 80.272241801702023, 13.078917332573001 ], [ 80.272205657088278, 13.078944356453144 ], [ 80.27218161996791, 13.078963186716278 ], [ 80.272144385697686, 13.078984330510041 ], [ 80.272115474318568, 13.078998444455147 ], [ 80.272101057256577, 13.079007898085344 ], [ 80.272081799173506, 13.079032618924163 ], [ 80.272058985558559, 13.079043133942504 ], [ 80.272042169994762, 13.079052580570938 ], [ 80.272033695288371, 13.079049030647704 ], [ 80.27202650337621, 13.079047834506442 ], [ 80.272009706677011, 13.0790513135537 ], [ 80.271978420152308, 13.079057193633492 ], [ 80.27193512944045, 13.079067741026254 ], [ 80.271885893678032, 13.079092467109108 ], [ 80.271833702458366, 13.079123116143277 ], [ 80.271575253557842, 13.079268517657495 ], [ 80.271280799282451, 13.079408733773137 ], [ 80.270944279597245, 13.079605037076149 ], [ 80.270495588180822, 13.079899490862619 ], [ 80.270018852259525, 13.080011664349522 ], [ 80.269556139039835, 13.080095793774969 ], [ 80.269093424921806, 13.08010981578057 ], [ 80.268616689000524, 13.080011665224543 ], [ 80.268238104803842, 13.079927535770407 ], [ 80.267929629623453, 13.079801340222881 ], [ 80.267452893702171, 13.07957699475671 ], [ 80.267186483033299, 13.079324605863352 ], [ 80.266916954312109, 13.079116478304984 ], [ 80.266852051931139, 13.079040702284408 ], [ 80.266764693464722, 13.07891884021929 ], [ 80.266758263323879, 13.078909869592465 ], [ 80.266650159164286, 13.07875413133921 ], [ 80.26655647655825, 13.078618778176015 ], [ 80.266445203142311, 13.078442956417485 ], [ 80.266410794073707, 13.078382187559919 ], [ 80.266374184132587, 13.078316890487459 ], [ 80.266355516242669, 13.078266382896038 ], [ 80.266327813995943, 13.078214584647373 ], [ 80.26631792174804, 13.078190956620235 ], [ 80.266306821266085, 13.078170761274736 ], [ 80.266301425086141, 13.078155012754147 ], [ 80.266295930989898, 13.078141524396615 ], [ 80.266296053160772, 13.078131488848101 ], [ 80.266306521228785, 13.078116056205497 ], [ 80.266315764893051, 13.078109482216215 ], [ 80.266333058360573, 13.07809406969759 ], [ 80.266342430483917, 13.078075198242367 ], [ 80.266341557321482, 13.0780584679484 ], [ 80.266328127507975, 13.078045951727752 ], [ 80.266296218450762, 13.078044414325593 ], [ 80.2662542949748, 13.07802928618297 ], [ 80.266243197187748, 13.078007914803269 ], [ 80.266232429082436, 13.077968642350708 ], [ 80.266206580958467, 13.077944788545954 ], [ 80.266191951894058, 13.077932358946057 ], [ 80.266193292180461, 13.077915635642555 ], [ 80.266201666275549, 13.077891155321211 ], [ 80.266202005838707, 13.077869908181814 ], [ 80.266201146150991, 13.077848746792206 ], [ 80.266203906673866, 13.077819730379996 ], [ 80.266213400069788, 13.077790822466406 ], [ 80.266213844735859, 13.077765145110153 ], [ 80.266202856543302, 13.077738168351683 ], [ 80.266188471820641, 13.077705576608468 ], [ 80.266165037469833, 13.077676213672778 ], [ 80.266143926162343, 13.077641251500618 ], [ 80.266128441003474, 13.077606486202349 ], [ 80.266113058252543, 13.077568285581854 ], [ 80.266098887328923, 13.077525657368005 ], [ 80.266091518448675, 13.077490914803885 ], [ 80.266084067821723, 13.077452827042766 ], [ 80.266073303309668, 13.077412469479892 ], [ 80.266061335953438, 13.07737319343245 ], [ 80.266050462745227, 13.077338441221656 ], [ 80.266038380404666, 13.077306940573155 ], [ 80.26603090282822, 13.07727780421971 ], [ 80.266024545450961, 13.077244240270314 ], [ 80.266025985450383, 13.077225255872719 ], [ 80.266026222605618, 13.077207443998335 ], [ 80.26602296172112, 13.077196547393658 ], [ 80.265882469702262, 13.076646474299322 ], [ 80.265784317977705, 13.076225825377334 ], [ 80.26568536405756, 13.076074380039502 ], [ 80.265616059033391, 13.075861262981386 ], [ 80.265566806203012, 13.075632480184783 ], [ 80.265602037230138, 13.075328440654731 ], [ 80.265686167151443, 13.074879748381825 ], [ 80.265784317977705, 13.074403013260261 ], [ 80.266022685040014, 13.073898235127448 ], [ 80.266384955831171, 13.073423303300009 ], [ 80.266392100132634, 13.073409127783689 ], [ 80.266403300327568, 13.073395687293379 ], [ 80.266422147880576, 13.073384980402288 ], [ 80.266441625152538, 13.073379791462601 ], [ 80.266454187193489, 13.073373768617277 ], [ 80.266461343173034, 13.073355524198957 ], [ 80.266464230358366, 13.073346038850971 ], [ 80.266478203652625, 13.07333052628104 ], [ 80.266517636100318, 13.073283348041819 ], [ 80.266528198491415, 13.073267193194187 ], [ 80.266554729335027, 13.073247014071196 ], [ 80.266563133074513, 13.073243783451277 ], [ 80.266584645030633, 13.073236519806535 ], [ 80.266598712647991, 13.073220374581201 ], [ 80.266612036460259, 13.073206216553899 ], [ 80.266615688111884, 13.073187871494419 ], [ 80.266617929408525, 13.073178384389928 ], [ 80.266623586099882, 13.073168273386685 ], [ 80.266636171497012, 13.073154112731304 ], [ 80.266661538123984, 13.073122447917305 ], [ 80.266688203714878, 13.073088073121992 ], [ 80.26678220881611, 13.072988787478721 ], [ 80.266805432062853, 13.072964259416667 ], [ 80.266853202673033, 13.072904265364347 ], [ 80.266865782680242, 13.072892184648984 ], [ 80.266885364156806, 13.072882836663467 ], [ 80.266907622612933, 13.072872954031952 ], [ 80.26691881112977, 13.072863491416294 ], [ 80.266937030760374, 13.072846724892489 ], [ 80.266951093886163, 13.072831935944281 ], [ 80.266959531761628, 13.07281704111603 ], [ 80.266968067553449, 13.072800156459465 ], [ 80.266969577621438, 13.072788586758938 ], [ 80.266973222086534, 13.072772321624605 ], [ 80.266980263980045, 13.072761581455142 ], [ 80.266992940107031, 13.072748054301204 ], [ 80.267004128623896, 13.072738682684296 ], [ 80.267029386554725, 13.072712442155126 ], [ 80.267055923686556, 13.072690274033489 ], [ 80.26707626513786, 13.07267351362313 ], [ 80.267158328035663, 13.072588751641218 ], [ 80.267167623802237, 13.072564364419991 ], [ 80.267174042264926, 13.072546118191745 ], [ 80.267183974937041, 13.072524445325014 ], [ 80.267195273946697, 13.07250892482811 ], [ 80.267210609985213, 13.072500288231637 ], [ 80.267225938837214, 13.072494364243804 ], [ 80.267241273977433, 13.072486360297264 ], [ 80.267251078190455, 13.072476894166648 ], [ 80.267260899471452, 13.072462092945747 ], [ 80.26727144569287, 13.072451272259549 ], [ 80.26727985122902, 13.072447317975021 ], [ 80.267296573368014, 13.072437961222306 ], [ 80.267309161460076, 13.072423168749458 ], [ 80.267319082454094, 13.072405564786788 ], [ 80.267331752292861, 13.072394207701354 ], [ 80.267350605235734, 13.072381511811031 ], [ 80.26737084517741, 13.072368096640785 ], [ 80.267396858591383, 13.072335709821509 ], [ 80.267407313184677, 13.072324979258454 ], [ 80.267420620827266, 13.072316246401602 ], [ 80.267433827858611, 13.07231031628409 ], [ 80.267447131907943, 13.072302939732266 ], [ 80.267452144507217, 13.072292103288429 ], [ 80.267462592812294, 13.072283361680091 ], [ 80.267477921664295, 13.072277437687042 ], [ 80.267498158012714, 13.072264746165898 ], [ 80.267525425474844, 13.072245292365782 ], [ 80.267546413713163, 13.072227901024199 ], [ 80.26755985161148, 13.072206238629928 ], [ 80.267573187101888, 13.072188101754724 ], [ 80.267582974246892, 13.072184783617363 ], [ 80.267598204284212, 13.07218084857935 ], [ 80.267615770839598, 13.072166792871638 ], [ 80.267637516357695, 13.072143164265256 ], [ 80.267649592410052, 13.072114083304314 ], [ 80.267658123710319, 13.072098554906276 ], [ 80.267676346035842, 13.072081065550288 ], [ 80.267697966688118, 13.072068377519154 ], [ 80.267712669414379, 13.072055670236592 ], [ 80.267720461401126, 13.072040772736397 ], [ 80.267728270455905, 13.07201981735545 ], [ 80.267738179771811, 13.072006282285519 ], [ 80.267754159902381, 13.071998280073183 ], [ 80.267792474845876, 13.071985820422491 ], [ 80.267805044073327, 13.071977085803535 ], [ 80.267818369682274, 13.071962294178102 ], [ 80.267827551362785, 13.071945412088143 ], [ 80.267838857558942, 13.071927178939724 ], [ 80.267849408271957, 13.071915092926282 ], [ 80.267857195767149, 13.071901551725336 ], [ 80.267866387329164, 13.071881233359722 ], [ 80.267874173027707, 13.071868415812801 ], [ 80.267888254119811, 13.071847477917984 ], [ 80.267906476445333, 13.071829988544174 ], [ 80.267921914891815, 13.071817915651526 ], [ 80.267935858541662, 13.071812620799342 ], [ 80.267951832384014, 13.071806697670043 ], [ 80.267968554523051, 13.071797341768063 ], [ 80.267984640654845, 13.071784637971694 ], [ 80.26799040783898, 13.071768378896445 ], [ 80.267997459613952, 13.071754202410032 ], [ 80.268010787019492, 13.071738687989997 ], [ 80.268026977355845, 13.071721916139515 ], [ 80.268038164076103, 13.071713177136051 ], [ 80.268048714789103, 13.071701000108211 ], [ 80.268058543256615, 13.071683486222936 ], [ 80.268071239146522, 13.071663178339845 ], [ 80.268087419601457, 13.071649750880026 ], [ 80.26810830453347, 13.071636428424055 ], [ 80.268123115955873, 13.07161820575325 ], [ 80.268133688228446, 13.071598614521163 ], [ 80.268152657952328, 13.071577780732987 ], [ 80.26817502869784, 13.071561026372374 ], [ 80.268182707496905, 13.071552910390604 ], [ 80.268189848205068, 13.071540091076553 ], [ 80.268199673079351, 13.071523842485671 ], [ 80.268213098401276, 13.0715063390883 ], [ 80.26822845060947, 13.071492277216914 ], [ 80.268246654968721, 13.071480845711145 ], [ 80.268254971571608, 13.07147553422597 ], [ 80.26827593375873, 13.071467094477066 ], [ 80.268303078151703, 13.071457948571515 ], [ 80.268320534214297, 13.071449950716614 ], [ 80.268333091763665, 13.071445284134436 ], [ 80.268352569035628, 13.071440095153921 ], [ 80.268369294767908, 13.071429382052697 ], [ 80.268380583896118, 13.071417297764986 ], [ 80.268390514771554, 13.07139634845638 ], [ 80.268416794086875, 13.071336112512023 ], [ 80.268430348766216, 13.071306312173617 ], [ 80.268450719861903, 13.071279334708885 ], [ 80.268475335497314, 13.071251735963139 ], [ 80.268488155354731, 13.071220667682066 ], [ 80.268523934354192, 13.071192376773299 ], [ 80.268544163516069, 13.071182397819713 ], [ 80.268561652816317, 13.071162916808031 ], [ 80.268579984736334, 13.071139278480119 ], [ 80.268598954460188, 13.071118444653154 ], [ 80.268606868617852, 13.07109333100335 ], [ 80.268611161666584, 13.07107643397827 ], [ 80.2686278891955, 13.071033893896841 ], [ 80.268635156566148, 13.071008867742457 ], [ 80.268643586356745, 13.070996685429606 ], [ 80.26865552856016, 13.070981890245207 ], [ 80.268664071538495, 13.070962292837322 ], [ 80.26867122751807, 13.070943958111528 ], [ 80.268684037494012, 13.070916235072465 ], [ 80.268689086025901, 13.0708931926237 ], [ 80.268698371911, 13.070872241520485 ], [ 80.268704031297275, 13.070860774109331 ], [ 80.268719482320193, 13.070844632228743 ], [ 80.26872653050188, 13.070831722748652 ], [ 80.268733696362929, 13.070810131985192 ], [ 80.26873808283645, 13.070792422027498 ], [ 80.268739592904438, 13.070780943237096 ], [ 80.26876031883468, 13.070727472962755 ], [ 80.268773776495962, 13.070699028865205 ], [ 80.268789353282955, 13.070671314549067 ], [ 80.268799900402712, 13.070660583913622 ], [ 80.268806215559181, 13.070645682829042 ], [ 80.2688064347481, 13.070634109527314 ], [ 80.268812866685522, 13.070611070552362 ], [ 80.268824814278815, 13.070594196245334 ], [ 80.268838889981012, 13.070575338217104 ], [ 80.26885158497258, 13.070555119497124 ], [ 80.268863652041802, 13.070529384510047 ], [ 80.268872930740386, 13.070510422346842 ], [ 80.268882874192258, 13.070485404014752 ], [ 80.268889395961224, 13.070463088685937 ], [ 80.268894439103221, 13.070442035166279 ], [ 80.268900846786153, 13.070427134068494 ], [ 80.268912901278938, 13.070405557270329 ], [ 80.268924219153192, 13.070383255934949 ], [ 80.268932875319308, 13.070356787644199 ], [ 80.268936539547326, 13.070333740767961 ], [ 80.268936036490786, 13.07031674043583 ], [ 80.268937052485356, 13.070284824995483 ], [ 80.268944960354816, 13.070261790363121 ], [ 80.268953506028112, 13.070241470112418 ], [ 80.26895929477179, 13.070217705690004 ], [ 80.268967206234493, 13.070193404863735 ], [ 80.268975745619585, 13.07017507358098 ], [ 80.268984172715278, 13.07016361488788 ], [ 80.268989945289306, 13.07014536585698 ], [ 80.268990071053423, 13.070133792531779 ], [ 80.268990209393976, 13.07011815025351 ], [ 80.26899181737835, 13.070104591453079 ], [ 80.269010427776095, 13.070080412246755 ], [ 80.269015705378365, 13.070073554529184 ], [ 80.269019364216547, 13.070052587605623 ], [ 80.269022381657564, 13.070030172482669 ], [ 80.269026770826045, 13.07001182893716 ], [ 80.269032563162995, 13.069986799178951 ], [ 80.269033563886225, 13.06996021884002 ], [ 80.26903380373642, 13.069941231256804 ], [ 80.26903894838803, 13.069916832398359 ], [ 80.269049749731039, 13.069882232270048 ], [ 80.269058307082403, 13.069857933160847 ], [ 80.269062394416949, 13.069850933679884 ], [ 80.269070169335748, 13.069838797687233 ], [ 80.269081485413352, 13.069817128957958 ], [ 80.269088647681144, 13.069796804295407 ], [ 80.269091670512083, 13.069772400172418 ], [ 80.26909330095431, 13.069751336968352 ], [ 80.269096383074057, 13.069738143916545 ], [ 80.269090341903777, 13.069722484112249 ], [ 80.269086963339987, 13.069710810137071 ], [ 80.269090592533729, 13.069700061083912 ], [ 80.269097520341177, 13.069696735037683 ], [ 80.269105937555409, 13.069688620744698 ], [ 80.269110951951305, 13.06967715152844 ], [ 80.2691104399116, 13.069662863791185 ], [ 80.269106436120396, 13.069644497467205 ], [ 80.269107422470583, 13.069622708839644 ], [ 80.269110456081279, 13.069594868396079 ], [ 80.26911422720886, 13.069567029699479 ], [ 80.269120755266002, 13.069542634304213 ], [ 80.269124643174578, 13.069506658551576 ], [ 80.269124163474189, 13.069481520236456 ], [ 80.269115481256989, 13.069454279183446 ], [ 80.269109433798477, 13.069440608340649 ], [ 80.26910417056925, 13.069411297799178 ], [ 80.269106556494648, 13.069384178369802 ], [ 80.269115232423644, 13.069350928363278 ], [ 80.269116858374332, 13.069331221445079 ], [ 80.269111456804524, 13.069317552345556 ], [ 80.269111576280423, 13.069308058966937 ], [ 80.269115969940501, 13.069288359920764 ], [ 80.26911748270345, 13.06927552386318 ], [ 80.269107315571063, 13.069251624590576 ], [ 80.26909777366609, 13.069234508677738 ], [ 80.269089099533716, 13.06920455495235 ], [ 80.269086588742496, 13.069180044015102 ], [ 80.269088320694379, 13.069155544450995 ], [ 80.269085068793046, 13.069132388081719 ], [ 80.269077283094461, 13.069082725655825 ], [ 80.269060022864608, 13.069052507647715 ], [ 80.268892650557504, 13.068624160225486 ], [ 80.268873728444333, 13.068312923524845 ], [ 80.268715704006098, 13.06807908993699 ], [ 80.268369524736642, 13.067737755137149 ], [ 80.267854343616136, 13.067522357491928 ], [ 80.267081143888163, 13.06734512686571 ], [ 80.266208750389879, 13.067167611719665 ], [ 80.265653492729612, 13.067088239056407 ], [ 80.264939409333863, 13.067047311888007 ], [ 80.264116270462594, 13.066986623354028 ], [ 80.263531428585082, 13.066848815331204 ], [ 80.263115247198769, 13.066701762268398 ], [ 80.262619970050025, 13.066466963717161 ], [ 80.262031845728458, 13.066167935725291 ], [ 80.261757626903147, 13.065966821162139 ], [ 80.261223265853019, 13.065571538643241 ], [ 80.260957103119196, 13.065031952626045 ], [ 80.260705670959354, 13.064278261798043 ], [ 80.260467634477038, 13.063759481152358 ], [ 80.260194900566901, 13.063060992773048 ], [ 80.25974549588814, 13.062534697090245 ], [ 80.259232510250186, 13.062063484331475 ], [ 80.25871956773139, 13.061578454133192 ], [ 80.258374976683356, 13.061349502334229 ], [ 80.258030056851894, 13.061231075828809 ], [ 80.257614508777877, 13.061167711635202 ], [ 80.257297236395956, 13.06122897214833 ], [ 80.256993728000822, 13.061400800954802 ], [ 80.256781842374735, 13.061565984330766 ], [ 80.256449734315879, 13.061875888925224 ], [ 80.256251588422089, 13.062158547772503 ], [ 80.256017548544492, 13.06266215719331 ], [ 80.255903688878846, 13.063034862348728 ], [ 80.255881371133924, 13.063428553681092 ], [ 80.255900710963701, 13.064029606035845 ], [ 80.255911514103289, 13.065128008118783 ], [ 80.255839435979851, 13.065666624360263 ], [ 80.255718838949591, 13.065935689211654 ], [ 80.255464089311403, 13.066294171498019 ], [ 80.255088824389688, 13.06689408543051 ], [ 80.254713950235114, 13.067362749565447 ], [ 80.254290019082845, 13.067741466232675 ], [ 80.253780905183774, 13.068327176338261 ], [ 80.253180019395302, 13.068967884429716 ], [ 80.252546733171144, 13.06961686091166 ], [ 80.25193006218646, 13.070049309691528 ], [ 80.251096129158753, 13.070562726237229 ], [ 80.250387234432068, 13.071015302789512 ], [ 80.250000349802136, 13.071154067529788 ], [ 80.24952149385679, 13.071231363291577 ], [ 80.249289651258366, 13.071219032232936 ], [ 80.249111353640757, 13.071195199651541 ], [ 80.248858685399128, 13.071188636853345 ], [ 80.248463648558001, 13.071073829858706 ], [ 80.248329890310515, 13.071067612698183 ], [ 80.248160618066549, 13.071008833615855 ], [ 80.247979480874349, 13.070941277862003 ], [ 80.247762794651422, 13.070832818300012 ], [ 80.2474630385192, 13.070668744551829 ], [ 80.247359150153244, 13.0706159839121 ], [ 80.247231549857005, 13.070539840387998 ], [ 80.247092032510224, 13.070472405261594 ], [ 80.246937686673064, 13.07039326992256 ], [ 80.246735873856281, 13.070281937353629 ], [ 80.246572671528725, 13.070182374942712 ], [ 80.246260983074592, 13.070032350466873 ], [ 80.246138309139397, 13.069965936378278 ], [ 80.246023585294452, 13.069891772003942 ], [ 80.24585739337364, 13.069798029357999 ], [ 80.245631840778827, 13.069673027440738 ], [ 80.24524394195096, 13.069493151345263 ], [ 80.244955065315153, 13.069336877744655 ], [ 80.244709730021157, 13.069200159592224 ], [ 80.244614803248425, 13.069133824908988 ], [ 80.244397108217427, 13.06903215929596 ], [ 80.24424667723828, 13.068969547020249 ], [ 80.243910403691459, 13.0687587339534 ], [ 80.243664892327658, 13.068680301604047 ], [ 80.243379886532409, 13.06855512323582 ], [ 80.243225446372165, 13.068508042089162 ], [ 80.242975959064907, 13.068433482629416 ], [ 80.242849193303599, 13.06840979766241 ], [ 80.242651222581287, 13.068339273903044 ], [ 80.242508590775429, 13.068319426896105 ], [ 80.241451763267847, 13.067834496492612 ], [ 80.240105866885003, 13.067259340115964 ], [ 80.239987064688663, 13.067224019445865 ], [ 80.239896042892497, 13.067177122681688 ], [ 80.239812866982049, 13.067157449717055 ], [ 80.23976938582733, 13.067118463430345 ], [ 80.239694230075713, 13.067067728657655 ], [ 80.23957151212305, 13.067016852990717 ], [ 80.23944477151457, 13.066985393902232 ], [ 80.239389423614966, 13.066938602974345 ], [ 80.239298472785734, 13.066868392064414 ], [ 80.239104493278205, 13.06679010524863 ], [ 80.239017435747385, 13.066743220652835 ], [ 80.238898717992711, 13.066680699677365 ], [ 80.238787866784961, 13.066637630304539 ], [ 80.238677086544129, 13.0665712459295 ], [ 80.238534575112496, 13.066512540156197 ], [ 80.238384088437812, 13.066469353496474 ], [ 80.238174146766013, 13.066425991817862 ], [ 80.238007733859618, 13.066406072902398 ], [ 80.237781901888752, 13.066374322342146 ], [ 80.237655066058849, 13.066373947817798 ], [ 80.237472810464126, 13.06635009551732 ], [ 80.237326179358604, 13.066341891858523 ], [ 80.237163622919752, 13.066356955088454 ], [ 80.237005029847907, 13.06637203056828 ], [ 80.23681074042166, 13.066394770669472 ], [ 80.236620391904509, 13.066425294397702 ], [ 80.236461666780315, 13.066483112009442 ], [ 80.236306918497917, 13.066537054858586 ], [ 80.236064873732829, 13.06662182591934 ], [ 80.236033332086535, 13.066567332678414 ], [ 80.235918278559907, 13.06660196389835 ], [ 80.235695861085432, 13.066748964517258 ], [ 80.235441662114553, 13.06691918463169 ], [ 80.235259023837514, 13.067019673291565 ], [ 80.235127852738032, 13.067139742997469 ], [ 80.234941166652334, 13.067267418611602 ], [ 80.234750397723658, 13.067433941269297 ], [ 80.234553743033246, 13.067652039403107 ], [ 80.234363020816943, 13.06780344965769 ], [ 80.23416707310065, 13.067934983029785 ], [ 80.234087640469966, 13.06798655854838 ], [ 80.233960643841598, 13.068037991422887 ], [ 80.233860087327002, 13.068084322740713 ], [ 80.233733233530813, 13.06808912764444 ], [ 80.233537774498032, 13.068062642481712 ], [ 80.233389733037498, 13.068082927909755 ], [ 80.233321029884593, 13.068082724022931 ], [ 80.233178178889787, 13.068134109624651 ], [ 80.233098633969703, 13.06822195068847 ], [ 80.233056114012356, 13.068299538760181 ], [ 80.232966192652398, 13.068325176849216 ], [ 80.232807661564337, 13.068319525776726 ], [ 80.23263319705805, 13.06833973067908 ], [ 80.232453286964514, 13.068411730647037 ], [ 80.232326289437864, 13.068463163432922 ], [ 80.232178392606144, 13.068436819193307 ], [ 80.232120403659593, 13.068390018039963 ], [ 80.232036053651044, 13.068322415191638 ], [ 80.231871517325274, 13.06831822807767 ], [ 80.231622488158848, 13.068300888962359 ], [ 80.231612979491572, 13.06830079533202 ], [ 80.231599495779136, 13.068306541785361 ], [ 80.231590323081775, 13.068319806667757 ], [ 80.231554932154538, 13.068341039753683 ], [ 80.23153227484643, 13.068350056267349 ], [ 80.231514626544367, 13.06837066806534 ], [ 80.231495501411999, 13.068381280668632 ], [ 80.231476235244074, 13.068377968605393 ], [ 80.231461960115894, 13.068371053962268 ], [ 80.231460501251874, 13.068365534148345 ], [ 80.231462556597236, 13.068357131045143 ], [ 80.231469446675476, 13.0683361744764 ], [ 80.231470856132148, 13.068327769622099 ], [ 80.231463679491341, 13.068322233181229 ], [ 80.231441641122473, 13.068320268694125 ], [ 80.231418054956393, 13.068312150855713 ], [ 80.231398730397999, 13.068297626775903 ], [ 80.231367997235495, 13.068274116805879 ], [ 80.23129389790266, 13.068255902637318 ], [ 80.231218376536717, 13.068250162308148 ], [ 80.231148011500494, 13.068247240515547 ], [ 80.231108167624399, 13.0682468511182 ], [ 80.231073960676696, 13.068242951019419 ], [ 80.231014061911878, 13.068225954918535 ], [ 80.230944143338348, 13.068197988310189 ], [ 80.230909875305201, 13.068184233392991 ], [ 80.230897051854541, 13.06818509881785 ], [ 80.230869162758211, 13.068166480369353 ], [ 80.230837760350809, 13.0681506542058 ], [ 80.230796454017451, 13.068146100442716 ], [ 80.230777922671464, 13.068143422788015 ], [ 80.23076512347528, 13.068136603518848 ], [ 80.230739339131659, 13.068123506636303 ], [ 80.230710867927058, 13.068114018462051 ], [ 80.230674465496818, 13.068104505786026 ], [ 80.230655210108694, 13.068097667264668 ], [ 80.230595314937119, 13.068079314825043 ], [ 80.230562503073031, 13.06807189351915 ], [ 80.23054896186845, 13.06806642795166 ], [ 80.23052107636542, 13.068046452290279 ], [ 80.230508998516413, 13.068045150214513 ], [ 80.230492663551289, 13.068048086010334 ], [ 80.230479838303964, 13.068049584972512 ], [ 80.230421454098718, 13.068040950845141 ], [ 80.230402757462699, 13.068041126730387 ], [ 80.230394832525263, 13.068039023982967 ], [ 80.230386911181085, 13.068035564031543 ], [ 80.23037898534534, 13.068033551414352 ], [ 80.230367519249043, 13.068042740324298 ], [ 80.230362530005962, 13.068045618366755 ], [ 80.230352388026404, 13.068044322416354 ], [ 80.230342343064891, 13.068041580006756 ], [ 80.230328543145518, 13.068030416981824 ], [ 80.230318506268844, 13.068024871783752 ], [ 80.230309103602764, 13.068023487453104 ], [ 80.230302653699027, 13.06802138908083 ], [ 80.230295377345215, 13.068017930879257 ], [ 80.230287445221265, 13.068017998258176 ], [ 80.230271675296464, 13.068017408473787 ], [ 80.230264397146016, 13.068014673939357 ], [ 80.230257938259115, 13.068015468485669 ], [ 80.230246485637551, 13.06802049827891 ], [ 80.230223523800575, 13.068019253956381 ], [ 80.23020047572534, 13.068015840382355 ], [ 80.230138257510447, 13.067973338275655 ], [ 80.230120128609684, 13.067960083000163 ], [ 80.23009775337259, 13.067948261933008 ], [ 80.230092690467643, 13.067944811605853 ], [ 80.230087552104251, 13.067936386612065 ], [ 80.23007097549231, 13.067928019371386 ], [ 80.230045140843046, 13.067931106552475 ], [ 80.230026406477791, 13.067934758141606 ], [ 80.230010552111338, 13.067931365567675 ], [ 80.229991115263545, 13.067923712368712 ], [ 80.229951411524596, 13.067907860813062 ], [ 80.229903774763415, 13.067892365402361 ], [ 80.229890036827769, 13.067890860313838 ], [ 80.229837825845138, 13.06789323607857 ], [ 80.229781003810174, 13.067895146315882 ], [ 80.229754346304105, 13.067895881359091 ], [ 80.229724497083851, 13.067884580069441 ], [ 80.229657706444158, 13.067859515968481 ], [ 80.229594977986167, 13.067832835644577 ], [ 80.229558576454224, 13.067823052566725 ], [ 80.229517595310966, 13.06783242437027 ], [ 80.229420551209159, 13.06786685590099 ], [ 80.229405219662198, 13.067873501042333 ], [ 80.229370508759615, 13.067883796023299 ], [ 80.229336185929256, 13.067887581495995 ], [ 80.229297248453236, 13.067892438906698 ], [ 80.2292584484195, 13.067912306074154 ], [ 80.229159031866985, 13.067968340858373 ], [ 80.229015188233831, 13.068044315415953 ], [ 80.22894377486368, 13.068082079110496 ], [ 80.228881908788367, 13.068104589790888 ], [ 80.228824186641475, 13.068129191840226 ], [ 80.228792184159474, 13.068158030881731 ], [ 80.228748435306841, 13.068197594537509 ], [ 80.228713288721337, 13.068229045596084 ], [ 80.228666437986007, 13.068257478602646 ], [ 80.228620517006988, 13.068283472841417 ], [ 80.228585914800547, 13.068317909559507 ], [ 80.22856584553881, 13.068365319761135 ], [ 80.228550927216872, 13.068417176080725 ], [ 80.228542973533365, 13.068513177753299 ], [ 80.228550955962987, 13.068615555869863 ], [ 80.228573121892623, 13.068695191431663 ], [ 80.228594208047269, 13.06876587172297 ], [ 80.228610196262693, 13.068844674190467 ], [ 80.228611625482316, 13.068889345390971 ], [ 80.228635146969722, 13.068948369116388 ], [ 80.228666738023307, 13.068992407638753 ], [ 80.22867366672908, 13.069018469178745 ], [ 80.228671897946299, 13.069053636458797 ], [ 80.228687149543191, 13.069102237458317 ], [ 80.228710060176198, 13.069149776141238 ], [ 80.228735963995732, 13.069184212738454 ], [ 80.228759699282165, 13.069203632653016 ], [ 80.228792230871861, 13.069242068206034 ], [ 80.228839838887012, 13.069296461101198 ], [ 80.228897742493587, 13.069362278588407 ], [ 80.22893409821144, 13.069416729210067 ], [ 80.228959034545412, 13.06946526800987 ], [ 80.228998980829473, 13.069521718963243 ], [ 80.229037226602699, 13.069561617542853 ], [ 80.22907994508769, 13.069586880981324 ], [ 80.22911492458654, 13.069609228766085 ], [ 80.229139744139545, 13.069636157410828 ], [ 80.229158474911515, 13.069663610204699 ], [ 80.229177534466913, 13.06967406524428 ], [ 80.229206288640825, 13.069681293992065 ], [ 80.229241687652916, 13.069687547939406 ], [ 80.229266285322041, 13.069696934547949 ], [ 80.229294708017648, 13.06972179457685 ], [ 80.229357427492445, 13.069810773508697 ], [ 80.229448696325321, 13.06994369013097 ], [ 80.229472884362664, 13.069965553108958 ], [ 80.229481715700203, 13.069973537011261 ], [ 80.22953027592952, 13.070018348889478 ], [ 80.229571693654009, 13.070076340668368 ], [ 80.229620586259998, 13.070162836974292 ], [ 80.229662744196276, 13.0702498556506 ], [ 80.229702901584432, 13.070327464085887 ], [ 80.229712316826905, 13.070354979805938 ], [ 80.22971752346227, 13.070401109429003 ], [ 80.229752120278832, 13.070457543542574 ], [ 80.22978534626624, 13.070510085455609 ], [ 80.229796504240383, 13.070570338227402 ], [ 80.229810924895659, 13.070619659962672 ], [ 80.229822012801208, 13.07064302095217 ], [ 80.229840558520252, 13.070670382629752 ], [ 80.229858547283783, 13.070728937782087 ], [ 80.229863865310264, 13.070798757325514 ], [ 80.229859739348157, 13.070880032009441 ], [ 80.229848447525058, 13.070951971733532 ], [ 80.229845766952238, 13.071013449453964 ], [ 80.229837800692323, 13.071054294585998 ], [ 80.229822261634524, 13.071098101721955 ], [ 80.229812542761465, 13.07113885233565 ], [ 80.229822062208541, 13.071192137887447 ], [ 80.229845281862012, 13.071259026792502 ], [ 80.229864394418001, 13.071282411347555 ], [ 80.229884910142431, 13.071299290857741 ], [ 80.229893175541363, 13.071310947257022 ], [ 80.229897390436676, 13.07131976240313 ], [ 80.22990157389097, 13.07133885400996 ], [ 80.229902771345223, 13.071369147866513 ], [ 80.229903233079298, 13.071398806440982 ], [ 80.229903191756804, 13.071412188412445 ], [ 80.229900168027541, 13.07143541719603 ], [ 80.22989267607808, 13.071472057696974 ], [ 80.22987862013882, 13.071543042581503 ], [ 80.229854942344559, 13.071653554670783 ], [ 80.229835588141768, 13.071737767450211 ], [ 80.229801733333659, 13.071828538607027 ], [ 80.229747645770388, 13.071930007934808 ], [ 80.229721317946058, 13.071972878625736 ], [ 80.229681468680042, 13.072033702439381 ], [ 80.229634434688421, 13.072091340229887 ], [ 80.229575796259908, 13.07214324739371 ], [ 80.229519018242371, 13.072190277094792 ], [ 80.229453342411972, 13.072221456383367 ], [ 80.229384149677216, 13.072256513827504 ], [ 80.22934530113443, 13.072291841652719 ], [ 80.229316006174685, 13.072310109775662 ], [ 80.229289619061561, 13.072312562500976 ], [ 80.229246530470604, 13.072317497702741 ], [ 80.229219531604741, 13.072338846824486 ], [ 80.229151191371187, 13.072366491825537 ], [ 80.229081143440297, 13.07238002687571 ], [ 80.229028626132148, 13.072391533592883 ], [ 80.228996752109239, 13.072408437528189 ], [ 80.228917264681328, 13.072432071359382 ], [ 80.228837344265429, 13.072446480566231 ], [ 80.22873838405711, 13.072444015591749 ], [ 80.228685894596737, 13.072446299433922 ], [ 80.2286484177814, 13.072426296125926 ], [ 80.228606755715148, 13.072417219383738 ], [ 80.228587462597815, 13.07242231646496 ], [ 80.22857615011344, 13.072441541866912 ], [ 80.228563114660361, 13.072451177755742 ], [ 80.228537920509908, 13.072455804067264 ], [ 80.228472515072369, 13.072459316458884 ], [ 80.228435702112009, 13.072463003857447 ], [ 80.228405292343041, 13.07245396124298 ], [ 80.228369216001198, 13.072428264955505 ], [ 80.228340678321274, 13.072410457985002 ], [ 80.228324547273729, 13.072407334983502 ], [ 80.228298982119043, 13.072412412814163 ], [ 80.228280988863901, 13.072414890914477 ], [ 80.228228302672477, 13.072391676223662 ], [ 80.228149267995477, 13.072358618255123 ], [ 80.22811306499122, 13.072343862529005 ], [ 80.228063873246256, 13.072324184726011 ], [ 80.228022927137303, 13.072292325547551 ], [ 80.227957420190151, 13.072239595881207 ], [ 80.227928407301391, 13.072226217454752 ], [ 80.227901120076339, 13.072221614764876 ], [ 80.227857587717665, 13.072220851733411 ], [ 80.22777038735471, 13.07220350239184 ], [ 80.227699718687944, 13.072179329516423 ], [ 80.227646546507984, 13.072163980504937 ], [ 80.227596744806931, 13.072162385313755 ], [ 80.227511623145574, 13.072158694410525 ], [ 80.227440897884918, 13.072152877168927 ], [ 80.227384921164614, 13.072149454901734 ], [ 80.2272767280718, 13.072120558574241 ], [ 80.227165301942264, 13.072093008924606 ], [ 80.227115257696099, 13.07208020101409 ], [ 80.227022121265762, 13.072073502608774 ], [ 80.226929476213883, 13.072057130672853 ], [ 80.226756205568634, 13.072044767279127 ], [ 80.226662725083543, 13.072030111288434 ], [ 80.226548127901054, 13.072014035112078 ], [ 80.226499920709642, 13.072003854058186 ], [ 80.226417954829856, 13.071993753507277 ], [ 80.226317957965691, 13.071998427079388 ], [ 80.226179961466698, 13.072002624631351 ], [ 80.226073826414193, 13.071994079021005 ], [ 80.226009848399656, 13.07198330819139 ], [ 80.225984436856891, 13.071968946209468 ], [ 80.225961351052419, 13.07194808007622 ], [ 80.225905160533074, 13.071924674583359 ], [ 80.225828760614803, 13.071904553103037 ], [ 80.225786612559986, 13.071903613313058 ], [ 80.225759655016617, 13.071911669780734 ], [ 80.225736638382386, 13.071927696086656 ], [ 80.225709073577917, 13.071952930406692 ], [ 80.22567875633537, 13.071973636407787 ], [ 80.225642386244488, 13.071982930175443 ], [ 80.225599770167392, 13.071984249731145 ], [ 80.225541588083075, 13.071978379108197 ], [ 80.225456595779107, 13.071963023958981 ], [ 80.22539819989575, 13.071936898852192 ], [ 80.22536456427656, 13.07189791769564 ], [ 80.22527972378785, 13.071863350221475 ], [ 80.225268209182559, 13.071858658271026 ], [ 80.225214182704732, 13.07185126245486 ], [ 80.225171335760635, 13.071837571618982 ], [ 80.22514052085144, 13.071810714967544 ], [ 80.225101624697942, 13.071772531825419 ], [ 80.225072589351328, 13.071766657697271 ], [ 80.225056505914495, 13.071777731299383 ], [ 80.225052673701484, 13.071794085753092 ], [ 80.225044331945767, 13.07180689980372 ], [ 80.22502825479711, 13.071815984443685 ], [ 80.22500732135606, 13.071814926523274 ], [ 80.224974457389706, 13.071794483895207 ], [ 80.224935800188078, 13.071768417398104 ], [ 80.224906052477422, 13.07175404227811 ], [ 80.224844391218028, 13.071740113426568 ], [ 80.224728091728082, 13.071737322930964 ], [ 80.2246499993838, 13.071727685264181 ], [ 80.224601322373516, 13.071720305194789 ], [ 80.224546449682677, 13.071718151726529 ], [ 80.224437402292025, 13.071726594967007 ], [ 80.22438452296285, 13.071735659484061 ], [ 80.224256884039065, 13.071760864947484 ], [ 80.224192012200831, 13.071770616367862 ], [ 80.224144381727825, 13.071782589508532 ], [ 80.224091752130278, 13.071800514654415 ], [ 80.224045293060385, 13.071821262670104 ], [ 80.223990630575386, 13.071840357738269 ], [ 80.223901094592691, 13.071862331677959 ], [ 80.223782760418629, 13.071890729264478 ], [ 80.22375154755575, 13.07190284240524 ], [ 80.223730098481724, 13.071919143473403 ], [ 80.223705314861334, 13.071939775099199 ], [ 80.223676752926892, 13.071959491434475 ], [ 80.223653766835383, 13.071965661320544 ], [ 80.223630084549569, 13.071958627772942 ], [ 80.223611404083243, 13.071944737434571 ], [ 80.223592703853953, 13.071937357371642 ], [ 80.223553321711904, 13.071936515585925 ], [ 80.223521407264826, 13.071936961854883 ], [ 80.223501651515079, 13.071942779976579 ], [ 80.223475675830329, 13.071960966746913 ], [ 80.223451711473487, 13.071985217522029 ], [ 80.223408733375351, 13.07201366059628 ], [ 80.223316061374021, 13.072064921124367 ], [ 80.22324366524694, 13.072091829375331 ], [ 80.223209111549551, 13.072110351273663 ], [ 80.223184339607258, 13.072127366357854 ], [ 80.223160282723953, 13.072151617116608 ], [ 80.223132505018739, 13.072185802159543 ], [ 80.223099625781046, 13.072229285331286 ], [ 80.223065910211773, 13.072245369368957 ], [ 80.223036377198511, 13.072251066728414 ], [ 80.22294751315566, 13.07232322568683 ], [ 80.222886292969037, 13.072374760911753 ], [ 80.222839090992451, 13.072426429131303 ], [ 80.222817899734892, 13.072448698780725 ], [ 80.222804884943045, 13.072481120586623 ], [ 80.222796518034485, 13.072531639862918 ], [ 80.22279860392257, 13.072572605498447 ], [ 80.222796212607307, 13.072599814706013 ], [ 80.222791313195728, 13.072632712510888 ], [ 80.222778787087407, 13.072656635957042 ], [ 80.222760437201103, 13.072684610810493 ], [ 80.222748614473659, 13.072719386427766 ], [ 80.222738344035008, 13.072759049981228 ], [ 80.222732228304537, 13.072797549733004 ], [ 80.222716727874328, 13.072828697443608 ], [ 80.222680626379713, 13.072870000792888 ], [ 80.222610548804369, 13.072951619557832 ], [ 80.22258351400589, 13.072984269681337 ], [ 80.222567296720086, 13.073008543981755 ], [ 80.222562157458327, 13.073029776664272 ], [ 80.222557240978773, 13.073068280748981 ], [ 80.222543879437254, 13.073093829089226 ], [ 80.22252350295166, 13.07312089385886 ], [ 80.222492616177263, 13.073175956174135 ], [ 80.222472102249441, 13.073246873190969 ], [ 80.222462079745782, 13.073266374163838 ], [ 80.222449205091152, 13.073283515172983 ], [ 80.222428959759611, 13.073298192089995 ], [ 80.222397983153655, 13.07332314538454 ], [ 80.222370700420143, 13.073346571745518 ], [ 80.222347107965845, 13.073369557963145 ], [ 80.222321355961569, 13.073405015133758 ], [ 80.222307057477209, 13.073434991100079 ], [ 80.222299632003072, 13.073479454962168 ], [ 80.222306838288276, 13.073534541698301 ], [ 80.222322892979037, 13.073562078061487 ], [ 80.222327150993493, 13.073586593813726 ], [ 80.222327611829229, 13.073616252996725 ], [ 80.222331742282918, 13.073652071519671 ], [ 80.222347658633126, 13.073694435268541 ], [ 80.222367404501355, 13.073721530598357 ], [ 80.222420098777633, 13.073771419598673 ], [ 80.222437820741533, 13.073796880363069 ], [ 80.222445756458754, 13.073825114971235 ], [ 80.222445249808928, 13.073869238376258 ], [ 80.222439291283649, 13.073886851859841 ], [ 80.222430109603152, 13.073902828160726 ], [ 80.222412367876274, 13.073913444901258 ], [ 80.222387238404536, 13.073926479349389 ], [ 80.222381499068177, 13.073933244206684 ], [ 80.222381260116322, 13.07395051292389 ], [ 80.222389212901518, 13.073973503460406 ], [ 80.222400733795027, 13.07400572730918 ], [ 80.222407001340784, 13.074036669235287 ], [ 80.222405795801677, 13.074067950669004 ], [ 80.222399097064596, 13.074071661669343 ], [ 80.222389582109102, 13.074091139826274 ], [ 80.222361477417138, 13.074112123032227 ], [ 80.222320855599989, 13.074124117059968 ], [ 80.22228263048801, 13.074136931864603 ], [ 80.222258690385686, 13.074153134781906 ], [ 80.222253203475915, 13.074167585889649 ], [ 80.222255941540908, 13.07417681657258 ], [ 80.222290975836998, 13.07441725609662 ], [ 80.222300641709438, 13.074465026513089 ], [ 80.222316861690231, 13.074545186953966 ], [ 80.222316240056031, 13.07465549644232 ], [ 80.222322513889992, 13.074713654261609 ], [ 80.222314069726323, 13.074759290429579 ], [ 80.222301635246168, 13.074783395675144 ], [ 80.222297300874899, 13.074812587449909 ], [ 80.222299687698623, 13.07484568796596 ], [ 80.222314770412254, 13.07485965776843 ], [ 80.222328260412866, 13.074881399557171 ], [ 80.222331656942956, 13.074916040110713 ], [ 80.222326222135493, 13.074943240309562 ], [ 80.222319448838235, 13.074985445456967 ], [ 80.222321380216101, 13.075016645392928 ], [ 80.22232295136952, 13.075045132744064 ], [ 80.222314137998296, 13.075061562233445 ], [ 80.222297976408015, 13.075067843170261 ], [ 80.22226265015945, 13.075067826544752 ], [ 80.22224381877615, 13.075072924446252 ], [ 80.222234289447627, 13.075082118344236 ], [ 80.22221607341028, 13.075126097145185 ], [ 80.222217642767077, 13.075154945869278 ], [ 80.222226552258093, 13.075196565588357 ], [ 80.222238744193106, 13.075220563163075 ], [ 80.222255245346588, 13.075223415746095 ], [ 80.222271639600521, 13.075230969840796 ], [ 80.22228623093568, 13.075254613026891 ], [ 80.222294552030149, 13.07527778544714 ], [ 80.222296839140853, 13.075313146090718 ], [ 80.222289490921838, 13.075362311998553 ], [ 80.222283311411005, 13.075391770587403 ], [ 80.222295125155298, 13.075418841230135 ], [ 80.222301655009105, 13.075454305106389 ], [ 80.222298007849048, 13.075499684755206 ], [ 80.222295484481407, 13.075568847555516 ], [ 80.222286661228679, 13.075617918909801 ], [ 80.222275920971143, 13.075660473951325 ], [ 80.222263856596896, 13.075683765336699 ], [ 80.222262025830346, 13.075708715764875 ], [ 80.222267462434445, 13.075739926984669 ], [ 80.22227697918656, 13.075764278016031 ], [ 80.222279018362244, 13.075790505970305 ], [ 80.222276239873082, 13.075823500477313 ], [ 80.222260923597474, 13.07588403545906 ], [ 80.22224232487784, 13.075961920379509 ], [ 80.222229785294786, 13.076048594876836 ], [ 80.222213247310421, 13.076116449364934 ], [ 80.22219043459377, 13.076155442105295 ], [ 80.222175374338022, 13.076193282435479 ], [ 80.222161252821749, 13.076254995980861 ], [ 80.222145791917413, 13.07630287104408 ], [ 80.222116357718804, 13.076365171701408 ], [ 80.222089235783741, 13.076396013579174 ], [ 80.222067624114644, 13.076404990422532 ], [ 80.222049296686237, 13.076396345212226 ], [ 80.222032548496074, 13.07638381753195 ], [ 80.222015047517687, 13.076376259972493 ], [ 80.222007108207208, 13.076378496527095 ], [ 80.2219974450297, 13.076401072077266 ], [ 80.221977173647005, 13.076482659048265 ], [ 80.221962939841319, 13.076550972802874 ], [ 80.221948915343106, 13.07664071753994 ], [ 80.221937955896649, 13.076694031654185 ], [ 80.221914178389383, 13.076746854870679 ], [ 80.221896330661309, 13.076790835124875 ], [ 80.221876307213634, 13.076822873976482 ], [ 80.221825025987329, 13.076881130161983 ], [ 80.221763759986629, 13.076946499366153 ], [ 80.221727569558794, 13.076986807129174 ], [ 80.221700540150195, 13.077017558802249 ], [ 80.221675111539454, 13.07706730363288 ], [ 80.221648555543027, 13.077123464090864 ], [ 80.221598858046576, 13.077205867215145 ], [ 80.221529010439951, 13.077301952970112 ], [ 80.221472446221455, 13.077368149829633 ], [ 80.221416833318841, 13.077425126610551 ], [ 80.221360514340418, 13.077501361636603 ], [ 80.221279214112272, 13.077602204744069 ], [ 80.221236970836031, 13.077660578872806 ], [ 80.221203676576678, 13.077718165472756 ], [ 80.221146885084408, 13.077798196229125 ], [ 80.221041938503035, 13.077909637408414 ], [ 80.220990910601614, 13.077975127967157 ], [ 80.220961000295929, 13.078012471009375 ], [ 80.220931319958922, 13.078065096190008 ], [ 80.220870407894466, 13.078164372790072 ], [ 80.220844352259661, 13.078208238164592 ], [ 80.220812016502677, 13.078254345318971 ], [ 80.22076086373545, 13.07833023270798 ], [ 80.220695126819592, 13.078409422377147 ], [ 80.220647272666113, 13.07846257773155 ], [ 80.220640979069216, 13.078469569093064 ], [ 80.220579899918093, 13.078563510572414 ], [ 80.220523379717051, 13.078644808073765 ], [ 80.220382241809517, 13.078796466211442 ], [ 80.220373430234886, 13.078811901436529 ], [ 80.220370326555582, 13.078830970588225 ], [ 80.220367133044732, 13.078849316103057 ], [ 80.220299881569304, 13.078979949324312 ], [ 80.220288728086743, 13.0789970951865 ], [ 80.220276105858687, 13.079022012904122 ], [ 80.220261099501869, 13.079042312306326 ], [ 80.220245083438655, 13.079061160937252 ], [ 80.220235263055983, 13.079074874997541 ], [ 80.220220173155852, 13.079092370857813 ], [ 80.220213213009032, 13.079106003540304 ], [ 80.220204766150403, 13.079122976141431 ], [ 80.220193625244264, 13.079145999446274 ], [ 80.220190516175037, 13.079166605967316 ], [ 80.220185485609463, 13.079182595051449 ], [ 80.220172334273684, 13.079199553647118 ], [ 80.220157712395817, 13.079215152474074 ], [ 80.220128857610561, 13.079239387660857 ], [ 80.22009390236623, 13.07926785439906 ], [ 80.220055692525634, 13.079304720364538 ], [ 80.220037663337891, 13.079318500037139 ], [ 80.220022052414862, 13.079325686501829 ], [ 80.220005815366122, 13.079326813515847 ], [ 80.219988588373909, 13.079319979680603 ], [ 80.219964158689749, 13.079315656251559 ], [ 80.219950322837747, 13.079315795378308 ], [ 80.219939888905728, 13.079319200045864 ], [ 80.219935167360589, 13.079324881491798 ], [ 80.219934315757712, 13.079331841328468 ], [ 80.21993391421077, 13.079342148081492 ], [ 80.219936536393064, 13.079358973664535 ], [ 80.219895125855103, 13.079445470216022 ], [ 80.219863947128246, 13.079475847078081 ], [ 80.219829908165508, 13.079506125060243 ], [ 80.219795033769543, 13.079538299185701 ], [ 80.219759609604594, 13.079569116166414 ], [ 80.21972411087954, 13.07959432607951 ], [ 80.219646365284945, 13.079678994653275 ], [ 80.21961905560201, 13.079710649000502 ], [ 80.219592784371542, 13.079734801887748 ], [ 80.219575613973177, 13.07973936156197 ], [ 80.219555660594082, 13.079748976165522 ], [ 80.219517918775736, 13.079783582785103 ], [ 80.219481639414681, 13.079822353568407 ], [ 80.219408682738887, 13.079909206085945 ], [ 80.219373263065535, 13.079938665881739 ], [ 80.219315562478187, 13.079984695711859 ], [ 80.219289666743506, 13.079977474266043 ], [ 80.219186413486426, 13.080077798356157 ], [ 80.219120429533859, 13.080147312500969 ], [ 80.219033018965149, 13.080225532078096 ], [ 80.218888056929444, 13.080390017723619 ], [ 80.218809301628482, 13.080472783759342 ], [ 80.218781374802916, 13.080495484935698 ], [ 80.218736444665694, 13.0805278094332 ], [ 80.218695691694506, 13.080552189742091 ], [ 80.218658186133084, 13.080570340877438 ], [ 80.218567791360996, 13.080629382808425 ], [ 80.218473377526323, 13.080675843012644 ], [ 80.218413141893237, 13.080706493600045 ], [ 80.218381291226535, 13.080715710913145 ], [ 80.21833984565427, 13.080725531105017 ], [ 80.218303204272132, 13.08073256352767 ], [ 80.218285034947201, 13.080732237150471 ], [ 80.218273059506174, 13.080727227741532 ], [ 80.218262469267245, 13.080721770329454 ], [ 80.218244240653519, 13.080710775004381 ], [ 80.218228928869493, 13.080710908880315 ], [ 80.218217573265974, 13.080714310903582 ], [ 80.218175896826708, 13.080738688568999 ], [ 80.218157396921754, 13.080755269055151 ], [ 80.218124295800166, 13.08078084809944 ], [ 80.218110621644882, 13.08078803977155 ], [ 80.21809198160274, 13.080790606163312 ], [ 80.218055262067182, 13.08079338780645 ], [ 80.218008961100821, 13.08079252417582 ], [ 80.217982221848089, 13.080789550031428 ], [ 80.217968774068268, 13.080783632367709 ], [ 80.217953479352261, 13.080778160956777 ], [ 80.217861948211308, 13.080788101021934 ], [ 80.217843852548242, 13.080793470931978 ], [ 80.217830632940519, 13.080802925368406 ], [ 80.217829320501906, 13.080809522036036 ], [ 80.217796603859242, 13.080830038292504 ], [ 80.21777271136763, 13.080830779422215 ], [ 80.217753632947606, 13.080826291518608 ], [ 80.21774497678156, 13.080821653988989 ], [ 80.217736707789342, 13.080811502173798 ], [ 80.217717868321216, 13.080789291904734 ], [ 80.217658053099711, 13.080774463182417 ], [ 80.217643673766943, 13.080771435662465 ], [ 80.217627911926968, 13.080767861263819 ], [ 80.217611143973883, 13.080761933099499 ], [ 80.217587650334252, 13.080753362417425 ], [ 80.217535712439471, 13.080785123377444 ], [ 80.217229521674881, 13.080684915075906 ], [ 80.217196914626697, 13.080670711101702 ], [ 80.217156015230103, 13.080653407854765 ], [ 80.217104773529684, 13.08061066467333 ], [ 80.21696388176052, 13.080566293972383 ], [ 80.216893673929505, 13.080541758788724 ], [ 80.21668225093579, 13.080487770000984 ], [ 80.216621767367727, 13.080450876212128 ], [ 80.216590122415198, 13.080423925997662 ], [ 80.216550810341758, 13.080400749685865 ], [ 80.216527366109474, 13.08037644636263 ], [ 80.216503837435525, 13.080349973018958 ], [ 80.216453684493217, 13.080313110709756 ], [ 80.216428454410163, 13.080270175842703 ], [ 80.216390745829472, 13.080235792418367 ], [ 80.216362809122472, 13.080202976128145 ], [ 80.21630772173431, 13.080151179161255 ], [ 80.216286993109108, 13.080143340839671 ], [ 80.216275985153601, 13.08012422891403 ], [ 80.216257434943017, 13.080098312923496 ], [ 80.216229077824437, 13.08008195114525 ], [ 80.216215517755217, 13.080082091146549 ], [ 80.216180699953128, 13.080066885253167 ], [ 80.216102671389208, 13.080007242931659 ], [ 80.216093524742988, 13.079982802193324 ], [ 80.216083362102196, 13.079958900457866 ], [ 80.216084889238161, 13.079942449419462 ], [ 80.216087434165374, 13.07992536749865 ], [ 80.21608037161063, 13.079912687746093 ], [ 80.21606729752996, 13.079905323671698 ], [ 80.216061850146076, 13.079906934563002 ], [ 80.21604821910995, 13.079900654624435 ], [ 80.216042719623786, 13.079889516636294 ], [ 80.21603715545892, 13.079869787809645 ], [ 80.216031030745313, 13.079852403130676 ], [ 80.216028927789239, 13.079846434693955 ], [ 80.216025495326534, 13.079823638956858 ], [ 80.21601881365747, 13.079807162534143 ], [ 80.21599812186318, 13.079787569327378 ], [ 80.215973545753656, 13.079771309904595 ], [ 80.215962620443165, 13.079755362859075 ], [ 80.21595327437096, 13.079735713647576 ], [ 80.215950939649545, 13.079715542928833 ], [ 80.215947588933531, 13.079695912089335 ], [ 80.215939272330644, 13.079671473070166 ], [ 80.21592826078188, 13.079653446995055 ], [ 80.215911356284835, 13.079632237632913 ], [ 80.215898756514676, 13.0796206253773 ], [ 80.215874742750501, 13.07960165516279 ], [ 80.215853844343712, 13.07955972730843 ], [ 80.215834738075955, 13.079534804395131 ], [ 80.215812317024771, 13.079507882080861 ], [ 80.215786587478405, 13.079477151718534 ], [ 80.21579451241584, 13.07945050240127 ], [ 80.21579975498382, 13.079426014357134 ], [ 80.215798592563843, 13.079414256840069 ], [ 80.215782243225703, 13.079392596826864 ], [ 80.215768971515686, 13.079360186429486 ], [ 80.215763958916384, 13.079341092818398 ], [ 80.215757650946472, 13.079293784477061 ], [ 80.215746036628161, 13.079262464330547 ], [ 80.215740076306247, 13.079251324563561 ], [ 80.215723613780341, 13.07923599349235 ], [ 80.215705971766482, 13.079185577090334 ], [ 80.215693679220138, 13.07913508542703 ], [ 80.215688913657573, 13.079066985891048 ], [ 80.215688772622059, 13.079053151078659 ], [ 80.215690845933764, 13.079039323265603 ], [ 80.215689623326639, 13.079017528467615 ], [ 80.215688484262856, 13.078998356953926 ], [ 80.215688350413885, 13.078982442233897 ], [ 80.215686622055273, 13.078974932004696 ], [ 80.215684540658771, 13.07896597450514 ], [ 80.215633297161702, 13.07880351706439 ], [ 80.215639476672536, 13.078657690019565 ], [ 80.215648887423455, 13.078481582159251 ], [ 80.215663265857913, 13.078339216481092 ], [ 80.215667922724322, 13.078208212789146 ], [ 80.215670020290517, 13.078157132915624 ], [ 80.215683618987271, 13.078115581072254 ], [ 80.215732973327306, 13.078025402864096 ], [ 80.215751127380884, 13.07800149656388 ], [ 80.21575957603612, 13.077984071502476 ], [ 80.215760555199793, 13.077965991053061 ], [ 80.215754622725655, 13.07794635219919 ], [ 80.215743884264754, 13.077929411017641 ], [ 80.215731005118528, 13.077918521444992 ], [ 80.215718868879037, 13.077906188095577 ], [ 80.215713555344109, 13.07789468863578 ], [ 80.215713805974104, 13.077873893004986 ], [ 80.215730713166039, 13.07774835179398 ], [ 80.215702153028232, 13.077591931168989 ], [ 80.215659412983626, 13.077456805747556 ], [ 80.21565560053358, 13.077437263980091 ], [ 80.215651046075081, 13.077419075863441 ], [ 80.215633072582861, 13.077385837439861 ], [ 80.215623731002239, 13.077364921888746 ], [ 80.215619925738665, 13.077343300196352 ], [ 80.215616872365032, 13.077317069782135 ], [ 80.215607645768742, 13.077288650069743 ], [ 80.215557862034046, 13.077222764695453 ], [ 80.215529556119421, 13.077190127383107 ], [ 80.21551554509594, 13.077158257457794 ], [ 80.215497584180142, 13.077121040288967 ], [ 80.215453408627738, 13.077090164376138 ], [ 80.215424884422504, 13.077068286279141 ], [ 80.215401738430884, 13.07700808759534 ], [ 80.215397916099377, 13.076991890990714 ], [ 80.215395394528358, 13.076972352686479 ], [ 80.21540583834188, 13.076965783916856 ], [ 80.215403306889399, 13.076949590809505 ], [ 80.215352307734079, 13.076917970233636 ], [ 80.21534889683096, 13.076917327094336 ], [ 80.215340697009026, 13.076914499031458 ], [ 80.215332360643202, 13.076925776282057 ], [ 80.215324048531883, 13.076929096980717 ], [ 80.215302864460824, 13.076919357139467 ], [ 80.215293499524023, 13.07690576633707 ], [ 80.215087251724668, 13.076791302385494 ], [ 80.214901591515016, 13.076729524222818 ], [ 80.214709661064674, 13.076667004027412 ], [ 80.214677595700607, 13.076656508158186 ], [ 80.214652465330545, 13.076640699164527 ], [ 80.214626605528423, 13.076622174981221 ], [ 80.21455908186347, 13.076595024843691 ], [ 80.214427076229086, 13.076571023902584 ], [ 80.214404485396358, 13.076568694597524 ], [ 80.214378383947462, 13.076568343714229 ], [ 80.21429904114828, 13.07660354666911 ], [ 80.214281135029736, 13.076607380134178 ], [ 80.21425844448396, 13.076607673266068 ], [ 80.214227762525425, 13.076597181769456 ], [ 80.214204543770279, 13.076589425586814 ], [ 80.214181215420695, 13.076587093656869 ], [ 80.213988121652037, 13.076659113093829 ], [ 80.213831503975513, 13.076717498821044 ], [ 80.213630128638272, 13.076841121638459 ], [ 80.213597394927632, 13.076867243600862 ], [ 80.213576023108729, 13.076887613181993 ], [ 80.213517336171179, 13.076924505753816 ], [ 80.213486752129043, 13.076941592257592 ], [ 80.213461418739726, 13.076960684304421 ], [ 80.213437895455669, 13.076990721965068 ], [ 80.213412349165651, 13.077018945707493 ], [ 80.213374767247416, 13.077061146999686 ], [ 80.21324714539162, 13.077167000643485 ], [ 80.213145066232627, 13.077245896679949 ], [ 80.21312208373439, 13.077279914763535 ], [ 80.213102925364311, 13.077329586914777 ], [ 80.213070939052002, 13.077352455508915 ], [ 80.213032439055581, 13.077364183373643 ], [ 80.212994701728803, 13.077368227706215 ], [ 80.212977542110252, 13.077369350354108 ], [ 80.212957453983847, 13.077392345822137 ], [ 80.212939958395381, 13.077412185099169 ], [ 80.212868864825467, 13.077492893218269 ], [ 80.212623976892516, 13.077812772250649 ], [ 80.21253701278647, 13.077895149769187 ], [ 80.212342461950442, 13.078018792121737 ], [ 80.212225006328737, 13.078060027225867 ], [ 80.212197996683102, 13.07805515251502 ], [ 80.212129397734714, 13.078047076997629 ], [ 80.212011307902415, 13.078084420903952 ], [ 80.21198920754982, 13.078102256340406 ], [ 80.211853918573098, 13.078240365208565 ], [ 80.211843197180158, 13.078247295325356 ], [ 80.211817350852812, 13.078253455429007 ], [ 80.211800294540524, 13.078251232891619 ], [ 80.211770091384011, 13.078235317248389 ], [ 80.211755620423091, 13.078231928316105 ], [ 80.211728487708257, 13.078236727772191 ], [ 80.211546873510642, 13.078327583164244 ], [ 80.211510119839105, 13.078345707337876 ], [ 80.21148371296303, 13.078354663109971 ], [ 80.211463253832434, 13.078355825129009 ], [ 80.211437053568858, 13.078349754279394 ], [ 80.211423943555573, 13.078345894590973 ], [ 80.211406511747498, 13.078340762631546 ], [ 80.211359278329851, 13.078324394611586 ], [ 80.211314128105371, 13.078315926221496 ], [ 80.211244226599874, 13.078302121117485 ], [ 80.211214336955408, 13.07829886431333 ], [ 80.211152112452297, 13.078310927263654 ], [ 80.211094168421511, 13.078330203832513 ], [ 80.211023903996647, 13.078342875791325 ], [ 80.210995267502014, 13.078354665734997 ], [ 80.210973182420744, 13.078367972952941 ], [ 80.21096643517464, 13.078380767411772 ], [ 80.210953888405072, 13.078390621822201 ], [ 80.210927402477253, 13.078405302810438 ], [ 80.210911916420059, 13.078416550242368 ], [ 80.210903028488644, 13.078425737890614 ], [ 80.210880154686549, 13.078443328298459 ], [ 80.210861659273178, 13.078460978206021 ], [ 80.210847474874839, 13.078483693567765 ], [ 80.210841508264721, 13.078492919714119 ], [ 80.210829670265895, 13.078504215267817 ], [ 80.210810504709329, 13.078517560978311 ], [ 80.210790696857302, 13.078524457836766 ], [ 80.210752649611763, 13.078530397430054 ], [ 80.210710193434821, 13.078538426555902 ], [ 80.210675017204892, 13.078547981705333 ], [ 80.210649310116423, 13.078559094378662 ], [ 80.210636909772234, 13.07855821586497 ], [ 80.210631917834206, 13.07854956110501 ], [ 80.210623492535149, 13.078525115847107 ], [ 80.210615805651258, 13.078499963575624 ], [ 80.210610211841995, 13.078481996915819 ], [ 80.210604459929215, 13.078475479812221 ], [ 80.210593442092275, 13.078480344014578 ], [ 80.21057707838105, 13.078502315612822 ], [ 80.21057476072761, 13.078511589884236 ], [ 80.210576744207771, 13.078526646246168 ], [ 80.210580158704175, 13.078543869141072 ], [ 80.210582960549544, 13.078552494150784 ], [ 80.210578325242665, 13.078571041814458 ], [ 80.210573126692125, 13.078577414538303 ], [ 80.210549639340712, 13.078586408802579 ], [ 80.21051897085691, 13.078586720307388 ], [ 80.210483970696785, 13.078583396130956 ], [ 80.210443772884474, 13.078586444678129 ], [ 80.210410943054086, 13.078584580024271 ], [ 80.210380342842257, 13.078579882076555 ], [ 80.210346842868674, 13.078573714980964 ], [ 80.210307521812055, 13.078566039361748 ], [ 80.210272483024397, 13.078565577354565 ], [ 80.210239594803539, 13.078568006392304 ], [ 80.210208146582076, 13.078571886202555 ], [ 80.210178907317896, 13.078574363366004 ], [ 80.210165067872623, 13.078572034079874 ], [ 80.21016081614637, 13.078562673184386 ], [ 80.210164642071177, 13.078549840234357 ], [ 80.210174357350994, 13.078533507228832 ], [ 80.210175886283579, 13.07852851702553 ], [ 80.210168675506807, 13.078521980672846 ], [ 80.21013589418547, 13.078516538087193 ], [ 80.210111805861118, 13.07851622133219 ], [ 80.210085556190208, 13.0785137275429 ], [ 80.210055655765956, 13.07851118562786 ], [ 80.210035176872424, 13.078513778293713 ], [ 80.210018990129328, 13.078522869686809 ], [ 80.210002626418103, 13.078544841281261 ], [ 80.209998700780318, 13.078564829217916 ], [ 80.209996226820039, 13.078585552164334 ], [ 80.209986560049245, 13.078598308111289 ], [ 80.209973390747209, 13.078600281266716 ], [ 80.209954480312135, 13.078595022435637 ], [ 80.20993124808227, 13.078585411287147 ], [ 80.209901456354189, 13.078574997750827 ], [ 80.209850161653151, 13.078588636587018 ], [ 80.209809806635661, 13.078603134685663 ], [ 80.209777520286011, 13.078614875616159 ], [ 80.209758501154823, 13.078617488406234 ], [ 80.20974397000677, 13.078612286451373 ], [ 80.209731658595814, 13.078604966088855 ], [ 80.209714840337057, 13.078606891993491 ], [ 80.209696472484438, 13.078615238746703 ], [ 80.209671515489219, 13.078624929520265 ], [ 80.2096605758057, 13.078624069382075 ], [ 80.209648195224432, 13.078621758471677 ], [ 80.209629098838136, 13.078630095599284 ], [ 80.209622400999379, 13.078639311239986 ], [ 80.209617084769519, 13.078654271342657 ], [ 80.209609765296605, 13.078655606612958 ], [ 80.209597473648557, 13.07864685560491 ], [ 80.209549431747149, 13.078636201442544 ], [ 80.209506994434832, 13.078642799043145 ], [ 80.209481425686874, 13.078643893684802 ], [ 80.209449336966628, 13.078641322895631 ], [ 80.20941867746599, 13.07864091776449 ], [ 80.209390908743927, 13.078642699291636 ], [ 80.209351400837733, 13.078648620506776 ], [ 80.209325091878014, 13.078650419534112 ], [ 80.209301772511523, 13.078647249360927 ], [ 80.20926529282616, 13.078645336581792 ], [ 80.209231714699158, 13.078644893825055 ], [ 80.2092097059747, 13.078652476690392 ], [ 80.209176808770707, 13.078655621488171 ], [ 80.209158519969833, 13.078658242152942 ], [ 80.209141058517318, 13.078653717459263 ], [ 80.209111109584043, 13.078654754349987 ], [ 80.209089357777771, 13.078643731807341 ], [ 80.209077104757299, 13.078632117755188 ], [ 80.20906334436377, 13.078624064131997 ], [ 80.20904511395338, 13.078622391981378 ], [ 80.209017305705473, 13.07862703480246 ], [ 80.20900473917294, 13.078638320724853 ], [ 80.20898198125353, 13.078647325487058 ], [ 80.208965862782421, 13.078651406549145 ], [ 80.208941763678283, 13.078651804680192 ], [ 80.208913305050075, 13.078650713538607 ], [ 80.208891405021774, 13.078650423909194 ], [ 80.208860226294874, 13.078646159094312 ], [ 80.20883143169678, 13.078650763414361 ], [ 80.20880409147108, 13.078653974713149 ], [ 80.208767512072711, 13.078648630131925 ], [ 80.20872447378747, 13.078642508538735 ], [ 80.2087008418073, 13.078635902187958 ], [ 80.208671470490756, 13.078628526700308 ], [ 80.208636235870372, 13.07863094348725 ], [ 80.208617566183804, 13.078630028223253 ], [ 80.208596815100748, 13.078622750736876 ], [ 80.208567402461725, 13.0786188954278 ], [ 80.208535793441811, 13.078618537547321 ], [ 80.208512028510967, 13.078623198743728 ], [ 80.208491871214306, 13.078626491419145 ], [ 80.208468147605984, 13.078627631561577 ], [ 80.208454506688398, 13.078626773173454 ], [ 80.208435176740124, 13.078620918458828 ], [ 80.208410826107695, 13.078614304232362 ], [ 80.208376258935559, 13.078620956084395 ], [ 80.208353947478841, 13.078624225134448 ], [ 80.208330909285081, 13.078628189820154 ], [ 80.208297838706201, 13.078629928471733 ], [ 80.208259763612887, 13.078629497090137 ], [ 80.208219500223521, 13.078631858751221 ], [ 80.208182109646472, 13.07863425191276 ], [ 80.208136733944855, 13.078643597930315 ], [ 80.208100021595797, 13.078649521770494 ], [ 80.208057403722108, 13.078668759812301 ], [ 80.208023573168489, 13.078674011641708 ], [ 80.207994135376637, 13.078672268615366 ], [ 80.207948199126264, 13.078668226929244 ], [ 80.20790951407686, 13.078658632408859 ], [ 80.207857815133963, 13.078655933867914 ], [ 80.207841926631531, 13.078662796597008 ], [ 80.207822488885412, 13.07866609802203 ], [ 80.207808253283105, 13.078654667723674 ], [ 80.207758082374482, 13.078644238440059 ], [ 80.207714326335292, 13.07863810809663 ], [ 80.207671999515753, 13.078632697889036 ], [ 80.20761887045488, 13.078629278336777 ], [ 80.207575039855584, 13.078629485714972 ], [ 80.207531151764059, 13.078634623793455 ], [ 80.20748583445291, 13.078639040860841 ], [ 80.207439105888454, 13.078641327270715 ], [ 80.207408189469618, 13.078643091297597 ], [ 80.207382186835403, 13.078654770100233 ], [ 80.207358421006262, 13.07865943042097 ], [ 80.207315300974315, 13.07866035093493 ], [ 80.207288059563297, 13.078655111355419 ], [ 80.207278218519363, 13.078636687074949 ], [ 80.207269161704701, 13.078612638206803 ], [ 80.207258033374956, 13.078581521851927 ], [ 80.207250981599969, 13.078570172050943 ], [ 80.207229438202816, 13.078569223536219 ], [ 80.207217819392923, 13.078579656323049 ], [ 80.207209709402562, 13.078597173218808 ], [ 80.207200897827931, 13.078613272591525 ], [ 80.207188609773169, 13.078619472061652 ], [ 80.207166364791789, 13.078617107775376 ], [ 80.207144829479461, 13.078615454 ], [ 80.207121783200861, 13.078620123071628 ], [ 80.207101024032966, 13.07861354997079 ], [ 80.207081752475176, 13.078602765429981 ], [ 80.207030969813857, 13.078583173877536 ], [ 80.206997932472632, 13.078582094985832 ], [ 80.206965629055006, 13.078579615197434 ], [ 80.206933284314886, 13.078580658213573 ], [ 80.206893681187282, 13.078587956701508 ], [ 80.206838190455542, 13.078602117920001 ], [ 80.206825961689589, 13.078603388439564 ], [ 80.20681128321786, 13.078602567676906 ], [ 80.206810164815323, 13.078602505550981 ], [ 80.206785071276173, 13.078597994856462 ], [ 80.206754146772539, 13.078600461519487 ], [ 80.206717400287488, 13.078609201153961 ], [ 80.20667551813402, 13.07862703917753 ], [ 80.206623635036465, 13.078639832747928 ], [ 80.206589077745789, 13.078645780213559 ], [ 80.206551704236716, 13.078646766353572 ], [ 80.206465177610255, 13.078611977571653 ], [ 80.206430994018731, 13.078586232924851 ], [ 80.206383368037322, 13.078542728998233 ], [ 80.206335089879005, 13.078493583849635 ], [ 80.206300947609989, 13.078464319009363 ], [ 80.206278992784434, 13.078437305576756 ], [ 80.206255501839777, 13.078418726402512 ], [ 80.206221945272333, 13.07840073786147 ], [ 80.206159009303519, 13.078376077335305 ], [ 80.206098194257109, 13.078354257978308 ], [ 80.20603873387013, 13.078339497360712 ], [ 80.205995705466322, 13.078332670498199 ], [ 80.2059477138706, 13.078320152541437 ], [ 80.205910449057669, 13.078311982531153 ], [ 80.20586479577662, 13.078283996065625 ], [ 80.205838464359033, 13.078262567832059 ], [ 80.205805182676059, 13.078221339761928 ], [ 80.205776720454594, 13.078197773861493 ], [ 80.205747415613388, 13.078184763264471 ], [ 80.205708079285415, 13.07816952662856 ], [ 80.205685974441195, 13.078155188632179 ], [ 80.205592213681754, 13.078124543852804 ], [ 80.205527898798991, 13.078094937712741 ], [ 80.205479900016712, 13.078083124131238 ], [ 80.205443988066619, 13.078082012861781 ], [ 80.205404467584003, 13.078082268366272 ], [ 80.205336773239139, 13.078095587849109 ], [ 80.205292257225238, 13.078092969803386 ], [ 80.205271340852164, 13.078099776547186 ], [ 80.205243290059101, 13.078102274715718 ], [ 80.205226198712481, 13.078089403241055 ], [ 80.20520420256446, 13.07806591082932 ], [ 80.205130623356169, 13.078029860193105 ], [ 80.205099131117251, 13.078019642636866 ], [ 80.205051055978188, 13.078014166789531 ], [ 80.205001412380625, 13.078019942767199 ], [ 80.204965343225339, 13.078032211359798 ], [ 80.204945070944348, 13.078045363717361 ], [ 80.204912684881705, 13.078049926922914 ], [ 80.204878936074792, 13.078048135766307 ], [ 80.204829425427903, 13.078042644169349 ], [ 80.204764226602904, 13.078027113519452 ], [ 80.20472975195726, 13.078026017124991 ], [ 80.204693188728555, 13.078019264630143 ], [ 80.204653818264603, 13.078006843784189 ], [ 80.204611591158042, 13.077992982661884 ], [ 80.204570040482906, 13.077982650477029 ], [ 80.204532082170545, 13.077972360292481 ], [ 80.204511842228882, 13.077982695102845 ], [ 80.204487993754739, 13.077994398437175 ], [ 80.204469199202364, 13.07800404548432 ], [ 80.204439694935161, 13.078007936678642 ], [ 80.204413958202281, 13.077997080360054 ], [ 80.204399806143272, 13.077978606154547 ], [ 80.204386348482032, 13.077962254735835 ], [ 80.204374431431475, 13.077947936852812 ], [ 80.204361355554184, 13.07794169186498 ], [ 80.204345627850202, 13.077940059960463 ], [ 80.204327250116123, 13.077943042014399 ], [ 80.204319342246663, 13.077949681634299 ], [ 80.204316674250251, 13.07795737914806 ], [ 80.20431242881223, 13.077965583295734 ], [ 80.204306083113067, 13.077974289702139 ], [ 80.204291913986083, 13.077975238219151 ], [ 80.204273045771856, 13.077972558921047 ], [ 80.204242670138825, 13.077964159645122 ], [ 80.204213859371052, 13.077957311771851 ], [ 80.204186067292781, 13.077955610741222 ], [ 80.204158321028601, 13.077946198196413 ], [ 80.204144224665185, 13.077934804615348 ], [ 80.204130710410041, 13.077913644106335 ], [ 80.204124507543, 13.077898182574561 ], [ 80.20411729766451, 13.077875516159759 ], [ 80.204102154763788, 13.077863602815921 ], [ 80.20406394132992, 13.077850016440616 ], [ 80.203995848133076, 13.077833175004329 ], [ 80.203967561083076, 13.077826329752485 ], [ 80.203947137885095, 13.07782055639534 ], [ 80.203928739489768, 13.07782713739244 ], [ 80.203916085820666, 13.077837865091112 ], [ 80.203900752477068, 13.07785834746919 ], [ 80.203889136362136, 13.077871135829371 ], [ 80.203859650061275, 13.077889995049967 ], [ 80.203835469210432, 13.0778985999572 ], [ 80.203807710369858, 13.077891243697822 ], [ 80.20377371452625, 13.077874082008456 ], [ 80.203737575302341, 13.07786462045962 ], [ 80.20370822824033, 13.077859826246412 ], [ 80.20367523042502, 13.07785141121636 ], [ 80.203664811764355, 13.077839010487324 ], [ 80.203656507737847, 13.077824050335201 ], [ 80.203642426645786, 13.0778100868257 ], [ 80.203619913068124, 13.077802760314242 ], [ 80.20359475035869, 13.077800046013611 ], [ 80.203589525756996, 13.07779641644589 ], [ 80.203579595779857, 13.077790189829564 ], [ 80.203560181389946, 13.077791107721742 ], [ 80.203540754423585, 13.077794083652334 ], [ 80.20350979758058, 13.077795451302869 ], [ 80.203481456631678, 13.077797861097858 ], [ 80.203454707497485, 13.07779719521044 ], [ 80.203408596075647, 13.077788705801833 ], [ 80.203363032626086, 13.07777610556589 ], [ 80.203312733258429, 13.077766049877162 ], [ 80.203232617908114, 13.077741940547993 ], [ 80.203201794015783, 13.077720682895553 ], [ 80.203161457862876, 13.077711197715374 ], [ 80.203103764462085, 13.077709842314604 ], [ 80.203075423513155, 13.077712252110445 ], [ 80.203022477708629, 13.077706295872144 ], [ 80.202994205930011, 13.077696878942723 ], [ 80.202974373823494, 13.077679796866382 ], [ 80.202950881980499, 13.077660636623918 ], [ 80.202925196451588, 13.077657406061821 ], [ 80.202903184133845, 13.077654195625053 ], [ 80.202874895287252, 13.077647864878129 ], [ 80.202843909698132, 13.077653858743576 ], [ 80.202828622168624, 13.077666628738978 ], [ 80.202816542523024, 13.077669131287021 ], [ 80.202794019962198, 13.077663346550983 ], [ 80.202764602831621, 13.077670378185926 ], [ 80.202752496236528, 13.077677509572595 ], [ 80.202737787222063, 13.077681024514892 ], [ 80.202724655649234, 13.077684036322472 ], [ 80.202701099127538, 13.077675674662459 ], [ 80.202695914950013, 13.077665360839658 ], [ 80.202680224076957, 13.077657558314744 ], [ 80.202649265437316, 13.077658925091022 ], [ 80.202625151960163, 13.077656216913939 ], [ 80.202603118082862, 13.077656606296424 ], [ 80.202582110979961, 13.077660600748242 ], [ 80.202567984972106, 13.07765434962802 ], [ 80.202554404241653, 13.077644503063331 ], [ 80.202541870048492, 13.077635175383291 ], [ 80.202528771713304, 13.077632530207181 ], [ 80.202506692021956, 13.077640631988677 ], [ 80.202486713490032, 13.077648232385231 ], [ 80.202469950028529, 13.077644538064012 ], [ 80.20245270956157, 13.077632612458755 ], [ 80.2024322980417, 13.077624783682307 ], [ 80.202419736000778, 13.077620083966254 ], [ 80.202402480262478, 13.077610730034793 ], [ 80.202381000645701, 13.077605979567494 ], [ 80.202344760810547, 13.077613487213309 ], [ 80.202305939217197, 13.077614295728997 ], [ 80.202292257875442, 13.077621416617074 ], [ 80.202281203207534, 13.077628039620333 ], [ 80.202268571996342, 13.07763516663314 ], [ 80.202249660662986, 13.077639686970413 ], [ 80.202226607197829, 13.077634928628518 ], [ 80.20220258714545, 13.077624060918303 ], [ 80.202197834159279, 13.077621909251611 ], [ 80.202186860339765, 13.077614648360848 ], [ 80.202166385039519, 13.077617616418435 ], [ 80.202143838224202, 13.077615946886048 ], [ 80.202121320154959, 13.077609648513763 ], [ 80.20209149069764, 13.077597651155459 ], [ 80.202053294331762, 13.077612152812407 ], [ 80.202026906320285, 13.077614874990243 ], [ 80.20200174091589, 13.077610275900971 ], [ 80.201965316926078, 13.077607179215812 ], [ 80.201922519389342, 13.077607318343491 ], [ 80.2018617268008, 13.077609843642573 ], [ 80.201841165262238, 13.07760769985091 ], [ 80.201798338979373, 13.077616519147121 ], [ 80.201753026159821, 13.077624426675387 ], [ 80.201709394986466, 13.077625467070535 ], [ 80.201650713438866, 13.077631253557493 ], [ 80.201569698874962, 13.077641039746538 ], [ 80.201515988604115, 13.077649824915918 ], [ 80.201413357879559, 13.077669761299115 ], [ 80.201351726264534, 13.077675176777893 ], [ 80.201304778511144, 13.077674941398387 ], [ 80.201252775937689, 13.077669265164582 ], [ 80.201195793104262, 13.077663211798399 ], [ 80.201166952692049, 13.077653989996099 ], [ 80.201111654199792, 13.077640526986634 ], [ 80.201073088626345, 13.077644024429112 ], [ 80.201050831966853, 13.077652545343291 ], [ 80.201030231800772, 13.077662247529853 ], [ 80.201012606854889, 13.077664633700687 ], [ 80.200981173904793, 13.077658659960925 ], [ 80.200943653071988, 13.077652575968877 ], [ 80.200885391037602, 13.077642811655725 ], [ 80.200791794669854, 13.077664041314325 ], [ 80.200722929820159, 13.077681730653387 ], [ 80.200703499260584, 13.077729321934298 ], [ 80.200690456620947, 13.07774076452575 ], [ 80.200675309228629, 13.077747227397774 ], [ 80.200658154999957, 13.077746722513242 ], [ 80.200633789096202, 13.077751529853924 ], [ 80.200602671454774, 13.077762012551275 ], [ 80.200567847364454, 13.077777817973006 ], [ 80.20051907064115, 13.077801356788054 ], [ 80.200481219228365, 13.077812270866355 ], [ 80.200422146015256, 13.077825108229812 ], [ 80.200340250204079, 13.07785053357517 ], [ 80.200271383557762, 13.077868675284179 ], [ 80.200186887123806, 13.077899789103887 ], [ 80.20009411451116, 13.077923101278193 ], [ 80.200031623208417, 13.077937555665178 ], [ 80.199970194612661, 13.077965937677106 ], [ 80.19988014838691, 13.078001825569745 ], [ 80.199826623169031, 13.078010521474669 ], [ 80.199799969256205, 13.078009715585342 ], [ 80.199767251715258, 13.078001656691743 ], [ 80.199734988721829, 13.077995589333462 ], [ 80.19970758291916, 13.077999120896511 ], [ 80.199682192935953, 13.07800672828213 ], [ 80.199667066204867, 13.078006681031301 ], [ 80.19964912595033, 13.077992610780223 ], [ 80.199625417613376, 13.077964959409513 ], [ 80.199615688858827, 13.077950100766854 ], [ 80.199601773955109, 13.077917597428211 ], [ 80.199590815406935, 13.07791195707563 ], [ 80.199576037222201, 13.077918331566565 ], [ 80.199558812924948, 13.077939526200806 ], [ 80.199540763974255, 13.077959181680532 ], [ 80.199532238063867, 13.077971543027823 ], [ 80.19953215811384, 13.077996407473064 ], [ 80.199532530914666, 13.078023714959158 ], [ 80.199529262843654, 13.078036092053479 ], [ 80.19951568031658, 13.07804328380565 ], [ 80.19949851171485, 13.078047299251534 ], [ 80.199477672596885, 13.078045245590301 ], [ 80.199461372666079, 13.07803723832377 ], [ 80.199449044187119, 13.078027525651759 ], [ 80.199433095497554, 13.078025124609173 ], [ 80.199420076214153, 13.078029515437034 ], [ 80.199381181857291, 13.078048743902025 ], [ 80.199337394377068, 13.078069857148659 ], [ 80.199255984554441, 13.078087416956349 ], [ 80.199201164864249, 13.078097283628694 ], [ 80.199147949565116, 13.078095580848963 ], [ 80.19887596035835, 13.078090397258448 ], [ 80.198822022813758, 13.078112744272941 ], [ 80.198743811891831, 13.078139447110706 ], [ 80.198713138916474, 13.078154994378847 ], [ 80.198699627356305, 13.078169057620519 ], [ 80.198679956946521, 13.078205073235759 ], [ 80.198647486442226, 13.078263202217709 ], [ 80.198616367004192, 13.078302799253752 ], [ 80.198592215797746, 13.07832677552593 ], [ 80.198551278671957, 13.07835042891546 ], [ 80.198514452236893, 13.078357910288203 ], [ 80.198490658559919, 13.078356750894191 ], [ 80.198484156553903, 13.078342264156246 ], [ 80.198479317329472, 13.07832705815559 ], [ 80.198467902437159, 13.078320151666441 ], [ 80.198463378521396, 13.078321402937135 ], [ 80.198453090116445, 13.078337013194801 ], [ 80.198446590805389, 13.078350194411611 ], [ 80.198437962487048, 13.078365809917562 ], [ 80.198415041074284, 13.078380205652625 ], [ 80.198369609677073, 13.078396159787168 ], [ 80.198347070048314, 13.078406577706088 ], [ 80.198291830844852, 13.078431723861987 ], [ 80.198258231158292, 13.078439667239673 ], [ 80.19824440878098, 13.078435645675089 ], [ 80.198237445939228, 13.078421247318193 ], [ 80.198229662037292, 13.078403591282719 ], [ 80.19820886514016, 13.078388698540925 ], [ 80.198178167011946, 13.07838344933049 ], [ 80.198160984037202, 13.078391804841436 ], [ 80.198150794446917, 13.078405426187436 ], [ 80.198146205852453, 13.07842666015547 ], [ 80.198131111460725, 13.078445149202679 ], [ 80.19811713008167, 13.078461924096102 ], [ 80.19810611763458, 13.078473101524354 ], [ 80.198053724293942, 13.078473842661163 ], [ 80.198041480256634, 13.07846657129528 ], [ 80.198026122658533, 13.078452508945604 ], [ 80.198017232930482, 13.078434849412258 ], [ 80.198009944898601, 13.078406616206715 ], [ 80.197989941213834, 13.078317311369446 ], [ 80.197977693583269, 13.078311305269931 ], [ 80.197946639722204, 13.078301986365245 ], [ 80.197899971344853, 13.078301118350831 ], [ 80.197859913669731, 13.078309493114883 ], [ 80.197830073432613, 13.078324229233862 ], [ 80.197809160652781, 13.078344960075587 ], [ 80.197776436823617, 13.078367372693103 ], [ 80.197752335922857, 13.078375707204259 ], [ 80.197741938821778, 13.078367627322281 ], [ 80.197735731463169, 13.078347716370914 ], [ 80.197717009674335, 13.078318362261836 ], [ 80.197694620962508, 13.078282215410903 ], [ 80.197680024237442, 13.07826092192945 ], [ 80.197664256109249, 13.078259697783901 ], [ 80.197595177460556, 13.078257584623408 ], [ 80.197588721268616, 13.078257598623651 ], [ 80.197494178076525, 13.078257813002235 ], [ 80.197405068793614, 13.078260429296186 ], [ 80.197369939276072, 13.078256432229036 ], [ 80.19735803210699, 13.078259198150503 ], [ 80.197340426924072, 13.078284008315837 ], [ 80.19732449350586, 13.078305207293736 ], [ 80.197312575556992, 13.078311228268653 ], [ 80.197302801886721, 13.078310384754674 ], [ 80.197290948616541, 13.078296332896247 ], [ 80.197267699318658, 13.078269406071696 ], [ 80.197241170271681, 13.078258563764876 ], [ 80.197210910521349, 13.078260549173175 ], [ 80.197181466441293, 13.07826687727932 ], [ 80.197145481727631, 13.078270834970619 ], [ 80.197113124411118, 13.078265218251531 ], [ 80.197080496701673, 13.078257883878452 ], [ 80.197042038027732, 13.078256678983186 ], [ 80.197002802311033, 13.078267407538217 ], [ 80.196975820513188, 13.078282603917389 ], [ 80.196950396394001, 13.078300970473347 ], [ 80.196882490945043, 13.078335299041546 ], [ 80.196837451213341, 13.078344020310135 ], [ 80.196785588777047, 13.078351996941208 ], [ 80.196741400648222, 13.078353938598074 ], [ 80.196693138659569, 13.078361021839171 ], [ 80.196613821911569, 13.078387358894117 ], [ 80.196537264788105, 13.078416054109374 ], [ 80.196461982374018, 13.07844999853037 ], [ 80.196414144390218, 13.078468385199203 ], [ 80.196388780458179, 13.078496426769672 ], [ 80.196371973877504, 13.078502341863224 ], [ 80.19636175823608, 13.078495529005457 ], [ 80.196349931017068, 13.078473519781022 ], [ 80.196329147594653, 13.078454195972594 ], [ 80.196307476636747, 13.0784529534527 ], [ 80.196284957669192, 13.078456952266661 ], [ 80.19624739192065, 13.078464882518338 ], [ 80.196208883839375, 13.078478867866085 ], [ 80.196128395688234, 13.078496791650437 ], [ 80.196022910117676, 13.07851499893793 ], [ 80.195878931737184, 13.078542399993108 ], [ 80.195784053473503, 13.078560730654127 ], [ 80.195743614912658, 13.078572630839131 ], [ 80.195702235815745, 13.07859022386152 ], [ 80.195665938488389, 13.078605301219017 ], [ 80.195610363315026, 13.078620228073227 ], [ 80.195479935122279, 13.078650472909951 ], [ 80.195412835462122, 13.078663917488992 ], [ 80.195359506076969, 13.078668905064518 ], [ 80.19530441599386, 13.078676690057158 ], [ 80.195262142174926, 13.078685781444262 ], [ 80.195223838909513, 13.078693528810838 ], [ 80.195155194147091, 13.078699915531733 ], [ 80.195053506653551, 13.078713160605112 ], [ 80.195006973921835, 13.078727030437074 ], [ 80.194956273007193, 13.078746493351183 ], [ 80.194909728597381, 13.078764160737293 ], [ 80.194854690616538, 13.078784153031233 ], [ 80.194796618126674, 13.07880133215753 ], [ 80.19474339294608, 13.07880252217489 ], [ 80.194705412175864, 13.078796165207066 ], [ 80.194666990332891, 13.078783657773972 ], [ 80.194592502927833, 13.078771309592559 ], [ 80.194504083551053, 13.078760364056297 ], [ 80.19443926291676, 13.078753651832118 ], [ 80.194389379469044, 13.078748704508916 ], [ 80.194345183255365, 13.078753087448773 ], [ 80.194301075076638, 13.078759007786269 ], [ 80.194251623718543, 13.078762922594034 ], [ 80.194189739676929, 13.078760921439498 ], [ 80.194104179637677, 13.078749984652889 ], [ 80.194032680927592, 13.078754553970462 ], [ 80.19394773713266, 13.078752570316126 ], [ 80.193872259784172, 13.078732714521658 ], [ 80.193828553152315, 13.07872868946176 ], [ 80.193788313119171, 13.078736430701888 ], [ 80.193755709664245, 13.078749710773824 ], [ 80.193728435913911, 13.078769608567542 ], [ 80.193689194807376, 13.078782053875447 ], [ 80.193655202557011, 13.078797228347607 ], [ 80.193635581554574, 13.078817602144385 ], [ 80.193632751861415, 13.078836852423301 ], [ 80.193606546207945, 13.078870648909295 ], [ 80.19356491468443, 13.078884785611219 ], [ 80.193446378389439, 13.078885905627164 ], [ 80.193393853894776, 13.078882611205216 ], [ 80.193373145930821, 13.078871711174484 ], [ 80.193357310429022, 13.078843858649417 ], [ 80.1932134658975, 13.078731503503645 ], [ 80.193203094847547, 13.078729268720396 ], [ 80.193155556002722, 13.078712030963205 ], [ 80.193145437379371, 13.078703680713202 ], [ 80.193058674495944, 13.078637223458131 ], [ 80.19300662700671, 13.078588506209986 ], [ 80.192989202385149, 13.07855752810428 ], [ 80.192976005235295, 13.078531379195455 ], [ 80.192971698711844, 13.078522843436406 ], [ 80.192944289315875, 13.078498977435014 ], [ 80.192916262777331, 13.07846661067093 ], [ 80.192887249888599, 13.078425289008372 ], [ 80.192859190112401, 13.078374657187146 ], [ 80.192824382191773, 13.078328706682818 ], [ 80.192785899263299, 13.078306705318605 ], [ 80.192730483091736, 13.078272625250575 ], [ 80.192667783379846, 13.078209407184463 ], [ 80.192645515042273, 13.07816485142331 ], [ 80.192640020047705, 13.078124417850612 ], [ 80.192647119433389, 13.078097042999492 ], [ 80.192644605947208, 13.078075877254305 ], [ 80.192626766303988, 13.078059003457833 ], [ 80.192608527808773, 13.078051622702803 ], [ 80.19258260781956, 13.078052174837541 ], [ 80.192565860527708, 13.078068216494843 ], [ 80.192538994612519, 13.078075908754835 ], [ 80.192514484079979, 13.078068507874974 ], [ 80.192489864851339, 13.078037598830154 ], [ 80.192478705978857, 13.078008900945825 ], [ 80.192462788730353, 13.077996734728909 ], [ 80.192433009578679, 13.077992663281167 ], [ 80.192406082578032, 13.077990861623984 ], [ 80.192379597548509, 13.077966546688062 ], [ 80.192346797362532, 13.077927202477595 ], [ 80.192321181003891, 13.07789104506918 ], [ 80.192297939790848, 13.077861948160464 ], [ 80.192261843686111, 13.077843298941602 ], [ 80.192230962301593, 13.077809567066032 ], [ 80.192196714031397, 13.07776171942076 ], [ 80.192166121006068, 13.077695979425576 ], [ 80.192148620926019, 13.077659848233749 ], [ 80.192127002070407, 13.077642600776642 ], [ 80.192101942667207, 13.077633751730771 ], [ 80.192068310641304, 13.077623067774073 ], [ 80.192043748006469, 13.077603460393497 ], [ 80.192028245779625, 13.077577099629387 ], [ 80.192022395950502, 13.077560715808431 ], [ 80.192005082720044, 13.077552343644014 ], [ 80.191975309856574, 13.077546373401576 ], [ 80.191913890243967, 13.077543287215823 ], [ 80.191868361828739, 13.077535972946675 ], [ 80.191832023178847, 13.077521592037616 ], [ 80.191817353690283, 13.077497784565541 ], [ 80.191798529493497, 13.07745622911102 ], [ 80.191797663517562, 13.077432794390093 ], [ 80.191815813977882, 13.077410608317265 ], [ 80.19185312280824, 13.077396800537519 ], [ 80.191890974221081, 13.077386249573248 ], [ 80.19191066619041, 13.077372024408662 ], [ 80.191910527849856, 13.077357919120656 ], [ 80.191880184556197, 13.077328890400464 ], [ 80.191826733898466, 13.07728631639637 ], [ 80.19177850245255, 13.077255514005763 ], [ 80.191745366296672, 13.077234523191976 ], [ 80.19171733167326, 13.077204507436496 ], [ 80.191686391898259, 13.07716037675285 ], [ 80.191665056910267, 13.077112478230575 ], [ 80.191618748757364, 13.076972455938773 ], [ 80.191583641697761, 13.076848472679043 ], [ 80.191560086972672, 13.076745955350059 ], [ 80.191533312685635, 13.076668924697032 ], [ 80.191518627925703, 13.076618154262002 ], [ 80.191465887835363, 13.076527570371754 ], [ 80.191435387336526, 13.076461831797682 ], [ 80.19143328707537, 13.076427013831896 ], [ 80.19143780739789, 13.076370063946055 ], [ 80.191424123361173, 13.076323546054335 ], [ 80.191415828317844, 13.076293501312247 ], [ 80.1914205274051, 13.076266661771252 ], [ 80.191414545523628, 13.076234182711412 ], [ 80.191395161676425, 13.076182041027328 ], [ 80.191381525250392, 13.076149176946574 ], [ 80.191372105516322, 13.076096070969887 ], [ 80.191349223629416, 13.076013356841836 ], [ 80.191329382539735, 13.075988520197404 ], [ 80.191304769599256, 13.075955712092362 ], [ 80.191282070070329, 13.075930414305047 ], [ 80.191250189759245, 13.075891977168761 ], [ 80.191237110288696, 13.075858119023019 ], [ 80.191238856613595, 13.075831722196444 ], [ 80.191256069232779, 13.075814235730093 ], [ 80.191270459345276, 13.075813737841814 ], [ 80.191281104381432, 13.075830589041246 ], [ 80.191291731451216, 13.075852684253794 ], [ 80.191310061574598, 13.075860156077036 ], [ 80.191326782815295, 13.075852070862515 ], [ 80.191340124593879, 13.075833667373244 ], [ 80.191336040852619, 13.075784737815683 ], [ 80.191331044422995, 13.075733002922609 ], [ 80.191308687152201, 13.075687452687083 ], [ 80.191282665653375, 13.075662596759344 ], [ 80.19126484667143, 13.075639665006818 ], [ 80.19123476299086, 13.075587580073666 ], [ 80.191184427690516, 13.075495104877021 ], [ 80.191140880060502, 13.075413863214173 ], [ 80.191110718226525, 13.075329318304892 ], [ 80.191085874419031, 13.075254193014722 ], [ 80.191052865823906, 13.075194051639935 ], [ 80.191031633243867, 13.07517156085679 ], [ 80.190995071811784, 13.075154357852018 ], [ 80.190960965475426, 13.075147921162829 ], [ 80.190930223329758, 13.075128295209975 ], [ 80.190894457805058, 13.075093190922502 ], [ 80.19086119588502, 13.075054296892169 ], [ 80.190819657786264, 13.075007420866608 ], [ 80.190792635564208, 13.074978402370117 ], [ 80.19077146586622, 13.07496477295963 ], [ 80.190741427101429, 13.074955546681322 ], [ 80.19070251387997, 13.074952441212565 ], [ 80.190655932639217, 13.074953108857722 ], [ 80.190592632852713, 13.074961410233222 ], [ 80.190489353544521, 13.074953852630179 ], [ 80.190458188292354, 13.07495077166215 ], [ 80.19043893829415, 13.074942392408923 ], [ 80.190427353620251, 13.074931143943541 ], [ 80.190416170493236, 13.074909951675901 ], [ 80.19036255274888, 13.074834012483072 ], [ 80.190341704647778, 13.074806459636317 ], [ 80.190304880009336, 13.07475706611066 ], [ 80.1902733742957, 13.074716821860301 ], [ 80.190234764704783, 13.074677188372469 ], [ 80.190211190216786, 13.074665812141012 ], [ 80.190196247640344, 13.074637554878313 ], [ 80.190167700977241, 13.074595059162212 ], [ 80.190145735371914, 13.074570938147737 ], [ 80.190093076129955, 13.074540663934888 ], [ 80.190062760684086, 13.074503316866991 ], [ 80.190055473550501, 13.074475083211439 ], [ 80.190035132997508, 13.07443360775031 ], [ 80.190014490610579, 13.074427937567128 ], [ 80.189986129000459, 13.074413652729991 ], [ 80.189959806565994, 13.074365647795895 ], [ 80.189958713316301, 13.074363655356002 ], [ 80.189954937697124, 13.074333624375692 ], [ 80.189951233943233, 13.074309923349428 ], [ 80.189933542522027, 13.074304261913662 ], [ 80.189913377140513, 13.074293981201022 ], [ 80.189905682171826, 13.074277863170765 ], [ 80.189912573148348, 13.074257630753662 ], [ 80.189914851275915, 13.074238016980411 ], [ 80.189898640278301, 13.074202883690262 ], [ 80.189864947166939, 13.074182886649893 ], [ 80.189806514452641, 13.074169411200579 ], [ 80.189722590245538, 13.074138135029903 ], [ 80.189605118454139, 13.074099067593199 ], [ 80.189541276085208, 13.074075810184356 ], [ 80.18951581513511, 13.074048785770845 ], [ 80.189506637946167, 13.074006170074247 ], [ 80.189491589368558, 13.07395422217593 ], [ 80.189473315839038, 13.073872878502135 ], [ 80.189466732984641, 13.073855045384992 ], [ 80.189443083038157, 13.073838425058639 ], [ 80.189375032960427, 13.073804213993728 ], [ 80.189335455883949, 13.073778501221312 ], [ 80.189294785557792, 13.073777017169423 ], [ 80.189221221620841, 13.073793152732996 ], [ 80.189185309670748, 13.073803166582227 ], [ 80.189182557232698, 13.073826847531492 ], [ 80.189186310393978, 13.073863840314527 ], [ 80.189181803546177, 13.073888148654577 ], [ 80.189168431224843, 13.073915956237656 ], [ 80.189143120293437, 13.073927630888944 ], [ 80.18911546655572, 13.07392266159321 ], [ 80.189060981038793, 13.073886594600943 ], [ 80.189020004387089, 13.073837730284497 ], [ 80.189000284569971, 13.073803851731094 ], [ 80.18897888041171, 13.073777382057196 ], [ 80.188952984677016, 13.07377061019538 ], [ 80.188914631105973, 13.07376569777346 ], [ 80.188820790396434, 13.073748947061489 ], [ 80.188728742724223, 13.073720085922561 ], [ 80.188650026949134, 13.073675533725678 ], [ 80.188557830156554, 13.073635731189608 ], [ 80.188453895078183, 13.07360348629172 ], [ 80.188380301496878, 13.073600615314319 ], [ 80.188353096018474, 13.073599553026433 ], [ 80.188206118163279, 13.073557770282095 ], [ 80.188122849726327, 13.073523602054868 ], [ 80.187911158136359, 13.073414705236948 ], [ 80.187818205860665, 13.073352296205552 ], [ 80.187729452310563, 13.073303281277731 ], [ 80.187683334600507, 13.073275197115397 ], [ 80.187631113736444, 13.073223585075663 ], [ 80.187541510380086, 13.073124204108369 ], [ 80.187493352596036, 13.073071429118079 ], [ 80.187432479159128, 13.073042937163878 ], [ 80.187315068453188, 13.073013634050517 ], [ 80.187226446057124, 13.072980714420597 ], [ 80.187193872246624, 13.072957283649705 ], [ 80.187162496788702, 13.072933766248301 ], [ 80.187121211116562, 13.072923057587092 ], [ 80.187066276441996, 13.07291185365637 ], [ 80.18701903224455, 13.072889642675996 ], [ 80.186867651746141, 13.072812672946302 ], [ 80.186781345206896, 13.072776866551967 ], [ 80.186688520491956, 13.07273181716532 ], [ 80.186621051624229, 13.072689560005374 ], [ 80.186521706038661, 13.072635901137119 ], [ 80.186379312286348, 13.07257496284236 ], [ 80.186287799111696, 13.072551889047219 ], [ 80.186189345553217, 13.072535846156166 ], [ 80.186067154013287, 13.072501915796961 ], [ 80.1860027546889, 13.072479831659779 ], [ 80.185970182675007, 13.072455768190837 ], [ 80.185901398673693, 13.072392710515643 ], [ 80.18585636972179, 13.072370054970426 ], [ 80.185831256419689, 13.072349811896467 ], [ 80.185766144731275, 13.072320130685368 ], [ 80.185720589366568, 13.072289425678715 ], [ 80.185655153386335, 13.072274029422152 ], [ 80.185583367215358, 13.072254634250193 ], [ 80.185522083248358, 13.072238708594666 ], [ 80.185458423237421, 13.072216174665336 ], [ 80.185390692061645, 13.07219769652678 ], [ 80.185293155683027, 13.072183373933978 ], [ 80.185229165092082, 13.072177295057102 ], [ 80.18517941908658, 13.072187084087616 ], [ 80.185154055154527, 13.072186823326801 ], [ 80.185116756205659, 13.072169797746295 ], [ 80.185081816232682, 13.072164804789143 ], [ 80.185036195290962, 13.072182111256659 ], [ 80.185005060581517, 13.072197926661284 ], [ 80.184962508284841, 13.0722080097031 ], [ 80.184945813993579, 13.072207776068472 ], [ 80.184917676063932, 13.072209767650735 ], [ 80.184902418178837, 13.072221835273993 ], [ 80.184898494337673, 13.072237012774778 ], [ 80.184897701125308, 13.072253918470738 ], [ 80.184873324441739, 13.072262160434622 ], [ 80.184850777626423, 13.072274747826645 ], [ 80.184815716380882, 13.072306555380225 ], [ 80.184760641569127, 13.072338208923458 ], [ 80.184719947886748, 13.0723438669042 ], [ 80.18465550005331, 13.072336429975893 ], [ 80.184624315936574, 13.072339315843596 ], [ 80.18459402205022, 13.072351607469631 ], [ 80.184534232879869, 13.072358381120498 ], [ 80.184499963050101, 13.072373734495041 ], [ 80.184468044111412, 13.072403742962955 ], [ 80.184433767095129, 13.07242144667979 ], [ 80.184393001547548, 13.072420866531312 ], [ 80.184364202457829, 13.072399345909744 ], [ 80.184347280892837, 13.072384374052277 ], [ 80.184324093578724, 13.072367302108495 ], [ 80.184299576757965, 13.072362161274352 ], [ 80.184264685294039, 13.072370460111911 ], [ 80.184223997001553, 13.072374309393391 ], [ 80.184174180029146, 13.072377407894304 ], [ 80.184138435165664, 13.072392846146123 ], [ 80.184097341733022, 13.072407907256686 ], [ 80.18404124374014, 13.072413697366168 ], [ 80.183948358838094, 13.072415393184833 ], [ 80.183890785811514, 13.072421178918955 ], [ 80.183797050204888, 13.072429111114726 ], [ 80.183772418399812, 13.072430683553264 ], [ 80.183716050912338, 13.072434280823636 ], [ 80.183650362505517, 13.072439678916675 ], [ 80.183601909175707, 13.072449019918672 ], [ 80.183545875861569, 13.072463309244741 ], [ 80.183498809530562, 13.072471660581018 ], [ 80.183442171650199, 13.072473470153875 ], [ 80.18339458878792, 13.072470335777693 ], [ 80.183365009062257, 13.072462195324876 ], [ 80.183355378224107, 13.072445798913721 ], [ 80.183356080706631, 13.072428440837623 ], [ 80.183367223409434, 13.072405690791904 ], [ 80.1833833490671, 13.072382504101345 ], [ 80.183413815429958, 13.072345348339564 ], [ 80.183430864555731, 13.072321622621319 ], [ 80.183437332425768, 13.072290086330785 ], [ 80.183437114135174, 13.072216304170691 ], [ 80.183425895973883, 13.072177750951017 ], [ 80.183406292039464, 13.072165030548527 ], [ 80.183382308817997, 13.07216567807539 ], [ 80.183350123079691, 13.072164581654887 ], [ 80.183325991636195, 13.072154197598799 ], [ 80.18329912212775, 13.072135305563352 ], [ 80.183259047384595, 13.072120982966924 ], [ 80.18322785967456, 13.072124772749833 ], [ 80.183175936152836, 13.072151463110206 ], [ 80.183103858927694, 13.072192556564124 ], [ 80.183070814399954, 13.072199865741469 ], [ 80.183038158842777, 13.072201481058286 ], [ 80.183008217994356, 13.072190626234216 ], [ 80.182977662698278, 13.072170456648591 ], [ 80.182955292851048, 13.072157366105372 ], [ 80.182926710255344, 13.072154472360213 ], [ 80.182895048234855, 13.072162329311427 ], [ 80.182857049498324, 13.072161757037669 ], [ 80.182829706577706, 13.072146479778088 ], [ 80.182814099247963, 13.072124368482987 ], [ 80.182794035376091, 13.072111194808862 ], [ 80.182740402360366, 13.07209701046677 ], [ 80.182675435300709, 13.072079353978653 ], [ 80.182540387970789, 13.072028563348361 ], [ 80.182494501127749, 13.072014674764 ], [ 80.182457325248038, 13.072016365335172 ], [ 80.182426207606582, 13.072026846526152 ], [ 80.182385021647463, 13.072041905908998 ], [ 80.182362552985566, 13.072058923623025 ], [ 80.182342033667865, 13.072099999591613 ], [ 80.182311428964411, 13.07212295967428 ], [ 80.182284828052232, 13.072134267770165 ], [ 80.182261073002849, 13.072136038843858 ], [ 80.182159776276492, 13.072129170682988 ], [ 80.182152870028574, 13.072125622410194 ], [ 80.182138161014123, 13.072111018051457 ], [ 80.182123982903974, 13.072103106846367 ], [ 80.182096614830542, 13.072095334771804 ], [ 80.182070225022443, 13.072098687036808 ], [ 80.18204392414755, 13.072102944089547 ], [ 80.182009850150507, 13.072114862086766 ], [ 80.181975393471149, 13.072131208642853 ], [ 80.18193649821599, 13.072150797207509 ], [ 80.181889375291121, 13.072176236263221 ], [ 80.181837353853027, 13.072204733567737 ], [ 80.181813915010622, 13.07223621561694 ], [ 80.181790887596634, 13.072254678877012 ], [ 80.181725518990049, 13.072257921760363 ], [ 80.181722717144666, 13.072257536744537 ], [ 80.181717048775212, 13.072242418747464 ], [ 80.18171250779146, 13.072192945955248 ], [ 80.181703569554401, 13.072162265433777 ], [ 80.181694711267355, 13.072135564574138 ], [ 80.181686208713202, 13.072056692279444 ], [ 80.181687368438261, 13.071984813254966 ], [ 80.181679746233044, 13.071946542636061 ], [ 80.18166711053027, 13.071918563323779 ], [ 80.181623526967627, 13.071877465449031 ], [ 80.181572647288263, 13.071839509826995 ], [ 80.181547507935022, 13.07182722342567 ], [ 80.181507943434966, 13.071825832116007 ], [ 80.181458390567272, 13.071832999548155 ], [ 80.18139366245947, 13.071826827033687 ], [ 80.181331254700055, 13.071816321333138 ], [ 80.181274664430404, 13.071803845047507 ], [ 80.181242631405709, 13.07178448484011 ], [ 80.181221361994702, 13.071745446782012 ], [ 80.181208675986255, 13.071704537886612 ], [ 80.181194212211892, 13.071671398447492 ], [ 80.1811680990849, 13.071646722373046 ], [ 80.181129227185892, 13.071631408329953 ], [ 80.181099027622665, 13.071615218372635 ], [ 80.181074359884974, 13.071599769571732 ], [ 80.181053595327199, 13.071575471506693 ], [ 80.181023418221841, 13.071552499997539 ], [ 80.180979874185098, 13.071527496646752 ], [ 80.180948909257239, 13.071519713178565 ], [ 80.18089614491241, 13.071521987403873 ], [ 80.180871058559759, 13.071521365251424 ], [ 80.180855500637364, 13.071512544862298 ], [ 80.18084126234011, 13.071494868206461 ], [ 80.180815142924899, 13.071472271206453 ], [ 80.180786252207042, 13.071450750502127 ], [ 80.180749235329145, 13.071432278431496 ], [ 80.180712660422358, 13.071419684871245 ], [ 80.180662974604004, 13.071411208368781 ], [ 80.180624245537146, 13.071408464246531 ], [ 80.180568346071965, 13.071410275577218 ], [ 80.180523185067685, 13.071400006119491 ], [ 80.180493370881706, 13.071378843299881 ], [ 80.180480168342001, 13.071354840976301 ], [ 80.180469533187335, 13.071335638240738 ], [ 80.180451681866018, 13.071322832916051 ], [ 80.180402860226963, 13.071304051946935 ], [ 80.180353558887518, 13.071290694470743 ], [ 80.180285617505945, 13.071280171246572 ], [ 80.180230036044364, 13.071269506265612 ], [ 80.180196157880076, 13.071250321024166 ], [ 80.180156117272901, 13.071253719677753 ], [ 80.18013259309059, 13.071283030875462 ], [ 80.18007737993824, 13.071300306778443 ], [ 80.179994637914064, 13.071302847017737 ], [ 80.17992223999039, 13.071301261446397 ], [ 80.17987577014074, 13.071296321849092 ], [ 80.17983159907989, 13.071293649478793 ], [ 80.179780741858423, 13.071304790480168 ], [ 80.179711630870329, 13.071313432368715 ], [ 80.179596513563311, 13.071316231619532 ], [ 80.17954374562521, 13.071319408887263 ], [ 80.179490135965665, 13.0713261108132 ], [ 80.179439585967998, 13.071327939645309 ], [ 80.179392723554571, 13.071330141244101 ], [ 80.179344486718776, 13.071329716850082 ], [ 80.179319495587563, 13.071328553047834 ], [ 80.179246237976159, 13.071335915628183 ], [ 80.179200767053104, 13.071335861375744 ], [ 80.1791724737149, 13.071328989692422 ], [ 80.179164363724539, 13.071327033104605 ], [ 80.179148353051204, 13.071295806450905 ], [ 80.179114808161884, 13.071292709686475 ], [ 80.179093455207578, 13.071292642308446 ], [ 80.179087354748489, 13.071292623057579 ], [ 80.179026326801349, 13.071298409693069 ], [ 80.178873727289073, 13.071321848496835 ], [ 80.178721028063833, 13.071375190011622 ], [ 80.17859271360696, 13.071434590284293 ], [ 80.17838475092374, 13.071595411005854 ], [ 80.178265597486131, 13.07165184922146 ], [ 80.1781129288036, 13.071696220650843 ], [ 80.1778841270024, 13.071701472628693 ], [ 80.177582246354547, 13.071667618283039 ], [ 80.17743000257515, 13.071583402854591 ], [ 80.177198755559772, 13.071406232022049 ], [ 80.176982612817554, 13.07127396634178 ], [ 80.176659945154029, 13.071069591164079 ], [ 80.176465124823409, 13.070946363598187 ], [ 80.17622766955111, 13.070802067606181 ], [ 80.175981054157816, 13.070660732670708 ], [ 80.175709984825914, 13.070534271620197 ], [ 80.175368728324216, 13.070416557429921 ], [ 80.175048834658256, 13.070295920540152 ], [ 80.174790173755355, 13.070257662785002 ], [ 80.174594633874193, 13.070201767652399 ], [ 80.174439382535212, 13.070105578502258 ], [ 80.174278566133069, 13.069847891150093 ], [ 80.174202874087243, 13.069677196155757 ], [ 80.174148791913851, 13.069428820596126 ], [ 80.174052523058094, 13.069024808897543 ], [ 80.173965075658458, 13.068719508156292 ], [ 80.17380157958182, 13.06835116583054 ], [ 80.173719945180366, 13.068132607162756 ], [ 80.17359196849003, 13.067830275243367 ], [ 80.173495840669801, 13.067644454449598 ], [ 80.173383753380236, 13.067410845117157 ], [ 80.173238013403491, 13.067207031150277 ], [ 80.172985570638971, 13.066984934498512 ], [ 80.17284260286317, 13.066864861217091 ], [ 80.172599152234667, 13.0666906385604 ], [ 80.172379866287287, 13.066588263145668 ], [ 80.172130046603414, 13.066494761635731 ], [ 80.171813020359863, 13.066430948138688 ], [ 80.171434976948959, 13.066369928681709 ], [ 80.171041663076522, 13.066314839471334 ], [ 80.170681921941224, 13.066253877739426 ], [ 80.170413672420963, 13.066199190154522 ], [ 80.170148452918184, 13.066150492327086 ], [ 80.169947151242766, 13.066143864640512 ], [ 80.16978852313666, 13.066146346303988 ], [ 80.169648187424656, 13.06615187579321 ], [ 80.16946507663377, 13.066178201900481 ], [ 80.16893126804753, 13.066176485912658 ], [ 80.16880324464482, 13.066149160489379 ], [ 80.168498351047489, 13.066106314163548 ], [ 80.168050282163577, 13.066006190031104 ], [ 80.167727216546368, 13.065924408833654 ], [ 80.167519994074937, 13.065863933537942 ], [ 80.167285460123921, 13.065761505276855 ], [ 80.167096560589357, 13.065695108415417 ], [ 80.166804179625629, 13.065559597578515 ], [ 80.166594037629523, 13.065460237151788 ], [ 80.166295547223541, 13.065327697891604 ], [ 80.166143332190231, 13.065237494883759 ], [ 80.165975805372895, 13.065165185093441 ], [ 80.165796248317292, 13.065042000083103 ], [ 80.165592288526966, 13.064918735380662 ], [ 80.165430962780022, 13.064816541244149 ], [ 80.165235943023433, 13.064756104179848 ], [ 80.164876438145029, 13.064626355992742 ], [ 80.16452282351996, 13.064559424162347 ], [ 80.164208831785459, 13.064501592099083 ], [ 80.163867286924528, 13.064473574315128 ], [ 80.163586820316411, 13.064424820143225 ], [ 80.163358449706564, 13.064304465596143 ], [ 80.16308423447451, 13.064210876589897 ], [ 80.162852793423014, 13.06409649250649 ], [ 80.162679328741675, 13.063976314562556 ], [ 80.162568235887122, 13.063813277585444 ], [ 80.162448109574058, 13.063615522235178 ], [ 80.1623348311184, 13.063557739829633 ], [ 80.162137511674672, 13.063456623212581 ], [ 80.161863323392112, 13.063355257159891 ], [ 80.161559779962644, 13.063275326727874 ], [ 80.161164813190098, 13.063169979915539 ], [ 80.160747775709353, 13.063096857456225 ], [ 80.160495367979109, 13.063049387613242 ], [ 80.160228296150208, 13.063009046946467 ], [ 80.160038043752806, 13.062983310297653 ], [ 80.159800326172416, 13.06292153392895 ], [ 80.15960652273472, 13.062863487965164 ], [ 80.15934681978608, 13.062808817130703 ], [ 80.159098159827224, 13.062736238857806 ], [ 80.158911761202404, 13.062653097593509 ], [ 80.158619236508244, 13.06256243419662 ], [ 80.158323089806814, 13.062460993395833 ], [ 80.15808902297978, 13.062402816063154 ], [ 80.157898806514993, 13.062366311602243 ], [ 80.157715716385368, 13.062387246800981 ], [ 80.157452002458996, 13.062436625300654 ], [ 80.15721382404287, 13.062511207573133 ], [ 80.15700876022305, 13.062535658792642 ], [ 80.156770862979627, 13.062527705277256 ], [ 80.156555121784365, 13.062462409260243 ], [ 80.156313929520493, 13.062346791391713 ], [ 80.156116624449766, 13.062242082110394 ], [ 80.155861010632307, 13.062061824319658 ], [ 80.155608899346149, 13.061928227897765 ], [ 80.155367732235078, 13.061805432430239 ], [ 80.1550606674097, 13.061686009434787 ], [ 80.154764412910467, 13.061616861120822 ], [ 80.154156994573228, 13.061557459360859 ], [ 80.153721465272369, 13.061541680902739 ], [ 80.153510345909211, 13.061552950980079 ], [ 80.153100096997065, 13.061637730752576 ], [ 80.152670095928443, 13.06178942996924 ], [ 80.152259486791863, 13.061979468643335 ], [ 80.152230563734662, 13.061874112527498 ], [ 80.152204947376021, 13.061872234621275 ], [ 80.152504261537104, 13.06175958034936 ], [ 80.152803778717427, 13.061587119989253 ], [ 80.153032906607066, 13.061483207578393 ], [ 80.153362457162316, 13.061448401500757 ], [ 80.153719287756104, 13.061464522118891 ], [ 80.154234660217739, 13.06150209255339 ], [ 80.154673838475318, 13.061521471068669 ], [ 80.15496342028861, 13.061579234699057 ], [ 80.155094571625156, 13.061582653612508 ], [ 80.155231641062798, 13.061639919311679 ], [ 80.155365619397529, 13.061709134999868 ], [ 80.155545208792503, 13.061820365551069 ], [ 80.155703549437746, 13.06190162393931 ], [ 80.155849657723763, 13.061991812414513 ], [ 80.156044509495416, 13.062100102596537 ], [ 80.156126622698892, 13.062172139386984 ], [ 80.156351947121621, 13.06228950047937 ], [ 80.156495108035188, 13.062349775384197 ], [ 80.156720646256943, 13.062404337811474 ], [ 80.156805911648732, 13.06244648209786 ], [ 80.156912671928694, 13.062446829500967 ], [ 80.157068246661169, 13.06244434605016 ], [ 80.157306371178379, 13.062385314644265 ], [ 80.157501710735218, 13.062350066782852 ], [ 80.157636024141567, 13.062320600511931 ], [ 80.157828233069651, 13.062309264839302 ], [ 80.158063094905728, 13.062313019769984 ], [ 80.158169742896263, 13.062346261098595 ], [ 80.158297723179857, 13.06238555353864 ], [ 80.158410451866544, 13.062424795218318 ], [ 80.158602457775359, 13.062473266262206 ], [ 80.158730407516231, 13.062521528154738 ], [ 80.158901041606143, 13.062575911154649 ], [ 80.159111176415692, 13.062675277992458 ], [ 80.159294041966504, 13.062720728246319 ], [ 80.15935495672592, 13.06274783965697 ], [ 80.159632320553058, 13.062811539471815 ], [ 80.1598030157284, 13.062847979111799 ], [ 80.160034625663144, 13.062911529264003 ], [ 80.160257256038335, 13.062924214265507 ], [ 80.160415739515699, 13.062963603746223 ], [ 80.160632209244653, 13.06299421103018 ], [ 80.160921826092277, 13.063042996986995 ], [ 80.161232713249163, 13.0631157755604 ], [ 80.16163198834181, 13.063209771888388 ], [ 80.161884891043755, 13.063291332592867 ], [ 80.16214389330645, 13.063372912521915 ], [ 80.1623206188723, 13.063430302940558 ], [ 80.162405826771945, 13.063490386802302 ], [ 80.162533797174063, 13.063532666538753 ], [ 80.162582421183757, 13.06358665116063 ], [ 80.162597380828188, 13.063673421011025 ], [ 80.162600198843251, 13.063742209096956 ], [ 80.162615319286104, 13.06378113378711 ], [ 80.162673103416751, 13.06383215713187 ], [ 80.162734139448744, 13.063870575144804 ], [ 80.162919734979695, 13.063964533557654 ], [ 80.163129823975169, 13.064078847696974 ], [ 80.163370293993594, 13.064229146185983 ], [ 80.163565261647904, 13.064304537351415 ], [ 80.163830457794532, 13.064359221855735 ], [ 80.16403776919914, 13.064392786682532 ], [ 80.164248149248792, 13.064420380069755 ], [ 80.16441275564317, 13.064453806628183 ], [ 80.164629207405824, 13.064490391286361 ], [ 80.164955348854562, 13.064563214061359 ], [ 80.165092422783758, 13.064620474694033 ], [ 80.165323986006115, 13.064698972212849 ], [ 80.165521945050315, 13.06479231339142 ], [ 80.165680279407368, 13.064876555638673 ], [ 80.165856777699446, 13.065002722066772 ], [ 80.166292229745196, 13.065225415543223 ], [ 80.166956188046441, 13.065529586528323 ], [ 80.16743443762897, 13.06572550184632 ], [ 80.167870174440694, 13.065864463823491 ], [ 80.168428005774217, 13.065979893657488 ], [ 80.16892806914683, 13.066038319538874 ], [ 80.16981582742973, 13.066008277919837 ], [ 80.170245844668031, 13.066033581099607 ], [ 80.170666601174062, 13.066091749701293 ], [ 80.170937931915731, 13.066137474969425 ], [ 80.171248866683342, 13.066198280094778 ], [ 80.171553780941935, 13.066235142762682 ], [ 80.171898190530271, 13.066319976931213 ], [ 80.172160281200931, 13.066392586527778 ], [ 80.172422351210358, 13.066471176239144 ], [ 80.172693363948412, 13.066612592328681 ], [ 80.172912579827198, 13.066735899938129 ], [ 80.173043297277445, 13.066870886846431 ], [ 80.17328346905515, 13.06711387727125 ], [ 80.173395874348358, 13.067251794527809 ], [ 80.173532453305825, 13.067458568762005 ], [ 80.173605214148907, 13.067593368888938 ], [ 80.173717371507081, 13.067806046811356 ], [ 80.173847602070452, 13.068087560428538 ], [ 80.173923360591616, 13.068240343369771 ], [ 80.173938366948448, 13.068312130729556 ], [ 80.173974653496046, 13.068407939932062 ], [ 80.174093040670684, 13.068581760604273 ], [ 80.174147301608798, 13.068776310174661 ], [ 80.174241606747316, 13.069216837984067 ], [ 80.174389015793864, 13.069473846084469 ], [ 80.174522297934274, 13.069755369175059 ], [ 80.174643126729876, 13.070050183860278 ], [ 80.174720106061514, 13.070158799523957 ], [ 80.174911376250137, 13.070169286044109 ], [ 80.175179571871467, 13.070241912009207 ], [ 80.175350155655693, 13.070314225562631 ], [ 80.175581707199953, 13.070398696061629 ], [ 80.17587406929907, 13.070543168172959 ], [ 80.176142067291039, 13.070675599627734 ], [ 80.176604895495103, 13.070928268632377 ], [ 80.176982273254396, 13.071192626159648 ], [ 80.17734768725073, 13.071385175957719 ], [ 80.177566683042258, 13.071577258335086 ], [ 80.177822838543833, 13.071601996544212 ], [ 80.178115717174236, 13.071590966686152 ], [ 80.178311418752145, 13.071448049257226 ], [ 80.178714784772595, 13.07123402341197 ], [ 80.179165362651105, 13.071024652595858 ], [ 80.179221780444209, 13.071033569256862 ], [ 80.179285116163328, 13.071042359911797 ], [ 80.179356640924567, 13.071056873329583 ], [ 80.179423658838019, 13.07106784633393 ], [ 80.179478332102832, 13.071074077495091 ], [ 80.17957573553079, 13.071072759684572 ], [ 80.179676744796282, 13.071068739749972 ], [ 80.179764945882454, 13.071060791759733 ], [ 80.179783856317485, 13.071087796374607 ], [ 80.179794949612941, 13.071108266187458 ], [ 80.179800600016094, 13.071128718497807 ], [ 80.179807119988425, 13.071137600153486 ], [ 80.17981438825737, 13.071142867893947 ], [ 80.179831258618393, 13.071145452761868 ], [ 80.179872209218942, 13.07114594453431 ], [ 80.179960491153494, 13.071141613086656 ], [ 80.180026495767294, 13.071142244865499 ], [ 80.180072459865457, 13.071142330619423 ], [ 80.18013351027048, 13.071144875235516 ], [ 80.180177610364396, 13.071140946306254 ], [ 80.180202999449293, 13.071133612596398 ], [ 80.180224644356059, 13.071114693356561 ], [ 80.180265798874146, 13.071081278200612 ], [ 80.180290666037862, 13.071064087161202 ], [ 80.180301031697908, 13.071053269913859 ], [ 80.180323273984342, 13.071049090721571 ], [ 80.1803569428412, 13.071047842039135 ], [ 80.180387449628256, 13.071054719855548 ], [ 80.180427248588586, 13.071068680247238 ], [ 80.18045690287444, 13.071082245994994 ], [ 80.180486258919615, 13.071102503173591 ], [ 80.180517495138659, 13.071139673123128 ], [ 80.180532218526182, 13.071150208603822 ], [ 80.180548160029218, 13.071154599554044 ], [ 80.180564495892668, 13.071151305903864 ], [ 80.180590744665253, 13.071135023160798 ], [ 80.180610168936653, 13.071118267020053 ], [ 80.180629731548592, 13.071115435390515 ], [ 80.18064750381815, 13.071124262794187 ], [ 80.180658992372344, 13.07113659560763 ], [ 80.18068297020389, 13.071165424672282 ], [ 80.180703572166621, 13.071183031348523 ], [ 80.18071965740009, 13.071199900365016 ], [ 80.180731233090853, 13.071213589486193 ], [ 80.180756822500044, 13.071229404077846 ], [ 80.180776903439892, 13.071237243557725 ], [ 80.180796989769647, 13.071243365334674 ], [ 80.180813548415273, 13.071256528554684 ], [ 80.180844659768525, 13.071275886178402 ], [ 80.180868820856389, 13.071277047355762 ], [ 80.180889672550776, 13.071275033889947 ], [ 80.180918288384149, 13.071268072075874 ], [ 80.180945664542435, 13.071273222558267 ], [ 80.18095079751599, 13.071283003749249 ], [ 80.180960503812628, 13.071304282957326 ], [ 80.180967933778319, 13.071316783769321 ], [ 80.180981192013604, 13.071323788458937 ], [ 80.181129002607079, 13.071363950134018 ], [ 80.181228517974276, 13.071393380323949 ], [ 80.181319739196425, 13.071420614162621 ], [ 80.181409212297041, 13.071446576566837 ], [ 80.181532878870613, 13.071480332938442 ], [ 80.181603170244969, 13.071505510426723 ], [ 80.181726451441307, 13.071544147755136 ], [ 80.181791760759083, 13.071569852885046 ], [ 80.18186030041862, 13.071594663723106 ], [ 80.181936811728008, 13.071607835674758 ], [ 80.182021235398423, 13.071626729500666 ], [ 80.182120660035736, 13.071655706389496 ], [ 80.182181001670003, 13.071677416959195 ], [ 80.182200692741048, 13.071691584699645 ], [ 80.182213620396311, 13.07171504359192 ], [ 80.182215346958273, 13.071726579216341 ], [ 80.182319388936165, 13.071773267732135 ], [ 80.182333371213559, 13.071789566183721 ], [ 80.18235771465946, 13.071819571222575 ], [ 80.182383739751529, 13.071842890971716 ], [ 80.182409233939296, 13.071859518432765 ], [ 80.182438805580148, 13.071870371521296 ], [ 80.182464235089213, 13.071878589871991 ], [ 80.18248928550922, 13.071889881353345 ], [ 80.182523588576672, 13.071920280146701 ], [ 80.182552358920233, 13.071950209041399 ], [ 80.18258436409721, 13.071978429860321 ], [ 80.182627555994372, 13.071998458580733 ], [ 80.18268524759857, 13.072012656054 ], [ 80.182723418811605, 13.072016755601584 ], [ 80.182768692105284, 13.072020786896262 ], [ 80.182806857928469, 13.072026694269754 ], [ 80.18281787935868, 13.07204083398897 ], [ 80.182827047564459, 13.072057590067095 ], [ 80.182855769399069, 13.07207422801414 ], [ 80.182884880204128, 13.072085079343148 ], [ 80.182907111710804, 13.072084065175746 ], [ 80.182922907686759, 13.072076790996409 ], [ 80.182923607474365, 13.07206033680726 ], [ 80.182920645728871, 13.072035463013364 ], [ 80.18293186748339, 13.072016690848876 ], [ 80.182948966016497, 13.072005894644171 ], [ 80.182991052087587, 13.071997528416512 ], [ 80.183031358596054, 13.071997656171874 ], [ 80.183104079014953, 13.072013438336944 ], [ 80.183159850021042, 13.07202274697873 ], [ 80.183187899915779, 13.072019399087841 ], [ 80.183220492590934, 13.072008923146788 ], [ 80.183258375444765, 13.071988608290166 ], [ 80.183295801954429, 13.071966936249476 ], [ 80.183329022551973, 13.071933767094343 ], [ 80.183357130837209, 13.071884668756196 ], [ 80.183380519373941, 13.071868467440011 ], [ 80.183399145941351, 13.071870062633128 ], [ 80.183402359215137, 13.071874503447667 ], [ 80.183401122234997, 13.071886073191081 ], [ 80.1833916009913, 13.071892372584463 ], [ 80.183374104504495, 13.071912028545992 ], [ 80.1833627138667, 13.071953946324722 ], [ 80.183349236442481, 13.072013580092904 ], [ 80.183344068434693, 13.072042497433838 ], [ 80.183353692086314, 13.072061063962717 ], [ 80.183375594809547, 13.072075961461707 ], [ 80.183405020923345, 13.072074879041393 ], [ 80.183448948540715, 13.072067332725414 ], [ 80.183489787750162, 13.072073700367051 ], [ 80.18351307208232, 13.072089054634365 ], [ 80.18352132400652, 13.072104090387407 ], [ 80.183522388510141, 13.072116933298146 ], [ 80.183503585872941, 13.072141105304622 ], [ 80.183491269970389, 13.072183835078061 ], [ 80.183482679381314, 13.072243936059941 ], [ 80.183483018046189, 13.072281188965952 ], [ 80.183493725066057, 13.072306901894406 ], [ 80.183506889876568, 13.072314358074381 ], [ 80.183522748734589, 13.07231594538929 ], [ 80.183553573525217, 13.072310346035318 ], [ 80.183602785033116, 13.072294858776328 ], [ 80.183662892207096, 13.072275699865704 ], [ 80.183739852674123, 13.072264369025367 ], [ 80.183772985236743, 13.072258259524265 ], [ 80.183843494003384, 13.072245256489291 ], [ 80.183904057521545, 13.072227816145702 ], [ 80.183942017630486, 13.072211931615143 ], [ 80.183957667181048, 13.072193174339683 ], [ 80.183964610259878, 13.07215711934513 ], [ 80.18397042685136, 13.07209926981114 ], [ 80.183973480225021, 13.072040146210099 ], [ 80.183962723797777, 13.07200159383793 ], [ 80.183946658327258, 13.071978666995355 ], [ 80.183911663557069, 13.071962100794906 ], [ 80.183876640040765, 13.071954395218706 ], [ 80.183848904556342, 13.071946169870282 ], [ 80.183837901990756, 13.071926242649958 ], [ 80.183839610586432, 13.07191160065279 ], [ 80.183849423782604, 13.071900419427132 ], [ 80.183869354703802, 13.071898041075896 ], [ 80.183942001460835, 13.071908035751216 ], [ 80.184026348774438, 13.07192240736209 ], [ 80.184099908219792, 13.071935569670796 ], [ 80.184193203651944, 13.071977456819234 ], [ 80.184230121715146, 13.071998007936731 ], [ 80.184283819409586, 13.07202060138845 ], [ 80.184329696371151, 13.072037563976632 ], [ 80.184366555145559, 13.072048349679502 ], [ 80.18440431762518, 13.072064472230547 ], [ 80.184438785084311, 13.072073080841117 ], [ 80.184472801589166, 13.072078522693882 ], [ 80.184490580146957, 13.072085450358681 ], [ 80.184500666430964, 13.07210356624052 ], [ 80.184493212210725, 13.072126327689583 ], [ 80.184467518596975, 13.07214252198856 ], [ 80.184434404898965, 13.072142870253039 ], [ 80.184403680719626, 13.072146208516809 ], [ 80.184389720900114, 13.072156110428224 ], [ 80.184385779990976, 13.07217653290053 ], [ 80.184394101085431, 13.072198259175044 ], [ 80.184422960362241, 13.072229545216992 ], [ 80.184447302011492, 13.072260002595936 ], [ 80.184472408127064, 13.072282414891225 ], [ 80.184504264183673, 13.072299966360532 ], [ 80.184532466792007, 13.072306384748249 ], [ 80.184566882148886, 13.072302514464853 ], [ 80.184588499207877, 13.072292094538087 ], [ 80.184607166199456, 13.072253273569219 ], [ 80.18461824961345, 13.072220305710859 ], [ 80.184631862683261, 13.072175772494012 ], [ 80.184653565980526, 13.072167160386881 ], [ 80.184673018998012, 13.072169663865731 ], [ 80.184698780883707, 13.072160973880175 ], [ 80.184731766122624, 13.072143355898243 ], [ 80.184770563461441, 13.072125304771964 ], [ 80.184801832019872, 13.072125041385995 ], [ 80.184824112035542, 13.072137228018345 ], [ 80.184841573488029, 13.07215663282493 ], [ 80.184853487843625, 13.072179636654129 ], [ 80.184862745880949, 13.072197387638994 ], [ 80.184877231214912, 13.072195895702279 ], [ 80.184897425342498, 13.072169466982551 ], [ 80.18494564780525, 13.072146020383997 ], [ 80.184967362780625, 13.07213379175035 ], [ 80.184971680083876, 13.072111109930315 ], [ 80.184963659925032, 13.072081880209334 ], [ 80.18495644824992, 13.072030861194948 ], [ 80.18496254062417, 13.072001403954909 ], [ 80.184983249486436, 13.071986640332096 ], [ 80.18500094539921, 13.071990493994752 ], [ 80.185023756319211, 13.072009825309774 ], [ 80.185047028973287, 13.072028705979331 ], [ 80.185071999443224, 13.072036470180684 ], [ 80.185086959087656, 13.072031001200854 ], [ 80.185099861590103, 13.072005996148469 ], [ 80.185114293025137, 13.071993021976418 ], [ 80.185139191629858, 13.071994184900475 ], [ 80.185154667805591, 13.072000201654236 ], [ 80.185165228400066, 13.072014340499917 ], [ 80.185186206756896, 13.072029686895586 ], [ 80.185229795709418, 13.072041307383873 ], [ 80.185320590231811, 13.072058321597762 ], [ 80.1853736105965, 13.072062737907883 ], [ 80.185449787732594, 13.072065238762674 ], [ 80.185533765838613, 13.072079608614319 ], [ 80.185616056908529, 13.072102020926032 ], [ 80.185677410944123, 13.072124546990411 ], [ 80.185740682882852, 13.072152866668517 ], [ 80.185824923296934, 13.072199697734547 ], [ 80.185882801750694, 13.072241381829745 ], [ 80.185927125525126, 13.07228193887169 ], [ 80.185995541217181, 13.072288664397494 ], [ 80.186046828731691, 13.072287198712417 ], [ 80.186079268693206, 13.072295076660252 ], [ 80.186141900133137, 13.072321857130893 ], [ 80.186162608097064, 13.072335575066013 ], [ 80.186176992819711, 13.072364915886416 ], [ 80.186180118956926, 13.072396120528948 ], [ 80.186188606239725, 13.072423725271962 ], [ 80.186218710581528, 13.072440908341335 ], [ 80.186251868296964, 13.072455118039635 ], [ 80.186276656408936, 13.072461887312443 ], [ 80.186298161178513, 13.072429404251592 ], [ 80.186304650608108, 13.072419569728865 ], [ 80.186329431533551, 13.07242859921903 ], [ 80.186374372450572, 13.07244971732181 ], [ 80.186429331379657, 13.072481718235634 ], [ 80.18650319894715, 13.072513506511795 ], [ 80.186543377894864, 13.072524302694299 ], [ 80.186569785669263, 13.072515434214054 ], [ 80.186589876490615, 13.072520470040809 ], [ 80.186632506042415, 13.072543299704144 ], [ 80.186649134756649, 13.072563424632518 ], [ 80.186679366659206, 13.072597879129107 ], [ 80.186699505989552, 13.072616206731718 ], [ 80.186777539045025, 13.072643487687344 ], [ 80.186840174976552, 13.072669001945183 ], [ 80.186978355630174, 13.072721246750762 ], [ 80.18704098527347, 13.072748568821355 ], [ 80.187133756987791, 13.072781501607752 ], [ 80.187255380792436, 13.072819950604046 ], [ 80.18731857367942, 13.072844381551731 ], [ 80.187399558598912, 13.072871581103922 ], [ 80.18748395082828, 13.072900508844709 ], [ 80.187533671680924, 13.072926705602207 ], [ 80.187622974101643, 13.072976988528291 ], [ 80.187704435128225, 13.072999577515185 ], [ 80.187765874503782, 13.073024545715487 ], [ 80.187841490192824, 13.073057605344886 ], [ 80.187921822037097, 13.073087062458836 ], [ 80.188030600831496, 13.073133156569863 ], [ 80.188138303444163, 13.073197782114384 ], [ 80.188172003742039, 13.073215428897102 ], [ 80.188211591598289, 13.073237706350612 ], [ 80.18827537198348, 13.073251740996552 ], [ 80.188337934253127, 13.073271557855739 ], [ 80.18838133905102, 13.073283131908816 ], [ 80.188386315717679, 13.073284459332893 ], [ 80.188441252188909, 13.073295119851636 ], [ 80.188506826509695, 13.073324711692189 ], [ 80.188554696832853, 13.073352710970784 ], [ 80.188605599868438, 13.073384156122193 ], [ 80.188723922364403, 13.073445198345889 ], [ 80.188841468715964, 13.073489510825636 ], [ 80.188976088447802, 13.073530711685612 ], [ 80.18901555862476, 13.0735328248866 ], [ 80.189051525372108, 13.073534294064423 ], [ 80.189079197974436, 13.073533567788298 ], [ 80.189095209546068, 13.073545010574376 ], [ 80.189127202146594, 13.073577118974994 ], [ 80.189178157284445, 13.073620679779332 ], [ 80.189198328954149, 13.07362924195894 ], [ 80.189288576402546, 13.073644806136883 ], [ 80.189347001031976, 13.073660631948131 ], [ 80.189407239360008, 13.073686228353745 ], [ 80.189467060869717, 13.073726290765801 ], [ 80.189518589132717, 13.073764066716357 ], [ 80.189539869323497, 13.07377199974397 ], [ 80.18961718462505, 13.073793400366657 ], [ 80.189652710299598, 13.073816839808442 ], [ 80.189675853596242, 13.073847383619405 ], [ 80.189702711426605, 13.073898553638436 ], [ 80.189720037233485, 13.073931339266318 ], [ 80.18974967534966, 13.073950239914542 ], [ 80.189808084707764, 13.073970676238785 ], [ 80.189956591495587, 13.074052880909457 ], [ 80.190102927953689, 13.074178388124977 ], [ 80.190213131476114, 13.074268338481939 ], [ 80.19033257147629, 13.074366816833972 ], [ 80.19037374216407, 13.074400762687249 ], [ 80.190478671677468, 13.074495940380723 ], [ 80.190520274454897, 13.074551135393332 ], [ 80.1905300256673, 13.074587423670465 ], [ 80.19052893870581, 13.074609392115352 ], [ 80.190536212364677, 13.074641693758508 ], [ 80.190601276442379, 13.074715153183293 ], [ 80.190633320246874, 13.074741822262817 ], [ 80.190645621776397, 13.074771561809412 ], [ 80.190633658013425, 13.074811842801971 ], [ 80.190699314979241, 13.074875601630367 ], [ 80.190742004718174, 13.07490371098628 ], [ 80.190789281254951, 13.074937758268771 ], [ 80.190828967027556, 13.074973330717455 ], [ 80.190883871159429, 13.075013301917805 ], [ 80.190918947676323, 13.075038466795201 ], [ 80.190949604482, 13.075051838068932 ], [ 80.190981327587963, 13.075078666366768 ], [ 80.191003791758249, 13.075087554005441 ], [ 80.191036470671662, 13.075101389040226 ], [ 80.191080340796873, 13.075111177079718 ], [ 80.19111602457491, 13.075114008663354 ], [ 80.191211142688772, 13.075228683399333 ], [ 80.191260779998132, 13.075310647893916 ], [ 80.191283794835698, 13.075391430202711 ], [ 80.191297583076974, 13.075477766265994 ], [ 80.191315031953067, 13.075550716177659 ], [ 80.191327459246708, 13.075594956527301 ], [ 80.191344666475985, 13.075617624026684 ], [ 80.191363140329798, 13.075649862536123 ], [ 80.191370873027765, 13.075754492627571 ], [ 80.191382836790709, 13.075762620721452 ], [ 80.191401204643327, 13.075861904373392 ], [ 80.191407308695688, 13.07589110214569 ], [ 80.191437940348564, 13.075973578308547 ], [ 80.191457410434026, 13.076007789947624 ], [ 80.191479442514677, 13.076072741997494 ], [ 80.191510415527361, 13.076131405245508 ], [ 80.191568843750076, 13.076202310912548 ], [ 80.191590202094261, 13.076251389140966 ], [ 80.19160365346734, 13.076303092424565 ], [ 80.191620902917435, 13.076363394532919 ], [ 80.191644204317569, 13.076428632621077 ], [ 80.191671993700893, 13.076471316150865 ], [ 80.191699760626335, 13.076509494190681 ], [ 80.191709204614895, 13.076561276172006 ], [ 80.191725555749699, 13.076615279819602 ], [ 80.191757931930837, 13.07665569001413 ], [ 80.191795344067486, 13.076765053537139 ], [ 80.191826665626493, 13.076844860597694 ], [ 80.191852110406941, 13.076872312589504 ], [ 80.191863399535109, 13.0768805316486 ], [ 80.19186446403873, 13.077101085486033 ], [ 80.191864743414769, 13.077158981973202 ], [ 80.1918732729184, 13.077178241131742 ], [ 80.191893962017716, 13.077180090920896 ], [ 80.191918247073076, 13.077173167774252 ], [ 80.191927905759044, 13.077254859492113 ], [ 80.191998060589455, 13.077323408412687 ], [ 80.192041710627436, 13.07737668212857 ], [ 80.192038066162311, 13.077392657328447 ], [ 80.192055606666557, 13.077417742336491 ], [ 80.192084109312191, 13.077427531159062 ], [ 80.192115325768341, 13.077473570208006 ], [ 80.192140309713011, 13.07751234660457 ], [ 80.192156649169718, 13.077558453889047 ], [ 80.192162321132429, 13.077576228987351 ], [ 80.192179627176372, 13.077601858237331 ], [ 80.192201403237178, 13.077616827153104 ], [ 80.192242219988728, 13.077642346146728 ], [ 80.192256749340146, 13.077654690009556 ], [ 80.192311499860068, 13.077718994113507 ], [ 80.192319599968997, 13.077739544752726 ], [ 80.19234372422595, 13.077764921980961 ], [ 80.192368819561736, 13.07778441297152 ], [ 80.192398878987746, 13.077796038438823 ], [ 80.192464142491474, 13.077849655058969 ], [ 80.19249440853001, 13.077882363160272 ], [ 80.192514030430786, 13.077910921931807 ], [ 80.192523802304436, 13.07791724392181 ], [ 80.192539017968713, 13.077929906276632 ], [ 80.192563939031317, 13.07793509512061 ], [ 80.192593122599959, 13.077926470964343 ], [ 80.192611538961586, 13.077929569395524 ], [ 80.192628919565735, 13.07794222212455 ], [ 80.192644242129518, 13.077977166753724 ], [ 80.192656308300428, 13.078010006090501 ], [ 80.192702807794461, 13.078098360772492 ], [ 80.192720229721104, 13.078124919234309 ], [ 80.192730157901622, 13.078134561026273 ], [ 80.192758603055069, 13.078141694149549 ], [ 80.192791883839732, 13.078127008770531 ], [ 80.192823532385518, 13.078120308779338 ], [ 80.1928907991323, 13.078206896766762 ], [ 80.192941992323696, 13.078275040290999 ], [ 80.19295960199824, 13.078310573757776 ], [ 80.192976662802096, 13.078329210691122 ], [ 80.19298297706024, 13.078336107554895 ], [ 80.193095287131982, 13.07842106181519 ], [ 80.193128814055015, 13.078442275656572 ], [ 80.193156535166381, 13.078464940269258 ], [ 80.193193201701334, 13.07849907806162 ], [ 80.193228476745901, 13.07853873543575 ], [ 80.193282275949969, 13.078590978123191 ], [ 80.193324945027641, 13.078632411759671 ], [ 80.193350909034308, 13.078655821866207 ], [ 80.193380600151073, 13.078686455204403 ], [ 80.193397271086113, 13.078697238866553 ], [ 80.193428722002523, 13.078709762929279 ], [ 80.193453696065731, 13.078720874720323 ], [ 80.193488249763149, 13.078727943075663 ], [ 80.193522298607363, 13.07873195501038 ], [ 80.193547769438936, 13.078721412853332 ], [ 80.193597319611655, 13.078688220105965 ], [ 80.19366989180854, 13.078643528804266 ], [ 80.19371503484652, 13.078622106727007 ], [ 80.19373466034051, 13.078612372202715 ], [ 80.193835118040425, 13.078638905233797 ], [ 80.193858798529632, 13.078654222341939 ], [ 80.193898282181323, 13.078682965651826 ], [ 80.193949428660332, 13.078682728523255 ], [ 80.194031995513058, 13.078670774092759 ], [ 80.194122485506568, 13.07867035321142 ], [ 80.194185378356224, 13.078668543684017 ], [ 80.194218174050619, 13.078675948920973 ], [ 80.194286470266718, 13.078652017308427 ], [ 80.194301881763749, 13.078653803210555 ], [ 80.194328002077256, 13.078672603745424 ], [ 80.194381936028577, 13.078667631045199 ], [ 80.194460676058213, 13.078677488069218 ], [ 80.194537468540247, 13.078673708887123 ], [ 80.19461074501632, 13.078664811752549 ], [ 80.194689258670465, 13.078655890992255 ], [ 80.194748536699436, 13.078640213378749 ], [ 80.194790391005128, 13.078631462370167 ], [ 80.194842670259703, 13.078612394953057 ], [ 80.194886026548588, 13.078595685695852 ], [ 80.194925393419297, 13.078582214862694 ], [ 80.194961087977134, 13.078573592479039 ], [ 80.194993137171508, 13.078575859639214 ], [ 80.195026477244951, 13.078590199361146 ], [ 80.195054398680625, 13.078607894758898 ], [ 80.195094693510995, 13.078611120058476 ], [ 80.195143209722872, 13.078605247843164 ], [ 80.19518965801295, 13.078605031714869 ], [ 80.195226336225971, 13.078595829198077 ], [ 80.195282455778411, 13.078570914062468 ], [ 80.195370329877832, 13.078524903218781 ], [ 80.195403423812891, 13.078493412346926 ], [ 80.195414434463359, 13.078492510207653 ], [ 80.19542549092786, 13.078498764806678 ], [ 80.195446480064462, 13.078516232707393 ], [ 80.195452134060872, 13.078518255739235 ], [ 80.195475830719744, 13.078521920296886 ], [ 80.195583812708477, 13.07851262940061 ], [ 80.195638159884837, 13.078505913669641 ], [ 80.1956864335516, 13.078485559972416 ], [ 80.195714207663556, 13.078482391547086 ], [ 80.19575018339404, 13.078481237403777 ], [ 80.195787008032497, 13.078474480546314 ], [ 80.195843515657103, 13.078456211129815 ], [ 80.195883538297963, 13.078430204837543 ], [ 80.195914655939418, 13.07841981317007 ], [ 80.195969013895578, 13.07841030789147 ], [ 80.196018926987705, 13.07840639395309 ], [ 80.196067195264547, 13.078397593060448 ], [ 80.196156740230393, 13.078374182054361 ], [ 80.196199305103491, 13.078360570331791 ], [ 80.196223015237109, 13.078359017181331 ], [ 80.196272452222146, 13.078359532564798 ], [ 80.196294955020008, 13.078360326202795 ], [ 80.196316242397288, 13.07836635942656 ], [ 80.19632851338406, 13.078365222782956 ], [ 80.196346073651227, 13.078354426856079 ], [ 80.196368261140435, 13.078281889905469 ], [ 80.196375285965971, 13.078277119325779 ], [ 80.196387547969579, 13.078278785353604 ], [ 80.196416474620051, 13.078289996915721 ], [ 80.196456126256706, 13.078292922964479 ], [ 80.196504383753748, 13.078287377122054 ], [ 80.19655146894938, 13.078273779394916 ], [ 80.19658911105472, 13.078270641592372 ], [ 80.19672032706994, 13.078253689057936 ], [ 80.196777561431659, 13.078238948559678 ], [ 80.19681437529033, 13.078235355749042 ], [ 80.196852012005792, 13.078233845473516 ], [ 80.196878206879447, 13.078233926849903 ], [ 80.196914938991441, 13.07822716911064 ], [ 80.196950575158752, 13.078217152815931 ], [ 80.196967308975857, 13.078205179112556 ], [ 80.196970212330882, 13.078191535005121 ], [ 80.196961676539019, 13.078178307404016 ], [ 80.196960435067297, 13.078163113643447 ], [ 80.196969500865137, 13.078154732749345 ], [ 80.196987427644942, 13.078144661325766 ], [ 80.197009112077623, 13.078141926028536 ], [ 80.19706514359514, 13.078156838035548 ], [ 80.197096184879783, 13.078169774257782 ], [ 80.19712763130461, 13.078171771042033 ], [ 80.197162424852223, 13.078165459558749 ], [ 80.197184503645246, 13.078155039004587 ], [ 80.197205370610988, 13.078148232262327 ], [ 80.197223332425082, 13.078155883394134 ], [ 80.197237598570126, 13.078165150678432 ], [ 80.197263777274131, 13.078170385893307 ], [ 80.197296533442668, 13.07816641857522 ], [ 80.197323872769985, 13.078154929627704 ], [ 80.197331273989647, 13.078148080884743 ], [ 80.197339845714083, 13.078150096919492 ], [ 80.197349661605202, 13.078166583953058 ], [ 80.19736758569006, 13.078185808032307 ], [ 80.197404373497562, 13.078190262733415 ], [ 80.19744286990074, 13.078179893806169 ], [ 80.197480908163129, 13.078168347983338 ], [ 80.19753893124566, 13.078166448325748 ], [ 80.19758834487449, 13.078174197458624 ], [ 80.19758899076318, 13.078174157207929 ], [ 80.197613345887177, 13.078172646932073 ], [ 80.197641957228967, 13.078167039835867 ], [ 80.197665241561126, 13.07815463387263 ], [ 80.197693900513642, 13.078134288896551 ], [ 80.19773284068458, 13.078100683937986 ], [ 80.197749597857879, 13.078081476477404 ], [ 80.197770458535402, 13.07807665864298 ], [ 80.197800358061329, 13.078071958935539 ], [ 80.197823269592661, 13.078060728113201 ], [ 80.197838397222057, 13.078060413107643 ], [ 80.197857970613768, 13.078082807375701 ], [ 80.197899142199873, 13.07812941068712 ], [ 80.197915067533216, 13.078167887725435 ], [ 80.197926837260056, 13.078207618654064 ], [ 80.197945539285953, 13.078242939501969 ], [ 80.19796472730043, 13.078270576841303 ], [ 80.197981826731876, 13.078288261761786 ], [ 80.198003907321564, 13.078305510048764 ], [ 80.198025892689827, 13.078352415198079 ], [ 80.198043795215128, 13.078435384045893 ], [ 80.198049875911281, 13.078437483204628 ], [ 80.198098985909553, 13.078425157756245 ], [ 80.198088485502183, 13.078363368627613 ], [ 80.198096265810847, 13.078353356713535 ], [ 80.198116309919797, 13.078344557568975 ], [ 80.198138413865664, 13.078326181391102 ], [ 80.198145766576275, 13.078305769053086 ], [ 80.198145466538975, 13.07828452019937 ], [ 80.198136886729699, 13.078256463729581 ], [ 80.198132804785047, 13.078235202621428 ], [ 80.198131662128006, 13.078217567572985 ], [ 80.198123473085872, 13.078211483594739 ], [ 80.198095266884266, 13.078205880874506 ], [ 80.198068244662224, 13.078204983109234 ], [ 80.198055708672427, 13.07811678596817 ], [ 80.198061934895648, 13.078102338591828 ], [ 80.198081991581006, 13.078089561618835 ], [ 80.198121243467355, 13.078073588214126 ], [ 80.198162654903612, 13.078045958727859 ], [ 80.198194946643142, 13.078014774050331 ], [ 80.19825273436706, 13.077971191271516 ], [ 80.198282245820749, 13.07794397565625 ], [ 80.198307572023566, 13.077927598859793 ], [ 80.198326048572326, 13.077918342941768 ], [ 80.198342822813643, 13.077922373264977 ], [ 80.19836888832991, 13.077934117727926 ], [ 80.198400405721671, 13.077942534505196 ], [ 80.19844044453221, 13.07793985608178 ], [ 80.198462145134528, 13.077932237318885 ], [ 80.198472814425145, 13.077913011469835 ], [ 80.198482322194096, 13.077882118155822 ], [ 80.198483986772317, 13.077852104229136 ], [ 80.198479540111677, 13.077829666189318 ], [ 80.198478738814444, 13.077820803149921 ], [ 80.198486141830685, 13.077813230759196 ], [ 80.198509029107498, 13.077809232809797 ], [ 80.198558956572683, 13.077800888654361 ], [ 80.198590449709926, 13.077788146666363 ], [ 80.198624007175667, 13.077764922855994 ], [ 80.198646962724425, 13.077739676880206 ], [ 80.198666626845977, 13.07770565010984 ], [ 80.198672422776227, 13.077681616901216 ], [ 80.198674513155879, 13.07766281629079 ], [ 80.198681843408579, 13.077649185278586 ], [ 80.198694124276841, 13.077645154950913 ], [ 80.19872280568724, 13.077646419350275 ], [ 80.198748156144561, 13.0776508381854 ], [ 80.198748967323269, 13.077656898552034 ], [ 80.198744851242637, 13.077674517015272 ], [ 80.198750932837086, 13.0777050069726 ], [ 80.19876480731665, 13.077721506286162 ], [ 80.198793822900342, 13.077733531638996 ], [ 80.198836719251801, 13.077731585602173 ], [ 80.198886249661598, 13.077731648603365 ], [ 80.198921332466711, 13.077750202453892 ], [ 80.199147981904488, 13.077942593131279 ], [ 80.19918105427999, 13.077955083106703 ], [ 80.199209268566435, 13.077958334665285 ], [ 80.199260836355307, 13.077956053499191 ], [ 80.199305022687511, 13.077954472345692 ], [ 80.199362664884319, 13.077956188251621 ], [ 80.199418272397054, 13.077959525561747 ], [ 80.199450631510217, 13.077964327648152 ], [ 80.199454235551144, 13.077962349237545 ], [ 80.199471430203999, 13.077950377271822 ], [ 80.199523891816582, 13.077899543224415 ], [ 80.199552954112647, 13.077868710284797 ], [ 80.19957144593279, 13.077854752902979 ], [ 80.19958741079202, 13.077852361483862 ], [ 80.199608605642823, 13.077858394720046 ], [ 80.199620049281208, 13.077856440809073 ], [ 80.199630704198825, 13.077841554159365 ], [ 80.199630766182551, 13.077822295927652 ], [ 80.199618556281209, 13.077804716850711 ], [ 80.199612066851614, 13.077786251380939 ], [ 80.199620631389536, 13.077761773671785 ], [ 80.199644834698233, 13.077750184953551 ], [ 80.199679168308407, 13.077743419325914 ], [ 80.199716804125529, 13.077742270429196 ], [ 80.199769137279034, 13.077760063889619 ], [ 80.199789946752603, 13.077771250099829 ], [ 80.199802618387992, 13.077788921055845 ], [ 80.199824656756846, 13.077819459999962 ], [ 80.199863464875449, 13.077855205286312 ], [ 80.199898532409208, 13.07787855159045 ], [ 80.199924716503105, 13.077881797899945 ], [ 80.199956178199272, 13.077879001348681 ], [ 80.200011472200003, 13.077865428974494 ], [ 80.200041311538769, 13.077850783829787 ], [ 80.200082030373977, 13.077837437208229 ], [ 80.20012034891073, 13.077824987477584 ], [ 80.200153863257341, 13.077814874039754 ], [ 80.200193362180386, 13.077808125039191 ], [ 80.20023485985493, 13.077810785088696 ], [ 80.200268802697963, 13.077810980217327 ], [ 80.200348102377973, 13.077789615818856 ], [ 80.200390940338934, 13.077777180086049 ], [ 80.200426207298676, 13.077767071896387 ], [ 80.200460654096531, 13.077753706019932 ], [ 80.200482197493699, 13.077737407087307 ], [ 80.200499403824637, 13.077721908793791 ], [ 80.200518470566564, 13.077701442154739 ], [ 80.200569629621995, 13.077654040747065 ], [ 80.200586123588891, 13.077630673421266 ], [ 80.200594574939089, 13.077612705823146 ], [ 80.200604761834413, 13.077599988325954 ], [ 80.200626176772488, 13.07759481085013 ], [ 80.200640718700299, 13.077604710792821 ], [ 80.200658308611892, 13.077613083830467 ], [ 80.200675917388068, 13.07761558025393 ], [ 80.200694381360449, 13.077610393153252 ], [ 80.200709190087906, 13.077594795974816 ], [ 80.200706745771981, 13.077580412444165 ], [ 80.200706423276813, 13.077566034162727 ], [ 80.200718172342405, 13.077555039571992 ], [ 80.200740523324995, 13.077545705763443 ], [ 80.200763611824428, 13.077536735086722 ], [ 80.200776667040472, 13.077521223655353 ], [ 80.200785594497745, 13.077498646457656 ], [ 80.200802531334134, 13.077480705100434 ], [ 80.200828590562196, 13.077465595298595 ], [ 80.200853219672354, 13.077464948660658 ], [ 80.200872462484043, 13.077475768251919 ], [ 80.200893311483483, 13.077503410052275 ], [ 80.200915055204931, 13.077510891450714 ], [ 80.200944873882477, 13.077502484283897 ], [ 80.200997587023323, 13.077488361503033 ], [ 80.201039938097409, 13.077483700285176 ], [ 80.201071036874225, 13.077478913939693 ], [ 80.201091176204599, 13.077469210870895 ], [ 80.201101382862845, 13.077450345492988 ], [ 80.201104048164297, 13.077424493972805 ], [ 80.201099982389309, 13.077398078938446 ], [ 80.201090829454884, 13.077376259494949 ], [ 80.20107732597954, 13.077358948141708 ], [ 80.201060779910307, 13.077341626287012 ], [ 80.201047372554697, 13.077323049655291 ], [ 80.20104399848249, 13.077311103909107 ], [ 80.201044497047477, 13.077299531795035 ], [ 80.201053662558309, 13.077288980826593 ], [ 80.201069188141375, 13.077279625132544 ], [ 80.201084067835737, 13.077270358689974 ], [ 80.201093805573421, 13.077254022974643 ], [ 80.201098586407355, 13.077230167350701 ], [ 80.20110621130749, 13.077210930946725 ], [ 80.20112777356924, 13.077188845481038 ], [ 80.20113913186772, 13.077184811645786 ], [ 80.201165037483875, 13.077188598725821 ], [ 80.201189349488715, 13.077200700231259 ], [ 80.201218184511021, 13.077211548709716 ], [ 80.201246680868479, 13.077212903238225 ], [ 80.201269762181354, 13.077206102595072 ], [ 80.201292957580307, 13.077192249302936 ], [ 80.201305984050265, 13.07718568928933 ], [ 80.201316842885404, 13.077193588956231 ], [ 80.201336426158605, 13.077212999490245 ], [ 80.201360651026889, 13.077223472585299 ], [ 80.201388771888531, 13.077226905282307 ], [ 80.201404270522119, 13.077226138766225 ], [ 80.201418081221291, 13.077233596547597 ], [ 80.201446468882608, 13.077240375314489 ], [ 80.201465022686492, 13.077235910971071 ], [ 80.201487645858592, 13.077227843301991 ], [ 80.201516135029507, 13.077231729258459 ], [ 80.201542591312958, 13.07723642285678 ], [ 80.20157192490025, 13.077235699216637 ], [ 80.201595481421933, 13.07722437910431 ], [ 80.20161268865121, 13.077208428394041 ], [ 80.201618254612711, 13.077198589686748 ], [ 80.201623364230045, 13.077187122569644 ], [ 80.201636760805854, 13.077180202048268 ], [ 80.201661922616978, 13.077186066422303 ], [ 80.201680319215683, 13.077201856130591 ], [ 80.201700425308374, 13.077202370641455 ], [ 80.201722695442598, 13.077189328491242 ], [ 80.201745394971482, 13.077186595808493 ], [ 80.201769643195959, 13.077189563871231 ], [ 80.201810658475196, 13.07719891344359 ], [ 80.201839979486067, 13.077201897256474 ], [ 80.201866458227386, 13.077199989716284 ], [ 80.201887392566775, 13.077200959236702 ], [ 80.201893264853794, 13.077210470687042 ], [ 80.201901053247298, 13.077226499273792 ], [ 80.201915297832741, 13.077242638111821 ], [ 80.201936110899567, 13.077252648320957 ], [ 80.201973924583143, 13.077253669467288 ], [ 80.202000330560921, 13.077245613174007 ], [ 80.202016794883448, 13.077231287374202 ], [ 80.20203069092257, 13.077212432478309 ], [ 80.202051389005049, 13.077200652105244 ], [ 80.202079075980421, 13.077195854379037 ], [ 80.202100839464805, 13.077197187907181 ], [ 80.202138912761484, 13.077206593480405 ], [ 80.202173548205579, 13.07720421780539 ], [ 80.202197667970964, 13.077205897840782 ], [ 80.202203927431853, 13.077207010864228 ], [ 80.202227536954169, 13.077211210077598 ], [ 80.202252191217127, 13.077211350080539 ], [ 80.202279504493347, 13.077205334328895 ], [ 80.202298396962078, 13.077203898423656 ], [ 80.202313590168487, 13.077207070365471 ], [ 80.202337656034956, 13.077218005470471 ], [ 80.202362236636063, 13.077230486732434 ], [ 80.202377899661357, 13.077242917242657 ], [ 80.20239881244116, 13.077254862992186 ], [ 80.20241086783227, 13.077256474775801 ], [ 80.2024313763702, 13.077247848845726 ], [ 80.20245192533234, 13.077232537775384 ], [ 80.202464520610945, 13.077231581380351 ], [ 80.202475471972562, 13.077242442982756 ], [ 80.202475986707228, 13.077243988265057 ], [ 80.202482215625395, 13.077255336377052 ], [ 80.20248789657127, 13.077270281688376 ], [ 80.20249512261941, 13.077290377355533 ], [ 80.202518256932919, 13.07728125266633 ], [ 80.202537658746422, 13.077282391064939 ], [ 80.202541273567149, 13.077292181642909 ], [ 80.202542285968434, 13.077298358395783 ], [ 80.202544287414909, 13.077314824485855 ], [ 80.202547312940794, 13.077335411909498 ], [ 80.20255349514656, 13.077354473300195 ], [ 80.202574885830117, 13.077374134951645 ], [ 80.202583785439657, 13.077377271015559 ], [ 80.202602632094298, 13.077383548393321 ], [ 80.202640921884978, 13.0773842799082 ], [ 80.202679207184076, 13.077385525933536 ], [ 80.202695989510204, 13.077386134945931 ], [ 80.20272112796512, 13.077392962709634 ], [ 80.202737907596315, 13.077394087107455 ], [ 80.202765230753982, 13.077386527828908 ], [ 80.202781059967606, 13.077370676881152 ], [ 80.202788950769076, 13.07736712255865 ], [ 80.202793134223327, 13.077369203351095 ], [ 80.202808267242631, 13.077382659375248 ], [ 80.202831259622315, 13.077397701805802 ], [ 80.202845406291402, 13.077400353109557 ], [ 80.202873186691576, 13.077404110435719 ], [ 80.202891585985213, 13.077397529427321 ], [ 80.202910057144095, 13.077378608917794 ], [ 80.202928477098993, 13.077368428085295 ], [ 80.202941614960039, 13.077364389002865 ], [ 80.202950501993129, 13.077369581358823 ], [ 80.202963527564734, 13.077384568664067 ], [ 80.202992274552159, 13.077402215147305 ], [ 80.203015366644834, 13.077400289233255 ], [ 80.203044701130452, 13.077407140622094 ], [ 80.203062518315789, 13.077410326561557 ], [ 80.203092408858566, 13.077412039846202 ], [ 80.203131757762961, 13.07741071944451 ], [ 80.203167979631829, 13.077406297980021 ], [ 80.203211531753453, 13.077403973932952 ], [ 80.203225160992943, 13.077405593590756 ], [ 80.203261245419583, 13.077424310219071 ], [ 80.203291056910587, 13.077439392022907 ], [ 80.203322444944931, 13.077453968065676 ], [ 80.203352349860737, 13.077453109673469 ], [ 80.203373877986522, 13.077449632353661 ], [ 80.203418161336771, 13.077412344352366 ], [ 80.203480277143726, 13.07737567235799 ], [ 80.203524468865808, 13.07735381178664 ], [ 80.203551751599321, 13.077352937643766 ], [ 80.203563227577078, 13.07736380186588 ], [ 80.2035605146649, 13.077379213555105 ], [ 80.203549328842996, 13.077407946513393 ], [ 80.203531278993978, 13.077444354247669 ], [ 80.203508477955452, 13.077485877328547 ], [ 80.203493614430741, 13.077515618294393 ], [ 80.203485535881399, 13.077551054743667 ], [ 80.203484343817024, 13.07757521659256 ], [ 80.203492624487311, 13.077594289339949 ], [ 80.203505653652201, 13.077608762121569 ], [ 80.203519802117924, 13.077611413423059 ], [ 80.203539294661269, 13.077597126145216 ], [ 80.203556165022306, 13.077582823116261 ], [ 80.203578781007892, 13.077572666792658 ], [ 80.203602404004926, 13.077569714484849 ], [ 80.203632318802207, 13.077567313437809 ], [ 80.203667975630765, 13.077569572732081 ], [ 80.203696895993019, 13.07755790962837 ], [ 80.203717446751781, 13.077542084942134 ], [ 80.203728096279463, 13.07751540566518 ], [ 80.203732423464189, 13.077493318476712 ], [ 80.203739290186235, 13.077485130063662 ], [ 80.203760821006966, 13.07748113823407 ], [ 80.203789620096643, 13.077490043286547 ], [ 80.203809449508242, 13.077507639886244 ], [ 80.203830334440269, 13.077524213589468 ], [ 80.203857046743551, 13.077531049224511 ], [ 80.203913682827292, 13.077533942031613 ], [ 80.203952975137796, 13.077542392073211 ], [ 80.204004921117431, 13.077540115278333 ], [ 80.204038004272732, 13.077534132785379 ], [ 80.204073754526092, 13.077520451015049 ], [ 80.20410215925537, 13.07750724262835 ], [ 80.204143207772276, 13.077484849183064 ], [ 80.204171112139946, 13.077467522962154 ], [ 80.204190114203143, 13.077447576937423 ], [ 80.204209622017842, 13.077430717973291 ], [ 80.204221217471542, 13.077421526787925 ], [ 80.204237484164722, 13.07742059051901 ], [ 80.204253186715889, 13.077426336759967 ], [ 80.204268362854279, 13.077432593136068 ], [ 80.204286185429524, 13.077434750929502 ], [ 80.204300357251441, 13.077433288775081 ], [ 80.204321336506581, 13.077433921412801 ], [ 80.20434071406558, 13.077439174143512 ], [ 80.204346981611323, 13.077443837112289 ], [ 80.204361077076442, 13.077455229840991 ], [ 80.20437097112098, 13.077467627964236 ], [ 80.204381377205209, 13.077482085877984 ], [ 80.204390718785874, 13.077499107591839 ], [ 80.204399553716698, 13.077513042243339 ], [ 80.204403087689002, 13.077518012341782 ], [ 80.204430345269699, 13.077521843167597 ], [ 80.204447578550088, 13.077522742685394 ], [ 80.204477783503222, 13.077520269011471 ], [ 80.204522440552594, 13.077510914201197 ], [ 80.204546691472004, 13.077525980249407 ], [ 80.204568135156151, 13.077535380559995 ], [ 80.204591700661013, 13.077547620301132 ], [ 80.204601583925779, 13.077562523593921 ], [ 80.204624975157472, 13.077589553747645 ], [ 80.204647771704401, 13.077606011943109 ], [ 80.204714785126313, 13.077650440052738 ], [ 80.204756905333355, 13.07767345649496 ], [ 80.20479979180331, 13.07769225622954 ], [ 80.204834125413484, 13.077705322853612 ], [ 80.204874899045905, 13.077720577018539 ], [ 80.204902115304066, 13.077727928032902 ], [ 80.204928762030335, 13.077722595681813 ], [ 80.204959786246988, 13.07771167809952 ], [ 80.205010273362589, 13.077695346788518 ], [ 80.205056449463171, 13.077678966475474 ], [ 80.205087548239987, 13.077661711144561 ], [ 80.205111371561301, 13.077652121835145 ], [ 80.205144558921177, 13.07764052436157 ], [ 80.205165375581245, 13.07764216851832 ], [ 80.205204068715489, 13.077651059564664 ], [ 80.205227668356301, 13.077660483495986 ], [ 80.205258425773323, 13.077672101968984 ], [ 80.205302824107932, 13.077684578832876 ], [ 80.205350230002097, 13.077685820481591 ], [ 80.205392648449802, 13.077683484186919 ], [ 80.205426537393905, 13.077673303367016 ], [ 80.205439577338581, 13.077664295069193 ], [ 80.205488302857901, 13.077675413032447 ], [ 80.205518126925341, 13.077705333353832 ], [ 80.205547456021037, 13.077716229936001 ], [ 80.205573118193755, 13.077733424886999 ], [ 80.205603224332179, 13.077739401249991 ], [ 80.205641332663177, 13.077737015954918 ], [ 80.205665098492318, 13.077732354741718 ], [ 80.205689481464077, 13.077736153188598 ], [ 80.205708703614533, 13.077751162346987 ], [ 80.205725629671107, 13.077778118103632 ], [ 80.205738244712649, 13.077805025731449 ], [ 80.205757870206668, 13.077846803381327 ], [ 80.205774779195266, 13.077875169653415 ], [ 80.205781135674201, 13.077884396697524 ], [ 80.205807592855948, 13.077895261771237 ], [ 80.205821308333725, 13.077889783296103 ], [ 80.205836394640585, 13.077889953924236 ], [ 80.20587590524174, 13.077890401932423 ], [ 80.20589979593673, 13.077875177528558 ], [ 80.205920745547473, 13.077865554101791 ], [ 80.205958879031257, 13.077861056519058 ], [ 80.205994237619166, 13.077848075654801 ], [ 80.206028135546418, 13.077837190453661 ], [ 80.206046136886371, 13.077833873267247 ], [ 80.206066928393639, 13.077837630586794 ], [ 80.206093417016405, 13.077845678110533 ], [ 80.206113340751102, 13.077862103913334 ], [ 80.20612533865004, 13.077880551877103 ], [ 80.206145270469563, 13.07789627328971 ], [ 80.206169002162753, 13.077894429631025 ], [ 80.206198630397466, 13.077879974366525 ], [ 80.206227976561138, 13.077889463040238 ], [ 80.206235788310863, 13.077897299683457 ], [ 80.206240667061167, 13.077910032915591 ], [ 80.206251953494402, 13.077927768612867 ], [ 80.206276864675544, 13.077947772349818 ], [ 80.206310479633458, 13.077960831085235 ], [ 80.206346266717773, 13.077972506420126 ], [ 80.206385026327325, 13.077975763228556 ], [ 80.20641228390798, 13.07797959404726 ], [ 80.206445097568704, 13.077999687031618 ], [ 80.206474360189091, 13.078016217825992 ], [ 80.206495903586202, 13.078017167217876 ], [ 80.206519686483361, 13.078011098109945 ], [ 80.20653350975897, 13.077996463474069 ], [ 80.206554899544187, 13.077949516256307 ], [ 80.206575974020751, 13.077929328766157 ], [ 80.206601778127293, 13.077934551735806 ], [ 80.206625410107463, 13.07794115898032 ], [ 80.206657471878259, 13.077964060768331 ], [ 80.206690920647887, 13.077991204630116 ], [ 80.206720811190635, 13.078015490688077 ], [ 80.20674143650956, 13.078033332254618 ], [ 80.206764193530674, 13.07805331148257 ], [ 80.206776990930194, 13.078064726058489 ], [ 80.206808919750316, 13.0780988954068 ], [ 80.206812878625797, 13.078103228482339 ], [ 80.206832328050012, 13.078124516727328 ], [ 80.206856412781093, 13.078153666980979 ], [ 80.206882100106625, 13.078168749615209 ], [ 80.206907128068764, 13.07817889366407 ], [ 80.20692128821257, 13.078196662592557 ], [ 80.206937571075429, 13.078217271817987 ], [ 80.206945257060994, 13.078235672504363 ], [ 80.206947947515275, 13.078251197891053 ], [ 80.206948384096492, 13.078275149667819 ], [ 80.20694602062899, 13.078292731336274 ], [ 80.206965143066441, 13.078316190475871 ], [ 80.206987339538799, 13.078322781959947 ], [ 80.207003745470857, 13.07833282800083 ], [ 80.207020110978675, 13.078346395974224 ], [ 80.207035047266913, 13.078359242935042 ], [ 80.207055864825321, 13.078360887086971 ], [ 80.207080364578061, 13.078354825862631 ], [ 80.207119951535972, 13.078348936140962 ], [ 80.207165310169628, 13.078340998885425 ], [ 80.207212071971753, 13.07833589317635 ], [ 80.207255960961589, 13.07833075684165 ], [ 80.207284018941166, 13.078327552538745 ], [ 80.207307659904515, 13.07833345538617 ], [ 80.207347799326342, 13.078341656896274 ], [ 80.207383802006277, 13.078335022536997 ], [ 80.207408846138108, 13.078343757805841 ], [ 80.207422370274699, 13.078354475856901 ], [ 80.207440966299416, 13.078361730600784 ], [ 80.207491270158684, 13.078360892337074 ], [ 80.207536429366328, 13.078369855108692 ], [ 80.207575783660616, 13.0783836838343 ], [ 80.207615880861653, 13.078395407274954 ], [ 80.207646671516329, 13.078404208167724 ], [ 80.207684722355111, 13.078406751833924 ], [ 80.207723649051346, 13.078395924408335 ], [ 80.20776898253213, 13.078390098563693 ], [ 80.207795463070099, 13.078398850455846 ], [ 80.207824148972051, 13.078403402279644 ], [ 80.207853661324094, 13.078398805830119 ], [ 80.207889697241711, 13.078389353926557 ], [ 80.20791773096677, 13.078388262783827 ], [ 80.207953551288725, 13.078397120552765 ], [ 80.208000981437408, 13.078396249913631 ], [ 80.208052731584303, 13.078394723013828 ], [ 80.208089369373155, 13.078395136895555 ], [ 80.20812528940813, 13.078395544652194 ], [ 80.208179085917209, 13.078403197526322 ], [ 80.208244260487717, 13.07842083956163 ], [ 80.208266497384272, 13.078423909111136 ], [ 80.208286637612929, 13.078422024330754 ], [ 80.208303286090114, 13.078411647538124 ], [ 80.208310619037746, 13.078399052584116 ], [ 80.208325771819958, 13.078393589870437 ], [ 80.208346571412051, 13.078396642795006 ], [ 80.208368742731565, 13.078405345686146 ], [ 80.208398890192541, 13.078407800975903 ], [ 80.208429723068008, 13.078413079936281 ], [ 80.208478515062666, 13.078418562774882 ], [ 80.208517960985105, 13.078424644122972 ], [ 80.208539545704753, 13.078422071581494 ], [ 80.208571940750531, 13.078416803996449 ], [ 80.208627365006947, 13.078408276108586 ], [ 80.208656158706745, 13.078403670909024 ], [ 80.208680592882459, 13.078403243902079 ], [ 80.208701408644231, 13.078404888928738 ], [ 80.208735859035386, 13.078408094980652 ], [ 80.208766766471044, 13.07840703708851 ], [ 80.208796286907912, 13.078401737127669 ], [ 80.208806444158824, 13.07839339999234 ], [ 80.208815933063164, 13.078380829537801 ], [ 80.208828929888696, 13.078375342323316 ], [ 80.20884762562639, 13.078374145303764 ], [ 80.208861960043379, 13.078377125602415 ], [ 80.208872669758208, 13.078382880571208 ], [ 80.20888193318541, 13.078389325051102 ], [ 80.208888935553048, 13.078404899428918 ], [ 80.208890179719731, 13.078420661933757 ], [ 80.208898150471242, 13.078425061504696 ], [ 80.208915017239008, 13.078419557665923 ], [ 80.20892900490631, 13.078411154030169 ], [ 80.208960454026055, 13.07840727421736 ], [ 80.208987414264385, 13.078411208281018 ], [ 80.209014325095367, 13.078418721152433 ], [ 80.209036797350493, 13.078430469091805 ], [ 80.209055737429964, 13.078433581516894 ], [ 80.209086533474519, 13.078423967737066 ], [ 80.209118898875872, 13.078406501579869 ], [ 80.209144684117788, 13.078389664556626 ], [ 80.209160141428882, 13.078380563533459 ], [ 80.209169659977661, 13.078378542250515 ], [ 80.20919227057334, 13.078380273028719 ], [ 80.20921845107398, 13.078387774525899 ], [ 80.209229282959683, 13.078396506292787 ], [ 80.2092364245662, 13.078408052104944 ], [ 80.209247207942866, 13.078420361803909 ], [ 80.209252268152852, 13.078424006237681 ], [ 80.20926258710054, 13.078416985124381 ], [ 80.209273723515125, 13.078403534406768 ], [ 80.209288391207068, 13.078398717453675 ], [ 80.209329368757068, 13.078392100596227 ], [ 80.209350547438206, 13.078391664839131 ], [ 80.209377419641612, 13.078402039007548 ], [ 80.209421702991847, 13.078420515806391 ], [ 80.209437683122459, 13.078426452777133 ], [ 80.209472693164045, 13.078429062069159 ], [ 80.209485211187513, 13.078421354069935 ], [ 80.209502857692939, 13.078412281923393 ], [ 80.20952108810333, 13.078413954075412 ], [ 80.20954015664185, 13.078407764225306 ], [ 80.20955857210518, 13.078395840406985 ], [ 80.209576317425316, 13.078379612392958 ], [ 80.209598996292968, 13.078376332839467 ], [ 80.20963480493684, 13.078373942300471 ], [ 80.209648635398935, 13.07837698735014 ], [ 80.209666992471767, 13.078369356350544 ], [ 80.209686177791284, 13.078354579983605 ], [ 80.209708924930908, 13.078346290972485 ], [ 80.209753581081983, 13.078337575829071 ], [ 80.209782119660275, 13.078332941752707 ], [ 80.20980187810494, 13.078329623697964 ], [ 80.209828373914249, 13.078314226943339 ], [ 80.209858429747015, 13.07830532017063 ], [ 80.209875939708539, 13.078306266936341 ], [ 80.209891201186892, 13.078311478522812 ], [ 80.209905830251301, 13.078309523740394 ], [ 80.209934683239908, 13.078281990532151 ], [ 80.209950090245357, 13.078276468314899 ], [ 80.209977050483673, 13.078280402380642 ], [ 80.210032074091444, 13.078261088182247 ], [ 80.210086465285272, 13.078234608486408 ], [ 80.210135747760063, 13.078208059661572 ], [ 80.210181192631978, 13.078195061315268 ], [ 80.210205468704231, 13.078181782088494 ], [ 80.210228995581502, 13.078169925635404 ], [ 80.210268630150139, 13.078154702123785 ], [ 80.210290734994359, 13.078139964244661 ], [ 80.210312081660462, 13.078127362276639 ], [ 80.210349438101545, 13.078118549998807 ], [ 80.210387524872957, 13.078109748220836 ], [ 80.210417738809227, 13.078089390990868 ], [ 80.210440573983746, 13.078074661857977 ], [ 80.210491937855053, 13.078056014405188 ], [ 80.210539456038646, 13.078051630577946 ], [ 80.210559836117497, 13.078056193783357 ], [ 80.2105743079767, 13.078065689450437 ], [ 80.210593159122965, 13.078075241993137 ], [ 80.210623079310125, 13.078076353262619 ], [ 80.210642887162152, 13.078069456391606 ], [ 80.210665446553861, 13.078074764234778 ], [ 80.210686587505748, 13.078077189777291 ], [ 80.21071078452627, 13.078069635769776 ], [ 80.210753428451113, 13.078048010639099 ], [ 80.210805413956606, 13.078037245323879 ], [ 80.210836170475289, 13.078030493704372 ], [ 80.210878519752725, 13.078030336201547 ], [ 80.210935507077735, 13.078027508151431 ], [ 80.210974166075985, 13.078030165573542 ], [ 80.211016446183137, 13.078035017534466 ], [ 80.21104481677645, 13.078042548792643 ], [ 80.211066638651332, 13.078048562773825 ], [ 80.211085637121286, 13.078047380627972 ], [ 80.21110923137222, 13.078030514704734 ], [ 80.211126315532283, 13.078009268452368 ], [ 80.211142690023266, 13.077986581047419 ], [ 80.211157584090685, 13.077965305915743 ], [ 80.211189090702646, 13.077957132393617 ], [ 80.211220509279727, 13.077955399862393 ], [ 80.211250468094434, 13.077953648080838 ], [ 80.211278996791251, 13.077949729760162 ], [ 80.211306853548209, 13.077941508111651 ], [ 80.211328149908638, 13.077932484073328 ], [ 80.211356854675216, 13.077915684643427 ], [ 80.211388498729434, 13.07789749306197 ], [ 80.211417075935231, 13.077889997675031 ], [ 80.211425396131418, 13.077888944155768 ], [ 80.211437554828763, 13.077887405002588 ], [ 80.211446985342633, 13.077891823833401 ], [ 80.211462119260233, 13.077906336848301 ], [ 80.211471589299933, 13.077907893501632 ], [ 80.211486248008768, 13.077903792301912 ], [ 80.21149728560863, 13.07789749656207 ], [ 80.211514212563543, 13.077887699882995 ], [ 80.211530213355374, 13.077877520821531 ], [ 80.211543509319924, 13.077873131741004 ], [ 80.211559268464939, 13.077877248691543 ], [ 80.211576532288078, 13.07787232760125 ], [ 80.211630392577561, 13.077845185476441 ], [ 80.211651505681672, 13.077848052904395 ], [ 80.211669941806264, 13.077851545093806 ], [ 80.211681206679899, 13.077847782524398 ], [ 80.21173994841466, 13.077851759472772 ], [ 80.211768128565126, 13.077865769355764 ], [ 80.211783970355157, 13.077873051239525 ], [ 80.211793197849744, 13.077871904093486 ], [ 80.21180394619212, 13.07785656593637 ], [ 80.211811359089879, 13.077845647484972 ], [ 80.211839357780633, 13.077829819317174 ], [ 80.211882369116438, 13.077820637771854 ], [ 80.211921629087612, 13.077801768920743 ], [ 80.211929947487121, 13.077796460196708 ], [ 80.212073083247873, 13.077772392871294 ], [ 80.212130564646287, 13.077766691264205 ], [ 80.212163059405057, 13.077758109977859 ], [ 80.212239434170513, 13.077727962158573 ], [ 80.212306229301788, 13.077723012189722 ], [ 80.212333880344545, 13.07772924493284 ], [ 80.212339890073793, 13.077724742097535 ], [ 80.212357168269975, 13.077715301543375 ], [ 80.212436218218357, 13.07768525172072 ], [ 80.212482677288207, 13.077665230462131 ], [ 80.212575285509146, 13.077606197446736 ], [ 80.212672335000875, 13.077513632880066 ], [ 80.2127674441316, 13.077422238177272 ], [ 80.212784034218245, 13.077368127954173 ], [ 80.21278772988731, 13.077337035067821 ], [ 80.212803542931297, 13.077295219705801 ], [ 80.212863639325477, 13.077250011890914 ], [ 80.212929762516893, 13.077195148239143 ], [ 80.213009832951442, 13.077134088567918 ], [ 80.213059827790275, 13.077104221553393 ], [ 80.213173280519072, 13.077016409027152 ], [ 80.213292844486745, 13.0769208385474 ], [ 80.213336333726289, 13.076877389453264 ], [ 80.21346382981794, 13.07678193354727 ], [ 80.213554400659817, 13.076725516630628 ], [ 80.213743148379137, 13.076598871434195 ], [ 80.213883888332987, 13.076515210702128 ], [ 80.213964928049734, 13.076497463528012 ], [ 80.21407082415034, 13.076465597013311 ], [ 80.214197077871958, 13.076442109697041 ], [ 80.214309052872139, 13.076412792987075 ], [ 80.214413820688776, 13.076387614249523 ], [ 80.214477588497545, 13.076377318748346 ], [ 80.214519961131174, 13.076365964470794 ], [ 80.214550654767805, 13.076372658384495 ], [ 80.21458548514633, 13.076383705529212 ], [ 80.214601026000707, 13.076398580891629 ], [ 80.214615597572958, 13.0764282826126 ], [ 80.214623693190291, 13.076464113852612 ], [ 80.21463701071437, 13.076481875904472 ], [ 80.2146540454671, 13.076491150251851 ], [ 80.214946898944689, 13.076519075669315 ], [ 80.215089722990001, 13.076535062300007 ], [ 80.215109608995462, 13.076546515447124 ], [ 80.215126522475643, 13.076565012510438 ], [ 80.215134009933507, 13.076588995951687 ], [ 80.215147590663975, 13.07664030453031 ], [ 80.215174233796986, 13.076673660307044 ], [ 80.215209264499819, 13.076679733822994 ], [ 80.21523785248543, 13.076681538989856 ], [ 80.215264098563082, 13.076694548791181 ], [ 80.215290215283332, 13.076719402864899 ], [ 80.215339231856788, 13.07679441833133 ], [ 80.215353924701589, 13.076814898170982 ], [ 80.215403652740775, 13.076840185367343 ], [ 80.215425546480873, 13.076858697283988 ], [ 80.21544470844421, 13.076865988822691 ], [ 80.215458870384651, 13.076879504375619 ], [ 80.215472186112095, 13.076897899911708 ], [ 80.215481894205396, 13.076919811274546 ], [ 80.215494463432847, 13.076941006869633 ], [ 80.215514018858272, 13.076970000634715 ], [ 80.215540751822786, 13.077003989005725 ], [ 80.215562028420308, 13.077013456712686 ], [ 80.215592501969681, 13.077031362228121 ], [ 80.215603068852374, 13.077044143631017 ], [ 80.215630472858422, 13.077128677452325 ], [ 80.215636182550384, 13.077131498512601 ], [ 80.215653106810322, 13.07714646833197 ], [ 80.215669640303148, 13.077139014048075 ], [ 80.215684172349498, 13.077123053707075 ], [ 80.215707149457842, 13.077119868638905 ], [ 80.215714246148579, 13.077121427047267 ], [ 80.215716985111868, 13.07713056836773 ], [ 80.215713423291774, 13.077177484240718 ], [ 80.215714202131124, 13.077223057826567 ], [ 80.2157168216185, 13.077240607194353 ], [ 80.215724513892269, 13.077258262438086 ], [ 80.215749284037898, 13.077271176831982 ], [ 80.21575984912397, 13.077284681862476 ], [ 80.215768180099914, 13.077304417896059 ], [ 80.215789889685396, 13.077381159594738 ], [ 80.215809418161342, 13.077418562228045 ], [ 80.215820615661357, 13.077436227959236 ], [ 80.215823234250422, 13.07745377643681 ], [ 80.21581854324802, 13.077478989191198 ], [ 80.215830276143947, 13.077560492679048 ], [ 80.215838486745653, 13.077589361243886 ], [ 80.215836661368968, 13.077612502819205 ], [ 80.215834699448394, 13.077649568535973 ], [ 80.215822948586151, 13.077719517373428 ], [ 80.215821715199269, 13.077759478503607 ], [ 80.215844392270299, 13.077822207551003 ], [ 80.215863413198136, 13.077844870470642 ], [ 80.215869422927383, 13.077869482923996 ], [ 80.215859890903914, 13.077938081549691 ], [ 80.215849112917113, 13.077991938768216 ], [ 80.215846400004978, 13.078033251753201 ], [ 80.215863587471304, 13.078081858859081 ], [ 80.215873301852795, 13.078101600078977 ], [ 80.215878159043527, 13.078111560377362 ], [ 80.215874430136779, 13.078124117720407 ], [ 80.215856575222205, 13.078170086638147 ], [ 80.215829400286538, 13.07821738381986 ], [ 80.215825541124076, 13.078241875484041 ], [ 80.215831021745629, 13.078258800893828 ], [ 80.215851303009799, 13.078291322562821 ], [ 80.215853929683689, 13.078306791945044 ], [ 80.215852218393067, 13.078322881711582 ], [ 80.215845282500752, 13.078357852537255 ], [ 80.215811014467619, 13.078402235010719 ], [ 80.215812364635482, 13.078412817432062 ], [ 80.215814254690841, 13.078427561419987 ], [ 80.215822702447781, 13.078439612988836 ], [ 80.215825967823832, 13.078457164020053 ], [ 80.215832107808779, 13.078528071643527 ], [ 80.21582474162345, 13.078640801387701 ], [ 80.215814417285927, 13.078668076426961 ], [ 80.21580897439361, 13.078697446244659 ], [ 80.215808504574724, 13.078729634475838 ], [ 80.215812506569293, 13.078747278237806 ], [ 80.215843512819646, 13.078830376454643 ], [ 80.21584116911508, 13.078842304627003 ], [ 80.215832374608425, 13.078910906482157 ], [ 80.215838726595805, 13.078943928572144 ], [ 80.215849735449638, 13.078966475887105 ], [ 80.215852747500776, 13.078972814475291 ], [ 80.215860375994154, 13.078981337093586 ], [ 80.215865881768522, 13.07899030509275 ], [ 80.215868605460457, 13.079004147783742 ], [ 80.215874186693341, 13.079018450730269 ], [ 80.215880280864241, 13.079045504349757 ], [ 80.215880044607303, 13.079091346219057 ], [ 80.215871755852177, 13.079145663441853 ], [ 80.21586437619213, 13.079174936076393 ], [ 80.21586608388948, 13.079189317764078 ], [ 80.215879686179491, 13.079204640088088 ], [ 80.215889057404553, 13.07921624273817 ], [ 80.215894472449094, 13.079224758347934 ], [ 80.215896822441863, 13.079240136670455 ], [ 80.215895772311285, 13.079251345563822 ], [ 80.215892594071832, 13.079264717484211 ], [ 80.215890519861816, 13.079279087791502 ], [ 80.215894423940043, 13.079298720414156 ], [ 80.215921385974994, 13.079347990528861 ], [ 80.21593780538177, 13.079376703132526 ], [ 80.215949841908255, 13.079391477688242 ], [ 80.215969593166392, 13.079416855621542 ], [ 80.215987176789781, 13.079456693100228 ], [ 80.215987865797587, 13.079472157159298 ], [ 80.21598253788963, 13.079494474298267 ], [ 80.215978901509388, 13.079506760317697 ], [ 80.215979506973866, 13.079519510966968 ], [ 80.215985539161011, 13.079537070671456 ], [ 80.215992767005787, 13.079555627886183 ], [ 80.21601470655996, 13.079588969268517 ], [ 80.216031795211606, 13.079610484887811 ], [ 80.216067257105763, 13.079655134888835 ], [ 80.216109416838677, 13.079711321882849 ], [ 80.21613127105293, 13.079742583346714 ], [ 80.216143317460876, 13.079754192971549 ], [ 80.216171101454293, 13.079776881963912 ], [ 80.216208741763012, 13.079803760498368 ], [ 80.216240935586185, 13.079831797541942 ], [ 80.216259580119882, 13.079857171929904 ], [ 80.216271683121704, 13.079879993914158 ], [ 80.216284824576022, 13.079895405446175 ], [ 80.216302854662089, 13.079910649850525 ], [ 80.216324043224688, 13.079919033310023 ], [ 80.21633545721869, 13.079926482259836 ], [ 80.216346470564076, 13.079943966684576 ], [ 80.21635580495817, 13.079967322416108 ], [ 80.216365213014171, 13.079996466326882 ], [ 80.21637306159478, 13.080023073584742 ], [ 80.21638673664836, 13.080044724792506 ], [ 80.21639601444862, 13.080056959159041 ], [ 80.216411837374025, 13.08007011840874 ], [ 80.2164211403271, 13.080074305323237 ], [ 80.216444468676727, 13.080076817471936 ], [ 80.21645912289398, 13.080080479381394 ], [ 80.216483624443342, 13.080090951479676 ], [ 80.216502206993297, 13.080106831127843 ], [ 80.216516397679854, 13.0801110337919 ], [ 80.216536413941014, 13.080110822914929 ], [ 80.216554935405526, 13.080116576093285 ], [ 80.216574537543352, 13.080130830849855 ], [ 80.216610046149881, 13.080160957375226 ], [ 80.216660272754069, 13.080203697134587 ], [ 80.216683042351562, 13.080207835046405 ], [ 80.216700530753528, 13.080219462149493 ], [ 80.216722346340205, 13.080233633774405 ], [ 80.216740839956955, 13.080248427528915 ], [ 80.21674737520064, 13.08025269756614 ], [ 80.216759351540006, 13.080257344731542 ], [ 80.216766582978053, 13.080274908758531 ], [ 80.216786179725986, 13.080290700894118 ], [ 80.216809579940815, 13.080299632970368 ], [ 80.216835659830153, 13.080306945407514 ], [ 80.21684221753172, 13.080304253009645 ], [ 80.216850814408986, 13.08029831083409 ], [ 80.216853450964337, 13.080281229812904 ], [ 80.216855593446311, 13.080274364503845 ], [ 80.216864190323562, 13.080268423202561 ], [ 80.216883204064857, 13.080264592419404 ], [ 80.216895726579921, 13.080271412228388 ], [ 80.216906105714727, 13.080285187471887 ], [ 80.216924686468062, 13.080301518611394 ], [ 80.216943754108286, 13.08030944355372 ], [ 80.216955093542111, 13.080311466570855 ], [ 80.216965424167867, 13.08031140794537 ], [ 80.216977896377273, 13.080304935515461 ], [ 80.216987131956728, 13.080301165983386 ], [ 80.216998471390554, 13.080303189000622 ], [ 80.217008860406821, 13.080313800215603 ], [ 80.217021391905035, 13.080317996751074 ], [ 80.217033842554869, 13.080318396629441 ], [ 80.217050235910463, 13.080326312821132 ], [ 80.217070882788988, 13.080330986235385 ], [ 80.217091029305848, 13.080347866001466 ], [ 80.21711236609049, 13.080367460913735 ], [ 80.217130331497842, 13.080374206344239 ], [ 80.217148148683194, 13.080369287053758 ], [ 80.217155263340246, 13.080365511397639 ], [ 80.217173695871551, 13.080370268811869 ], [ 80.217185811449767, 13.080389293217701 ], [ 80.217207544391442, 13.080400299932201 ], [ 80.21722930967249, 13.080401270315058 ], [ 80.217257519467339, 13.080405877227374 ], [ 80.217266800860855, 13.080417026567282 ], [ 80.217277200656909, 13.080424381876298 ], [ 80.217291864755609, 13.080424787879547 ], [ 80.217297769381958, 13.080424263750382 ], [ 80.217303758449972, 13.080426361142155 ], [ 80.217308718048656, 13.080433248322196 ], [ 80.217313131471613, 13.080437421230434 ], [ 80.217321718467446, 13.080434734084017 ], [ 80.217336407718975, 13.080427183648736 ], [ 80.217351003545687, 13.080420174842578 ], [ 80.217369924760519, 13.080416344061774 ], [ 80.217385147611338, 13.080415215302688 ], [ 80.21739925475454, 13.080416704564684 ], [ 80.217419980684781, 13.080425628761311 ], [ 80.217430359819573, 13.080439403996198 ], [ 80.217441368673406, 13.080458424896678 ], [ 80.217450154196854, 13.080480242317496 ], [ 80.217460057224557, 13.080498808211333 ], [ 80.217471553863575, 13.080509331917245 ], [ 80.217494397122934, 13.080519347243829 ], [ 80.217511174957494, 13.080522381766944 ], [ 80.217533425328753, 13.080515848967105 ], [ 80.217543145100123, 13.080504666381442 ], [ 80.217561041337234, 13.08050399700128 ], [ 80.217578449789116, 13.080511825686356 ], [ 80.217596400823439, 13.080522911145971 ], [ 80.217607893869186, 13.080534519859041 ], [ 80.217617186940785, 13.080541962665244 ], [ 80.217635624862012, 13.080545002438155 ], [ 80.217649192117747, 13.080542240042332 ], [ 80.217657329955912, 13.08053584461906 ], [ 80.217672473754945, 13.080530465953382 ], [ 80.217688238289881, 13.080532954472213 ], [ 80.217707856597357, 13.080541875164609 ], [ 80.217718709144322, 13.080551944740249 ], [ 80.217723856490892, 13.080557656783004 ], [ 80.217739307513767, 13.080571989389668 ], [ 80.217763416499366, 13.08058996552227 ], [ 80.217778329431425, 13.080599594967742 ], [ 80.217793164210022, 13.080604523003679 ], [ 80.217808460722665, 13.080609090536898 ], [ 80.217865275571128, 13.080610256920343 ], [ 80.217891021287159, 13.080606718394664 ], [ 80.21793246236787, 13.080598253582952 ], [ 80.217979537681998, 13.080587456003828 ], [ 80.218030022102667, 13.080578024309318 ], [ 80.218061479307266, 13.080576672424321 ], [ 80.218091082389151, 13.080578208935684 ], [ 80.21811304170626, 13.08057610542016 ], [ 80.218128275336881, 13.080571720762691 ], [ 80.218140100759271, 13.080565517841611 ], [ 80.218160910232825, 13.080547949460279 ], [ 80.218180782763511, 13.080534627484891 ], [ 80.21819686260713, 13.080525091662583 ], [ 80.218217355873676, 13.080519728746745 ], [ 80.218235900694424, 13.080518067109043 ], [ 80.218288319187891, 13.080509545418886 ], [ 80.218339268935836, 13.080498668210275 ], [ 80.218386275079723, 13.080480364818467 ], [ 80.218441939186306, 13.080466156457437 ], [ 80.218494603818158, 13.080438015360148 ], [ 80.218560639873004, 13.080410547140103 ], [ 80.218611898641441, 13.080389363218288 ], [ 80.218636102848436, 13.080377410620541 ], [ 80.218664482424899, 13.080357423705784 ], [ 80.218686213569924, 13.080339857059673 ], [ 80.218714055055528, 13.080315257102935 ], [ 80.218752747291447, 13.080271791981668 ], [ 80.218792267774049, 13.080228781856711 ], [ 80.218854387174275, 13.080156453709312 ], [ 80.218894774531137, 13.08010178233085 ], [ 80.218903747802514, 13.080093671880128 ], [ 80.218913732576894, 13.080086106559266 ], [ 80.218923083140666, 13.080075194331641 ], [ 80.218925491523962, 13.08007194630097 ], [ 80.218932055513747, 13.080067174005906 ], [ 80.218946358489703, 13.080065137861617 ], [ 80.218962141889236, 13.080061658828672 ], [ 80.218969253851355, 13.080058787051412 ], [ 80.218983944899477, 13.080050694099453 ], [ 80.21899190307461, 13.08004258014703 ], [ 80.218996552754518, 13.080030387780152 ], [ 80.218998263146815, 13.080014479251785 ], [ 80.218999054562559, 13.079997663338533 ], [ 80.218999291717793, 13.079980755548256 ], [ 80.219002548110709, 13.079971904836269 ], [ 80.219005791927188, 13.079967122039127 ], [ 80.219009207321932, 13.079966137654413 ], [ 80.219016311199169, 13.079965617024264 ], [ 80.219023972930259, 13.079963650879836 ], [ 80.219030534225084, 13.079959873467505 ], [ 80.219038119599347, 13.079952752646944 ], [ 80.219043770002486, 13.079945175071622 ], [ 80.219049883037968, 13.079937145991549 ], [ 80.219052600441714, 13.079923591230843 ], [ 80.219053373891185, 13.079912381493001 ], [ 80.219052218657723, 13.079898362976202 ], [ 80.219051766805151, 13.079895558572721 ], [ 80.21905315919382, 13.079892670168373 ], [ 80.219059337806343, 13.079893049922237 ], [ 80.219069381869531, 13.079896245454686 ], [ 80.219084226529603, 13.079897917596666 ], [ 80.219101395131332, 13.079893991431803 ], [ 80.21912218484195, 13.079882570815489 ], [ 80.219132558586836, 13.079868858550126 ], [ 80.219148431817914, 13.079836897969999 ], [ 80.21915710325537, 13.07980726666025 ], [ 80.219166003763178, 13.079792736257067 ], [ 80.219173510984021, 13.079781366386566 ], [ 80.219182028809527, 13.07977099402623 ], [ 80.219234271233191, 13.07973019233785 ], [ 80.219265134651408, 13.079712472520372 ], [ 80.219296833502852, 13.079692947556834 ], [ 80.219307742643664, 13.07968493334373 ], [ 80.219317106682169, 13.079669861302326 ], [ 80.219327474138879, 13.079658047796253 ], [ 80.219342155305569, 13.07965311974141 ], [ 80.219355921088962, 13.079646018162213 ], [ 80.219369621295357, 13.079630416737484 ], [ 80.219395461334543, 13.079596859233304 ], [ 80.219415186541539, 13.079571872448016 ], [ 80.219448070270815, 13.079527485810008 ], [ 80.219482640137883, 13.079504172037334 ], [ 80.219515660411119, 13.079475246820978 ], [ 80.219548297103714, 13.079450570652057 ], [ 80.219565240228263, 13.079430277408537 ], [ 80.219576531153095, 13.079418467391024 ], [ 80.21959603088294, 13.079406499871055 ], [ 80.219624794040044, 13.079381902446217 ], [ 80.219691095097886, 13.079299279546206 ], [ 80.219722197467988, 13.079264290478777 ], [ 80.219740523998098, 13.07924400159496 ], [ 80.219757082643738, 13.079228771149566 ], [ 80.21978074875986, 13.079211662928989 ], [ 80.219807277806851, 13.079193658695562 ], [ 80.219824370051768, 13.079184578702325 ], [ 80.219835267514469, 13.079180271021123 ], [ 80.219848566173937, 13.079174976326923 ], [ 80.219863260815359, 13.079165888457933 ], [ 80.219878423479031, 13.079154451182649 ], [ 80.219896365530204, 13.079139315233011 ], [ 80.219912305236591, 13.079115311914466 ], [ 80.21992530924868, 13.079086597530299 ], [ 80.219931195010389, 13.07906265458246 ], [ 80.219937560472488, 13.079033106305822 ], [ 80.219942923414763, 13.078999396468264 ], [ 80.219952201215008, 13.07897889930978 ], [ 80.220070795900497, 13.078783862526988 ], [ 80.220119752286848, 13.078673427132866 ], [ 80.220140182671372, 13.078658841537047 ], [ 80.220167080027593, 13.078640839013282 ], [ 80.220181814194888, 13.078619092305827 ], [ 80.220186785471682, 13.078563318944413 ], [ 80.220205351851973, 13.078525398476565 ], [ 80.220287758804574, 13.078395625153496 ], [ 80.220365207056759, 13.078258693267026 ], [ 80.220428273281286, 13.078178229527715 ], [ 80.220546522115413, 13.0780602276044 ], [ 80.220639935226856, 13.07792063110835 ], [ 80.220649014499443, 13.077907842750742 ], [ 80.220694268928497, 13.077844099581386 ], [ 80.220716833710114, 13.077811818482934 ], [ 80.220747356666863, 13.077784874980201 ], [ 80.220774364515862, 13.077760994907145 ], [ 80.220831764167556, 13.077693263373769 ], [ 80.220867731813215, 13.077636046900146 ], [ 80.220909712781406, 13.077573060550378 ], [ 80.220960015742378, 13.077503318175463 ], [ 80.221009579389857, 13.077434387797203 ], [ 80.221085464573463, 13.077354143418432 ], [ 80.221132500361747, 13.077297050243706 ], [ 80.221165186461675, 13.077256731156155 ], [ 80.221229581294523, 13.077222928323872 ], [ 80.221258531301174, 13.077197516914126 ], [ 80.221274090121909, 13.077177310112015 ], [ 80.221278324780158, 13.07715046804211 ], [ 80.221279765677849, 13.077132389281658 ], [ 80.221287625936597, 13.077125992894956 ], [ 80.221313312363833, 13.077111693338722 ], [ 80.221358659319378, 13.07709302306268 ], [ 80.221385068890413, 13.077083337479083 ], [ 80.221403395420538, 13.077063138542789 ], [ 80.221419081802011, 13.077031811112869 ], [ 80.221430550593269, 13.076992332000383 ], [ 80.221452394027679, 13.076938779945344 ], [ 80.221486768960347, 13.076889243343414 ], [ 80.221532975603608, 13.076831785177824 ], [ 80.221585317740292, 13.076788180314496 ], [ 80.221621022179548, 13.076755917453255 ], [ 80.22164502516398, 13.076719731872467 ], [ 80.221662988774696, 13.076667976175004 ], [ 80.221676860559299, 13.07662705759558 ], [ 80.221692440041295, 13.076600340593735 ], [ 80.221717509325927, 13.076576817414459 ], [ 80.221741763838594, 13.076548679373467 ], [ 80.2217545540516, 13.076529187410245 ], [ 80.221754073452928, 13.076505767476633 ], [ 80.221753715025116, 13.076473034692153 ], [ 80.22175518017734, 13.076446908312914 ], [ 80.221775792021546, 13.076374453928372 ], [ 80.221802946295981, 13.076274441589611 ], [ 80.221828659672667, 13.07622207590844 ], [ 80.221857127284011, 13.076174059075965 ], [ 80.22188149318778, 13.07613968295575 ], [ 80.221901039630026, 13.07608304888671 ], [ 80.221916228344853, 13.076033996875442 ], [ 80.221934332991083, 13.075996166146066 ], [ 80.221964257669825, 13.075953849168664 ], [ 80.221984528154238, 13.075901829053537 ], [ 80.222015773356446, 13.075820726653363 ], [ 80.222033876206055, 13.075783618660649 ], [ 80.222043150413057, 13.075737985307217 ], [ 80.222065831077344, 13.075682084415917 ], [ 80.222082358281938, 13.075647322341611 ], [ 80.222080081950992, 13.07560843539884 ], [ 80.222083715636316, 13.075567395890298 ], [ 80.222088659963646, 13.075461349929693 ], [ 80.222090622782531, 13.075394083278111 ], [ 80.222087602646553, 13.075357093349572 ], [ 80.22207844432225, 13.075306973663308 ], [ 80.222068928468431, 13.075282260326324 ], [ 80.222064829455803, 13.075236495626363 ], [ 80.222054098181403, 13.075187908085359 ], [ 80.222050502225329, 13.075157878080423 ], [ 80.22205012493292, 13.075131293923375 ], [ 80.222029650530942, 13.075101123032372 ], [ 80.222015289164503, 13.075062832771264 ], [ 80.222006128145239, 13.075043093058227 ], [ 80.221996256558583, 13.075014219820289 ], [ 80.221998434074834, 13.074966937774887 ], [ 80.22200627726555, 13.074907013336627 ], [ 80.222024623558625, 13.07485109913164 ], [ 80.22204223323314, 13.074824025801517 ], [ 80.222052367127873, 13.07479837788738 ], [ 80.222055146515359, 13.07476502185704 ], [ 80.222051650272249, 13.074732640602551 ], [ 80.222028860911834, 13.074676240717793 ], [ 80.222011028455114, 13.07462718055158 ], [ 80.222009094382287, 13.074596793467078 ], [ 80.222014282153069, 13.074589575363593 ], [ 80.222024058518315, 13.0745896952424 ], [ 80.22204011141244, 13.074588659209587 ], [ 80.222051694289718, 13.074571513916007 ], [ 80.222054807850483, 13.074549280334317 ], [ 80.222048073180815, 13.074520325660988 ], [ 80.222039515829394, 13.074484132752048 ], [ 80.222039337962968, 13.074464239862797 ], [ 80.2220391744696, 13.074446065527376 ], [ 80.222037668893165, 13.074396692055206 ], [ 80.222016519856439, 13.074199333697273 ], [ 80.222016259345011, 13.074193997769802 ], [ 80.222012003127205, 13.074169029687855 ], [ 80.22199809271504, 13.074133995266214 ], [ 80.22194114042432, 13.074059499633355 ], [ 80.221931856335857, 13.074049344914789 ], [ 80.221929977060299, 13.074030893164391 ], [ 80.221935373240186, 13.073986784663779 ], [ 80.221961581588616, 13.073835231197739 ], [ 80.221982374892491, 13.073733934159472 ], [ 80.221999200337763, 13.073692301068196 ], [ 80.222029941585106, 13.073654146218249 ], [ 80.222065072000916, 13.07362839230372 ], [ 80.222097244264504, 13.073604618582113 ], [ 80.22211475153108, 13.073580710103407 ], [ 80.222129674344586, 13.073557608401329 ], [ 80.222161366907812, 13.073510143195149 ], [ 80.222168318969779, 13.073469656357613 ], [ 80.222153474309721, 13.073409301915026 ], [ 80.22214780953351, 13.073362628584357 ], [ 80.222134128191755, 13.073342876484865 ], [ 80.222123538851179, 13.073337147649429 ], [ 80.222114257457662, 13.073326179121178 ], [ 80.222116423295844, 13.073312170730425 ], [ 80.222131782690539, 13.073296665158656 ], [ 80.222158486010699, 13.073281645228871 ], [ 80.2221793161455, 13.073257023567431 ], [ 80.2222075924157, 13.073210723846852 ], [ 80.222250725922393, 13.073162207659596 ], [ 80.22228680495914, 13.073128048127902 ], [ 80.222314838684198, 13.073070897097944 ], [ 80.222323557732352, 13.073055370510213 ], [ 80.22235130758979, 13.073029956046092 ], [ 80.222381208014028, 13.072995325728122 ], [ 80.222399580358214, 13.072960207136614 ], [ 80.222410441888329, 13.072908520653149 ], [ 80.222414895735511, 13.072870467185876 ], [ 80.222447086863696, 13.072811339394443 ], [ 80.222483591701916, 13.072729439697095 ], [ 80.222493735478096, 13.072700626565789 ], [ 80.222486971163988, 13.072651598383006 ], [ 80.222487963802379, 13.072629087242312 ], [ 80.222496073792783, 13.072601895538673 ], [ 80.22251075046789, 13.07256875622007 ], [ 80.222538988110529, 13.072534933494678 ], [ 80.22258630057992, 13.072477208304258 ], [ 80.222618350672619, 13.072433722551075 ], [ 80.222633393860349, 13.072401397867917 ], [ 80.222647112033059, 13.072350171536149 ], [ 80.222649867166055, 13.072324500613879 ], [ 80.222661084429021, 13.072306540504631 ], [ 80.222674778347198, 13.07229265718615 ], [ 80.222706581403202, 13.072268882460811 ], [ 80.222743630620457, 13.072248830136409 ], [ 80.222784472524836, 13.072225172661685 ], [ 80.222808800699369, 13.072202551227523 ], [ 80.222822608703609, 13.072181796243619 ], [ 80.222829432306497, 13.07215297254791 ], [ 80.222846949454535, 13.072125809667998 ], [ 80.222866365641096, 13.072110767791013 ], [ 80.222897580300597, 13.072098293270361 ], [ 80.222948057534708, 13.072090397815494 ], [ 80.222982936422255, 13.07208589137713 ], [ 80.223018656132894, 13.072077861166218 ], [ 80.223060230164236, 13.072056195258629 ], [ 80.223099049960936, 13.072030090287551 ], [ 80.223126329999502, 13.072007476710846 ], [ 80.223155280904436, 13.071981342858397 ], [ 80.223205171538709, 13.071954547475155 ], [ 80.223250438544184, 13.071931716882322 ], [ 80.223287470693464, 13.071916909503498 ], [ 80.223327246297615, 13.071909705322229 ], [ 80.223406417518532, 13.071898821609103 ], [ 80.223564182343679, 13.071855532637425 ], [ 80.223644212354017, 13.071835518781068 ], [ 80.223768273288044, 13.071804335943591 ], [ 80.223829835732758, 13.071790867364683 ], [ 80.223911288674543, 13.071758379840306 ], [ 80.224083836175993, 13.071706816485399 ], [ 80.224273975385657, 13.071663444351426 ], [ 80.224355545108409, 13.071652296365949 ], [ 80.22442660274568, 13.071640574354918 ], [ 80.224468769665123, 13.071635456256628 ], [ 80.224497443888978, 13.071638888156386 ], [ 80.224514111230761, 13.0716475274081 ], [ 80.224534565869803, 13.071654551339181 ], [ 80.224572543945058, 13.071661808030212 ], [ 80.224624927404236, 13.071663593107901 ], [ 80.224678608928997, 13.071663302595262 ], [ 80.224718393516284, 13.071653294784467 ], [ 80.224733744826167, 13.071640229589889 ], [ 80.224744123960974, 13.071624618908483 ], [ 80.224758175408638, 13.071614352959825 ], [ 80.224783194387598, 13.071607013138763 ], [ 80.224820926324469, 13.071604233142121 ], [ 80.224858188442482, 13.071604616408896 ], [ 80.224895908701271, 13.071605814336319 ], [ 80.224933881386647, 13.071614608470984 ], [ 80.22497674450041, 13.071623056090182 ], [ 80.22502422405644, 13.071629979392572 ], [ 80.225058628633505, 13.071629540123391 ], [ 80.225088152663645, 13.071626644621954 ], [ 80.225124103241313, 13.071633443668798 ], [ 80.225155520021744, 13.071644659908113 ], [ 80.225186093284123, 13.071660212835747 ], [ 80.225221813893071, 13.071681478010683 ], [ 80.225259544931617, 13.071708807196686 ], [ 80.225280143301106, 13.071728774686306 ], [ 80.225286304845625, 13.071734747694654 ], [ 80.225344171621288, 13.071752734096671 ], [ 80.225399677624367, 13.071759048369147 ], [ 80.225446716107584, 13.071759460511924 ], [ 80.22554156293026, 13.071779365869752 ], [ 80.225691936417221, 13.071798985963731 ], [ 80.22579842630428, 13.071812415165528 ], [ 80.226014783743835, 13.071820387632592 ], [ 80.226198844053954, 13.07183332593716 ], [ 80.226239139782649, 13.071836792835628 ], [ 80.226289788594997, 13.071832965421706 ], [ 80.226371665541592, 13.071841710546186 ], [ 80.226438551402708, 13.071836665955196 ], [ 80.226545175138725, 13.071836532949501 ], [ 80.226655126234519, 13.071863988123726 ], [ 80.226722599593856, 13.071877481199685 ], [ 80.226779817785868, 13.071896550887443 ], [ 80.226811047716737, 13.071908669278169 ], [ 80.226847746591019, 13.071912124800084 ], [ 80.226892125162692, 13.071907827492351 ], [ 80.226976440136937, 13.071903829447256 ], [ 80.22707736046921, 13.071898797108069 ], [ 80.227177245942315, 13.071900271545818 ], [ 80.227262717048319, 13.071910292472189 ], [ 80.227414483822301, 13.071926750171487 ], [ 80.227567055486787, 13.071951528597316 ], [ 80.227719107026729, 13.071995203443445 ], [ 80.227855122740522, 13.072034852237696 ], [ 80.22791443041389, 13.072064235095604 ], [ 80.228094494119347, 13.072087015799134 ], [ 80.228228261349969, 13.072108121680621 ], [ 80.228318693851307, 13.072124124347809 ], [ 80.228406947039787, 13.072129180308389 ], [ 80.228557928686214, 13.072131529781206 ], [ 80.228658693609944, 13.072146750164331 ], [ 80.22877443614442, 13.072180460063272 ], [ 80.228899660396721, 13.072220075576379 ], [ 80.228952968222302, 13.072221319877702 ], [ 80.229027406219984, 13.07222000469843 ], [ 80.229083867132232, 13.072215562140045 ], [ 80.229156145579978, 13.072196789989283 ], [ 80.229239886530777, 13.072140256519333 ], [ 80.229350083764984, 13.072088322228737 ], [ 80.229417653244028, 13.072041324884609 ], [ 80.229495274871127, 13.071964971791378 ], [ 80.229568012357959, 13.071887337619957 ], [ 80.229623706108981, 13.071803323525112 ], [ 80.229675294559087, 13.071674991353747 ], [ 80.229708254645189, 13.071575538009585 ], [ 80.229727421100108, 13.071462299264477 ], [ 80.229731986338393, 13.071328763932312 ], [ 80.229728080463502, 13.071190410558961 ], [ 80.229729012914788, 13.071127572195456 ], [ 80.229723534988196, 13.071079633125112 ], [ 80.229709158350374, 13.071016296835403 ], [ 80.22969520032747, 13.070966976929448 ], [ 80.229678890515174, 13.070872440154774 ], [ 80.229683185360571, 13.070766572434771 ], [ 80.229678940820847, 13.070677858110084 ], [ 80.22968005113853, 13.070647028643162 ], [ 80.229681152473063, 13.070619001931252 ], [ 80.229669260575321, 13.070587229161809 ], [ 80.229650152510928, 13.070562487350767 ], [ 80.22962142887971, 13.0705157461034 ], [ 80.229605008574637, 13.070427357204327 ], [ 80.229583349294813, 13.070392481509209 ], [ 80.229575868125153, 13.070366056096509 ], [ 80.229576487064378, 13.070344990317963 ], [ 80.229551539052295, 13.070299978114212 ], [ 80.229529763889815, 13.07027251576565 ], [ 80.229503393844652, 13.070240067418302 ], [ 80.229477491821754, 13.070205087566533 ], [ 80.229457215049166, 13.070170668612654 ], [ 80.229443099821111, 13.070142143946896 ], [ 80.229429544243473, 13.070111541924389 ], [ 80.229412864325269, 13.070077042453446 ], [ 80.229390080354719, 13.070048131007505 ], [ 80.229365812367291, 13.070021655680438 ], [ 80.229307176633753, 13.069965059584069 ], [ 80.229288382979718, 13.069946919919047 ], [ 80.229235153307528, 13.06989106234297 ], [ 80.229172635055335, 13.069826225921796 ], [ 80.229132034797757, 13.069791242511203 ], [ 80.22910652264369, 13.069766590749971 ], [ 80.229061233180317, 13.069731180309022 ], [ 80.228995771148931, 13.069694047774272 ], [ 80.228944769298693, 13.069663243560763 ], [ 80.228898998338352, 13.069641045413697 ], [ 80.228857918380385, 13.069622748216668 ], [ 80.228816753082498, 13.069602462040113 ], [ 80.228789411958502, 13.069585652417514 ], [ 80.228755443962697, 13.069564303057621 ], [ 80.228729528465053, 13.069533844470955 ], [ 80.22870466130135, 13.069492358553791 ], [ 80.228662956115969, 13.06940832439261 ], [ 80.228642545494409, 13.069357719597408 ], [ 80.228607348603234, 13.069316293153779 ], [ 80.228587855161578, 13.069280591257728 ], [ 80.228544912996071, 13.069254530620452 ], [ 80.228516506470157, 13.069224607524122 ], [ 80.22849927049478, 13.069191101107373 ], [ 80.228484162628334, 13.069155521699788 ], [ 80.228464910833495, 13.069117487779899 ], [ 80.228438867775083, 13.069068945411551 ], [ 80.228417377378548, 13.069009385310842 ], [ 80.228389981457326, 13.068921234760376 ], [ 80.22837290987367, 13.068834924404577 ], [ 80.228361175181107, 13.068712169124211 ], [ 80.22834167814618, 13.068645311905687 ], [ 80.22834230696688, 13.068589712174532 ], [ 80.228339950685893, 13.068532018438106 ], [ 80.2283529645794, 13.068397786731012 ], [ 80.228352144417556, 13.068317522787405 ], [ 80.228358340996365, 13.068249792161911 ], [ 80.228377677232871, 13.068220539232321 ], [ 80.228433079929715, 13.068170883623372 ], [ 80.228502879925585, 13.068118106698757 ], [ 80.22856015920307, 13.068081681837436 ], [ 80.228604352721774, 13.068053578704774 ], [ 80.228714556244199, 13.067998932645981 ], [ 80.228793220815334, 13.06797267411182 ], [ 80.228869785125312, 13.067939447541518 ], [ 80.228943259230704, 13.067891653985521 ], [ 80.229078683853032, 13.067794224861762 ], [ 80.229119465570307, 13.067759715441305 ], [ 80.22914489238444, 13.067739446612679 ], [ 80.229164285214793, 13.067731728653932 ], [ 80.229198073547565, 13.067721883443371 ], [ 80.229258142992279, 13.067683815175579 ], [ 80.22932822146592, 13.067660153763061 ], [ 80.229407086361363, 13.067658489413605 ], [ 80.229499316391568, 13.067659307587492 ], [ 80.229563324948813, 13.067659769615094 ], [ 80.229628237211273, 13.067695949524063 ], [ 80.229695518331084, 13.067711973478575 ], [ 80.229763248608577, 13.067731615772242 ], [ 80.229819263956415, 13.06775176559441 ], [ 80.229868967741083, 13.067754897405361 ], [ 80.229904216734525, 13.067749959487173 ], [ 80.22993171596201, 13.067745319086582 ], [ 80.22993964179777, 13.067747421836483 ], [ 80.229945439524599, 13.067751598459493 ], [ 80.229948373422317, 13.06775721366783 ], [ 80.229962830908491, 13.067764851996087 ], [ 80.229987273169058, 13.067764653359289 ], [ 80.230009574744301, 13.067770867977876 ], [ 80.230016836725071, 13.067778575434776 ], [ 80.230032033524736, 13.067785492719631 ], [ 80.230045607966986, 13.067780469922019 ], [ 80.230060005266054, 13.06777752887275 ], [ 80.230073658760034, 13.067776665196547 ], [ 80.230084458306408, 13.067773803776928 ], [ 80.2301160799027, 13.067778508930841 ], [ 80.230214082506947, 13.067791821969468 ], [ 80.230284742190577, 13.067818796315207 ], [ 80.230340968642494, 13.067830265617799 ], [ 80.230356078305576, 13.067835826571166 ], [ 80.230367684539075, 13.06784065335604 ], [ 80.230388595522257, 13.067848943595134 ], [ 80.230404442702167, 13.067854506298188 ], [ 80.230426755057223, 13.067857104326317 ], [ 80.230452704690805, 13.067863978731481 ], [ 80.230478379439944, 13.067865486445312 ], [ 80.230494115228765, 13.067877197259925 ], [ 80.230516228157811, 13.067884678075206 ], [ 80.230559730872088, 13.06789484354808 ], [ 80.230613103376371, 13.067904858511689 ], [ 80.230667212499199, 13.067914875225021 ], [ 80.230694969543151, 13.067916766211034 ], [ 80.230716438380114, 13.067923611737806 ], [ 80.230736406132266, 13.06793877112686 ], [ 80.230757193147937, 13.067957459596629 ], [ 80.230767954965074, 13.067967075534348 ], [ 80.230783711415128, 13.067971914567385 ], [ 80.230815708507237, 13.067974451340739 ], [ 80.230834972878498, 13.06797848707668 ], [ 80.230854211198633, 13.067990841048532 ], [ 80.230879189753423, 13.067996250614417 ], [ 80.230924746016427, 13.0679986465043 ], [ 80.230941805023676, 13.06799996345617 ], [ 80.230952489585647, 13.068004696607385 ], [ 80.230969619559801, 13.06801297546531 ], [ 80.231000236839634, 13.068014152408947 ], [ 80.231017315609819, 13.068009139241571 ], [ 80.231034313531637, 13.068000600493335 ], [ 80.231064058547318, 13.06798576925226 ], [ 80.231084639848788, 13.067981400121967 ], [ 80.231097454316313, 13.067983336610114 ], [ 80.231133775898201, 13.067989321959804 ], [ 80.231178668306214, 13.067997412682281 ], [ 80.231216382276784, 13.068000598743241 ], [ 80.231273277973614, 13.068004294958964 ], [ 80.231351509556774, 13.067998831140066 ], [ 80.231394220855279, 13.067996426499702 ], [ 80.23141487312364, 13.067999019276046 ], [ 80.231442695744647, 13.068009319502103 ], [ 80.231476895505807, 13.068015298725802 ], [ 80.231516147392142, 13.068028254730882 ], [ 80.23158036435855, 13.068050779416986 ], [ 80.231607387478931, 13.068051221317718 ], [ 80.231619377293029, 13.068051608090203 ], [ 80.23180301988657, 13.068031009391314 ], [ 80.23200466831166, 13.067976190942463 ], [ 80.232190956443674, 13.067858806301672 ], [ 80.232453402847213, 13.067870307104235 ], [ 80.232672003380031, 13.067913843539454 ], [ 80.232836152531874, 13.067882165802351 ], [ 80.233054952490676, 13.067861371077825 ], [ 80.233317300079534, 13.067905036147131 ], [ 80.233568777155099, 13.067927225699867 ], [ 80.23385336164047, 13.067853017835404 ], [ 80.234083296217221, 13.067767926053394 ], [ 80.234357407244715, 13.067543582770966 ], [ 80.234653588980422, 13.06725497534808 ], [ 80.235081207716902, 13.066902425579555 ], [ 80.235377223264294, 13.066667424206178 ], [ 80.235870030045973, 13.066454448658636 ], [ 80.236373740578642, 13.066252224756241 ], [ 80.236888025180463, 13.066167970727601 ], [ 80.237620875280825, 13.066137968501922 ], [ 80.238156703279799, 13.066160990393273 ], [ 80.238517413697309, 13.066226383438616 ], [ 80.238844987060631, 13.066398895687028 ], [ 80.239336412233413, 13.066636218839371 ], [ 80.240341205726494, 13.067089484258679 ], [ 80.241094852723975, 13.06741334864425 ], [ 80.241881408603604, 13.06770514194678 ], [ 80.242514984983629, 13.067953598870558 ], [ 80.243246959226582, 13.068213063677538 ], [ 80.244110045280195, 13.068515796775708 ], [ 80.244994421406048, 13.06901157905491 ], [ 80.245878800226862, 13.069507359463222 ], [ 80.24666494737302, 13.069938519494828 ], [ 80.247440192564895, 13.070358924498487 ], [ 80.247866144028222, 13.070553155027792 ], [ 80.248587098637586, 13.070844738108697 ], [ 80.249144455660669, 13.070985740423374 ], [ 80.249647647865416, 13.070955037000765 ], [ 80.250096447977967, 13.070827679183994 ], [ 80.25079753724313, 13.070454452892923 ], [ 80.251904353301342, 13.06972858317561 ], [ 80.252540139536933, 13.069247945894469 ], [ 80.253242510698016, 13.068445847954132 ], [ 80.254065503143877, 13.067536878992192 ], [ 80.254372631749646, 13.067237557403242 ], [ 80.254811836058366, 13.066659851473185 ], [ 80.255416180360697, 13.065718081344698 ], [ 80.255537382855451, 13.065418222888679 ], [ 80.255594443842313, 13.064624979518596 ], [ 80.255542426895772, 13.063734926796187 ], [ 80.255566923953566, 13.063315509838977 ], [ 80.255748923528444, 13.062647267001825 ], [ 80.255761126243272, 13.062619164125655 ], [ 80.256027907018009, 13.062004766110446 ], [ 80.256364746503493, 13.061519684167491 ], [ 80.256905645492253, 13.061063778921143 ], [ 80.257445688386554, 13.060893783164959 ], [ 80.257973909451721, 13.060943265222246 ], [ 80.258465910444613, 13.061068257558304 ], [ 80.259208181177357, 13.061542141191634 ], [ 80.259659070771292, 13.061929415371303 ], [ 80.260095254045709, 13.062359532426767 ], [ 80.26040045486684, 13.062703501621872 ], [ 80.260749019163399, 13.063176254154426 ], [ 80.260894116844696, 13.06341969537487 ], [ 80.260893989283957, 13.063462580669849 ], [ 80.261081558413593, 13.064135012860882 ], [ 80.261096097646458, 13.064149349921733 ], [ 80.261225084043147, 13.064907387576429 ], [ 80.26170455353784, 13.065494878152682 ], [ 80.26243204967912, 13.066040189537871 ], [ 80.263422453957958, 13.06644329081227 ], [ 80.264355039071845, 13.066674677543608 ], [ 80.265506826589814, 13.066749430921849 ], [ 80.266614488860995, 13.066952714983321 ], [ 80.26763478458092, 13.06711286045825 ], [ 80.268088708683862, 13.067255545883116 ], [ 80.26830561858732, 13.067319967329153 ], [ 80.268471197857124, 13.067388958286461 ], [ 80.268712667700456, 13.067540738849717 ], [ 80.268940338522683, 13.067713216927624 ], [ 80.269064522525866, 13.067947786780147 ], [ 80.269209403713205, 13.068147861044435 ], [ 80.269292193348093, 13.068479019328171 ], [ 80.26938188294271, 13.06864459874094 ], [ 80.269423277310992, 13.068830874681854 ], [ 80.269450874454833, 13.069003351858278 ], [ 80.269457773516237, 13.069017150482214 ], [ 80.269410190653943, 13.069071279162658 ], [ 80.269407293587136, 13.069084200985463 ], [ 80.269414096528791, 13.069091725516476 ], [ 80.269422387080539, 13.069095274707914 ], [ 80.26943216434411, 13.069095302709442 ], [ 80.269441098987897, 13.06909948718509 ], [ 80.269444497314623, 13.069104289443944 ], [ 80.269448501105856, 13.069122655808126 ], [ 80.269462857980727, 13.069196298010572 ], [ 80.269462605554111, 13.06921935461853 ], [ 80.269463845229211, 13.069237080439954 ], [ 80.269457439342943, 13.069251257946016 ], [ 80.269451674853741, 13.069266794398606 ], [ 80.269445256391037, 13.069285130999107 ], [ 80.269440232113681, 13.069300036541069 ], [ 80.269444998574571, 13.069310267584145 ], [ 80.269454682413325, 13.069310384840357 ], [ 80.26945956296025, 13.069313111485014 ], [ 80.269460832279748, 13.069320620258233 ], [ 80.269459969897099, 13.069331468208146 ], [ 80.269452901952434, 13.069351159375501 ], [ 80.269445123440363, 13.069361897943262 ], [ 80.269437967460817, 13.069380141781792 ], [ 80.269435711791147, 13.069394422535108 ], [ 80.269439845838093, 13.069399949326405 ], [ 80.269448253170822, 13.069395271329839 ], [ 80.269454438969873, 13.069393299850907 ], [ 80.269459323110084, 13.069394670173146 ], [ 80.269459311431987, 13.069398738262592 ], [ 80.269456191583004, 13.069424589748628 ], [ 80.269447255142552, 13.069483608970822 ], [ 80.269444235904885, 13.069506657676529 ], [ 80.269439083168422, 13.069533769217035 ], [ 80.26943254343314, 13.069562322829581 ], [ 80.269424755937948, 13.069575774029202 ], [ 80.269421624410867, 13.069605693582737 ], [ 80.269419607693052, 13.069664099354952 ], [ 80.269420746756836, 13.069684537784291 ], [ 80.269422520929538, 13.069708323259126 ], [ 80.269427279305589, 13.069721266924736 ], [ 80.269432679078747, 13.069735568659345 ], [ 80.269431803221352, 13.069751208336722 ], [ 80.269428047365153, 13.069773622609985 ], [ 80.269426399854908, 13.069800743746631 ], [ 80.269420996488492, 13.069850369276182 ], [ 80.269418732733982, 13.069867270760426 ], [ 80.269410201433715, 13.069882889428408 ], [ 80.269398379604567, 13.069888191322377 ], [ 80.269383053447527, 13.069893482715695 ], [ 80.26937463623328, 13.069901505997336 ], [ 80.269361176775419, 13.069930582843774 ], [ 80.269351258476362, 13.069947463321471 ], [ 80.26934423005757, 13.069953502001226 ], [ 80.269328897612311, 13.069960873373034 ], [ 80.269315692377617, 13.069966170890103 ], [ 80.269309289186268, 13.069979624692841 ], [ 80.269305744434163, 13.069993178249847 ], [ 80.269307634489522, 13.070008825786337 ], [ 80.269313691829467, 13.070019151304775 ], [ 80.269322602218793, 13.070031473672893 ], [ 80.269326740757322, 13.070035554002436 ], [ 80.269333022676079, 13.070032226210616 ], [ 80.269339955873448, 13.070026911194084 ], [ 80.269348363206177, 13.070022233209412 ], [ 80.269351769617742, 13.070024321939226 ], [ 80.269353151226639, 13.070024958971173 ], [ 80.269351642056989, 13.070036528801316 ], [ 80.269346598914993, 13.070057491351003 ], [ 80.269338997371037, 13.070081340668121 ], [ 80.269335800266944, 13.070091368668658 ], [ 80.269327259085202, 13.070110332614142 ], [ 80.269325628642974, 13.070131395787611 ], [ 80.269323353210353, 13.070152457209167 ], [ 80.269318319051521, 13.0701707079896 ], [ 80.269311169360165, 13.070186963669926 ], [ 80.269301350774114, 13.070201131495956 ], [ 80.269294196591204, 13.070218743491244 ], [ 80.269292580521977, 13.070235014044147 ], [ 80.269292554470837, 13.070243875605973 ], [ 80.269283283857121, 13.070260125156187 ], [ 80.269272095340241, 13.070269496867203 ], [ 80.269247699792075, 13.070284889748651 ], [ 80.269238543264379, 13.070293634928001 ], [ 80.269224561885295, 13.070311769317296 ], [ 80.269220922810092, 13.070326045641448 ], [ 80.269217917945454, 13.070344392663774 ], [ 80.269215642512847, 13.070365363062702 ], [ 80.269217418482171, 13.070388515816132 ], [ 80.269217162462297, 13.070413018758002 ], [ 80.269212007929227, 13.070440763729621 ], [ 80.269206977363609, 13.070457748302459 ], [ 80.269199073087421, 13.070479426600992 ], [ 80.269190517532664, 13.070503092118461 ], [ 80.26917844956516, 13.070529460638722 ], [ 80.269171907134933, 13.070558647666482 ], [ 80.269169527497738, 13.070583777996514 ], [ 80.269167907835282, 13.070601405715282 ], [ 80.269147279821397, 13.070652886172159 ], [ 80.269140120248608, 13.070672487104812 ], [ 80.269132972353887, 13.070688019092715 ], [ 80.269109204728082, 13.070709562614633 ], [ 80.269083842592678, 13.070739872299153 ], [ 80.269048644803192, 13.070790497811927 ], [ 80.269030296713552, 13.070819471298799 ], [ 80.269026663926525, 13.070831667621079 ], [ 80.269019499862139, 13.070852714982202 ], [ 80.269009567190025, 13.070874296991541 ], [ 80.268993359785696, 13.070896585156918 ], [ 80.268977244009506, 13.070919505974695 ], [ 80.268963817789242, 13.070937009413708 ], [ 80.268959425027504, 13.070956709203342 ], [ 80.268959174397565, 13.070979132117523 ], [ 80.268954760076255, 13.071006246121369 ], [ 80.268952387625575, 13.071028663780803 ], [ 80.26894584339874, 13.071058483403625 ], [ 80.268931646423965, 13.071087558363676 ], [ 80.268897699089393, 13.071151751299174 ], [ 80.268888727614637, 13.071160783460853 ], [ 80.268876587781904, 13.071179540814795 ], [ 80.268861997345041, 13.071185467459294 ], [ 80.268839119051407, 13.07118666801388 ], [ 80.268825292182541, 13.071183735755548 ], [ 80.268808706587464, 13.071178173127569 ], [ 80.268796154427989, 13.071180759745227 ], [ 80.268788483713777, 13.07118607298683 ], [ 80.268782825225784, 13.071196907729121 ], [ 80.268783334570571, 13.071211828031286 ], [ 80.268790133918984, 13.071220798938024 ], [ 80.268811373685537, 13.071243464214149 ], [ 80.268820915590481, 13.071260489858609 ], [ 80.268826317160304, 13.071274158850501 ], [ 80.268822684373262, 13.071286355150274 ], [ 80.268812212712007, 13.071296446104713 ], [ 80.268799559042918, 13.07130907554788 ], [ 80.268784841045317, 13.071326665588103 ], [ 80.268777695845529, 13.071341474752451 ], [ 80.268755834444775, 13.071373240424474 ], [ 80.26874047954162, 13.07138802595996 ], [ 80.268727158424298, 13.071401460434341 ], [ 80.268710346453744, 13.071410093569124 ], [ 80.268696501618578, 13.071413399466387 ], [ 80.268679153353801, 13.071415882826994 ], [ 80.268667233608312, 13.071423262905494 ], [ 80.268661579611916, 13.071432741327097 ], [ 80.268658044741272, 13.071442858526696 ], [ 80.268651652329694, 13.071452334322444 ], [ 80.26864184542174, 13.071462434020457 ], [ 80.26863620400178, 13.071467752506223 ], [ 80.268629157616672, 13.071479939171027 ], [ 80.268624883432551, 13.071490777400566 ], [ 80.268617851420501, 13.071498172352499 ], [ 80.268602520771879, 13.071504820021213 ], [ 80.268592090433103, 13.071507412760726 ], [ 80.268578239309718, 13.071512707619462 ], [ 80.268563559041368, 13.071518001603074 ], [ 80.26855588742886, 13.071523313962354 ], [ 80.268544689030506, 13.071536121901774 ], [ 80.268538287635778, 13.071548943841144 ], [ 80.268536027474553, 13.071564579903477 ], [ 80.26853802442939, 13.071575526634089 ], [ 80.268541414671319, 13.071583040588701 ], [ 80.268545445411988, 13.071592546130358 ], [ 80.26854596104495, 13.071605478321594 ], [ 80.268541042768774, 13.071615591138949 ], [ 80.268536030169471, 13.071626427612452 ], [ 80.26851841780001, 13.071656125532776 ], [ 80.268502966777135, 13.071672267360286 ], [ 80.268484757028006, 13.071685687818585 ], [ 80.26845962126805, 13.071701711514047 ], [ 80.268444162160307, 13.071720656084954 ], [ 80.268430726956922, 13.071741504736703 ], [ 80.268411749148243, 13.071765141256902 ], [ 80.268375935114491, 13.071805547870659 ], [ 80.268357584329891, 13.07183524401931 ], [ 80.268350537046459, 13.071848064193052 ], [ 80.26833721143754, 13.071862854950334 ], [ 80.268316964309378, 13.071878982763748 ], [ 80.268290962573445, 13.0719072105911 ], [ 80.268276256253927, 13.071921365192816 ], [ 80.268253905271351, 13.071931338866273 ], [ 80.26823165939166, 13.071937243616814 ], [ 80.268217070751433, 13.071942536716282 ], [ 80.268206627836278, 13.071949198373598 ], [ 80.268190300955965, 13.071980979718045 ], [ 80.268181757977629, 13.072000577045054 ], [ 80.268173975872315, 13.072012038277993 ], [ 80.268141807201985, 13.072036179668451 ], [ 80.268129219109923, 13.072050973039564 ], [ 80.268113760002208, 13.072069826579854 ], [ 80.268100448766319, 13.072079915752177 ], [ 80.268087108784357, 13.072099499070713 ], [ 80.268064508070111, 13.072131896421455 ], [ 80.268057458091761, 13.072145349231121 ], [ 80.268048288987657, 13.072158162388458 ], [ 80.268040611985256, 13.072165555570297 ], [ 80.268029431553217, 13.072172304725244 ], [ 80.267976794769154, 13.072224689641761 ], [ 80.267953046906285, 13.072239451500257 ], [ 80.267934947649934, 13.072246723924691 ], [ 80.267912689193821, 13.072256697585043 ], [ 80.267904280064457, 13.0722620090534 ], [ 80.26788881916012, 13.072281586232268 ], [ 80.267888690701042, 13.072293792107637 ], [ 80.267884415618568, 13.072304631176511 ], [ 80.267858390526499, 13.072340995912143 ], [ 80.267814169159976, 13.072386081246577 ], [ 80.26779519674119, 13.072407637745769 ], [ 80.267778456635867, 13.072423142498367 ], [ 80.267762901408403, 13.072443352314995 ], [ 80.267749565918024, 13.072461579300032 ], [ 80.267728568696569, 13.072481683234253 ], [ 80.267712482564775, 13.072494477998378 ], [ 80.267695773900485, 13.072499041306612 ], [ 80.267657579331242, 13.072502007675642 ], [ 80.267640874260223, 13.072505940083399 ], [ 80.26763180936068, 13.072514685184037 ], [ 80.267626790473187, 13.072527509697659 ], [ 80.267624515938905, 13.072547847260807 ], [ 80.267622775902197, 13.072575059096199 ], [ 80.267619120657301, 13.072594759630121 ], [ 80.267605682758969, 13.072616332736732 ], [ 80.267591704973142, 13.07263320165525 ], [ 80.267566465906938, 13.072653293324997 ], [ 80.267544838966444, 13.072668061283096 ], [ 80.267512675686035, 13.072690122652508 ], [ 80.267484660825559, 13.072712919923891 ], [ 80.267474857510862, 13.072722295916925 ], [ 80.267446805819503, 13.072757389166297 ], [ 80.267398936394642, 13.072819372206602 ], [ 80.267360245057034, 13.072865918760121 ], [ 80.267339995233925, 13.072882680032409 ], [ 80.267319016877067, 13.072896726073983 ], [ 80.267291116102655, 13.072912018162686 ], [ 80.267271637034071, 13.072917930765049 ], [ 80.267263959133302, 13.072925323049107 ], [ 80.267252011540037, 13.072942198071733 ], [ 80.267240717021963, 13.072956361364405 ], [ 80.267227403091155, 13.072967084024699 ], [ 80.267216331355257, 13.07296831869693 ], [ 80.267205259619402, 13.072969552494088 ], [ 80.267201634018917, 13.072979036981529 ], [ 80.267202263737914, 13.072984463938752 ], [ 80.267202145160297, 13.072993324526806 ], [ 80.267197868281215, 13.073004886342458 ], [ 80.267181633029111, 13.073036577422522 ], [ 80.267168315505003, 13.073048746509178 ], [ 80.267152226678292, 13.073062173017846 ], [ 80.267138905560927, 13.073075608276106 ], [ 80.267129738253445, 13.073087698607837 ], [ 80.267114419282905, 13.073090277330175 ], [ 80.267105476554235, 13.073088805524655 ], [ 80.267097062034992, 13.073096196053516 ], [ 80.267095545678785, 13.073109754689575 ], [ 80.267095428897804, 13.073117982624327 ], [ 80.267090420790083, 13.073127371727455 ], [ 80.267068025790053, 13.0731523547904 ], [ 80.267051937861638, 13.073165691165038 ], [ 80.267029585082426, 13.073176387565271 ], [ 80.267015623466264, 13.073187741114564 ], [ 80.267008607623893, 13.073189709938063 ], [ 80.266998155725574, 13.073199807814941 ], [ 80.266984731301974, 13.073216678443631 ], [ 80.266980558627452, 13.073224080344094 ], [ 80.266957326397602, 13.073251683244409 ], [ 80.266940497359059, 13.073265831643765 ], [ 80.266915340039517, 13.073289359513925 ], [ 80.266901910226053, 13.073308219084803 ], [ 80.266880660577968, 13.073351470175261 ], [ 80.266874361591235, 13.073360313249514 ], [ 80.266863183854142, 13.073366249466988 ], [ 80.266852117508165, 13.073365495189373 ], [ 80.26683892035831, 13.073368079158991 ], [ 80.266829877916663, 13.073369319954427 ], [ 80.266824229310146, 13.073376718350199 ], [ 80.266820700727706, 13.073384845647364 ], [ 80.266818460329418, 13.07339370097089 ], [ 80.266820471657311, 13.073399764942224 ], [ 80.266828760412437, 13.073403947594816 ], [ 80.266831513748812, 13.073408747144828 ], [ 80.266830753774059, 13.073416250543218 ], [ 80.266822984245181, 13.073423642812338 ], [ 80.266804234608557, 13.073432269751146 ], [ 80.266783258048363, 13.07344559211016 ], [ 80.266780852360043, 13.073448069325096 ], [ 80.266773451140423, 13.073455691726585 ], [ 80.266762140452656, 13.073475280186145 ], [ 80.266753604660835, 13.073492164796502 ], [ 80.26674014250797, 13.073521964870922 ], [ 80.266733742011596, 13.073534154059358 ], [ 80.266719682479078, 13.073547586666841 ], [ 80.266693897237161, 13.07356496391489 ], [ 80.266681225601772, 13.073577044597302 ], [ 80.266665884173335, 13.073587128457818 ], [ 80.266655452037952, 13.073590353823043 ], [ 80.26664638893503, 13.073598465362632 ], [ 80.266637219830926, 13.073611279319522 ], [ 80.266625920821298, 13.073626799747091 ], [ 80.266611851407333, 13.073643577593275 ], [ 80.266593731489706, 13.07365772247004 ], [ 80.266581165855541, 13.073665010603246 ], [ 80.266561571802541, 13.073678427453029 ], [ 80.266548996286872, 13.073689151832017 ], [ 80.266522238169514, 13.073723525668543 ], [ 80.266450657712724, 13.073818987133155 ], [ 80.266383342456933, 13.073906704544235 ], [ 80.266148880371134, 13.074346926560358 ], [ 80.266022685938353, 13.074977900105013 ], [ 80.266008665033382, 13.075440613595431 ], [ 80.266106815859644, 13.07594539294749 ], [ 80.26627507660055, 13.076478214816589 ], [ 80.266373227426811, 13.076842777175758 ], [ 80.266403945317961, 13.077031136473202 ], [ 80.266413193473809, 13.077070833459182 ], [ 80.266424943437713, 13.077121231043053 ], [ 80.266435698068307, 13.077164934724648 ], [ 80.266440836431727, 13.07720518557579 ], [ 80.266450398997932, 13.077246715697079 ], [ 80.266463341026252, 13.077299376916843 ], [ 80.266469474722996, 13.077346322508323 ], [ 80.26647792697149, 13.077388934127805 ], [ 80.266489683223625, 13.077437070601208 ], [ 80.266500550143618, 13.077474083843288 ], [ 80.266515053443896, 13.077497724189326 ], [ 80.266537152898181, 13.077541640433383 ], [ 80.26655583965271, 13.07758545691769 ], [ 80.266566716454193, 13.077619124072662 ], [ 80.266574280268884, 13.077650521429316 ], [ 80.266646168847814, 13.077794493159995 ], [ 80.266670985705815, 13.077886430234738 ], [ 80.266690772896595, 13.077932510323832 ], [ 80.26669383345677, 13.077958198162824 ], [ 80.266701409847883, 13.077985074270428 ], [ 80.266721533008564, 13.07801108235966 ], [ 80.266730334701734, 13.078029100679675 ], [ 80.266733410533249, 13.078049273286371 ], [ 80.266735486539872, 13.078064921186932 ], [ 80.266734158829877, 13.07807712415115 ], [ 80.266736233938204, 13.078092863051541 ], [ 80.266748316278751, 13.078124273473112 ], [ 80.266762497083846, 13.078163555526062 ], [ 80.266766888048949, 13.078175982489203 ], [ 80.266775577452677, 13.078200574784226 ], [ 80.266789857072439, 13.078237687663403 ], [ 80.26680403518256, 13.078278054716415 ], [ 80.2668172143661, 13.078312903921406 ], [ 80.266830292040027, 13.078351008174986 ], [ 80.266834560834241, 13.07837344441732 ], [ 80.266839827656753, 13.078401399372176 ], [ 80.266844222215113, 13.078412623178922 ], [ 80.266853129011167, 13.078426212148262 ], [ 80.266891416106901, 13.078454622104392 ], [ 80.266977878054661, 13.078536335273148 ], [ 80.267033746078809, 13.078608558894109 ], [ 80.267081566096337, 13.078688535110722 ], [ 80.267120705693273, 13.078740457511676 ], [ 80.26720352856583, 13.078836627545032 ], [ 80.267297435750706, 13.078958599027326 ], [ 80.267397272714746, 13.07905939691336 ], [ 80.267859520607104, 13.079338627037785 ], [ 80.268294191118585, 13.079520907483277 ], [ 80.268784948843134, 13.079647102299313 ], [ 80.269303749275892, 13.079661124330448 ], [ 80.269738420685698, 13.079591015916831 ], [ 80.270145046692321, 13.079450799029813 ], [ 80.27043950096774, 13.079296560887004 ], [ 80.27081115556031, 13.079127502576528 ], [ 80.27093681369891, 13.079056866379057 ], [ 80.271028956592545, 13.079006161186442 ], [ 80.271083128597454, 13.078972114465548 ], [ 80.271109525592053, 13.078966221258577 ], [ 80.271139609272623, 13.078961513692965 ], [ 80.271170792491063, 13.078959250911408 ], [ 80.271191280367759, 13.078955692236725 ], [ 80.271216488891241, 13.078946359356211 ], [ 80.271233317031474, 13.078932211282659 ], [ 80.27125380490817, 13.078928742733853 ], [ 80.271265792027307, 13.078929860999613 ], [ 80.271295878402796, 13.078924069293022 ], [ 80.27132229695701, 13.078911122610226 ], [ 80.271336692459414, 13.07890881257752 ], [ 80.271357169556325, 13.078908780202068 ], [ 80.271376651319883, 13.078902101232408 ], [ 80.271377574787991, 13.078901784477928 ], [ 80.271404075088896, 13.078892365844125 ], [ 80.27142330891742, 13.078875872733994 ], [ 80.271426923738147, 13.078870005775084 ], [ 80.271440113701459, 13.078870043400613 ], [ 80.27144851744093, 13.078866540725461 ], [ 80.2714617217773, 13.078861785032267 ], [ 80.271470121923528, 13.078859458373875 ], [ 80.271484609952424, 13.078857148340711 ], [ 80.27150262746207, 13.078846529187906 ], [ 80.271532650057196, 13.078831242717182 ], [ 80.271585554539229, 13.07881366983726 ], [ 80.271620472054295, 13.078796045330307 ], [ 80.271674538058008, 13.07875957829469 ], [ 80.27169015077763, 13.0787513032974 ], [ 80.271707040901632, 13.078747824245905 ], [ 80.27173104029275, 13.07874192490844 ], [ 80.271751533559325, 13.07873610519704 ], [ 80.271764737895666, 13.078731350376387 ], [ 80.271781563340966, 13.078718467559394 ], [ 80.271791186992616, 13.078707824775284 ], [ 80.271801995522083, 13.078701977937671 ], [ 80.271817608241733, 13.078693793939815 ], [ 80.271834519026967, 13.078683172154948 ], [ 80.271854931445134, 13.078673735137539 ], [ 80.271927051789405, 13.078645546584987 ], [ 80.271952273787647, 13.07863151224592 ], [ 80.2719931947438, 13.078611463938737 ], [ 80.272077309393751, 13.078582134361417 ], [ 80.2721026275117, 13.078566833874078 ], [ 80.272124221214511, 13.078563367945197 ], [ 80.272139826747605, 13.078557444977978 ], [ 80.272148244860148, 13.078549239975002 ], [ 80.272162675396856, 13.07853517500498 ], [ 80.272180767466693, 13.078530434180639 ], [ 80.272197565064189, 13.078526955126001 ], [ 80.27221195427839, 13.078526905250211 ], [ 80.27223364410095, 13.078522264177275 ], [ 80.272261243939738, 13.078515199316094 ], [ 80.272281727324852, 13.078512905904955 ], [ 80.272302143336319, 13.078502293737461 ], [ 80.272315361147378, 13.078492927589261 ], [ 80.272340575959106, 13.078481153402427 ], [ 80.272358661740697, 13.078478852990873 ], [ 80.272365867127618, 13.078475256683676 ], [ 80.272376672063842, 13.078470584984277 ], [ 80.272398304394216, 13.078454099721057 ], [ 80.272411501544042, 13.078451785308983 ], [ 80.272418802152359, 13.078447104859013 ], [ 80.272426023708917, 13.078437631081998 ], [ 80.272439241520004, 13.07842826405631 ], [ 80.272478887766766, 13.078402425763812 ], [ 80.27250290781916, 13.078389472928524 ], [ 80.272530630727118, 13.078371828265951 ], [ 80.272548637457007, 13.078364735399985 ], [ 80.272558251227167, 13.078357709909911 ], [ 80.272567847031041, 13.078356561891116 ], [ 80.272585943592432, 13.07835064504401 ], [ 80.272676136243618, 13.078293029716233 ], [ 80.272685750013792, 13.078286004224163 ], [ 80.272692971570351, 13.078276621442438 ], [ 80.272706192974695, 13.078265989139425 ], [ 80.272730209433803, 13.078254211441728 ], [ 80.272761430381522, 13.078238927559326 ], [ 80.272824024092202, 13.078188378826235 ], [ 80.272836041754076, 13.07817900829102 ], [ 80.272856464952042, 13.078166045818829 ], [ 80.272881786663262, 13.078149570160388 ], [ 80.272891403128398, 13.078141368643925 ], [ 80.27290578605438, 13.078111932258832 ], [ 80.272919024526757, 13.078095422471232 ], [ 80.27293113471508, 13.078086052807476 ], [ 80.272941951329429, 13.078077764662359 ], [ 80.273085112242995, 13.077917762806216 ], [ 80.273144081251502, 13.077844778593921 ], [ 80.273165747717854, 13.077816538320702 ], [ 80.273242796219776, 13.077711777851409 ], [ 80.273248819423742, 13.077702390672783 ], [ 80.27325482106815, 13.077700057003328 ], [ 80.273258418820859, 13.077700066628514 ], [ 80.2732644519063, 13.077687063005353 ], [ 80.273269201299215, 13.077671795713107 ], [ 80.273373997861952, 13.077509334794877 ], [ 80.273483488122039, 13.077350412342089 ], [ 80.273494320906039, 13.077336337678499 ], [ 80.273495565072722, 13.077320969737473 ], [ 80.273499210436142, 13.077304523773238 ], [ 80.273535334388654, 13.077252724447535 ], [ 80.273646002340101, 13.077132685912986 ], [ 80.27367005922342, 13.077106803733846 ], [ 80.273692952788409, 13.077069162173075 ], [ 80.273705018959319, 13.077043245861494 ], [ 80.27371102599362, 13.077007908216419 ], [ 80.273708043586879, 13.076996068332289 ], [ 80.273704046083864, 13.07696506290095 ], [ 80.273703110937646, 13.076933824710562 ], [ 80.273705246233078, 13.076902643392488 ], [ 80.273710662175915, 13.076871506696463 ], [ 80.273717963682557, 13.076840742754921 ], [ 80.273727123803496, 13.076810460945458 ], [ 80.273738110199432, 13.076780768020717 ], [ 80.273750883344462, 13.076751769858301 ], [ 80.27376051148768, 13.076723712339119 ], [ 80.273767411447395, 13.076694894424145 ], [ 80.273771520341484, 13.076665567244008 ], [ 80.273793633270529, 13.076547722100754 ], [ 80.273809892777166, 13.076493149674766 ], [ 80.273824141854192, 13.076438039098672 ], [ 80.273836361636995, 13.076382463873934 ], [ 80.273840013288634, 13.07628912182879 ], [ 80.273839377281419, 13.076266010755052 ], [ 80.273848299348842, 13.076179775595199 ], [ 80.273853232896357, 13.076168130801229 ], [ 80.273860208314545, 13.076157536908324 ], [ 80.273869001922847, 13.076148333425191 ], [ 80.273879328955374, 13.076140816109534 ], [ 80.273890858832019, 13.076135227342624 ], [ 80.273897986963817, 13.076132064137271 ], [ 80.273904015557676, 13.0761271727629 ], [ 80.273908517913895, 13.076120900603296 ], [ 80.273905402556494, 13.07611303502792 ], [ 80.27390051033143, 13.07610609347585 ], [ 80.273894108038419, 13.076100453956879 ], [ 80.273886545122025, 13.076096425353944 ], [ 80.2738798140456, 13.076091686232765 ], [ 80.273874544528169, 13.076085414072256 ], [ 80.273871091404189, 13.076078028883064 ], [ 80.273869681947517, 13.076070023302735 ], [ 80.273870412277844, 13.076061929344856 ], [ 80.273878622879565, 13.076027786840072 ], [ 80.273888940928927, 13.075994198219966 ], [ 80.273901329594992, 13.075961288613007 ], [ 80.273908239436167, 13.075944144289826 ], [ 80.273912565722554, 13.075926205444581 ], [ 80.273914216826043, 13.075907842211883 ], [ 80.273913161305586, 13.075889437851751 ], [ 80.273915461891036, 13.075879010201263 ], [ 80.273919953467455, 13.075869292194138 ], [ 80.273926434812239, 13.075860721342007 ], [ 80.273936794184095, 13.075839104767926 ], [ 80.273944845783987, 13.07581656329226 ], [ 80.273950506068587, 13.075793334046095 ], [ 80.273953715749087, 13.07576965853573 ], [ 80.273954442486172, 13.075745786142809 ], [ 80.27395284528157, 13.075721778993922 ], [ 80.27395405082072, 13.075697748217063 ], [ 80.273958044730435, 13.075674010570847 ], [ 80.273964774010224, 13.075650874063806 ], [ 80.273970359734676, 13.075632519560864 ], [ 80.273978299045169, 13.075615017330005 ], [ 80.273988458092688, 13.075598659629446 ], [ 80.27400066889237, 13.075583720342014 ], [ 80.27401472483163, 13.075570449724875 ], [ 80.274019810194432, 13.075566670495213 ], [ 80.274025913348481, 13.075564832944288 ], [ 80.27403228959038, 13.075565164578485 ], [ 80.274038160979075, 13.0755676225216 ], [ 80.274042641775694, 13.075568790678956 ], [ 80.274047233065119, 13.075568165911632 ], [ 80.274051218890037, 13.07556584622237 ], [ 80.274053977616262, 13.075562193871152 ], [ 80.274055076255863, 13.075557779373707 ], [ 80.27405434502721, 13.075553291374176 ], [ 80.274054617216763, 13.075543084215589 ], [ 80.274052897841287, 13.075533014435452 ], [ 80.274049249782934, 13.075523451293988 ], [ 80.274043807788928, 13.075514745676132 ], [ 80.274036770386999, 13.075507217840855 ], [ 80.274032087469436, 13.075499722381245 ], [ 80.274029079011555, 13.075491442899473 ], [ 80.274027871675784, 13.075482733780349 ], [ 80.274028516666164, 13.075473966909323 ], [ 80.27403098882985, 13.075465517671923 ], [ 80.274043602074727, 13.075446097375133 ], [ 80.274053942581986, 13.075425424916395 ], [ 80.274061884587383, 13.075403757552724 ], [ 80.274082591653013, 13.075316521062694 ], [ 80.274086935905743, 13.075290260682094 ], [ 80.274101770684339, 13.075137853991611 ], [ 80.27410816489251, 13.075119795209215 ], [ 80.27411624074692, 13.075102394444972 ], [ 80.274125897636225, 13.075085865205354 ], [ 80.274137017881117, 13.075070408746502 ], [ 80.274141997242765, 13.075056520333396 ], [ 80.274145126074899, 13.075042114779045 ], [ 80.274146350478645, 13.075027433590623 ], [ 80.274145651589336, 13.075012717400313 ], [ 80.274143040186786, 13.074998210340366 ], [ 80.274138561186803, 13.074984152168067 ], [ 80.274141115097152, 13.074964925214221 ], [ 80.274145688420248, 13.074946060519801 ], [ 80.274152230850476, 13.074927761966126 ], [ 80.274160673217523, 13.074910225559201 ], [ 80.274170923893209, 13.074893642930094 ], [ 80.274181387469653, 13.074855866277476 ], [ 80.274189894515374, 13.074817620604678 ], [ 80.27419642436918, 13.074779003914491 ], [ 80.274200961759689, 13.07474011333473 ], [ 80.27420349321217, 13.074701048618444 ], [ 80.274220856748286, 13.074616102702219 ], [ 80.274287523420455, 13.074289963943952 ], [ 80.274286921549233, 13.074268001595819 ], [ 80.274288170207456, 13.074246065496599 ], [ 80.274291261310381, 13.074224306151311 ], [ 80.274296172400014, 13.074202869689817 ], [ 80.274302872035392, 13.074181903117122 ], [ 80.274311312605818, 13.074161550813132 ], [ 80.274321437517372, 13.07414195103272 ], [ 80.274340987552904, 13.07410536868019 ], [ 80.274357671962704, 13.074067454527231 ], [ 80.274371392830332, 13.074028433455902 ], [ 80.274379722009655, 13.074008530029563 ], [ 80.27438573533216, 13.073987833824548 ], [ 80.274389358237713, 13.073966608224746 ], [ 80.27439054491218, 13.07394512011407 ], [ 80.274393133856847, 13.073917090276653 ], [ 80.274393527318949, 13.073888950182244 ], [ 80.274391725298472, 13.073860861711392 ], [ 80.274387736778621, 13.073832991119934 ], [ 80.274385609568029, 13.073814863114624 ], [ 80.274385753298461, 13.073796616978855 ], [ 80.274388166173338, 13.073778523097067 ], [ 80.274392811361651, 13.073760852728805 ], [ 80.27439961879486, 13.073743870133393 ], [ 80.274401840328593, 13.073731939964409 ], [ 80.27440621153076, 13.073720595190444 ], [ 80.274412590467577, 13.073710204199589 ], [ 80.2744207678316, 13.073701104753837 ], [ 80.274430480416484, 13.073693592613809 ], [ 80.274442187261243, 13.073684935933073 ], [ 80.274452378648164, 13.073674600942702 ], [ 80.274460806642139, 13.073662838776317 ], [ 80.274467266427351, 13.073649933818846 ], [ 80.274471600798591, 13.073636201081296 ], [ 80.274474147522426, 13.07362792678715 ], [ 80.27447466764697, 13.073619298980166 ], [ 80.274473132426166, 13.073610789302085 ], [ 80.274469626301595, 13.073602860644415 ], [ 80.274464339716147, 13.073595943522607 ], [ 80.274462654476693, 13.073594735979501 ], [ 80.27446085065958, 13.073593709567854 ], [ 80.274458946231178, 13.073592872162971 ], [ 80.274456963649342, 13.073592235140232 ], [ 80.274454923575348, 13.073591803749821 ], [ 80.27445284846705, 13.07359158499202 ], [ 80.274451070701076, 13.07359156661634 ], [ 80.274444980123462, 13.073590159566111 ], [ 80.274439786962816, 13.073586740818964 ], [ 80.274436155074113, 13.073581746140457 ], [ 80.274434550683026, 13.073575818678467 ], [ 80.27443517950374, 13.073569716210068 ], [ 80.274437960687848, 13.07356422276335 ], [ 80.274452314867759, 13.073448370335985 ], [ 80.274469565216165, 13.073332899368305 ], [ 80.274489702749904, 13.073217878113297 ], [ 80.27448987253149, 13.073208621143515 ], [ 80.274487604285383, 13.073199634558486 ], [ 80.274483049826898, 13.0731915238808 ], [ 80.274476517278131, 13.073184837756115 ], [ 80.274474914683665, 13.073180627973811 ], [ 80.274475498588629, 13.073176170557133 ], [ 80.274478133347344, 13.073172492794582 ], [ 80.274482213495361, 13.073170441717842 ], [ 80.274486797598257, 13.073170489844635 ], [ 80.274494479990565, 13.073166476069433 ], [ 80.274500993674678, 13.073160804982082 ], [ 80.274505973934609, 13.073153795094397 ], [ 80.274509141394319, 13.07314583492089 ], [ 80.27451032178061, 13.073137371603185 ], [ 80.274512301667485, 13.073127733991081 ], [ 80.274515274192765, 13.073118334387555 ], [ 80.274519207017065, 13.073109276046516 ], [ 80.274523524320344, 13.073101511878953 ], [ 80.274527935946693, 13.073094224604151 ], [ 80.274529728983993, 13.07308593541627 ], [ 80.274528715684383, 13.073077520223361 ], [ 80.274525000252339, 13.073069868934052 ], [ 80.274519751396127, 13.073051997257403 ], [ 80.274516784260754, 13.073033628560577 ], [ 80.274516142863632, 13.073015041104039 ], [ 80.274517835289629, 13.072996518398597 ], [ 80.27452106563139, 13.072970963923037 ], [ 80.274526557032743, 13.0729457813341 ], [ 80.274534269967759, 13.072921166639436 ], [ 80.274544142452726, 13.072897304471274 ], [ 80.274556101724116, 13.072874377711953 ], [ 80.274562137504518, 13.072860726309379 ], [ 80.274569854032791, 13.072847908813348 ], [ 80.274579128239779, 13.072836122981636 ], [ 80.274589818191686, 13.07282555519666 ], [ 80.274600837825275, 13.07281492090865 ], [ 80.274610220728391, 13.072802871690117 ], [ 80.274617778254907, 13.072789646425207 ], [ 80.274618650519017, 13.072776863926853 ], [ 80.274617302147774, 13.072764123429467 ], [ 80.274613773565335, 13.072751788947302 ], [ 80.274608166281368, 13.072740218369463 ], [ 80.274600640195914, 13.072729744209036 ], [ 80.274591415396245, 13.072720671853189 ], [ 80.274582667602019, 13.0727089052662 ], [ 80.274575964373383, 13.072695912755387 ], [ 80.274571478186843, 13.072682032083904 ], [ 80.274569328518353, 13.072667625515885 ], [ 80.274569569266845, 13.072653066691011 ], [ 80.274570126222329, 13.072608413672491 ], [ 80.274572932559266, 13.072563841149142 ], [ 80.274577981091156, 13.072519459375336 ], [ 80.274585260139901, 13.072475375980549 ], [ 80.274594750840919, 13.07243169859429 ], [ 80.274600090426944, 13.072403453326226 ], [ 80.274602049652586, 13.072395823016874 ], [ 80.274605526132717, 13.072391548468477 ], [ 80.274610550410131, 13.072389174497145 ], [ 80.274616128049701, 13.072389170121962 ], [ 80.274621155022018, 13.07239153621796 ], [ 80.27462447699196, 13.072405386279556 ], [ 80.27462558191975, 13.072419571478921 ], [ 80.274624441059345, 13.072433754927379 ], [ 80.274621083156831, 13.072447596236266 ], [ 80.274621015783183, 13.072502209808746 ], [ 80.274620369894492, 13.072504912792214 ], [ 80.274621687722998, 13.072507369015717 ], [ 80.274624325176688, 13.0725083805563 ], [ 80.274626992274776, 13.072507450394001 ], [ 80.274628386460094, 13.072505033547049 ], [ 80.274644381862046, 13.072465357702242 ], [ 80.274658557277206, 13.072425022949442 ], [ 80.274670886654476, 13.072384108916491 ], [ 80.274681343044392, 13.072342696981472 ], [ 80.274685029730307, 13.072328006007044 ], [ 80.27469062803118, 13.072313907430951 ], [ 80.274698042725532, 13.072300639263068 ], [ 80.274707150744206, 13.072288426387757 ], [ 80.274717795780305, 13.072277472688487 ], [ 80.274729800865785, 13.072267965423146 ], [ 80.274738963681671, 13.072253133563454 ], [ 80.274746016354953, 13.072237232408822 ], [ 80.274750832223191, 13.072220547220846 ], [ 80.27475332504811, 13.072203380761806 ], [ 80.274762540864586, 13.07217121793018 ], [ 80.27477366021121, 13.072139638743632 ], [ 80.274786643561981, 13.072108750831893 ], [ 80.274801447797884, 13.072078660074634 ], [ 80.274818022613189, 13.072049469726489 ], [ 80.274836307820777, 13.07202128041704 ], [ 80.274856245928518, 13.071994186650544 ], [ 80.274877764172828, 13.071968283806463 ], [ 80.274900791586816, 13.07194365938888 ], [ 80.274925249118766, 13.071920396526657 ], [ 80.274946342459955, 13.071906252425352 ], [ 80.274968673679595, 13.071894064031534 ], [ 80.274992051436556, 13.071883934599891 ], [ 80.275016279898068, 13.071875949884371 ], [ 80.275041151553339, 13.071870177263003 ], [ 80.275089364134658, 13.071854685601224 ], [ 80.275138256740618, 13.071841397282757 ], [ 80.275187726064999, 13.071830341184281 ], [ 80.275237662513334, 13.071821539181968 ], [ 80.275288253833494, 13.071810596837455 ], [ 80.275338208248115, 13.071797131759039 ], [ 80.2753873946032, 13.071781178072776 ], [ 80.275435679948046, 13.071762779530056 ], [ 80.275469392822316, 13.071749414203351 ], [ 80.275502357400001, 13.071734355677689 ], [ 80.275534482951201, 13.071717643329519 ], [ 80.275565684135969, 13.071699323535476 ], [ 80.275595875614343, 13.071679444422314 ], [ 80.275624976537969, 13.071658061117047 ], [ 80.275701105165027, 13.071594849231248 ], [ 80.275722954887698, 13.071624686286423 ], [ 80.27582289425969, 13.071554729595606 ], [ 80.275804094317394, 13.071525113916744 ], [ 80.275943795818804, 13.071418255932629 ], [ 80.276010549627586, 13.071363590492911 ], [ 80.276044480792478, 13.071335803623157 ], [ 80.276068904188435, 13.071310825626554 ], [ 80.276100449427943, 13.071278724806369 ], [ 80.276138348451482, 13.07125052928358 ], [ 80.27623467929098, 13.071174665092965 ], [ 80.276297917992039, 13.071123031612895 ], [ 80.276392062332121, 13.071037758074857 ], [ 80.276439411632424, 13.07099503160314 ], [ 80.276455972074672, 13.070977807306171 ], [ 80.276474082110838, 13.07096682642247 ], [ 80.276509651802812, 13.070946401224964 ], [ 80.276575221632044, 13.07088627455088 ], [ 80.2766557529023, 13.070819769687803 ], [ 80.276802579840549, 13.070696938391011 ], [ 80.276928102333514, 13.070605241898717 ], [ 80.277022932088173, 13.070537962547688 ], [ 80.27713587367559, 13.07045879922836 ], [ 80.277171455045689, 13.07043448530019 ], [ 80.277274126194442, 13.07036632473463 ], [ 80.277316668609657, 13.0703405162243 ], [ 80.277377440536952, 13.070301381683057 ], [ 80.277516267977589, 13.070208844127237 ], [ 80.277625584862818, 13.07015004996464 ], [ 80.277694711122251, 13.070104830339986 ], [ 80.277732557145171, 13.070080071854722 ], [ 80.277800760834793, 13.070021493797318 ], [ 80.27786679060145, 13.069983081116851 ], [ 80.277978305664206, 13.069908600856669 ], [ 80.278085252793701, 13.069834144200248 ], [ 80.278160346561577, 13.069782247926316 ], [ 80.278271897556905, 13.069714484451049 ], [ 80.278438072409756, 13.069610606962526 ], [ 80.278554204813048, 13.069545058180559 ], [ 80.278672535393852, 13.069463825059206 ], [ 80.278784050456593, 13.069389344642351 ], [ 80.278929765280509, 13.069303487724314 ], [ 80.279073207366764, 13.069219882271714 ], [ 80.279209859986096, 13.069147508019402 ], [ 80.279314657447145, 13.069097694213404 ], [ 80.279430813206645, 13.069036623787845 ], [ 80.279501349821061, 13.068986989344191 ], [ 80.279562799078064, 13.068946360881885 ], [ 80.279651607425393, 13.068896630164813 ], [ 80.279756515379219, 13.068866967789454 ], [ 80.279913981963674, 13.068841506516398 ], [ 80.280021247096826, 13.068825268248451 ], [ 80.280194505165682, 13.068763896738826 ], [ 80.280248355573676, 13.068738561462146 ], [ 80.280302638071348, 13.068721804283625 ], [ 80.280382373434279, 13.068706293173149 ], [ 80.28048482359749, 13.068682164582629 ], [ 80.280561452586198, 13.068656608785282 ], [ 80.280630241977363, 13.068630954979829 ], [ 80.280643999675945, 13.068625823693369 ], [ 80.280748222215223, 13.068594738455818 ], [ 80.280867446619737, 13.068574996475299 ], [ 80.280942724542228, 13.068570142578256 ], [ 80.28100110784915, 13.068570305337355 ], [ 80.28107894866514, 13.068572330200878 ], [ 80.28113200136923, 13.068566057849232 ], [ 80.281382464246832, 13.068518288915957 ], [ 80.281488794233766, 13.068492091690448 ], [ 80.281560302825312, 13.06848288617134 ], [ 80.28160967962323, 13.068471811546349 ], [ 80.281680085981932, 13.068461066814482 ], [ 80.281772292655944, 13.068438808180861 ], [ 80.281927004107459, 13.068395203584382 ], [ 80.282043692567925, 13.068358997526394 ], [ 80.282167068087347, 13.068306987185773 ], [ 80.282289420425684, 13.068258138390485 ], [ 80.282376423159235, 13.068217328672795 ], [ 80.282432043248392, 13.068184570287407 ], [ 80.282463763659393, 13.068155271847463 ], [ 80.282487358808638, 13.068129115710812 ], [ 80.282507170253922, 13.068103852998195 ], [ 80.282514414268377, 13.068086512117727 ], [ 80.282522329324337, 13.068060583487032 ], [ 80.282526251368864, 13.068044047650373 ], [ 80.282529154723846, 13.068028684380907 ], [ 80.282527975235894, 13.067989980873294 ], [ 80.282510708717808, 13.067840930747417 ], [ 80.282638531796238, 13.067845106493817 ] ] ] } },
{ "type": "Feature", "properties": { "objectid": 3, "name": "KOSATHALAYAR RIVER", "zone": "1,2", "ward": "1,2,3,4,15,16", "category": "RIVER", "sub_catego": "RIVER", "st_area(shape)": 3930969.1618571086, "st_perimeter(shape)": 42547.590451749689 }, "geometry": { "type": "Polygon", "coordinates": [ [ [ 80.331749032222007, 13.234537843644691 ], [ 80.3303882345852, 13.241007423446916 ], [ 80.329534483824034, 13.238861624351538 ], [ 80.3287781140329, 13.236830911816632 ], [ 80.327784540497746, 13.235813936272718 ], [ 80.327329359651685, 13.235047619185714 ], [ 80.326771123177934, 13.234911737559379 ], [ 80.326595666033271, 13.234777303956641 ], [ 80.326127375173968, 13.234565540319602 ], [ 80.324645841268065, 13.233394153519574 ], [ 80.320662919707402, 13.232503204573433 ], [ 80.318983727692924, 13.232173373031186 ], [ 80.318379388780457, 13.231712428721957 ], [ 80.317383003518458, 13.231728906305676 ], [ 80.316930531991304, 13.232856891896308 ], [ 80.316088134138681, 13.233696749228038 ], [ 80.315926933257572, 13.235457094715994 ], [ 80.316159338201373, 13.236184994132838 ], [ 80.314224765931371, 13.236352057080785 ], [ 80.314205336270092, 13.236313727289657 ], [ 80.314030473810149, 13.235968758023812 ], [ 80.313663088910076, 13.234608911628959 ], [ 80.314075490185658, 13.233844463843608 ], [ 80.312731791980298, 13.232309743261775 ], [ 80.313928144919487, 13.230647876337409 ], [ 80.31604634002008, 13.227667888457304 ], [ 80.316499359519554, 13.227038158541614 ], [ 80.316374104724531, 13.226765401610903 ], [ 80.315152778620472, 13.225847301809775 ], [ 80.314079131955793, 13.225557339720776 ], [ 80.312674457007276, 13.224883704876831 ], [ 80.312345467000782, 13.223772765659632 ], [ 80.311429189902555, 13.223100438506647 ], [ 80.310884514396321, 13.22227599884515 ], [ 80.310418575326452, 13.221241244228128 ], [ 80.311200837259022, 13.220937129781879 ], [ 80.310912056742936, 13.2194243796125 ], [ 80.309976747937114, 13.218579747234221 ], [ 80.307695704445166, 13.216965917683828 ], [ 80.306683898703, 13.215546899867835 ], [ 80.306614191233578, 13.212561046467336 ], [ 80.306720663154309, 13.212421188910417 ], [ 80.306721715081522, 13.212422893381694 ], [ 80.306765551070754, 13.212362846836633 ], [ 80.306765339068363, 13.212362503143758 ], [ 80.30790825931615, 13.21086118953929 ], [ 80.308411083211553, 13.210009374614867 ], [ 80.308928616121491, 13.209237142322994 ], [ 80.309223457570766, 13.208587216067627 ], [ 80.309440913649922, 13.207669136181096 ], [ 80.309521767415376, 13.207203440454155 ], [ 80.309405665554792, 13.206310179700061 ], [ 80.308958486002979, 13.205562555471738 ], [ 80.308510877056491, 13.204968040499166 ], [ 80.3078871453137, 13.20448788306569 ], [ 80.307362057572249, 13.203917521012372 ], [ 80.306424276602741, 13.203718368082056 ], [ 80.305701802043927, 13.203620714730654 ], [ 80.304960172708277, 13.203389036351485 ], [ 80.30402310140785, 13.203195101545614 ], [ 80.30329992436647, 13.203346245451666 ], [ 80.302712830412531, 13.20372742510286 ], [ 80.302419227740018, 13.203937152412104 ], [ 80.302066588685378, 13.204299830584967 ], [ 80.301713514846085, 13.204815616361319 ], [ 80.301185123999332, 13.205158675047905 ], [ 80.30012953886181, 13.20542373463317 ], [ 80.299387638234919, 13.205287733303173 ], [ 80.296868388479098, 13.205070297884177 ], [ 80.296536588542395, 13.204973691925346 ], [ 80.296048410779335, 13.204914933528647 ], [ 80.295462070511931, 13.205028154455459 ], [ 80.295188104113208, 13.20519964916447 ], [ 80.294738827893539, 13.205198411658976 ], [ 80.293977453587942, 13.205043202182566 ], [ 80.293371468063611, 13.205194640546789 ], [ 80.292452502307711, 13.205498323338778 ], [ 80.291788133476416, 13.20557304145659 ], [ 80.291104674547014, 13.205494594210117 ], [ 80.290597350092, 13.205301800630521 ], [ 80.290168879752585, 13.204860420248636 ], [ 80.289798403749643, 13.204629726055726 ], [ 80.289485809793689, 13.204647997450964 ], [ 80.288860234707968, 13.204818509417585 ], [ 80.288468674346973, 13.205123643576483 ], [ 80.28823299504397, 13.205563180782809 ], [ 80.288173173534247, 13.205984068968945 ], [ 80.287996427307149, 13.206308936952835 ], [ 80.287838160323759, 13.206997493156607 ], [ 80.287757583239411, 13.207839376675633 ], [ 80.287657916955268, 13.208528097351307 ], [ 80.287207469332472, 13.208928758234341 ], [ 80.286542924431359, 13.20906087803964 ], [ 80.286035041224238, 13.209059461271289 ], [ 80.285254349546761, 13.208827616641079 ], [ 80.284649967515193, 13.208424012729122 ], [ 80.283536532670013, 13.208420897579735 ], [ 80.282890851491544, 13.208782726901408 ], [ 80.282577022352086, 13.20922203975787 ], [ 80.282087051551727, 13.209775690842525 ], [ 80.281441083810705, 13.210233208172873 ], [ 80.281069096841449, 13.21051924516294 ], [ 80.280463035858588, 13.210689790634236 ], [ 80.279895480262084, 13.211051830855283 ], [ 80.279015208538752, 13.211470405166335 ], [ 80.277937791644874, 13.212500860030476 ], [ 80.277076088996793, 13.213244838942524 ], [ 80.276390245938614, 13.213970173214729 ], [ 80.275567319968076, 13.214809949558061 ], [ 80.27472485294517, 13.215649667041564 ], [ 80.273844046724264, 13.216240469884065 ], [ 80.273139842101699, 13.216563827910052 ], [ 80.272416034442955, 13.216710958232333 ], [ 80.272117509901022, 13.217253780648287 ], [ 80.271524475388105, 13.218332112659279 ], [ 80.271472250032417, 13.218970564712931 ], [ 80.271177695145724, 13.219486471649894 ], [ 80.270980528415592, 13.220098348733595 ], [ 80.270764736016346, 13.220403953512363 ], [ 80.270509417744591, 13.220862554540144 ], [ 80.270332522397155, 13.221225685039979 ], [ 80.270193217052807, 13.222086530261601 ], [ 80.270230864548026, 13.222565106077523 ], [ 80.27032717382798, 13.223024710463198 ], [ 80.270521044639338, 13.223522870537154 ], [ 80.270987952991391, 13.224174918755121 ], [ 80.2716113730188, 13.224750858192564 ], [ 80.272429694225195, 13.225480460737778 ], [ 80.272877529547159, 13.225979341618908 ], [ 80.27295402558515, 13.226534582964531 ], [ 80.272951643253023, 13.227338401913082 ], [ 80.27300741336083, 13.228295497882534 ], [ 80.272576101650202, 13.228811016059776 ], [ 80.272477231273385, 13.229212647526358 ], [ 80.272337870233486, 13.23009263124475 ], [ 80.272335712480157, 13.230819896956659 ], [ 80.272393467864717, 13.231107142804811 ], [ 80.272547738243404, 13.2317870067659 ], [ 80.272618867745919, 13.23250491152773 ], [ 80.272690423948177, 13.233079276488038 ], [ 80.272982610875829, 13.233367189510014 ], [ 80.27316395108727, 13.233977752419831 ], [ 80.273235296185433, 13.234623886700188 ], [ 80.273086329460213, 13.235448819760521 ], [ 80.272936402435931, 13.236596715961207 ], [ 80.272094440266201, 13.236414892461159 ], [ 80.272140894844497, 13.236395886284027 ], [ 80.272139704576745, 13.235151866461708 ], [ 80.272192706975119, 13.233750107023436 ], [ 80.272210000442669, 13.232860205236692 ], [ 80.272099203133848, 13.232343144324405 ], [ 80.271912209824308, 13.231170365178755 ], [ 80.271840357177965, 13.230696477679437 ], [ 80.271783271038316, 13.230184352946274 ], [ 80.271720803091753, 13.229839678444504 ], [ 80.271809636591897, 13.229528926965253 ], [ 80.27213915660441, 13.228754747795428 ], [ 80.272423940515779, 13.228243597524729 ], [ 80.272620444289259, 13.227856598026364 ], [ 80.272694709810409, 13.227517096292891 ], [ 80.272594858473326, 13.226602938879886 ], [ 80.272391312806334, 13.226071259879003 ], [ 80.272340396296059, 13.22589538029071 ], [ 80.271895023256278, 13.225443052697708 ], [ 80.27151525058845, 13.225049626491202 ], [ 80.270989435211618, 13.224497890229596 ], [ 80.270595072106943, 13.224085281336256 ], [ 80.27011318614413, 13.223543237560216 ], [ 80.269909192217852, 13.223164665131739 ], [ 80.269817668263443, 13.222738567453998 ], [ 80.26969820850033, 13.221853060066699 ], [ 80.269969603022389, 13.220916037575812 ], [ 80.270029105630172, 13.220614771867673 ], [ 80.269391658409631, 13.221474193804459 ], [ 80.269141947421886, 13.221688791711534 ], [ 80.268525243199562, 13.222141572264976 ], [ 80.267864738920593, 13.222541595145165 ], [ 80.267458545003635, 13.222822727506115 ], [ 80.267184097107915, 13.223142514101383 ], [ 80.267002769472867, 13.223352520304894 ], [ 80.266980614323018, 13.223779875308939 ], [ 80.266922070217646, 13.224208745936624 ], [ 80.266642408500019, 13.224638564634354 ], [ 80.266407042709048, 13.224953679064159 ], [ 80.265981679642238, 13.225110352016102 ], [ 80.265276565924594, 13.225725549413374 ], [ 80.264585882743674, 13.22641255632278 ], [ 80.264173317076413, 13.227186485833681 ], [ 80.264157804069768, 13.227473522590399 ], [ 80.264169527982531, 13.228449629200142 ], [ 80.264167159125108, 13.229239092556886 ], [ 80.264106700709888, 13.229856142163257 ], [ 80.26386981946105, 13.230673639124937 ], [ 80.263486288242035, 13.23153377502026 ], [ 80.263177392650135, 13.231934795994423 ], [ 80.262663070319036, 13.232435703790342 ], [ 80.262485525489666, 13.232195956975731 ], [ 80.262461067957716, 13.232208446090269 ], [ 80.262901772452977, 13.231826944539041 ], [ 80.263220306069584, 13.231469011927969 ], [ 80.263490754665639, 13.230859747441308 ], [ 80.263737534450598, 13.229999217402884 ], [ 80.263800988747334, 13.229197967695502 ], [ 80.263889400937614, 13.228217364010249 ], [ 80.26397845721992, 13.22702145240045 ], [ 80.264162641497578, 13.226675093539832 ], [ 80.264383632447348, 13.226269032115113 ], [ 80.264604372767153, 13.225946701363073 ], [ 80.264959882837474, 13.225469256778089 ], [ 80.265424847235295, 13.225135665900664 ], [ 80.265730549316359, 13.224981041898076 ], [ 80.266158919044429, 13.224635383230554 ], [ 80.266428456748784, 13.224325153310911 ], [ 80.266540022117212, 13.223763273883961 ], [ 80.266762758493599, 13.222771091830941 ], [ 80.266922766411994, 13.222340929660493 ], [ 80.267142714417716, 13.222281752187115 ], [ 80.267827722940979, 13.221853093297771 ], [ 80.269174489791382, 13.220600967775118 ], [ 80.269897042503644, 13.219861406581096 ], [ 80.270387225306422, 13.21925275847518 ], [ 80.270767843288894, 13.218536141326602 ], [ 80.270952579132128, 13.217998391335348 ], [ 80.271493474527645, 13.216755913851802 ], [ 80.271738471156766, 13.216481492574243 ], [ 80.272019918725178, 13.216266983659711 ], [ 80.272594595266952, 13.215981536713961 ], [ 80.272863336165656, 13.21593445411014 ], [ 80.273951674776782, 13.215351421563128 ], [ 80.274465831817864, 13.2148863727777 ], [ 80.274968096961189, 13.214313634437199 ], [ 80.275446294441409, 13.213621209827958 ], [ 80.275679851923741, 13.213083593301759 ], [ 80.276928014298633, 13.212118223980356 ], [ 80.27765006215769, 13.211534138989542 ], [ 80.27834912931516, 13.210459554963181 ], [ 80.279415293911811, 13.209098920890259 ], [ 80.280323190626746, 13.20758233587175 ], [ 80.280702195235008, 13.207264964516936 ], [ 80.280703241772287, 13.207265436776533 ], [ 80.280759001998632, 13.207218827374543 ], [ 80.280757976122572, 13.207218253666497 ], [ 80.281020799818492, 13.206998170062775 ], [ 80.281111368863762, 13.205252010071719 ], [ 80.281434107494192, 13.203434730811249 ], [ 80.281411579543516, 13.202788732550582 ], [ 80.281425676805256, 13.202142838404585 ], [ 80.28136575378592, 13.201759894012602 ], [ 80.281196095266424, 13.201328794867614 ], [ 80.281173707452908, 13.200634950721119 ], [ 80.281347316763018, 13.199714383362517 ], [ 80.281684290097459, 13.198870829363617 ], [ 80.282213279222205, 13.198326856221378 ], [ 80.282829660949346, 13.197955376070858 ], [ 80.283797858874337, 13.197508323817921 ], [ 80.28424283845203, 13.197450946352047 ], [ 80.285468576182481, 13.197292893906392 ], [ 80.286221015844234, 13.197151450716875 ], [ 80.28691457722735, 13.19710553555935 ], [ 80.287236817292793, 13.197125571567646 ], [ 80.287568435769828, 13.197279604503395 ], [ 80.288260390965192, 13.197788707503548 ], [ 80.289118104195083, 13.198393962382655 ], [ 80.289420370220199, 13.198567050872516 ], [ 80.289917001130064, 13.199075608073201 ], [ 80.290666435927236, 13.199977209929335 ], [ 80.292429764151251, 13.201522765263816 ], [ 80.293959508841823, 13.202790151979046 ], [ 80.294591848241708, 13.203662712349502 ], [ 80.295147651179349, 13.203980035037899 ], [ 80.296436267386397, 13.204194106098571 ], [ 80.296445431998961, 13.204404658596429 ], [ 80.297168615328545, 13.204253535460493 ], [ 80.297490920971015, 13.204254419646285 ], [ 80.299258417377956, 13.204364528301884 ], [ 80.300331189083522, 13.204922488880111 ], [ 80.300907597577151, 13.204866647139966 ], [ 80.301563337191823, 13.204389965028833 ], [ 80.302210584133803, 13.203463495367863 ], [ 80.303286859268979, 13.202786996527491 ], [ 80.30590373613326, 13.203014201177668 ], [ 80.306284857172315, 13.20293867854682 ], [ 80.306158456127022, 13.202737378621004 ], [ 80.305348868341824, 13.20236197484958 ], [ 80.305291782202147, 13.201825930501025 ], [ 80.302379427881348, 13.19903330531031 ], [ 80.302333472766364, 13.198018818685455 ], [ 80.302754549072674, 13.197627618702374 ], [ 80.302971529943008, 13.196881792296134 ], [ 80.302410689253236, 13.194899391237565 ], [ 80.301821155474983, 13.192706381962537 ], [ 80.300380684459029, 13.190960814259514 ], [ 80.299720661677071, 13.189523594962564 ], [ 80.299285459362949, 13.188020002530145 ], [ 80.298109018480346, 13.186169882193822 ], [ 80.296578174251849, 13.185314005095606 ], [ 80.29555213290736, 13.185521714686761 ], [ 80.29575417838781, 13.185174477419942 ], [ 80.295836066114177, 13.18503374266926 ], [ 80.296137193075509, 13.184516217471586 ], [ 80.296151437660953, 13.184491738152065 ], [ 80.296347097916382, 13.18415546825206 ], [ 80.296931501416012, 13.1847025297826 ], [ 80.297652852182424, 13.185173410366632 ], [ 80.298608262589397, 13.185759761580796 ], [ 80.299104780311538, 13.186306578999552 ], [ 80.299503883825949, 13.18676700293949 ], [ 80.300077609950151, 13.187639389622932 ], [ 80.300476226577715, 13.188272061073347 ], [ 80.301234621171474, 13.189460741384849 ], [ 80.301983445114246, 13.19058240820986 ], [ 80.302644760571866, 13.191569860870166 ], [ 80.302701568233815, 13.192201599436883 ], [ 80.302868345856211, 13.193859232727164 ], [ 80.304045874598629, 13.196954066816758 ], [ 80.304397345843427, 13.197254376063174 ], [ 80.305078399982833, 13.19784446165384 ], [ 80.30544723296714, 13.198658866636272 ], [ 80.306009969102135, 13.199980975000033 ], [ 80.306496250521619, 13.200709569750378 ], [ 80.306895067473462, 13.201284817681493 ], [ 80.308383506728973, 13.203374982032479 ], [ 80.310153788811604, 13.205973079255527 ], [ 80.310755821748742, 13.207228298804548 ], [ 80.311134532607895, 13.208014014299495 ], [ 80.311736709275465, 13.209221384721564 ], [ 80.311930844191508, 13.209652532025036 ], [ 80.312542715477605, 13.210888635286427 ], [ 80.312843514553862, 13.211597582449047 ], [ 80.313465322105301, 13.212776294998383 ], [ 80.314155319871688, 13.2140221736831 ], [ 80.315059189439197, 13.215632263123952 ], [ 80.315992212930965, 13.217299845057589 ], [ 80.316779189222146, 13.218804352996489 ], [ 80.317478853759283, 13.220098097749588 ], [ 80.318314393873038, 13.221707994049732 ], [ 80.318415899906867, 13.221882411867039 ], [ 80.318415827143326, 13.221883730616673 ], [ 80.318549092215733, 13.222112720710685 ], [ 80.318549105690465, 13.222111301394634 ], [ 80.31865463797341, 13.222292637974915 ], [ 80.318945912212698, 13.222924997522608 ], [ 80.319859241938474, 13.224669069554894 ], [ 80.320480185310643, 13.226182694905559 ], [ 80.320790846092066, 13.22687252073918 ], [ 80.320947130493636, 13.226872936119303 ], [ 80.321044437801859, 13.227007166829916 ], [ 80.321843544044299, 13.227679150906225 ], [ 80.322701208765196, 13.228370425014809 ], [ 80.323561333971654, 13.228977397599287 ], [ 80.323560603641312, 13.228978320172493 ], [ 80.323575562387404, 13.228988876857995 ], [ 80.323576353803176, 13.228987997134215 ], [ 80.324144054926748, 13.22938860779624 ], [ 80.325742673450193, 13.230598583278999 ], [ 80.326893241055984, 13.231348033620947 ], [ 80.327302760536128, 13.231617057568343 ], [ 80.327556360330703, 13.231751697540075 ], [ 80.328063876126919, 13.231906144103155 ], [ 80.328376137706186, 13.232021798383949 ], [ 80.328766647936618, 13.232099380997559 ], [ 80.329411231373783, 13.232139351074716 ], [ 80.330387927361372, 13.232180191238468 ], [ 80.330308528866681, 13.232639317527031 ], [ 80.330463405608185, 13.23315647400168 ], [ 80.330696794207213, 13.233539864054983 ], [ 80.331137760112185, 13.233919407633415 ], [ 80.331691363075706, 13.23419319191577 ], [ 80.331749032222007, 13.234537843644691 ] ], [ [ 80.292455206236752, 13.204997491407052 ], [ 80.293298353284314, 13.204736661624498 ], [ 80.293652744053773, 13.204618022636932 ], [ 80.293872361479501, 13.204666475241924 ], [ 80.294287418175045, 13.204679581459194 ], [ 80.294556074632126, 13.204656398514196 ], [ 80.294751410595723, 13.204656936371144 ], [ 80.294568695063546, 13.204512892117673 ], [ 80.294324833006627, 13.204404563268858 ], [ 80.294007548946595, 13.204355842120348 ], [ 80.293678227461768, 13.204247277943704 ], [ 80.293398050111165, 13.204031191928731 ], [ 80.293117530502442, 13.203934723740346 ], [ 80.292960092664075, 13.203491703695642 ], [ 80.292863457295709, 13.203132582946335 ], [ 80.292876251101973, 13.202929268170335 ], [ 80.29293767161289, 13.202797857822388 ], [ 80.292511615046678, 13.202366057353286 ], [ 80.292097493497323, 13.202029982586417 ], [ 80.291963511569321, 13.201921956113381 ], [ 80.291609984080836, 13.201741551560756 ], [ 80.291317224028077, 13.201657009045872 ], [ 80.290855030932903, 13.20105764115821 ], [ 80.290732392032027, 13.20092082316515 ], [ 80.290564066612419, 13.200351090350113 ], [ 80.290076701824674, 13.200014810782658 ], [ 80.288798047035755, 13.198898817826418 ], [ 80.288371832366067, 13.198526819041433 ], [ 80.288019006461809, 13.198107176535977 ], [ 80.287739084232769, 13.197807353734484 ], [ 80.287081089846723, 13.197374898996266 ], [ 80.286384634091775, 13.197576309166442 ], [ 80.285944653638666, 13.197742548455482 ], [ 80.285150635453988, 13.197907798472057 ], [ 80.284307782155494, 13.198072909317405 ], [ 80.28347727709891, 13.198190203745046 ], [ 80.282805058788639, 13.198451481310045 ], [ 80.282132838681747, 13.198712755971858 ], [ 80.281986096185165, 13.198796076835754 ], [ 80.281703978473544, 13.199249833038657 ], [ 80.281531630398092, 13.199739781217577 ], [ 80.28151795264958, 13.200242136079812 ], [ 80.281576302718847, 13.201163354758291 ], [ 80.281648538945774, 13.201510447744186 ], [ 80.281744178082519, 13.202204497552025 ], [ 80.281644518086566, 13.202886037281029 ], [ 80.281557836051547, 13.203304455925814 ], [ 80.281702938224441, 13.203783333570572 ], [ 80.281713294901351, 13.204417334541736 ], [ 80.281684540727426, 13.205900510927842 ], [ 80.281523486271695, 13.206701496085477 ], [ 80.28108198137754, 13.207382075246437 ], [ 80.280174335292585, 13.208814933053791 ], [ 80.279549165347035, 13.209674419292766 ], [ 80.279308308154725, 13.210349469170961 ], [ 80.280229145101345, 13.210109347326931 ], [ 80.281478219266234, 13.20882098930719 ], [ 80.282029289878963, 13.2082483731628 ], [ 80.282431966891579, 13.208321272247472 ], [ 80.283421604907488, 13.208072848910962 ], [ 80.283558349154987, 13.208070839190682 ], [ 80.284668887831728, 13.208229447872606 ], [ 80.285559183855284, 13.208554903190064 ], [ 80.285803913684774, 13.208364197830818 ], [ 80.286097061809741, 13.2083171688541 ], [ 80.286757825701827, 13.207804656055099 ], [ 80.287272534308471, 13.207136230892218 ], [ 80.287506162757694, 13.206562716124086 ], [ 80.287789042240661, 13.205845798468177 ], [ 80.288010182310785, 13.205367942857693 ], [ 80.288231011563809, 13.204997742406618 ], [ 80.288475736901717, 13.204807035143455 ], [ 80.288928490499856, 13.204449439820461 ], [ 80.289405245285764, 13.20423545206736 ], [ 80.289625033391388, 13.204224100205058 ], [ 80.290039293281311, 13.20451233152173 ], [ 80.290685207123389, 13.204908861436211 ], [ 80.291123885917671, 13.205197158411337 ], [ 80.291746625920396, 13.205162997134957 ], [ 80.292455206236752, 13.204997491407052 ] ] ] } }
]
}
