{
"type": "FeatureCollection",
"name": "zones",
"crs": { "type": "name", "properties": { "name": "urn:ogc:def:crs:OGC:1.3:CRS84" } },
"features": [
{ "type": "Feature", "properties": { "objectid": 1, "zone": "01", "st_area(shape)": 25383641.738576293, "st_perimeter(shape)": 30761.298809585158 }, "geometry": { "type": "Polygon", "coordinates": [ [ [ 80.318932649029904, 13.188654247209653 ], [ 80.319189088402311, 13.189483484919988 ], [ 80.320587333418558, 13.194814599253672 ], [ 80.321023243643197, 13.196476579172998 ], [ 80.321155815555201, 13.197020120986604 ], [ 80.321904477461146, 13.200089608590897 ], [ 80.32227339005216, 13.201638306273663 ], [ 80.322952036120057, 13.20448724655982 ], [ 80.323472926098248, 13.206428500781644 ], [ 80.323476341164806, 13.206437385439173 ], [ 80.323712600064383, 13.207334251422857 ], [ 80.323800344927093, 13.207665843765049 ], [ 80.32441360434035, 13.209944691989669 ], [ 80.325156391404747, 13.212575602689414 ], [ 80.325308684452992, 13.213115005353224 ], [ 80.325817521221083, 13.214705569141424 ], [ 80.326125404387284, 13.215664568601325 ], [ 80.326489840380816, 13.216799708367592 ], [ 80.326767891771325, 13.217665773548818 ], [ 80.32684921535899, 13.217919076851247 ], [ 80.327382467128075, 13.219580008192521 ], [ 80.327410480406655, 13.219667262138449 ], [ 80.327562797099162, 13.22014594028461 ], [ 80.327581085131158, 13.220203413221546 ], [ 80.328977570971475, 13.224591982448469 ], [ 80.329298124561333, 13.225772317411048 ], [ 80.329719929383089, 13.227325458804639 ], [ 80.329845050225558, 13.227730333221862 ], [ 80.330271037546765, 13.229108773425745 ], [ 80.330481686719764, 13.229551855328674 ], [ 80.330893900310329, 13.23068274824756 ], [ 80.33149353038425, 13.232327801574645 ], [ 80.331074538764469, 13.232936355336458 ], [ 80.331379552288951, 13.233849210200821 ], [ 80.327329355579252, 13.235049055200307 ], [ 80.326041095017018, 13.234092762309716 ], [ 80.323759171102608, 13.232398842738268 ], [ 80.322736091226332, 13.23217730860425 ], [ 80.317793131744835, 13.231106946589213 ], [ 80.317712716998358, 13.229647903732427 ], [ 80.316528478198947, 13.227103014048897 ], [ 80.316308371046276, 13.226623695137778 ], [ 80.313582019656934, 13.220686542939136 ], [ 80.313246541588754, 13.2200695390116 ], [ 80.312774851165571, 13.219202010628944 ], [ 80.311481891745743, 13.216823974323265 ], [ 80.310054316098672, 13.214198297358932 ], [ 80.30828321073848, 13.210940692426723 ], [ 80.308812853946947, 13.207088964641272 ], [ 80.30688557795014, 13.202877835625946 ], [ 80.304230483433358, 13.197744652950272 ], [ 80.304977614626424, 13.197659524121162 ], [ 80.304074734906223, 13.197031363923433 ], [ 80.3034285084115, 13.19533292818422 ], [ 80.302551648667347, 13.193028308447865 ], [ 80.302549664912888, 13.192217828979945 ], [ 80.302548624081808, 13.19179273471784 ], [ 80.300417508252934, 13.189913643578921 ], [ 80.299959326402188, 13.188615852569386 ], [ 80.299928827359309, 13.188529466307564 ], [ 80.299624256438051, 13.187666766554129 ], [ 80.298755049445361, 13.187902883626315 ], [ 80.298751247995966, 13.187897216565716 ], [ 80.298730634345816, 13.187902816821895 ], [ 80.297734085941443, 13.186417318401697 ], [ 80.29726641512778, 13.185720181743919 ], [ 80.295660107038557, 13.183325699603078 ], [ 80.29411500645331, 13.180832961422032 ], [ 80.293999089542353, 13.180645949094449 ], [ 80.29395158295506, 13.180569302417467 ], [ 80.293899127428219, 13.180484673415782 ], [ 80.293776779034204, 13.180526757792084 ], [ 80.29372336925195, 13.180545129548888 ], [ 80.293683276119097, 13.180558920240925 ], [ 80.293457840602471, 13.180636465201948 ], [ 80.290981465259506, 13.181488263923255 ], [ 80.290860062963404, 13.181514555872221 ], [ 80.286278715869088, 13.181797548810271 ], [ 80.286759611052474, 13.17593565534445 ], [ 80.286768268442614, 13.175830122650908 ], [ 80.28682360530064, 13.175155568912153 ], [ 80.286832190886685, 13.175050908557267 ], [ 80.286838321090983, 13.174976189258853 ], [ 80.286957333905221, 13.17352543057255 ], [ 80.284738369605094, 13.168385294764873 ], [ 80.282664577555849, 13.163581247049299 ], [ 80.279355023020713, 13.160561559645766 ], [ 80.278892970728961, 13.160190337902065 ], [ 80.278426412555817, 13.160187416932773 ], [ 80.277630837562299, 13.160294654730631 ], [ 80.277606878455359, 13.159838779595225 ], [ 80.27643225655865, 13.160087630980527 ], [ 80.271868659844671, 13.160914580828493 ], [ 80.269787306186103, 13.161226189898709 ], [ 80.269115535233212, 13.161361556965907 ], [ 80.269115434955324, 13.161358967068805 ], [ 80.269120274177567, 13.16135034669483 ], [ 80.269133763150634, 13.161326317253829 ], [ 80.269183522619784, 13.161237673359613 ], [ 80.269041830077526, 13.161261266441329 ], [ 80.26901495826155, 13.161265739846876 ], [ 80.269000459349698, 13.161268154361089 ], [ 80.268933307954839, 13.161279335226116 ], [ 80.268715398679504, 13.161315617575639 ], [ 80.268624012860315, 13.161330832568904 ], [ 80.268573992237421, 13.161339162382875 ], [ 80.268513372061577, 13.161349255911583 ], [ 80.268433286439134, 13.161362590657664 ], [ 80.268406548005842, 13.161111874639149 ], [ 80.268377031727269, 13.16088592742266 ], [ 80.268348125360617, 13.160664653909407 ], [ 80.268322256732461, 13.160466630448358 ], [ 80.267522360973942, 13.154343355349654 ], [ 80.267552050585863, 13.15385815624284 ], [ 80.267599816214073, 13.153077544163258 ], [ 80.266969999675425, 13.15144448115848 ], [ 80.266155486824374, 13.149310798576796 ], [ 80.266317470631989, 13.149178006346327 ], [ 80.268301116398405, 13.149224348803573 ], [ 80.26832162445487, 13.148318174395639 ], [ 80.268071855897745, 13.148240266665697 ], [ 80.267652267588346, 13.146828461625415 ], [ 80.267119243813383, 13.146229640387766 ], [ 80.266485863694228, 13.146135368056029 ], [ 80.266568667743655, 13.145414031704236 ], [ 80.265826914207096, 13.145393636883131 ], [ 80.265794093438174, 13.145392734792715 ], [ 80.265764202449333, 13.145237189444906 ], [ 80.265335830398215, 13.143008095341262 ], [ 80.264997404551011, 13.141364106127979 ], [ 80.26502008423374, 13.14136503988755 ], [ 80.273191133740667, 13.141701471561099 ], [ 80.278525874091159, 13.141923092207614 ], [ 80.278555908554466, 13.141923248817607 ], [ 80.278589362613602, 13.14192359404961 ], [ 80.278744480555005, 13.141925192923434 ], [ 80.278751875249981, 13.141930278978533 ], [ 80.278753863252106, 13.141930361411825 ], [ 80.279565600022096, 13.142490018655375 ], [ 80.28031963731145, 13.142963120452801 ], [ 80.283611698816145, 13.145028596014349 ], [ 80.283776030308786, 13.145131697549424 ], [ 80.284037115614211, 13.145304461142462 ], [ 80.284366720986682, 13.145804941029068 ], [ 80.284414415157244, 13.14587736080675 ], [ 80.286170692257159, 13.146089245715059 ], [ 80.286652862388763, 13.146146427559 ], [ 80.287076909305966, 13.146031465175126 ], [ 80.28738464516583, 13.145984779369781 ], [ 80.289149636328645, 13.145087935276752 ], [ 80.289351585883509, 13.144985318233564 ], [ 80.289620306866624, 13.144848771029936 ], [ 80.289748497360264, 13.144783633211388 ], [ 80.289809832188283, 13.144752466748898 ], [ 80.290098110582448, 13.144605979841003 ], [ 80.290237526242052, 13.144573339835027 ], [ 80.290385093260909, 13.14453878997913 ], [ 80.290589743021684, 13.14449087707767 ], [ 80.290590719156725, 13.144490879771364 ], [ 80.290984328424685, 13.144389519895837 ], [ 80.291440841789637, 13.14429411966009 ], [ 80.291458294805537, 13.144291997685485 ], [ 80.29167808831312, 13.144265283896406 ], [ 80.291737358404859, 13.144258079779478 ], [ 80.291737423014354, 13.144258070915503 ], [ 80.291797285634289, 13.144250796081087 ], [ 80.292101658752486, 13.144219444894905 ], [ 80.292295391577881, 13.144201094988905 ], [ 80.292367210098121, 13.144194292373793 ], [ 80.29250809105055, 13.144181073728886 ], [ 80.292849556427981, 13.144150070570927 ], [ 80.29285499759844, 13.144149599982764 ], [ 80.292883700178095, 13.144147813569099 ], [ 80.292939688652609, 13.144144074984059 ], [ 80.292941580177882, 13.144148860688968 ], [ 80.293109801771919, 13.1445744236437 ], [ 80.293168388379115, 13.144574584736416 ], [ 80.293358835939216, 13.144560754141249 ], [ 80.2943623698811, 13.144480974438139 ], [ 80.296711920062577, 13.144268802651084 ], [ 80.296713373905305, 13.144272767929055 ], [ 80.296825571867672, 13.144255078547769 ], [ 80.296790470013008, 13.144153489684578 ], [ 80.296732359255714, 13.143985307733688 ], [ 80.296731611036364, 13.143973310567809 ], [ 80.296732798395951, 13.143961347631203 ], [ 80.296735758585726, 13.143950195186553 ], [ 80.296735885429825, 13.143949715403272 ], [ 80.296736087856829, 13.143949261144343 ], [ 80.296740793823716, 13.143938699396934 ], [ 80.296747406539026, 13.143928575977194 ], [ 80.296755556792874, 13.143919594246885 ], [ 80.296791600783052, 13.143898664762219 ], [ 80.296819154762346, 13.143887444861004 ], [ 80.296847531110046, 13.143878384627572 ], [ 80.297225578199232, 13.1437974073806 ], [ 80.29726571980396, 13.143789348563638 ], [ 80.297652630154118, 13.143711680765845 ], [ 80.297903346436101, 13.143666160943004 ], [ 80.298145786448089, 13.143601889573862 ], [ 80.298145773747294, 13.143601813586347 ], [ 80.298189349179765, 13.143590882309585 ], [ 80.298283581643048, 13.14356724241598 ], [ 80.298459543384922, 13.14352309762732 ], [ 80.299210428272161, 13.143360435420261 ], [ 80.299625705309467, 13.143270473347251 ], [ 80.299734728048392, 13.143236792265547 ], [ 80.299734646724971, 13.143236513550224 ], [ 80.299839201850105, 13.143204213627424 ], [ 80.29988389430072, 13.143190407027184 ], [ 80.301932982204875, 13.146870260973339 ], [ 80.302385006182746, 13.147589198588443 ], [ 80.302406692052571, 13.147689737675249 ], [ 80.30255206658201, 13.14807769621739 ], [ 80.302769904788065, 13.148738580874845 ], [ 80.303031321093925, 13.149528772162753 ], [ 80.303315488965822, 13.150424161757725 ], [ 80.307583260217086, 13.149139986038147 ], [ 80.308527998951348, 13.151984552420544 ], [ 80.308530870038993, 13.15199319708117 ], [ 80.30863698055596, 13.152312688405875 ], [ 80.308924988733096, 13.153137285869438 ], [ 80.308695655898021, 13.15319544561253 ], [ 80.308912057548895, 13.15314091762354 ], [ 80.309240595319636, 13.154130104396422 ], [ 80.309371772856835, 13.154525062415983 ], [ 80.309606624332943, 13.155256570698075 ], [ 80.309609753873048, 13.155266192580379 ], [ 80.309639313880197, 13.155357084607061 ], [ 80.309863621334316, 13.156046785708984 ], [ 80.309879190852413, 13.156043391574084 ], [ 80.309942895872311, 13.156290539056412 ], [ 80.310958024818603, 13.159411805931821 ], [ 80.311111467043744, 13.160283530602088 ], [ 80.311180611818216, 13.160552740448729 ], [ 80.311570884914161, 13.16207222169044 ], [ 80.311622210418321, 13.162272050385644 ], [ 80.311716506058588, 13.162639174785991 ], [ 80.311714520016565, 13.162639644167573 ], [ 80.31175838802119, 13.162833015835323 ], [ 80.311801890666487, 13.162991028623805 ], [ 80.311841962556528, 13.163127623432597 ], [ 80.311933573368904, 13.163484293419854 ], [ 80.31196385964715, 13.163602207405209 ], [ 80.312715249128644, 13.166598298657004 ], [ 80.312867792005832, 13.167206541049785 ], [ 80.312847645665698, 13.167210732339017 ], [ 80.313057796918201, 13.167964160032382 ], [ 80.31313805838623, 13.16828418813445 ], [ 80.313185849403013, 13.16847474896468 ], [ 80.314653196549855, 13.17297618559421 ], [ 80.314727036381285, 13.173241472931718 ], [ 80.314955697588744, 13.174062986195093 ], [ 80.315085768353981, 13.174687665436018 ], [ 80.315764560043661, 13.177947614833005 ], [ 80.316135026782987, 13.178994648770507 ], [ 80.316946830944119, 13.181626065446981 ], [ 80.317077919426609, 13.182086725287391 ], [ 80.317241650890779, 13.182662094845593 ], [ 80.317621308315978, 13.183863490321166 ], [ 80.318566711732515, 13.187470926960712 ], [ 80.318932649029904, 13.188654247209653 ] ] ] } },
{ "type": "Feature", "properties": { "objectid": 2, "zone": "02", "st_area(shape)": 42253712.911889859, "st_perimeter(shape)": 44282.626424865193 }, "geometry": { "type": "Polygon", "coordinates": [ [ [ 80.283867172078374, 13.227406238962761 ], [ 80.283468625396083, 13.227293433411766 ], [ 80.283052903938639, 13.227208800718111 ], [ 80.28200729728124, 13.227102793057854 ], [ 80.281630382673569, 13.226965195568971 ], [ 80.280872326429048, 13.227122718715453 ], [ 80.280032972743641, 13.226725043178647 ], [ 80.279793051640539, 13.226823130257932 ], [ 80.278291966005, 13.226610053208766 ], [ 80.277845954650275, 13.226426571806757 ], [ 80.277460812281817, 13.22638635176785 ], [ 80.277096347226731, 13.226306760581734 ], [ 80.275999652847361, 13.226334560806027 ], [ 80.275531305325643, 13.226217922309552 ], [ 80.273925778786037, 13.226426243744102 ], [ 80.273435099448974, 13.226568762129585 ], [ 80.273203101669537, 13.226299482078616 ], [ 80.2730930538591, 13.226373283797706 ], [ 80.270533431662543, 13.224752910547727 ], [ 80.269657500210826, 13.224623740603336 ], [ 80.269163345110059, 13.224653401681158 ], [ 80.269056818442124, 13.224543314012982 ], [ 80.268826942560068, 13.224589707015465 ], [ 80.268420965893426, 13.224567635194488 ], [ 80.268117374676933, 13.224350467778697 ], [ 80.268100607865946, 13.224224549366397 ], [ 80.267826218059341, 13.224224711214939 ], [ 80.267794820361033, 13.224005055158502 ], [ 80.267159047328619, 13.224003233378513 ], [ 80.266809886648346, 13.223568980869526 ], [ 80.267249072202389, 13.222583679011347 ], [ 80.268212716543758, 13.222068745288436 ], [ 80.268850748595909, 13.221428720692193 ], [ 80.26990511836965, 13.220417791129979 ], [ 80.270315018144402, 13.22053269924071 ], [ 80.272416030167221, 13.216712393684841 ], [ 80.272098550281981, 13.214383656561262 ], [ 80.271898054326513, 13.214107960594708 ], [ 80.271635669981734, 13.212690335724227 ], [ 80.271562688010349, 13.21244094558242 ], [ 80.271821138311395, 13.212408848319185 ], [ 80.271363890556884, 13.210229604562299 ], [ 80.271153323013976, 13.208891906151475 ], [ 80.270834781538738, 13.208954934078532 ], [ 80.270465663052505, 13.207467818825448 ], [ 80.270123974846882, 13.205543606708281 ], [ 80.27039303966005, 13.205552656170775 ], [ 80.270073269838051, 13.20373713767453 ], [ 80.270073843562812, 13.203570692166032 ], [ 80.269075490924351, 13.20355991576379 ], [ 80.268267474388352, 13.203600462551874 ], [ 80.265518259966584, 13.203470298042001 ], [ 80.265506474099993, 13.203592331746105 ], [ 80.264717899664632, 13.203943901235705 ], [ 80.263786434794, 13.20403171914548 ], [ 80.26065209458784, 13.204990901174011 ], [ 80.259997409157549, 13.205028869691134 ], [ 80.25880027087716, 13.205143549282417 ], [ 80.25662026235112, 13.205397632174508 ], [ 80.256219353699038, 13.205593819387882 ], [ 80.255723016676413, 13.205913426886308 ], [ 80.25342324718315, 13.205680601016347 ], [ 80.250486682448127, 13.206030193129507 ], [ 80.249898491538303, 13.205585558415953 ], [ 80.250177410871103, 13.20437177058565 ], [ 80.249574571788756, 13.199576806119458 ], [ 80.249486535186946, 13.199578199162975 ], [ 80.249441596717247, 13.198536089584437 ], [ 80.247172392103181, 13.198513331765561 ], [ 80.244499850432177, 13.1988133552644 ], [ 80.243420877004809, 13.198959660874282 ], [ 80.24263622544234, 13.199016231188585 ], [ 80.240690953013456, 13.199218475166289 ], [ 80.238913768672475, 13.199386888161428 ], [ 80.238915368577906, 13.197688089558833 ], [ 80.238796981050754, 13.196327569919415 ], [ 80.233718289437775, 13.196865038866985 ], [ 80.22870711021524, 13.197586283357197 ], [ 80.228647888952821, 13.197521099601271 ], [ 80.228602153345193, 13.197470757942503 ], [ 80.228619951821372, 13.19738453974084 ], [ 80.22865635739322, 13.197279673626163 ], [ 80.228683495882308, 13.197187204892204 ], [ 80.22867464355393, 13.197006797141979 ], [ 80.228589179349868, 13.196946340986578 ], [ 80.228592028883781, 13.196875783433294 ], [ 80.228598860560396, 13.196706620331675 ], [ 80.228637335813659, 13.196512645873439 ], [ 80.228644908808917, 13.19635896101037 ], [ 80.228634612262951, 13.196285352929456 ], [ 80.228605448552841, 13.196208889577854 ], [ 80.228612073817573, 13.196166402934407 ], [ 80.228673987669168, 13.196095035877379 ], [ 80.228791247857316, 13.195927802057438 ], [ 80.228859108357582, 13.195828719717571 ], [ 80.229476361781209, 13.19548063264072 ], [ 80.229765120310176, 13.194795812894819 ], [ 80.230049064929176, 13.194141874218456 ], [ 80.230073764351133, 13.19410779921412 ], [ 80.230203582081046, 13.19367930569665 ], [ 80.23037362392877, 13.192928276450768 ], [ 80.230372814746019, 13.192860704303772 ], [ 80.230320144359624, 13.192394375608824 ], [ 80.230255865015124, 13.191752983569723 ], [ 80.230304231242044, 13.191598829753538 ], [ 80.230338424870823, 13.191309674740832 ], [ 80.230419423868994, 13.191259591114314 ], [ 80.230524986297127, 13.190843516597814 ], [ 80.230670557777458, 13.190682099203032 ], [ 80.230737568287935, 13.190512372409495 ], [ 80.230933352646147, 13.190089261771288 ], [ 80.231005166460378, 13.189951243692686 ], [ 80.231110237902996, 13.189814867920155 ], [ 80.231222064070309, 13.189718348944272 ], [ 80.231418946964453, 13.189648498090138 ], [ 80.231709676203508, 13.189552992813798 ], [ 80.23173769713118, 13.189394740446788 ], [ 80.231731611648883, 13.189288553690067 ], [ 80.231708021772278, 13.189170269804059 ], [ 80.231648216879265, 13.189067742168747 ], [ 80.2315077476227, 13.188957540237075 ], [ 80.231222714254287, 13.188776094251764 ], [ 80.231237734250342, 13.188680755018121 ], [ 80.231293552682047, 13.188634346073185 ], [ 80.231310329794809, 13.188541904591025 ], [ 80.231374379575868, 13.188433114362908 ], [ 80.231385066719028, 13.188042461584015 ], [ 80.231485486565106, 13.187879693839953 ], [ 80.231467535330395, 13.187383153732224 ], [ 80.231348408701606, 13.18733512242212 ], [ 80.231336961007287, 13.187196771264659 ], [ 80.231405727862338, 13.187140201895316 ], [ 80.23149752181196, 13.187064687440611 ], [ 80.231488086985109, 13.186990927366013 ], [ 80.231488933594207, 13.186894762570928 ], [ 80.231438403083061, 13.18660258815469 ], [ 80.231405144437772, 13.186544654927632 ], [ 80.231326077626605, 13.186451180046154 ], [ 80.231290953605608, 13.186323391093616 ], [ 80.231319715971864, 13.186104952051377 ], [ 80.231295199676836, 13.185897568738278 ], [ 80.231248834452643, 13.185695353319719 ], [ 80.231206014345887, 13.18552689091268 ], [ 80.231261828442271, 13.18545740710481 ], [ 80.231387005333005, 13.184702449549953 ], [ 80.230751013453613, 13.184615250033236 ], [ 80.230658262562159, 13.184665918908935 ], [ 80.230432186621144, 13.184639720588208 ], [ 80.230329327366775, 13.184310999057979 ], [ 80.229678417201654, 13.184154376749236 ], [ 80.229573938977836, 13.184129236570909 ], [ 80.229223107458708, 13.184446612416785 ], [ 80.228621080288377, 13.18496193923743 ], [ 80.228448052101598, 13.184927066712811 ], [ 80.228284584433254, 13.184904373290898 ], [ 80.228180883290293, 13.184893277769625 ], [ 80.228037531856131, 13.184740022617557 ], [ 80.227725024755244, 13.184464839405997 ], [ 80.227516490584378, 13.184471200439138 ], [ 80.227299058234792, 13.184707681107595 ], [ 80.226809245550442, 13.184793910088198 ], [ 80.22647016609082, 13.184811708622071 ], [ 80.226307056374125, 13.184886601845195 ], [ 80.226088258874228, 13.185031460800989 ], [ 80.225774499807727, 13.185038139228242 ], [ 80.225302141625406, 13.185166448079018 ], [ 80.225067604992319, 13.185236726651301 ], [ 80.224620613422402, 13.185381333760448 ], [ 80.224566974416106, 13.185357375186973 ], [ 80.224435215975163, 13.185361962240192 ], [ 80.224354365561268, 13.185424328728283 ], [ 80.22381401235296, 13.185378315731711 ], [ 80.223616034637658, 13.185146359032007 ], [ 80.223344879556578, 13.185013632575517 ], [ 80.223185836827042, 13.184984611905493 ], [ 80.223028830756306, 13.184977200974185 ], [ 80.222899954986758, 13.184960249286618 ], [ 80.222629465676832, 13.18491113308135 ], [ 80.222541201266083, 13.184510840073472 ], [ 80.221834810863555, 13.184486077681836 ], [ 80.221692558443692, 13.184270005284278 ], [ 80.22150846190317, 13.184204096421432 ], [ 80.221314395353488, 13.183856309591583 ], [ 80.221000937985124, 13.183684806582795 ], [ 80.220135009733042, 13.182527737005898 ], [ 80.219803815187618, 13.182058284651085 ], [ 80.21973051481028, 13.180781983998873 ], [ 80.219787081302471, 13.180744742823039 ], [ 80.220973409248657, 13.180581957404897 ], [ 80.223362298452585, 13.18016089466852 ], [ 80.223513588731308, 13.180122368031773 ], [ 80.223436919269929, 13.178393785904566 ], [ 80.223364199125058, 13.176854932412418 ], [ 80.222798905997763, 13.176907972966895 ], [ 80.220772096295946, 13.177454366448817 ], [ 80.219761686689779, 13.177803762565114 ], [ 80.219247817148585, 13.177835885901734 ], [ 80.218786651763182, 13.178015477404232 ], [ 80.218663527161468, 13.177987960549602 ], [ 80.218105851458105, 13.178159128133927 ], [ 80.21804691432402, 13.178225584938748 ], [ 80.21705508973983, 13.178689296410324 ], [ 80.216977803721576, 13.178695883410736 ], [ 80.216769579444048, 13.178552460790668 ], [ 80.216722283086554, 13.178428947806426 ], [ 80.216362730050221, 13.178273138276381 ], [ 80.216261568859977, 13.178123246553959 ], [ 80.215803504970381, 13.177881588668198 ], [ 80.215734419004434, 13.177772756123725 ], [ 80.215509851583377, 13.177648796647121 ], [ 80.215338275556846, 13.177616326998312 ], [ 80.215208455351004, 13.177433308381033 ], [ 80.214671753084332, 13.177186275808149 ], [ 80.214596903548085, 13.177176659387076 ], [ 80.214413691798867, 13.177027475976654 ], [ 80.214286039816301, 13.177008534746003 ], [ 80.214235066804733, 13.176865402003278 ], [ 80.214103300293971, 13.176824820034081 ], [ 80.213717396953726, 13.176983804188064 ], [ 80.213198277935291, 13.177410668096448 ], [ 80.212718171110254, 13.177684974006093 ], [ 80.212397097318316, 13.177933978308552 ], [ 80.212590258672236, 13.178568136410295 ], [ 80.212965772612236, 13.178945180257296 ], [ 80.213032457105143, 13.179594904187423 ], [ 80.213089868940315, 13.180202828224258 ], [ 80.212907876808401, 13.18027561511138 ], [ 80.212669442091368, 13.180294069868536 ], [ 80.212377994748678, 13.180253305831819 ], [ 80.212029465911698, 13.180324520796164 ], [ 80.2117555412038, 13.180286790084246 ], [ 80.211668155173541, 13.180133996813648 ], [ 80.210873608444871, 13.179879846794492 ], [ 80.21073698013987, 13.179526017837006 ], [ 80.210724433443772, 13.179256614437676 ], [ 80.210849470861163, 13.179027176129351 ], [ 80.210688229366198, 13.178239358180745 ], [ 80.210688130369164, 13.177924214342717 ], [ 80.210514909024155, 13.177029342260294 ], [ 80.210431138332552, 13.176045305568774 ], [ 80.210306317573412, 13.175017560871227 ], [ 80.210009358447593, 13.174962886565078 ], [ 80.209830126557932, 13.175040002848879 ], [ 80.209758330278348, 13.175012569422776 ], [ 80.209425336565758, 13.175032173183821 ], [ 80.209306165098539, 13.174840763118219 ], [ 80.209039325114944, 13.174892445408926 ], [ 80.208811824771345, 13.174706233777243 ], [ 80.208647201311507, 13.17468026241802 ], [ 80.208446578745551, 13.174572125393352 ], [ 80.209390715909052, 13.174138066662019 ], [ 80.210568694448781, 13.173823379762474 ], [ 80.210815267582035, 13.173732992323673 ], [ 80.212781058433364, 13.173012377593166 ], [ 80.214805481715572, 13.172158951100831 ], [ 80.21509903298103, 13.172205267323303 ], [ 80.216514726195328, 13.172034579689022 ], [ 80.216529099684564, 13.172299687649272 ], [ 80.217189791646092, 13.172095181582446 ], [ 80.217350626832157, 13.171946296604281 ], [ 80.217430292081417, 13.171760820295717 ], [ 80.217379431206169, 13.171498136365843 ], [ 80.217449537974773, 13.171348062220304 ], [ 80.217504399700871, 13.170995140401535 ], [ 80.217577709546134, 13.170942809184041 ], [ 80.217727030614057, 13.169718975272845 ], [ 80.218921877785547, 13.169008346592285 ], [ 80.219497118270908, 13.16862115922647 ], [ 80.219886609540211, 13.168640400955841 ], [ 80.220138793214289, 13.168840000259975 ], [ 80.22009328922293, 13.169186271251091 ], [ 80.220244606050699, 13.169271164707565 ], [ 80.220321466738142, 13.169432466919154 ], [ 80.220791754591858, 13.169731579970557 ], [ 80.22150231579522, 13.169908146559308 ], [ 80.221699438658135, 13.169842956945022 ], [ 80.221825360843994, 13.169908218596902 ], [ 80.22242393556256, 13.169910525859876 ], [ 80.222971405962952, 13.170708401160482 ], [ 80.22328466009175, 13.170691856304998 ], [ 80.223526099933977, 13.170884151239971 ], [ 80.224902875320836, 13.171707965675697 ], [ 80.225450297562674, 13.171589003210897 ], [ 80.22600120821194, 13.17128820304462 ], [ 80.226659690678559, 13.171328133571134 ], [ 80.226666366401119, 13.171285847760984 ], [ 80.226690131029258, 13.171135321880238 ], [ 80.226713154737766, 13.170989481962579 ], [ 80.226731507026258, 13.170873232801775 ], [ 80.226752812568705, 13.170738274994294 ], [ 80.226783102418835, 13.170685694754715 ], [ 80.226799530444438, 13.170657177421965 ], [ 80.226775284548495, 13.170582392420545 ], [ 80.226766697830442, 13.170555905557922 ], [ 80.226764051023707, 13.170491658821307 ], [ 80.226760400202821, 13.170403039452014 ], [ 80.226756867772565, 13.170317270431605 ], [ 80.226756273543259, 13.170302863157882 ], [ 80.226748619555465, 13.170117057101498 ], [ 80.226746662991616, 13.170069554341648 ], [ 80.22674253632124, 13.169969382566217 ], [ 80.226732653195569, 13.16991173356354 ], [ 80.226712533584859, 13.16979436842832 ], [ 80.226667661382876, 13.169532617978241 ], [ 80.226191455607932, 13.169095590224856 ], [ 80.226117083414721, 13.169027101765781 ], [ 80.226059753325018, 13.168974307091192 ], [ 80.225615989711173, 13.168565649170912 ], [ 80.225620171758592, 13.168203187427588 ], [ 80.225620172051237, 13.168203094297363 ], [ 80.225622569849506, 13.167995290789824 ], [ 80.225622395092472, 13.167911128683093 ], [ 80.225621352801781, 13.167409735720481 ], [ 80.225620712012429, 13.167101522276271 ], [ 80.225619290537495, 13.166418296429923 ], [ 80.225618870183709, 13.166215819085776 ], [ 80.2255761384354, 13.16564099163174 ], [ 80.225567504261008, 13.165524850974593 ], [ 80.225532387537768, 13.16515299635398 ], [ 80.225494361621131, 13.16475031016256 ], [ 80.225485778283414, 13.164659411801981 ], [ 80.225461432011812, 13.164401598422577 ], [ 80.225394560321476, 13.163693460878363 ], [ 80.22538617795054, 13.163604691570447 ], [ 80.225380997779382, 13.163549838887123 ], [ 80.225380507540649, 13.163544645573726 ], [ 80.2254378188386, 13.163541025433439 ], [ 80.225955098038213, 13.163508336830775 ], [ 80.22595652018407, 13.163508247083294 ], [ 80.225957568567679, 13.163508180621909 ], [ 80.225959031146814, 13.163508143439079 ], [ 80.226380030613882, 13.163497739381684 ], [ 80.226478499720699, 13.163494891330187 ], [ 80.226646456398655, 13.163490034603129 ], [ 80.226679765429637, 13.163489756989762 ], [ 80.227000769110447, 13.163487086183093 ], [ 80.227239455641239, 13.163480996229369 ], [ 80.227287837435341, 13.163480223202887 ], [ 80.227503155064127, 13.163475000306244 ], [ 80.227527120320843, 13.163474627557283 ], [ 80.227893353540878, 13.163468947865358 ], [ 80.228111440542307, 13.163501326136224 ], [ 80.228571732541766, 13.163198203218672 ], [ 80.228579563760192, 13.16319248516657 ], [ 80.229172892386501, 13.163624462009619 ], [ 80.230729267399482, 13.164085389299421 ], [ 80.230772637227886, 13.164098233025484 ], [ 80.231059301152655, 13.164183128750141 ], [ 80.231075376394912, 13.16426711255399 ], [ 80.231134752074524, 13.1645773233629 ], [ 80.231172257442836, 13.164773271684906 ], [ 80.231217916746246, 13.165011816244172 ], [ 80.231318167905272, 13.165304667881943 ], [ 80.231331953825133, 13.165344940047127 ], [ 80.23133828856885, 13.165363444209291 ], [ 80.231447512697301, 13.165682509728477 ], [ 80.231513043397243, 13.166025010214746 ], [ 80.231794789954492, 13.165977579962949 ], [ 80.232082306003591, 13.166710253798279 ], [ 80.232757222619256, 13.166580010418508 ], [ 80.23357022720667, 13.166423117083168 ], [ 80.233894504057346, 13.166360537993011 ], [ 80.233894609306176, 13.166360518415035 ], [ 80.234502485645436, 13.166241190837452 ], [ 80.234876461556311, 13.166162549328032 ], [ 80.236137876785548, 13.165897292435069 ], [ 80.236181715208701, 13.165757934773779 ], [ 80.236188041375243, 13.165756996967888 ], [ 80.236226948265482, 13.165751230093909 ], [ 80.237090625999471, 13.165623215718917 ], [ 80.237379433593361, 13.165561203032166 ], [ 80.23771000153971, 13.165490223325339 ], [ 80.237711739701865, 13.165485813337567 ], [ 80.237717831715258, 13.165484504985061 ], [ 80.237813630730116, 13.165241365788816 ], [ 80.237816238430355, 13.165234750354953 ], [ 80.238069620725071, 13.165278269761073 ], [ 80.238144485623991, 13.165291127993342 ], [ 80.238449340233558, 13.165343487231031 ], [ 80.238615415852067, 13.165314201353231 ], [ 80.238850542262014, 13.165272738171137 ], [ 80.238928025597914, 13.165259074156456 ], [ 80.239065675770959, 13.165234799706464 ], [ 80.2392964519331, 13.165194102622399 ], [ 80.239645352444853, 13.16527345711622 ], [ 80.239830312342946, 13.165315524339894 ], [ 80.240111361233829, 13.165379446220035 ], [ 80.240455044429865, 13.165457613269972 ], [ 80.241040037584099, 13.165898161640071 ], [ 80.241242866120345, 13.166050908180729 ], [ 80.242149602624195, 13.166203584584519 ], [ 80.242471094350918, 13.166258812949406 ], [ 80.243398874957478, 13.166457747558264 ], [ 80.243815717248651, 13.166547125332871 ], [ 80.244185019260954, 13.166626309684849 ], [ 80.244478376957957, 13.166733932776548 ], [ 80.244816622064675, 13.166858023604926 ], [ 80.246484352581575, 13.166951825904693 ], [ 80.24649642784631, 13.166952491574868 ], [ 80.246496420930114, 13.166954753836585 ], [ 80.24738724492866, 13.167010323192049 ], [ 80.248570379955908, 13.167079309153012 ], [ 80.249172052448984, 13.167114389354579 ], [ 80.250429909310014, 13.167007257433232 ], [ 80.250667670370561, 13.166987005215185 ], [ 80.250667691355645, 13.166984655286035 ], [ 80.250672860547837, 13.166401567123142 ], [ 80.251812948655186, 13.165850640404674 ], [ 80.252008709427571, 13.165756041259097 ], [ 80.252209880064058, 13.16566776173298 ], [ 80.252450046291386, 13.165557109291838 ], [ 80.253362758851424, 13.165160295107878 ], [ 80.253760545656931, 13.164987351651687 ], [ 80.253779122799116, 13.164973801198302 ], [ 80.253800285429961, 13.164961441845104 ], [ 80.253924041975878, 13.164889995232796 ], [ 80.25395520839588, 13.16487096398113 ], [ 80.253960077758222, 13.164868433739205 ], [ 80.254419278270433, 13.164657758570261 ], [ 80.254491516027514, 13.164624617278291 ], [ 80.254656290812036, 13.164553466631418 ], [ 80.254908582816995, 13.164446808237315 ], [ 80.254941211442102, 13.164433014561258 ], [ 80.255204959304692, 13.16432151099856 ], [ 80.255234137868172, 13.164309265195422 ], [ 80.255368138277788, 13.164252524397446 ], [ 80.255390211555621, 13.164243192970838 ], [ 80.255390781576054, 13.164242955917697 ], [ 80.255391140027498, 13.16424280867002 ], [ 80.255482593006846, 13.164204989377165 ], [ 80.255567419173389, 13.164169911329839 ], [ 80.25557094244401, 13.164168858217671 ], [ 80.255720316894966, 13.164107770151118 ], [ 80.255849774194246, 13.164054850593905 ], [ 80.255877693552534, 13.164043410315395 ], [ 80.256094931235893, 13.163969495651017 ], [ 80.256212669916252, 13.163929496296216 ], [ 80.256253779429414, 13.163915530807225 ], [ 80.256302361215276, 13.163899025383492 ], [ 80.256324856542179, 13.163891383221042 ], [ 80.256437985623251, 13.163852214920588 ], [ 80.256453831025325, 13.163846728970475 ], [ 80.25645441200713, 13.163846528114281 ], [ 80.256436135559738, 13.163776671593798 ], [ 80.256407040197999, 13.163649408262431 ], [ 80.256157214090479, 13.162710481852125 ], [ 80.256078683360428, 13.162671781872936 ], [ 80.25596405443315, 13.161892751812436 ], [ 80.256201556789776, 13.161711247137369 ], [ 80.256772193343181, 13.161503724740522 ], [ 80.256876265908431, 13.161359572289339 ], [ 80.256876098927535, 13.161357420733836 ], [ 80.256876273118777, 13.161357179818774 ], [ 80.256860476413621, 13.161153381716241 ], [ 80.256967893555839, 13.160817834143437 ], [ 80.257768723303101, 13.16006774314382 ], [ 80.257918104371797, 13.159492309406819 ], [ 80.25805664139699, 13.158938638841535 ], [ 80.258056988808477, 13.158937251006073 ], [ 80.257474829983209, 13.157218692992002 ], [ 80.257315218308264, 13.156797213418884 ], [ 80.257194007754549, 13.156140391361735 ], [ 80.257062820031479, 13.155159127070167 ], [ 80.257054422396109, 13.154867919424193 ], [ 80.256821601434297, 13.153170664799081 ], [ 80.256746590361985, 13.15193932390045 ], [ 80.25644930633382, 13.150869453384303 ], [ 80.256159989852605, 13.149961514848092 ], [ 80.256136477266182, 13.149922917339445 ], [ 80.256073300076793, 13.14981274215741 ], [ 80.255982996035314, 13.149589109024136 ], [ 80.255665238676656, 13.14840697359039 ], [ 80.255561172955311, 13.148019818861533 ], [ 80.255456209922926, 13.147453373692855 ], [ 80.255442384165264, 13.147378762175634 ], [ 80.255392614811825, 13.147385690588493 ], [ 80.255389962447538, 13.147382868153235 ], [ 80.25853028722733, 13.146907192577251 ], [ 80.260387923254157, 13.145772633442746 ], [ 80.260388996685663, 13.145777115001728 ], [ 80.260663976690537, 13.145757562605434 ], [ 80.263664178254729, 13.145544216418875 ], [ 80.265794093438174, 13.145392734792715 ], [ 80.265826914207096, 13.145393636883131 ], [ 80.266568667743655, 13.145414031704236 ], [ 80.266485863694228, 13.146135368056029 ], [ 80.267119243813383, 13.146229640387766 ], [ 80.267652267588346, 13.146828461625415 ], [ 80.268071855897745, 13.148240266665697 ], [ 80.26832162445487, 13.148318174395639 ], [ 80.268301116398405, 13.149224348803573 ], [ 80.266317470631989, 13.149178006346327 ], [ 80.266155486824374, 13.149310798576796 ], [ 80.266969999675425, 13.15144448115848 ], [ 80.267599816214073, 13.153077544163258 ], [ 80.267552050585863, 13.15385815624284 ], [ 80.267522360973942, 13.154343355349654 ], [ 80.268322256732461, 13.160466630448358 ], [ 80.268348125360617, 13.160664653909407 ], [ 80.268377031727269, 13.16088592742266 ], [ 80.268406548005842, 13.161111874639149 ], [ 80.268433286439134, 13.161362590657664 ], [ 80.268513372061577, 13.161349255911583 ], [ 80.268573992237421, 13.161339162382875 ], [ 80.268624012860315, 13.161330832568904 ], [ 80.268715398679504, 13.161315617575639 ], [ 80.268933307954839, 13.161279335226116 ], [ 80.269000459349698, 13.161268154361089 ], [ 80.26901495826155, 13.161265739846876 ], [ 80.269041830077526, 13.161261266441329 ], [ 80.269183522619784, 13.161237673359613 ], [ 80.269133763150634, 13.161326317253829 ], [ 80.269120274177567, 13.16135034669483 ], [ 80.269115434955324, 13.161358967068805 ], [ 80.269115535233212, 13.161361556965907 ], [ 80.269787306186103, 13.161226189898709 ], [ 80.271868659844671, 13.160914580828493 ], [ 80.27643225655865, 13.160087630980527 ], [ 80.277606878455359, 13.159838779595225 ], [ 80.277630837562299, 13.160294654730631 ], [ 80.278426412555817, 13.160187416932773 ], [ 80.278892970728961, 13.160190337902065 ], [ 80.279355023020713, 13.160561559645766 ], [ 80.282664577555849, 13.163581247049299 ], [ 80.284738369605094, 13.168385294764873 ], [ 80.286957333905221, 13.17352543057255 ], [ 80.286838321090983, 13.174976189258853 ], [ 80.286832190886685, 13.175050908557267 ], [ 80.28682360530064, 13.175155568912153 ], [ 80.286768268442614, 13.175830122650908 ], [ 80.286759611052474, 13.17593565534445 ], [ 80.286278715869088, 13.181797548810271 ], [ 80.290860062963404, 13.181514555872221 ], [ 80.290981465259506, 13.181488263923255 ], [ 80.293457840602471, 13.180636465201948 ], [ 80.293683276119097, 13.180558920240925 ], [ 80.29372336925195, 13.180545129548888 ], [ 80.293776779034204, 13.180526757792084 ], [ 80.293899127428219, 13.180484673415782 ], [ 80.29395158295506, 13.180569302417467 ], [ 80.293999089542353, 13.180645949094449 ], [ 80.29411500645331, 13.180832961422032 ], [ 80.295660107038557, 13.183325699603078 ], [ 80.29726641512778, 13.185720181743919 ], [ 80.297734085941443, 13.186417318401697 ], [ 80.298730634345816, 13.187902816821895 ], [ 80.298751247995966, 13.187897216565716 ], [ 80.298755049445361, 13.187902883626315 ], [ 80.299624256438051, 13.187666766554129 ], [ 80.299928827359309, 13.188529466307564 ], [ 80.299959326402188, 13.188615852569386 ], [ 80.300417508252934, 13.189913643578921 ], [ 80.302548624081808, 13.19179273471784 ], [ 80.302549664912888, 13.192217828979945 ], [ 80.302551648667347, 13.193028308447865 ], [ 80.3034285084115, 13.19533292818422 ], [ 80.304074734906223, 13.197031363923433 ], [ 80.304977614626424, 13.197659524121162 ], [ 80.304230483433358, 13.197744652950272 ], [ 80.30688557795014, 13.202877835625946 ], [ 80.308812853946947, 13.207088964641272 ], [ 80.30828321073848, 13.210940692426723 ], [ 80.310054316098672, 13.214198297358932 ], [ 80.311481891745743, 13.216823974323265 ], [ 80.312774851165571, 13.219202010628944 ], [ 80.313246541588754, 13.2200695390116 ], [ 80.30634360310377, 13.21159386898182 ], [ 80.300963521286874, 13.210866861225044 ], [ 80.300404555244853, 13.212692625228165 ], [ 80.298473264439181, 13.213297819055624 ], [ 80.297751580919481, 13.217179898951624 ], [ 80.293799027354012, 13.220262375391055 ], [ 80.293526673708072, 13.220250700404888 ], [ 80.293295210082817, 13.220314906003084 ], [ 80.292673742225674, 13.220249895893467 ], [ 80.29241771230663, 13.220388998558835 ], [ 80.292102123655056, 13.220393366685609 ], [ 80.291927362715811, 13.220395782564832 ], [ 80.291895852345462, 13.220520610611652 ], [ 80.291855485945092, 13.220680517648377 ], [ 80.289157164434869, 13.221003531379999 ], [ 80.286826911917714, 13.224233369715458 ], [ 80.286403959289345, 13.22423157456093 ], [ 80.286112748361504, 13.224354412557753 ], [ 80.286116558924306, 13.224531803201057 ], [ 80.285930255098393, 13.224582342613131 ], [ 80.286011150778691, 13.225497318560212 ], [ 80.285528270000995, 13.225669827438388 ], [ 80.285546988357382, 13.22620371862136 ], [ 80.285441665194256, 13.226347430411142 ], [ 80.285326034184777, 13.226505206071186 ], [ 80.285029015640973, 13.226541600999106 ], [ 80.284623987766409, 13.226696290771065 ], [ 80.283867172078374, 13.227406238962761 ] ] ] } },
{ "type": "Feature", "properties": { "objectid": 3, "zone": "14", "st_area(shape)": 34732181.010506205, "st_perimeter(shape)": 39989.391156178761 }, "geometry": { "type": "Polygon", "coordinates": [ [ [ 80.193828683986851, 12.982045929108246 ], [ 80.193574081280872, 12.982124057587836 ], [ 80.193314445838141, 12.982147955761228 ], [ 80.193101786912777, 12.98216035977476 ], [ 80.19290407223798, 12.982176943054254 ], [ 80.192619821634068, 12.982202048987709 ], [ 80.192442877952729, 12.98221948214133 ], [ 80.192257081569124, 12.982243343604162 ], [ 80.192073655888763, 12.98226941219546 ], [ 80.19206573388702, 12.982270014188234 ], [ 80.192054428431376, 12.982271659052053 ], [ 80.191934928880798, 12.982280732942543 ], [ 80.191926794804075, 12.982281338793028 ], [ 80.191915585918423, 12.982282201825145 ], [ 80.19175309037611, 12.982301242745885 ], [ 80.191594225557836, 12.982321749694259 ], [ 80.191454655939395, 12.982340156423509 ], [ 80.191362642667642, 12.982349991841057 ], [ 80.191283745377447, 12.982358275733393 ], [ 80.191283673543325, 12.982358250192652 ], [ 80.191162681761242, 12.982315552320165 ], [ 80.191120528048373, 12.982301702815544 ], [ 80.191110142707586, 12.982297089878951 ], [ 80.191024945381756, 12.98226659593559 ], [ 80.190957470323013, 12.982239139123951 ], [ 80.190923161088421, 12.981939135630453 ], [ 80.190922861278125, 12.981939184428228 ], [ 80.190502252044638, 12.982006564217443 ], [ 80.19050210460685, 12.982006538441142 ], [ 80.190399941661639, 12.981988274025291 ], [ 80.19032229634594, 12.981971275821051 ], [ 80.190240832581537, 12.981909699928798 ], [ 80.190156885126939, 12.981881106598214 ], [ 80.190081816681058, 12.981854487617523 ], [ 80.190081512427668, 12.981854484861595 ], [ 80.190071009451174, 12.981854321948001 ], [ 80.190009414171087, 12.981853368780641 ], [ 80.189938047953262, 12.981852264001864 ], [ 80.189898422999178, 12.981851651404007 ], [ 80.189893206547183, 12.981851570052729 ], [ 80.189892901380603, 12.981851564581151 ], [ 80.189883182989689, 12.981851414954326 ], [ 80.189879388199572, 12.981851356115214 ], [ 80.189875997229777, 12.981851303054929 ], [ 80.189812729092424, 12.981870663612622 ], [ 80.189774141720946, 12.981882473292998 ], [ 80.189769368368161, 12.981883934061326 ], [ 80.189769360351391, 12.981883847233998 ], [ 80.189752799211846, 12.981704559641511 ], [ 80.189714965838817, 12.981654112680756 ], [ 80.189644340874935, 12.981518720576089 ], [ 80.189552672744298, 12.981368629451127 ], [ 80.189528649302233, 12.981327840670053 ], [ 80.189552258031256, 12.981252475770008 ], [ 80.189527828584815, 12.981116468071203 ], [ 80.189516938345207, 12.981045471407061 ], [ 80.189495026456399, 12.980911883932606 ], [ 80.189482875734669, 12.980826412664175 ], [ 80.18947272424694, 12.9807399873746 ], [ 80.189473420723303, 12.98071512067243 ], [ 80.189543700433404, 12.980718518820373 ], [ 80.189543882036816, 12.98071852842819 ], [ 80.189588697148452, 12.980701093311756 ], [ 80.189731593242897, 12.98064574360842 ], [ 80.189732062883053, 12.980645638376981 ], [ 80.189621730877306, 12.980074355762346 ], [ 80.189773057787534, 12.980055596870136 ], [ 80.189718281376884, 12.979734926605561 ], [ 80.189655028929124, 12.97844969924339 ], [ 80.189780203688784, 12.978470992255602 ], [ 80.189780399044238, 12.978471025414965 ], [ 80.189780114831422, 12.9783375794502 ], [ 80.189779802370992, 12.9781909331065 ], [ 80.189781671909643, 12.978101335373941 ], [ 80.189760809659717, 12.97770428336313 ], [ 80.189753907941792, 12.97765294177182 ], [ 80.189750764964359, 12.977616757093339 ], [ 80.189752178940466, 12.977616013731124 ], [ 80.189770899550012, 12.977606180184916 ], [ 80.189867687924888, 12.977562747692183 ], [ 80.190129649325186, 12.977445194751381 ], [ 80.190365266162672, 12.977269609907015 ], [ 80.190523464672779, 12.977159402938129 ], [ 80.190389152751749, 12.976367882449894 ], [ 80.190339403428752, 12.9760871714406 ], [ 80.190312691607588, 12.97586494108884 ], [ 80.190301722564257, 12.975812857160859 ], [ 80.190275752816277, 12.975689548582382 ], [ 80.190262641709651, 12.975605363704444 ], [ 80.190255618564706, 12.975551920396562 ], [ 80.190249747217734, 12.975507235960752 ], [ 80.1902563471523, 12.975481477093705 ], [ 80.190353476014863, 12.975189761623248 ], [ 80.190407837942928, 12.975051262134857 ], [ 80.190434864443205, 12.974988427144149 ], [ 80.190502785370711, 12.974835826449151 ], [ 80.190569400248208, 12.974687636835439 ], [ 80.190597227227741, 12.974631270187183 ], [ 80.190607165911189, 12.974609117662879 ], [ 80.190662170968949, 12.974494035051514 ], [ 80.190641124145131, 12.974478028684075 ], [ 80.190590586572711, 12.974439596137788 ], [ 80.190575941564006, 12.974427995914043 ], [ 80.19057147955121, 12.974424461110885 ], [ 80.190486952360473, 12.974357507678436 ], [ 80.190476059423872, 12.974348879446415 ], [ 80.190421826809768, 12.974306680265689 ], [ 80.190373469072995, 12.974265903564204 ], [ 80.190339511178948, 12.974237269747601 ], [ 80.190336912754177, 12.974235078943346 ], [ 80.190254072541805, 12.974170234744765 ], [ 80.19017103411646, 12.974094288239119 ], [ 80.190182401026135, 12.974053879120087 ], [ 80.189986519639774, 12.974005938604149 ], [ 80.189866107167475, 12.973933116285007 ], [ 80.189579114741832, 12.973772285575105 ], [ 80.189418476458314, 12.97364316125647 ], [ 80.189381786959459, 12.973613668875139 ], [ 80.189281234764792, 12.973575120067503 ], [ 80.189281009164034, 12.973575032562254 ], [ 80.189361004170834, 12.972009465085556 ], [ 80.189360953397198, 12.972006638424167 ], [ 80.189352821744407, 12.971974715020075 ], [ 80.189332716567677, 12.97189578879347 ], [ 80.189258323607604, 12.971707669633204 ], [ 80.189194574382611, 12.9715026264044 ], [ 80.189151829979622, 12.971377421821913 ], [ 80.189125622620139, 12.971296150084983 ], [ 80.189091255269886, 12.971184893433719 ], [ 80.189056238082173, 12.971068761160653 ], [ 80.188942772894961, 12.970692459156684 ], [ 80.188942758298921, 12.970692411189052 ], [ 80.188934814005989, 12.970666712813635 ], [ 80.189098188590009, 12.970601114612361 ], [ 80.189180462860136, 12.970568118377752 ], [ 80.189411435301665, 12.97047790234604 ], [ 80.189517287892571, 12.970437196147282 ], [ 80.18951735343046, 12.970437171938192 ], [ 80.18953185554227, 12.970431598448718 ], [ 80.190396569318224, 12.970104568793419 ], [ 80.190455655899925, 12.970099509166316 ], [ 80.190464398543199, 12.970098758753078 ], [ 80.190462737812268, 12.970094851999104 ], [ 80.190437249568916, 12.970034867287552 ], [ 80.190302595664022, 12.969717947768505 ], [ 80.1903025810239, 12.969717913363656 ], [ 80.190302551743656, 12.969717844553976 ], [ 80.190296665197067, 12.969704105127946 ], [ 80.190295657706798, 12.96970175832808 ], [ 80.190293958445963, 12.96969779358507 ], [ 80.190291933423481, 12.969693069211536 ], [ 80.190291922441929, 12.969693043859991 ], [ 80.19028982422185, 12.969688146558065 ], [ 80.190286884139411, 12.969681288157267 ], [ 80.190284611139575, 12.969675984329369 ], [ 80.190282752658291, 12.969671648372243 ], [ 80.190280205140311, 12.969665704426546 ], [ 80.190280185009428, 12.969665657345933 ], [ 80.190280169459044, 12.969665619321507 ], [ 80.190128473431912, 12.96931166344835 ], [ 80.189982000006026, 12.968969893273799 ], [ 80.189981939616587, 12.968969751127734 ], [ 80.189979608065826, 12.968964310582393 ], [ 80.189979396686709, 12.968963818044161 ], [ 80.189979325312862, 12.96896365145072 ], [ 80.189979177990523, 12.968963307399296 ], [ 80.189979155114358, 12.968963253980787 ], [ 80.18997827574907, 12.968961202345191 ], [ 80.189978251040699, 12.968961145304217 ], [ 80.189977451285372, 12.968959279275722 ], [ 80.18997742383165, 12.968959215896838 ], [ 80.18997739363256, 12.968959146180078 ], [ 80.189977543248844, 12.968959066172575 ], [ 80.189977459061296, 12.96895887060511 ], [ 80.189977429781209, 12.968958801795416 ], [ 80.18997737487669, 12.968958674133484 ], [ 80.190243323417192, 12.968865143724001 ], [ 80.19034235501212, 12.968831989433147 ], [ 80.190420841539819, 12.968805711784931 ], [ 80.190692261409438, 12.968709102863722 ], [ 80.190844684068523, 12.9686563785611 ], [ 80.190843782095186, 12.968652476880493 ], [ 80.190906427900472, 12.968619492271202 ], [ 80.190733149454758, 12.967663074147483 ], [ 80.19061577566579, 12.967227739421348 ], [ 80.190218384698142, 12.967229338262547 ], [ 80.18980604644625, 12.965827434560728 ], [ 80.189926144615356, 12.965688154862589 ], [ 80.190378856804216, 12.965620845292916 ], [ 80.190047460914684, 12.964111969908803 ], [ 80.190006769097934, 12.963926691862167 ], [ 80.190106494307599, 12.963718337953852 ], [ 80.189192247574951, 12.95932120292423 ], [ 80.188908130443224, 12.959285757441773 ], [ 80.188506360735516, 12.958283166340333 ], [ 80.188505694785206, 12.958283266439572 ], [ 80.188505511878887, 12.958282810156797 ], [ 80.188411200985627, 12.958296861361905 ], [ 80.188394107715879, 12.958299408564748 ], [ 80.188362418419516, 12.958372317041484 ], [ 80.188288347998466, 12.958382460049148 ], [ 80.188272350916563, 12.958317548864219 ], [ 80.188079804409838, 12.958346237410664 ], [ 80.187639916321615, 12.958411775328976 ], [ 80.187598050415843, 12.958269493988821 ], [ 80.187597603774719, 12.958253418769923 ], [ 80.187650520122702, 12.958234078554067 ], [ 80.187760687258518, 12.958193815703947 ], [ 80.18831285804562, 12.957992011193433 ], [ 80.188490490452025, 12.957904657200315 ], [ 80.188548790459137, 12.957875986926258 ], [ 80.188851606419405, 12.957727070917915 ], [ 80.188920804168674, 12.957693040978603 ], [ 80.189132896967507, 12.957588739830632 ], [ 80.189350675219956, 12.957555921771506 ], [ 80.189389909022708, 12.957550009271346 ], [ 80.189783894311176, 12.957490636792148 ], [ 80.189782219273681, 12.957474357017112 ], [ 80.189843393791051, 12.957469861738678 ], [ 80.189844896868109, 12.957481444601502 ], [ 80.191086056549864, 12.957294401852588 ], [ 80.191181554575749, 12.957280009740485 ], [ 80.191724607430046, 12.957410467632846 ], [ 80.191762577598297, 12.957419589391064 ], [ 80.191878565438444, 12.957447452958379 ], [ 80.191983217892201, 12.957472593151429 ], [ 80.191930133308347, 12.957016177123315 ], [ 80.191863908961579, 12.956446788393386 ], [ 80.190660413438067, 12.956234079103147 ], [ 80.190577882127258, 12.955407623558456 ], [ 80.190300887242913, 12.954397864316794 ], [ 80.190446478018728, 12.954105088660452 ], [ 80.192036405963378, 12.95400859631776 ], [ 80.192287295872546, 12.9527888990853 ], [ 80.192268063866024, 12.95196119489424 ], [ 80.192688737189272, 12.951679910669979 ], [ 80.19292798605359, 12.951693040921169 ], [ 80.193099094996327, 12.951576927923021 ], [ 80.193562903079837, 12.951578564192994 ], [ 80.193516858720145, 12.952960231590311 ], [ 80.195191055709714, 12.953391560394872 ], [ 80.198055577548331, 12.953552145993042 ], [ 80.199242957569112, 12.953554115552752 ], [ 80.199318727964297, 12.953349486731135 ], [ 80.201037053880185, 12.952963645559919 ], [ 80.201561888405223, 12.952402450292004 ], [ 80.201600560293571, 12.951774274056053 ], [ 80.201929332680379, 12.951216093902181 ], [ 80.201602163928385, 12.94976635713269 ], [ 80.201375644013766, 12.948693079200385 ], [ 80.201323182999857, 12.948698899729502 ], [ 80.201172174411496, 12.947983405415675 ], [ 80.200892724250693, 12.946615800219803 ], [ 80.200432196449725, 12.944401117909656 ], [ 80.200142947682011, 12.943805409270377 ], [ 80.200208556307729, 12.943756500010752 ], [ 80.200161492852345, 12.943546643725222 ], [ 80.19988253477311, 12.943012724790382 ], [ 80.19978202709656, 12.942036460020534 ], [ 80.199693976567914, 12.941758350362667 ], [ 80.199402082124877, 12.941377827914511 ], [ 80.199360634774692, 12.941029853850816 ], [ 80.199353472571971, 12.940997873064495 ], [ 80.199328427382369, 12.940859818615223 ], [ 80.199310101803633, 12.940773425222856 ], [ 80.199305591698874, 12.940752164584524 ], [ 80.198824970551598, 12.940612307905745 ], [ 80.198733127681635, 12.940381955896276 ], [ 80.198593559301301, 12.940031903570613 ], [ 80.19824375406813, 12.939949401265602 ], [ 80.198237174790123, 12.93992689640945 ], [ 80.198207650576421, 12.93982590736991 ], [ 80.198165700112085, 12.939682408251866 ], [ 80.198097581300104, 12.93944939830793 ], [ 80.198087356237295, 12.939429164430789 ], [ 80.197824495625298, 12.939459994926846 ], [ 80.197700098228125, 12.93936104237388 ], [ 80.197696100939467, 12.939337152082516 ], [ 80.197678655450119, 12.939232882650384 ], [ 80.197674691625494, 12.939209195001419 ], [ 80.197668990144706, 12.939175116417257 ], [ 80.197652217651907, 12.939074875436273 ], [ 80.197124986260192, 12.939056108811922 ], [ 80.197033051423574, 12.938975010656712 ], [ 80.196873136038576, 12.938514709658056 ], [ 80.196873953836189, 12.938447262809545 ], [ 80.196874228273714, 12.938424590048436 ], [ 80.19687532909137, 12.938333804072505 ], [ 80.19687789813338, 12.938121820633826 ], [ 80.196871115815796, 12.938118164888282 ], [ 80.196715648967839, 12.938034362807832 ], [ 80.19643384225941, 12.93804181895999 ], [ 80.196329179623774, 12.937837354550089 ], [ 80.196182837326859, 12.937801412214657 ], [ 80.196149880687813, 12.937627184337984 ], [ 80.195940860433964, 12.93761109837156 ], [ 80.195926260119123, 12.937578621694009 ], [ 80.195898766569599, 12.937517467602058 ], [ 80.195804266056911, 12.937307251096922 ], [ 80.195812454207456, 12.937228599586282 ], [ 80.195875309435735, 12.936624824260685 ], [ 80.195859807210908, 12.936611754259582 ], [ 80.195780137445581, 12.936544588292627 ], [ 80.195757820681834, 12.93652614444413 ], [ 80.194756235834319, 12.936699333448004 ], [ 80.194681024289238, 12.936561512642443 ], [ 80.194225863540908, 12.93663152067343 ], [ 80.194088040825534, 12.936163519447403 ], [ 80.194063452409893, 12.936080024268385 ], [ 80.194055458718509, 12.93605287914961 ], [ 80.19350378031848, 12.936046577567867 ], [ 80.193270991910836, 12.93564673180286 ], [ 80.193237269238381, 12.935570148015664 ], [ 80.193205084964021, 12.93549705826989 ], [ 80.19312710443964, 12.935319962940229 ], [ 80.192770698088438, 12.93531580260125 ], [ 80.192447371732854, 12.934686381312371 ], [ 80.192495206989207, 12.934681106889338 ], [ 80.192592045868096, 12.934670431427698 ], [ 80.19275813790469, 12.934606595550886 ], [ 80.193103739912544, 12.934473771259931 ], [ 80.193551031903823, 12.934301862282812 ], [ 80.194644734112444, 12.934100389124545 ], [ 80.195855911343898, 12.933782597715508 ], [ 80.19584561884993, 12.933674745195045 ], [ 80.195801139172318, 12.933208633632782 ], [ 80.195746786385797, 12.932639054360711 ], [ 80.195642453285501, 12.931545728439231 ], [ 80.194393381560204, 12.931511482431796 ], [ 80.194331338252681, 12.93076099133002 ], [ 80.194334839913623, 12.930760807736368 ], [ 80.194614789315693, 12.93074612766325 ], [ 80.19549141869922, 12.930700156421935 ], [ 80.195664033434326, 12.930697770557218 ], [ 80.195644711567056, 12.930588853982922 ], [ 80.195658529330785, 12.930588663280609 ], [ 80.195608198730099, 12.930304947865078 ], [ 80.195593071669407, 12.930297759005722 ], [ 80.195581764171436, 12.930234016332715 ], [ 80.195419844442782, 12.929908743732868 ], [ 80.195227122720652, 12.929521594200848 ], [ 80.195205466371746, 12.929372619955831 ], [ 80.195154203186178, 12.929019984696007 ], [ 80.195079488134098, 12.928506024646873 ], [ 80.195063395916094, 12.928395326781141 ], [ 80.195010895618111, 12.928034174671652 ], [ 80.194996327012589, 12.927831778862833 ], [ 80.19498727767639, 12.927706061409712 ], [ 80.194889989566377, 12.927627673248292 ], [ 80.194892252248891, 12.927524821621615 ], [ 80.194896559815675, 12.927328971620186 ], [ 80.194898147099153, 12.927256801794227 ], [ 80.194901066016754, 12.927124061281265 ], [ 80.194972824597116, 12.927033859346457 ], [ 80.194969527057651, 12.926785117549748 ], [ 80.194965435203343, 12.926782516220362 ], [ 80.194878193552015, 12.926727050572826 ], [ 80.194875150341531, 12.926681997766636 ], [ 80.194847061654187, 12.926266221555919 ], [ 80.194848786668629, 12.926264108344295 ], [ 80.194931139413967, 12.926163223445029 ], [ 80.194914675676245, 12.926067541303222 ], [ 80.194911606086791, 12.926049702903148 ], [ 80.194894744172899, 12.925951710215962 ], [ 80.194873657073458, 12.925829161004907 ], [ 80.194877842550454, 12.925776367963541 ], [ 80.194894674556693, 12.925564111941164 ], [ 80.194939029928349, 12.925487256413053 ], [ 80.194977483413084, 12.925420623603831 ], [ 80.195557162148589, 12.924416164582855 ], [ 80.195623970123776, 12.924402973808808 ], [ 80.195945146602654, 12.92428707205289 ], [ 80.196082247989764, 12.924368081554624 ], [ 80.19623527370689, 12.924238963187605 ], [ 80.196811738898148, 12.924019948364682 ], [ 80.197595606163816, 12.923869324625816 ], [ 80.197577950009943, 12.923762550760378 ], [ 80.197590101190102, 12.923760216388853 ], [ 80.197574538882662, 12.923741920075161 ], [ 80.197553112577225, 12.923612351581262 ], [ 80.197492062294657, 12.923243145968641 ], [ 80.19747846212411, 12.923160898234956 ], [ 80.197374608552465, 12.922532843274931 ], [ 80.197368206551246, 12.9223946533077 ], [ 80.19734362767602, 12.921863994252707 ], [ 80.19734130199916, 12.921813777966767 ], [ 80.197346538407245, 12.921824540436784 ], [ 80.197305488225695, 12.920938292446005 ], [ 80.197362263942182, 12.920826511984449 ], [ 80.197365230180907, 12.920164949235023 ], [ 80.197120610297446, 12.918243313579925 ], [ 80.197204563651411, 12.917371022419008 ], [ 80.196676800716929, 12.91569231566541 ], [ 80.195754933705686, 12.914636595143346 ], [ 80.194857017434103, 12.912059093652717 ], [ 80.194697291886584, 12.911040790556118 ], [ 80.194607242288356, 12.909999367425922 ], [ 80.195996235338129, 12.910348143248747 ], [ 80.200226197739326, 12.910002264809879 ], [ 80.201412394877735, 12.909704453251733 ], [ 80.201953845559046, 12.909691752609445 ], [ 80.202020146893474, 12.909548412595651 ], [ 80.203125406183432, 12.909393889296647 ], [ 80.203798731786918, 12.909324169215154 ], [ 80.204281743423408, 12.909282577388714 ], [ 80.205934745903846, 12.909438322760185 ], [ 80.206008044550188, 12.909395482905918 ], [ 80.207843936193314, 12.909558948352062 ], [ 80.208780805737106, 12.909439775607661 ], [ 80.213953891052412, 12.909283133016572 ], [ 80.213954154777085, 12.909283394219381 ], [ 80.214672373077477, 12.910289610974406 ], [ 80.216041426014613, 12.912230725371497 ], [ 80.21622556432807, 12.912465582345558 ], [ 80.216329617225824, 12.9125982956214 ], [ 80.218172451437368, 12.915169213948984 ], [ 80.219496805112172, 12.91609675965811 ], [ 80.219523922735632, 12.916115752032821 ], [ 80.222084188558767, 12.915202475275112 ], [ 80.222596683688678, 12.915019658959586 ], [ 80.223955071312176, 12.914676985605576 ], [ 80.223980623419976, 12.914734991928151 ], [ 80.224416967052917, 12.915725549958397 ], [ 80.224545234893327, 12.916016734818243 ], [ 80.224005803989144, 12.917902324713648 ], [ 80.22383958184659, 12.918222555078284 ], [ 80.223167474436636, 12.9195173702792 ], [ 80.222889398955814, 12.920038487409091 ], [ 80.222882514809527, 12.920051387069529 ], [ 80.2221461249828, 12.920049195301649 ], [ 80.222120365905425, 12.920049118595552 ], [ 80.220228012459884, 12.920761187248125 ], [ 80.220476238957403, 12.921761852737333 ], [ 80.220594844547534, 12.922350501747214 ], [ 80.220616966756182, 12.922401899269342 ], [ 80.220622230986635, 12.922414129833326 ], [ 80.220624446688532, 12.922419276829404 ], [ 80.221718544021101, 12.924961215953713 ], [ 80.222164896443772, 12.925998217237561 ], [ 80.222767074214701, 12.92681930731489 ], [ 80.223689572880602, 12.928167315603032 ], [ 80.223562436843125, 12.927949635306245 ], [ 80.223523826312388, 12.927883527330938 ], [ 80.223538904586604, 12.927874534682452 ], [ 80.223540343427857, 12.927873676353546 ], [ 80.224349199297038, 12.927391295740017 ], [ 80.224883074011061, 12.927068381362021 ], [ 80.225072819033372, 12.926953613666859 ], [ 80.225181594118254, 12.926727559615777 ], [ 80.226269814239984, 12.924466022590837 ], [ 80.226967216759562, 12.924061448320337 ], [ 80.227119465907904, 12.923973125271631 ], [ 80.227270798868474, 12.923886540006558 ], [ 80.227274577773812, 12.923908577559882 ], [ 80.227276090984219, 12.92391739620288 ], [ 80.227293193551702, 12.924017088109506 ], [ 80.227376728014448, 12.924503971597874 ], [ 80.227406104816254, 12.924675197811021 ], [ 80.227459225839183, 12.924984819153716 ], [ 80.227496016704407, 12.92519925471063 ], [ 80.227508351574642, 12.92527114907092 ], [ 80.227564093549034, 12.925596047411545 ], [ 80.227592690871475, 12.925762724967869 ], [ 80.227626870215985, 12.925961942288293 ], [ 80.227695156594507, 12.926359954439068 ], [ 80.227796017271999, 12.92675105263379 ], [ 80.227885463939714, 12.927097893407655 ], [ 80.227893025792056, 12.927127213734794 ], [ 80.227967917410098, 12.927417613627419 ], [ 80.2279947533317, 12.927521674442714 ], [ 80.228019208946847, 12.92761650173661 ], [ 80.228098783168591, 12.927925057358541 ], [ 80.228120946863811, 12.928011000409251 ], [ 80.228248153822463, 12.92850425626971 ], [ 80.22826336968275, 12.928563255242196 ], [ 80.22827283917394, 12.92859997305313 ], [ 80.228296238246813, 12.928690705685828 ], [ 80.228327149001686, 12.928815121260861 ], [ 80.228357528015422, 12.928937396822473 ], [ 80.228365059267588, 12.928967708053083 ], [ 80.228359534630371, 12.928969563421735 ], [ 80.22752786812616, 12.929227173118125 ], [ 80.227758080833212, 12.930107723412043 ], [ 80.227783646404205, 12.930213051788654 ], [ 80.227824976459019, 12.930383330426354 ], [ 80.22785935737123, 12.930524978642906 ], [ 80.22798688811568, 12.931050397100659 ], [ 80.22808443890527, 12.931442887798617 ], [ 80.228134691421459, 12.931638452570956 ], [ 80.228302651196685, 12.932268503556251 ], [ 80.228329951804682, 12.93237091373112 ], [ 80.228408748854449, 12.932666496172747 ], [ 80.228914171285496, 12.932528003185027 ], [ 80.228965823582342, 12.932513850404776 ], [ 80.229095402237419, 12.932478342690587 ], [ 80.229112070396766, 12.932589880057987 ], [ 80.229114861289133, 12.93260953390312 ], [ 80.229127993135862, 12.932697405989837 ], [ 80.229156707428842, 12.932889554202005 ], [ 80.229156827550113, 12.932890362913575 ], [ 80.229207053572679, 12.93325075536173 ], [ 80.229247032437925, 12.933537617651693 ], [ 80.229266571783455, 12.933677829409095 ], [ 80.229310188786215, 12.933984964698698 ], [ 80.229309887958635, 12.933985065080899 ], [ 80.228849347244946, 12.934139107954209 ], [ 80.228836682054549, 12.934292181772514 ], [ 80.228836739413367, 12.934292415226139 ], [ 80.228836695387159, 12.934292943150039 ], [ 80.228839142881057, 12.934302243771446 ], [ 80.229014330169406, 12.935018791795706 ], [ 80.229144895451327, 12.935589758862278 ], [ 80.229150941959219, 12.935614033752783 ], [ 80.229168776839956, 12.935693006097312 ], [ 80.229459200561223, 12.936870792258992 ], [ 80.229498288412856, 12.937048709975665 ], [ 80.229329198962716, 12.937142696950062 ], [ 80.229546063059942, 12.937938032421583 ], [ 80.229603612740277, 12.938149092103988 ], [ 80.229605981425919, 12.938223128823289 ], [ 80.229693235693958, 12.939441690938338 ], [ 80.229694022450531, 12.939452669367995 ], [ 80.229743224660027, 12.939546433005992 ], [ 80.229856847000576, 12.93978450667124 ], [ 80.230018334296773, 12.940082407956242 ], [ 80.230044938352592, 12.940239825751739 ], [ 80.230096227409533, 12.941116158684308 ], [ 80.230102962927162, 12.941147284917328 ], [ 80.230103437543178, 12.941157247005574 ], [ 80.230162844577791, 12.94142400456297 ], [ 80.230174221367847, 12.941476574980767 ], [ 80.230294453966565, 12.9420851122472 ], [ 80.230303708324925, 12.942105638717953 ], [ 80.230305370106592, 12.942119575563501 ], [ 80.230465264958383, 12.942474120171147 ], [ 80.230469572796977, 12.942473538821599 ], [ 80.230811006969475, 12.942427470595083 ], [ 80.231066186564448, 12.942393040587158 ], [ 80.231266158306568, 12.942829406610784 ], [ 80.231447480903412, 12.943218025412556 ], [ 80.231478543009629, 12.943387889909257 ], [ 80.2314795810356, 12.943387891159892 ], [ 80.231492193137044, 12.943387908434865 ], [ 80.231621351627595, 12.944085202668527 ], [ 80.231055272427284, 12.94415052093578 ], [ 80.231188695432806, 12.945184418792172 ], [ 80.231171341050498, 12.945189226802677 ], [ 80.231061253412136, 12.945219726417262 ], [ 80.230758174892799, 12.945270901825651 ], [ 80.230885233098945, 12.946652677932844 ], [ 80.230968818178809, 12.947793200439936 ], [ 80.231039844760986, 12.948762354104534 ], [ 80.231040148264526, 12.948918022326454 ], [ 80.231040631911725, 12.948925651596761 ], [ 80.231041132585617, 12.949423478365405 ], [ 80.231042485904609, 12.95011792712935 ], [ 80.231142958444366, 12.950183350428071 ], [ 80.231285314818294, 12.950267695564875 ], [ 80.23128184644969, 12.951398963341969 ], [ 80.232003382710559, 12.951410563793118 ], [ 80.232002326141995, 12.951412090588663 ], [ 80.23183054632814, 12.951660538136046 ], [ 80.231666252040966, 12.951746239609532 ], [ 80.23164335784071, 12.951989773915841 ], [ 80.231502216765449, 12.952003951577888 ], [ 80.23145703083982, 12.952404110974557 ], [ 80.231323897181127, 12.952744223353506 ], [ 80.23121879792609, 12.953195116983617 ], [ 80.231752025574949, 12.953399190804301 ], [ 80.231945582754165, 12.953358202449072 ], [ 80.233166298309555, 12.953423327432576 ], [ 80.233167958038237, 12.953421123352104 ], [ 80.233279462327829, 12.953433454720741 ], [ 80.234688461544778, 12.953589270013763 ], [ 80.235236985554351, 12.953649926556556 ], [ 80.235473079556257, 12.953676033730043 ], [ 80.235766134139766, 12.953708439141998 ], [ 80.235767346046913, 12.953708572901274 ], [ 80.235884259235334, 12.953583990285139 ], [ 80.236363491954251, 12.953584071319476 ], [ 80.236410801149631, 12.953516162406387 ], [ 80.236416743985203, 12.953516402253795 ], [ 80.237230102748697, 12.953549408705749 ], [ 80.237230180879209, 12.953549181979653 ], [ 80.237236201143617, 12.953549426556112 ], [ 80.237263379697325, 12.953471063841109 ], [ 80.237266056792649, 12.953470805841262 ], [ 80.237615517204262, 12.953461255609469 ], [ 80.23835164453925, 12.953366302234084 ], [ 80.238376227131624, 12.953363935446822 ], [ 80.238841118392656, 12.953241665725349 ], [ 80.238984709004868, 12.953329381337596 ], [ 80.238991342564503, 12.953325300150222 ], [ 80.23900215045181, 12.953331573423087 ], [ 80.239313888864004, 12.953130621221 ], [ 80.23932696598493, 12.953126125719908 ], [ 80.239805096442069, 12.95296175159327 ], [ 80.239835622973374, 12.952950426886444 ], [ 80.240286977911381, 12.952590701155058 ], [ 80.240398407262674, 12.952555095648218 ], [ 80.241166016837226, 12.952309818010296 ], [ 80.241596613434652, 12.952149857409379 ], [ 80.241659119886563, 12.952126636707684 ], [ 80.241890933357055, 12.951951114452413 ], [ 80.242069813784084, 12.951869388388614 ], [ 80.241878574156658, 12.951419140191282 ], [ 80.243663037208222, 12.95082569933942 ], [ 80.24558803376533, 12.950066410128498 ], [ 80.246836516011342, 12.949860325636473 ], [ 80.2465805262255, 12.950963973770991 ], [ 80.245953222085888, 12.953028613277317 ], [ 80.245955710135632, 12.953917176319328 ], [ 80.245956857004188, 12.954326618559508 ], [ 80.245978225358158, 12.955110500408763 ], [ 80.246361665191202, 12.954934326077701 ], [ 80.246785904172285, 12.954790311370413 ], [ 80.247176792919333, 12.95470134519681 ], [ 80.247402964908517, 12.954651430921063 ], [ 80.247798753939321, 12.954564082002124 ], [ 80.247857980733556, 12.954544720345675 ], [ 80.247969502976773, 12.954508261911057 ], [ 80.248860820430806, 12.954300643211415 ], [ 80.249232188093657, 12.954214137618864 ], [ 80.249241472918655, 12.954251623756253 ], [ 80.249336471909587, 12.954857747047523 ], [ 80.24934476287352, 12.95491064700558 ], [ 80.249402673092533, 12.955280125321595 ], [ 80.249499884696675, 12.955764236140221 ], [ 80.249522843025659, 12.955878566592798 ], [ 80.249603315445256, 12.956253434711083 ], [ 80.249610888076816, 12.956366149335242 ], [ 80.249625216998794, 12.956579411967118 ], [ 80.249698168435387, 12.956771440909165 ], [ 80.249727278415065, 12.956848069266835 ], [ 80.249804368901522, 12.957170862590768 ], [ 80.249821111542545, 12.957292369875059 ], [ 80.249832854404232, 12.957377593311993 ], [ 80.249849386296475, 12.957487895989763 ], [ 80.249858295806618, 12.957547341439843 ], [ 80.250032052599252, 12.957679240697793 ], [ 80.25007164784185, 12.957688108284856 ], [ 80.250302031273463, 12.957739706119423 ], [ 80.250825957664247, 12.957760702557669 ], [ 80.250985634384904, 12.957767102325382 ], [ 80.25182148264399, 12.957754958230547 ], [ 80.251984393905829, 12.957752591368516 ], [ 80.251987657943388, 12.957754000449651 ], [ 80.252089417785939, 12.957797891562434 ], [ 80.25211890116735, 12.957798187789079 ], [ 80.252573370805223, 12.957802759883169 ], [ 80.252585614324403, 12.957338386300874 ], [ 80.253078403554881, 12.957245702602251 ], [ 80.253482895997507, 12.957169624767266 ], [ 80.253554996746686, 12.957113777870745 ], [ 80.255214869458683, 12.95690649579972 ], [ 80.258960136288991, 12.956438751067898 ], [ 80.261699658884311, 12.956385825576655 ], [ 80.262399920992962, 12.956372292804714 ], [ 80.262941928388926, 12.959034486141103 ], [ 80.263329803916818, 12.960268096796215 ], [ 80.263453868252469, 12.960486523340787 ], [ 80.263886446422163, 12.961248107324613 ], [ 80.264570705386106, 12.965414037385555 ], [ 80.265638533438874, 12.971214160609755 ], [ 80.265733822880094, 12.971223354884636 ], [ 80.265643179930407, 12.971239405601095 ], [ 80.266652941037094, 12.974336134645156 ], [ 80.265568007417443, 12.974153268732032 ], [ 80.265511185410148, 12.97414369103889 ], [ 80.263393849091628, 12.973963606411292 ], [ 80.263382637721278, 12.973982382155357 ], [ 80.263369769855785, 12.974000107043317 ], [ 80.263355347331142, 12.974016639402867 ], [ 80.263339483010057, 12.974031850251867 ], [ 80.263325372871392, 12.974037476059035 ], [ 80.263310541830919, 12.97404087638232 ], [ 80.263295350632646, 12.974041968151822 ], [ 80.263280172763416, 12.974040724394538 ], [ 80.263191483092029, 12.974032103947566 ], [ 80.263109688707431, 12.974026404593909 ], [ 80.263061949835659, 12.974024193341068 ], [ 80.263013542958305, 12.97402214656138 ], [ 80.262924434449843, 12.974020819065702 ], [ 80.262840608303179, 12.974022531976589 ], [ 80.262756855238678, 12.974026352771029 ], [ 80.262673228737341, 12.974032278887858 ], [ 80.262589785973418, 12.974040305968131 ], [ 80.262431341823202, 12.974055861344045 ], [ 80.262369083853088, 12.974063826332822 ], [ 80.262183117891794, 12.974087618611602 ], [ 80.262182950948571, 12.974087639839169 ], [ 80.262140290855953, 12.974093097822388 ], [ 80.262028924693425, 12.9741073451387 ], [ 80.2616313800808, 12.974163543997209 ], [ 80.261445992169541, 12.974190434285523 ], [ 80.261445775409641, 12.974190465317491 ], [ 80.261406111815077, 12.974196219220929 ], [ 80.26140087542133, 12.974196978357307 ], [ 80.260988076887756, 12.974235772175575 ], [ 80.260744789097544, 12.974258138335486 ], [ 80.260602668971117, 12.974272020971183 ], [ 80.260410702843018, 12.974305654370232 ], [ 80.259637933887873, 12.974383750168403 ], [ 80.259652935449424, 12.974455496318475 ], [ 80.259677721432809, 12.974585139434092 ], [ 80.259698301635069, 12.974689111952854 ], [ 80.259699036565792, 12.974690947771812 ], [ 80.259700394044259, 12.974692403787442 ], [ 80.259700752178134, 12.974692580222182 ], [ 80.259663825354721, 12.974702874420345 ], [ 80.259346582446227, 12.974776193250483 ], [ 80.259328789200154, 12.974781689898915 ], [ 80.259308751041786, 12.974794613625143 ], [ 80.259293073316243, 12.974812412577398 ], [ 80.259282947551895, 12.974833735649316 ], [ 80.259280294954408, 12.974849939589836 ], [ 80.259278758802992, 12.97485932086488 ], [ 80.259287088202257, 12.974897913442168 ], [ 80.259315865044258, 12.975036691370281 ], [ 80.259331446137338, 12.975111667194311 ], [ 80.259352792437539, 12.975214382354386 ], [ 80.259385562932323, 12.975369528712179 ], [ 80.259385487265646, 12.975372042186708 ], [ 80.259384619009367, 12.975373821903295 ], [ 80.259383159161175, 12.975375178576368 ], [ 80.259381300943986, 12.975375934627559 ], [ 80.259239004901872, 12.975405722754028 ], [ 80.25903677637946, 12.975448548754894 ], [ 80.258873553724996, 12.975479883852353 ], [ 80.258871554769144, 12.975479906188689 ], [ 80.258869667618839, 12.97547922356368 ], [ 80.258867213050664, 12.975476182060172 ], [ 80.258822647382871, 12.975336730698384 ], [ 80.258752932787274, 12.975110019726607 ], [ 80.258742269370998, 12.975075339311374 ], [ 80.258615689568614, 12.974668255547808 ], [ 80.258588067911973, 12.974568235074729 ], [ 80.258562061547053, 12.97446730143383 ], [ 80.258404393079545, 12.974466448838324 ], [ 80.258350033393867, 12.974486321136991 ], [ 80.258290154610833, 12.97450527258248 ], [ 80.258229439050098, 12.97452160033836 ], [ 80.258168012213403, 12.974535267689566 ], [ 80.258036832668438, 12.974559577550423 ], [ 80.257757528783188, 12.974601469372963 ], [ 80.257712056974739, 12.974608309266573 ], [ 80.257175908955631, 12.974688595260211 ], [ 80.257110184911994, 12.974698437057539 ], [ 80.256786623557616, 12.974750457849966 ], [ 80.256731777733037, 12.974764767553669 ], [ 80.256748872897148, 12.974807758869634 ], [ 80.256794199293822, 12.974922234954466 ], [ 80.256813705235473, 12.974982388625946 ], [ 80.256853335677988, 12.975104601082439 ], [ 80.256896277139887, 12.975237026938581 ], [ 80.256896528564127, 12.975238984355329 ], [ 80.256896048969992, 12.975240899899246 ], [ 80.256894902726472, 12.975242520576916 ], [ 80.256893241673268, 12.975243633429711 ], [ 80.25689261773006, 12.97524386041145 ], [ 80.256683960099863, 12.975306193408457 ], [ 80.256514295014441, 12.975358118142871 ], [ 80.256479858173194, 12.975367833067477 ], [ 80.256382642708687, 12.975380305427302 ], [ 80.256048504618292, 12.975499773077445 ], [ 80.256001870379009, 12.975516711108318 ], [ 80.256001814997845, 12.975516731746653 ], [ 80.255584156671318, 12.975671797168921 ], [ 80.255576079778464, 12.975671863575673 ], [ 80.255568261676046, 12.97566985828642 ], [ 80.255561244087758, 12.97566591938604 ], [ 80.255555516696944, 12.975660322249638 ], [ 80.255554422329297, 12.975658448319708 ], [ 80.255544232766113, 12.975643145345646 ], [ 80.255532467842002, 12.975628970831538 ], [ 80.255516580423972, 12.97560651195589 ], [ 80.255503101943688, 12.97558258521531 ], [ 80.255492176415743, 12.975557438774198 ], [ 80.255454412431092, 12.97535846996799 ], [ 80.255450869433517, 12.975339798861363 ], [ 80.255427718645478, 12.975204206857123 ], [ 80.255395600919712, 12.975209479588697 ], [ 80.255418799703037, 12.975345358364981 ], [ 80.255424571274105, 12.975375766995736 ], [ 80.255424573701561, 12.975377739976409 ], [ 80.25542385643557, 12.975379583404731 ], [ 80.255226042994167, 12.975393870605034 ], [ 80.25497713073554, 12.975401942321467 ], [ 80.254907377763061, 12.975404204726221 ], [ 80.254407428203407, 12.975437310416467 ], [ 80.254305511745898, 12.975444094641299 ], [ 80.254020014387038, 12.975460605308735 ], [ 80.253988567906262, 12.97546244742942 ], [ 80.253803542599712, 12.975473287213187 ], [ 80.253747050625151, 12.975475260015205 ], [ 80.253303868899081, 12.975549841267259 ], [ 80.253312486167275, 12.975751819930709 ], [ 80.253361674070405, 12.975906534741133 ], [ 80.253447247886228, 12.976660407082086 ], [ 80.253470212663586, 12.976904363875567 ], [ 80.253486339444933, 12.977004778582563 ], [ 80.253502935073257, 12.977108129679353 ], [ 80.253514284858511, 12.97715110559796 ], [ 80.253587280075564, 12.977533311308612 ], [ 80.25360031204292, 12.977613543437906 ], [ 80.253639883023723, 12.977808738033774 ], [ 80.253658669226596, 12.978079058439452 ], [ 80.253670136125194, 12.978484897981584 ], [ 80.253695433122701, 12.978819353237158 ], [ 80.253696885970541, 12.978883101054876 ], [ 80.253695554785963, 12.979035404925121 ], [ 80.253701114045853, 12.979068627756263 ], [ 80.253716249168974, 12.979159071657804 ], [ 80.253720783010039, 12.97918616285382 ], [ 80.25370783799309, 12.97924921200525 ], [ 80.253695521698802, 12.97930919770883 ], [ 80.253690762981137, 12.97933646930553 ], [ 80.253667098785414, 12.979472098869191 ], [ 80.253672592691046, 12.979521047422802 ], [ 80.253689740386349, 12.979696232736007 ], [ 80.253686995859695, 12.97977092022087 ], [ 80.253685415393619, 12.979813923228447 ], [ 80.25368157005272, 12.979918562916314 ], [ 80.253688725597826, 12.98002030183633 ], [ 80.253697480133056, 12.981282360984146 ], [ 80.25369847563573, 12.981425834721646 ], [ 80.25370133967229, 12.981838892153704 ], [ 80.253607981863681, 12.98182394177417 ], [ 80.253460637763609, 12.981793621362808 ], [ 80.253382692949074, 12.981777582180886 ], [ 80.253382418357035, 12.981777525331943 ], [ 80.253381988039536, 12.981777436388814 ], [ 80.253378499417934, 12.981776718382044 ], [ 80.253126304910239, 12.981722414756668 ], [ 80.253125659915568, 12.981722274561207 ], [ 80.253117591892305, 12.981719923971236 ], [ 80.253078022159741, 12.981712018807416 ], [ 80.253053391945983, 12.981701629297978 ], [ 80.253051419041327, 12.981700630816169 ], [ 80.253020292048205, 12.981691555439753 ], [ 80.252988952439168, 12.981670934580086 ], [ 80.252990285583834, 12.981664483301358 ], [ 80.252984798996977, 12.981660662653905 ], [ 80.252976765420172, 12.981654188991218 ], [ 80.252964539370282, 12.981644337840569 ], [ 80.252976178379839, 12.98162476633501 ], [ 80.25298707944124, 12.9816074667807 ], [ 80.253004675666958, 12.981579540365598 ], [ 80.253004909123518, 12.981579169408565 ], [ 80.253027330077543, 12.981543588300557 ], [ 80.253032134436296, 12.981535963389202 ], [ 80.253089984953988, 12.981444154872085 ], [ 80.253075839797404, 12.980878053053424 ], [ 80.253074119313297, 12.980809199347991 ], [ 80.253073350925007, 12.98077843975612 ], [ 80.253071847876285, 12.980718285112072 ], [ 80.25306264266959, 12.980349860858896 ], [ 80.253061983434762, 12.980323613554992 ], [ 80.253061335953717, 12.980298061617281 ], [ 80.253060399166742, 12.98026132475559 ], [ 80.253039441898324, 12.979951288235227 ], [ 80.252962826194803, 12.979954736550271 ], [ 80.252933036573666, 12.979956078726358 ], [ 80.252842199681126, 12.979960167023863 ], [ 80.252837824132257, 12.97994308128453 ], [ 80.252831356436459, 12.979926646891114 ], [ 80.252822890828639, 12.979911109153329 ], [ 80.252812555695598, 12.979896700820126 ], [ 80.252775399981033, 12.979859199841659 ], [ 80.252743887007981, 12.979860583160107 ], [ 80.252610609274058, 12.979866435612925 ], [ 80.252595431647535, 12.97986872484503 ], [ 80.252568017567057, 12.979885353035552 ], [ 80.252397575677904, 12.979921639857912 ], [ 80.252005756426072, 12.980033268418582 ], [ 80.25163774037965, 12.980133212929376 ], [ 80.251597168632969, 12.980144137416591 ], [ 80.251183594576347, 12.980249357307541 ], [ 80.250639697827026, 12.980403946711112 ], [ 80.250531784394596, 12.980430113550844 ], [ 80.250424340393849, 12.980458077444634 ], [ 80.250317396286647, 12.980487825821891 ], [ 80.250210984357295, 12.980519353350939 ], [ 80.250111139863833, 12.980548435817415 ], [ 80.250010722201409, 12.980575558087985 ], [ 80.249909773817095, 12.980600709434086 ], [ 80.249808332545285, 12.980623880018127 ], [ 80.249706441749737, 12.980645060922743 ], [ 80.249604140184218, 12.980664243217316 ], [ 80.249501469363125, 12.980681419787638 ], [ 80.249482938902915, 12.980683815801155 ], [ 80.249482851277037, 12.980683827302931 ], [ 80.24944943464692, 12.980688148806728 ], [ 80.249127469443891, 12.980729784828416 ], [ 80.249030229226406, 12.980742359124525 ], [ 80.24851903329548, 12.980783383729944 ], [ 80.248432066343284, 12.980790362438478 ], [ 80.248115844761188, 12.980811239735694 ], [ 80.247689338366371, 12.980836047412337 ], [ 80.247386970757702, 12.980849006909198 ], [ 80.247113976231219, 12.980874981177312 ], [ 80.24675603461904, 12.980910745792276 ], [ 80.246377491588262, 12.980959922826967 ], [ 80.24599334109628, 12.981003476992646 ], [ 80.245653360093115, 12.981045350295059 ], [ 80.245214712235807, 12.981090915307915 ], [ 80.244775748890632, 12.981149318322979 ], [ 80.244425777392394, 12.981201920989266 ], [ 80.244146088154139, 12.981246318370872 ], [ 80.244045215241158, 12.981256320425846 ], [ 80.24401403439586, 12.981259411676968 ], [ 80.243907491226636, 12.981269974980414 ], [ 80.243808529289822, 12.981279787190601 ], [ 80.243676444030058, 12.981292007677155 ], [ 80.243514785135389, 12.981306963184812 ], [ 80.243478916186234, 12.981309327319485 ], [ 80.243442960552059, 12.981309562706388 ], [ 80.24340705561562, 12.981307668840964 ], [ 80.243371330439743, 12.981303652428211 ], [ 80.24335894657284, 12.981301914692251 ], [ 80.243347125561456, 12.981297902717825 ], [ 80.243336297542925, 12.981291763332921 ], [ 80.24332685553901, 12.981283721018942 ], [ 80.243314749563226, 12.981269977196344 ], [ 80.24331377736452, 12.981268583705651 ], [ 80.243304291310935, 12.981254987656522 ], [ 80.243302838045494, 12.981252300662021 ], [ 80.243295614826053, 12.981238940863616 ], [ 80.243288829211664, 12.98122204058059 ], [ 80.243284019568563, 12.981204500446768 ], [ 80.243281249769325, 12.981186541273285 ], [ 80.24328055139442, 12.981168391010842 ], [ 80.243263092781135, 12.981030727057194 ], [ 80.243254838253677, 12.980920926633846 ], [ 80.243256944769655, 12.980590356647006 ], [ 80.243267232842427, 12.980355295055546 ], [ 80.243271602832436, 12.980255443217199 ], [ 80.243272495256434, 12.980235050640839 ], [ 80.243266614738758, 12.979893063552403 ], [ 80.24327297561787, 12.97958646816547 ], [ 80.243274171427515, 12.979528873995191 ], [ 80.243275041957048, 12.979271268551816 ], [ 80.243277048366423, 12.979146564172384 ], [ 80.243277750078477, 12.979102955659412 ], [ 80.243280038256287, 12.978960690691432 ], [ 80.243291419682322, 12.978764331177906 ], [ 80.243292886192975, 12.978730323894339 ], [ 80.243171918452447, 12.978725931087071 ], [ 80.242848075415992, 12.978716010840142 ], [ 80.24271477124789, 12.978711927317372 ], [ 80.242426257566478, 12.978704181827991 ], [ 80.242018726369238, 12.978692625240178 ], [ 80.241580127541354, 12.978679482790897 ], [ 80.241487411708704, 12.978676704194781 ], [ 80.241370762427351, 12.978673632428809 ], [ 80.241160521397433, 12.978668095813903 ], [ 80.240687686584778, 12.978655643163483 ], [ 80.240510532815492, 12.978650978410668 ], [ 80.240336393961584, 12.97864693900755 ], [ 80.240014449214954, 12.97863901274199 ], [ 80.23981929902358, 12.978633996553544 ], [ 80.239559095404815, 12.978627310777895 ], [ 80.239305473768965, 12.978620096949182 ], [ 80.239247300290302, 12.97861844212439 ], [ 80.239164695985195, 12.978616030445668 ], [ 80.239039406263316, 12.978612499252071 ], [ 80.238896505588045, 12.978609187730749 ], [ 80.238696449664445, 12.978602905838338 ], [ 80.238495836158236, 12.978598068881661 ], [ 80.238258624642043, 12.978591406618749 ], [ 80.238003711551968, 12.978584149766002 ], [ 80.237812877145856, 12.978577713368884 ], [ 80.237760523657712, 12.978575973090878 ], [ 80.237601021975834, 12.978570672702846 ], [ 80.237479611067371, 12.978565071562715 ], [ 80.237387714755101, 12.978559369726877 ], [ 80.237218087911415, 12.978548843883729 ], [ 80.2369958616882, 12.978526220064625 ], [ 80.236748584265328, 12.978494661389105 ], [ 80.236485943810266, 12.978451845302809 ], [ 80.236259264864941, 12.978407959081716 ], [ 80.236073272115704, 12.978364393791491 ], [ 80.235992259231395, 12.978345418120371 ], [ 80.235802957074299, 12.978293243975999 ], [ 80.235697466409334, 12.978264168722337 ], [ 80.235497945286085, 12.978203724359439 ], [ 80.235384306088633, 12.978163471723642 ], [ 80.235177988036114, 12.978090391742256 ], [ 80.234958265732473, 12.978002942416847 ], [ 80.234885629970975, 12.977972039328927 ], [ 80.234748967092258, 12.977913896016757 ], [ 80.234697685108856, 12.977889868843439 ], [ 80.234546601259481, 12.97781908297417 ], [ 80.234388626644858, 12.977740404774773 ], [ 80.234212258786215, 12.977646481777791 ], [ 80.234060297824229, 12.977561130010907 ], [ 80.233872279077687, 12.977448184289969 ], [ 80.233797840568755, 12.977402104934797 ], [ 80.233724370060145, 12.977354561798435 ], [ 80.233651896992498, 12.977305575765019 ], [ 80.233437894625794, 12.977157198983651 ], [ 80.23326016986006, 12.977024933299875 ], [ 80.233115954416277, 12.976909493983372 ], [ 80.233046748617866, 12.976853465568537 ], [ 80.23297865598623, 12.976796141083335 ], [ 80.232926700716007, 12.97675066939745 ], [ 80.232923121340193, 12.976732384058652 ], [ 80.232887125008475, 12.976548549918192 ], [ 80.231591341572823, 12.975371977978543 ], [ 80.231170361935554, 12.97498972267085 ], [ 80.230908801049722, 12.974753530423419 ], [ 80.229515517119054, 12.973487089874842 ], [ 80.22848336230193, 12.972451965012295 ], [ 80.225413474713037, 12.969373167347959 ], [ 80.224414441696865, 12.968371211929716 ], [ 80.224269604058833, 12.968311341037035 ], [ 80.221902601217664, 12.967332897220947 ], [ 80.219486400607934, 12.967231325750598 ], [ 80.219459152775016, 12.967238209998436 ], [ 80.217552794003709, 12.967719832667131 ], [ 80.217551156230996, 12.967720246388039 ], [ 80.217542268890298, 12.967722491924158 ], [ 80.215864636876759, 12.968518168597271 ], [ 80.213352170898077, 12.970678065948999 ], [ 80.213348926433142, 12.970680135794924 ], [ 80.211171228724439, 12.972569819301594 ], [ 80.211171137613746, 12.972570644556365 ], [ 80.211170431559381, 12.972577023327375 ], [ 80.210595860686908, 12.972902184020381 ], [ 80.208938409343077, 12.974279968682712 ], [ 80.207367467431482, 12.975479933941955 ], [ 80.205355663295791, 12.977045994568021 ], [ 80.205212368436975, 12.977184935700329 ], [ 80.204237694940716, 12.977915979244022 ], [ 80.204014407644053, 12.977940416428471 ], [ 80.204014304252127, 12.977939877212332 ], [ 80.203849400579699, 12.9770799793643 ], [ 80.203841734272373, 12.977081409847001 ], [ 80.203546729868719, 12.977136469242517 ], [ 80.203544401048063, 12.977135558822781 ], [ 80.20334754618861, 12.977058618575951 ], [ 80.203334107359339, 12.977053366551388 ], [ 80.203329020971722, 12.977054448666891 ], [ 80.203103886667932, 12.977102354139639 ], [ 80.202980853576094, 12.97713293774301 ], [ 80.202420559227861, 12.977263571959213 ], [ 80.202034247661771, 12.977349255002165 ], [ 80.202066422927146, 12.977502614555636 ], [ 80.202080270979408, 12.977568619782426 ], [ 80.202083032185797, 12.977580235388391 ], [ 80.202112006258361, 12.97770210741691 ], [ 80.202114480976505, 12.977743133761855 ], [ 80.202126922562684, 12.977837033574032 ], [ 80.202155007282414, 12.978049006691986 ], [ 80.202149941298458, 12.978050043635836 ], [ 80.202082232776036, 12.978063901598077 ], [ 80.20184811156723, 12.978111819039398 ], [ 80.201593616315577, 12.978220025047072 ], [ 80.20120223095573, 12.978269092131926 ], [ 80.201276683756944, 12.978944630425651 ], [ 80.2012678274086, 12.979056847112666 ], [ 80.201261924219779, 12.979149425643786 ], [ 80.200757665428782, 12.979200750322327 ], [ 80.200741737754868, 12.979203677985893 ], [ 80.200071771398257, 12.979326836597989 ], [ 80.199954251214848, 12.979494123445713 ], [ 80.199292238734884, 12.979738288205771 ], [ 80.19901744768643, 12.979648927953567 ], [ 80.199012077219393, 12.979649733326767 ], [ 80.198776044150222, 12.979685129770958 ], [ 80.198712367274055, 12.979696009072063 ], [ 80.198480666021197, 12.979720944416398 ], [ 80.198198727747567, 12.97974671840104 ], [ 80.198135989377604, 12.97974956217662 ], [ 80.197863147403609, 12.979786585774249 ], [ 80.197748081618514, 12.979802991913772 ], [ 80.197494994978797, 12.979942418921123 ], [ 80.19744110294485, 12.979976655363535 ], [ 80.197330074448956, 12.979998249368339 ], [ 80.197290955607869, 12.98000892832072 ], [ 80.197159397344947, 12.980039568632694 ], [ 80.19707016594451, 12.980067164925067 ], [ 80.196973834558619, 12.980074828942239 ], [ 80.196894100642069, 12.980094106084255 ], [ 80.196863588285339, 12.980100306857166 ], [ 80.196806884426806, 12.980126667098295 ], [ 80.196717377149781, 12.98017296744634 ], [ 80.196667090455094, 12.980188687043269 ], [ 80.196527578840232, 12.980212727171999 ], [ 80.196439068892744, 12.980230962554907 ], [ 80.19640447932413, 12.980238053059784 ], [ 80.196321381429613, 12.980258610813973 ], [ 80.196310058539794, 12.980261411373894 ], [ 80.196290743722585, 12.980269954177434 ], [ 80.196220072984914, 12.980296118316602 ], [ 80.196088511411133, 12.980334021438427 ], [ 80.19603017129559, 12.980458069015461 ], [ 80.195986167018859, 12.980539767829699 ], [ 80.195935417006297, 12.980614110970645 ], [ 80.195853030853669, 12.980773727420781 ], [ 80.195788999790068, 12.980898094595103 ], [ 80.195779635444069, 12.980928923012097 ], [ 80.195773319985904, 12.980928550848192 ], [ 80.195771845057465, 12.980928464005846 ], [ 80.195683263652583, 12.980923239621626 ], [ 80.195678721294726, 12.980923414550137 ], [ 80.195484739758925, 12.980930879964438 ], [ 80.195321660331615, 12.981023974723374 ], [ 80.194755619416398, 12.981411435904658 ], [ 80.19467255996895, 12.9814682911085 ], [ 80.193828683986851, 12.982045929108246 ] ] ] } },
{ "type": "Feature", "properties": { "objectid": 4, "zone": "07", "st_area(shape)": 38492647.128441148, "st_perimeter(shape)": 30332.41943521149 }, "geometry": { "type": "Polygon", "coordinates": [ [ [ 80.157320994406277, 13.140987171038821 ], [ 80.156772752257893, 13.141018493619011 ], [ 80.155371667767241, 13.141466129995164 ], [ 80.154391879000997, 13.141442296276388 ], [ 80.153394904192425, 13.141396515843178 ], [ 80.15278775123376, 13.141165527084802 ], [ 80.152364096263369, 13.140962715562514 ], [ 80.151485169364264, 13.140300964375138 ], [ 80.150386155247162, 13.139741745262588 ], [ 80.150012947696084, 13.139180324879588 ], [ 80.149495679223946, 13.137852492611717 ], [ 80.148762530569925, 13.137934791631148 ], [ 80.147387579106066, 13.138085034958033 ], [ 80.146093235354968, 13.138219113305668 ], [ 80.144978761161369, 13.138326780945469 ], [ 80.144925652654564, 13.136434695788841 ], [ 80.144916058267242, 13.136092864552465 ], [ 80.146762658432579, 13.132732511904919 ], [ 80.146841514661006, 13.131639314868556 ], [ 80.147218958345874, 13.129070905232433 ], [ 80.147299342860464, 13.127451269128498 ], [ 80.146579363034519, 13.126588459839148 ], [ 80.146196225579644, 13.12636498527913 ], [ 80.143723061904652, 13.124482712873805 ], [ 80.143080416422663, 13.123993609313255 ], [ 80.143111373394007, 13.123289431284677 ], [ 80.143254332583339, 13.123164360996078 ], [ 80.143499231775721, 13.121760669559459 ], [ 80.142913210744567, 13.120479023368386 ], [ 80.14213714154279, 13.1162092197284 ], [ 80.141905878799747, 13.115239969059671 ], [ 80.141351884589753, 13.115150458155506 ], [ 80.141319316163361, 13.114976814585789 ], [ 80.141179282701543, 13.114230198857639 ], [ 80.140741757680757, 13.10859673163012 ], [ 80.139684186546361, 13.105670584554211 ], [ 80.139781709091665, 13.102652868555296 ], [ 80.139806043678391, 13.10189986537285 ], [ 80.139849568025696, 13.097978532331252 ], [ 80.139850337577229, 13.097909099851309 ], [ 80.140455829873886, 13.097688496605139 ], [ 80.141178695246992, 13.096862041859177 ], [ 80.141214488817127, 13.096698100620078 ], [ 80.142117897968376, 13.096217952767139 ], [ 80.142177283453691, 13.09606762889749 ], [ 80.142470060327213, 13.09592078627818 ], [ 80.1424593430839, 13.095847369736756 ], [ 80.14309014797476, 13.095436734239518 ], [ 80.143092821621963, 13.095372027794571 ], [ 80.143304590882806, 13.095220267584819 ], [ 80.143217145147432, 13.094898612125222 ], [ 80.143776614997961, 13.094139525949515 ], [ 80.143776999861458, 13.094028104067812 ], [ 80.144241463067431, 13.093505274830179 ], [ 80.144248852408396, 13.093393876163216 ], [ 80.144333558264364, 13.093203879097556 ], [ 80.144484635859456, 13.092838293558636 ], [ 80.144586511806935, 13.092522423548504 ], [ 80.144246803374273, 13.091565347198614 ], [ 80.14413900971681, 13.09147066985231 ], [ 80.144052104682061, 13.091135578555491 ], [ 80.144194288194484, 13.090405781183598 ], [ 80.144156563382253, 13.089891217085334 ], [ 80.144296380281531, 13.089923326837427 ], [ 80.144864837406544, 13.08973234892674 ], [ 80.144881082445863, 13.089639061211637 ], [ 80.145314995146663, 13.089375266262245 ], [ 80.145262886222554, 13.089123985421484 ], [ 80.145410833806721, 13.08867349387245 ], [ 80.145573126742548, 13.088571316973242 ], [ 80.145833931458355, 13.08797947382685 ], [ 80.145823936830041, 13.08789580096755 ], [ 80.145933658944216, 13.087744175900266 ], [ 80.145725720591187, 13.087614657309315 ], [ 80.145607314103529, 13.087641783035806 ], [ 80.145565495331667, 13.087157554867948 ], [ 80.145589718924015, 13.086993732580577 ], [ 80.145846291304835, 13.086884644036802 ], [ 80.145976329000689, 13.086915293650597 ], [ 80.146373645435347, 13.086763564561346 ], [ 80.147231518813427, 13.086271395935702 ], [ 80.147808907542995, 13.086302048314405 ], [ 80.148159536730887, 13.086412909243661 ], [ 80.148597115198768, 13.086306850069231 ], [ 80.148698888236012, 13.086409831350208 ], [ 80.149483295702566, 13.086417464230891 ], [ 80.149819658457417, 13.086205942729787 ], [ 80.149818989925365, 13.086151794868426 ], [ 80.150039789456045, 13.08597118592535 ], [ 80.150223916443323, 13.085700409178774 ], [ 80.150345770455772, 13.085653879937766 ], [ 80.150832679648417, 13.085256261277685 ], [ 80.150815927377806, 13.085215837425249 ], [ 80.150941899960571, 13.085177253765147 ], [ 80.151164470865083, 13.084821364187107 ], [ 80.15078108882615, 13.084179085900214 ], [ 80.151461948892361, 13.083946766841924 ], [ 80.152033832573181, 13.083647023436916 ], [ 80.152174749780343, 13.083542754572377 ], [ 80.152390288736953, 13.083343493709377 ], [ 80.152812547891344, 13.083173984831662 ], [ 80.153604058371826, 13.082840695409317 ], [ 80.153561347039002, 13.082189616833347 ], [ 80.154198439104135, 13.082040981860658 ], [ 80.155401857977125, 13.081901135173284 ], [ 80.155603870776588, 13.081664552418978 ], [ 80.155603203897613, 13.081496235831874 ], [ 80.156321213122425, 13.081233512326207 ], [ 80.156425492159798, 13.081154887576195 ], [ 80.157376846744725, 13.080773380059529 ], [ 80.160252012744849, 13.080329824880572 ], [ 80.160289903938178, 13.07981341812653 ], [ 80.1607162710023, 13.079587350802504 ], [ 80.160716773696464, 13.079588167100981 ], [ 80.16102937874804, 13.080095726241987 ], [ 80.161029356142279, 13.080096410631672 ], [ 80.161018783538594, 13.080411655185783 ], [ 80.161018803610318, 13.080411720351833 ], [ 80.161098780310823, 13.080678773406825 ], [ 80.161267289448077, 13.081241444022659 ], [ 80.161267189429282, 13.081241836111255 ], [ 80.161116868613675, 13.08183156112716 ], [ 80.161116994255735, 13.08183177492144 ], [ 80.161373505321521, 13.082266613802782 ], [ 80.161626870806145, 13.082416537428218 ], [ 80.161719250281394, 13.082788886916441 ], [ 80.162211115869269, 13.083123247317921 ], [ 80.162246669344199, 13.08314741563977 ], [ 80.162246743299377, 13.083148186239864 ], [ 80.162247010679053, 13.083150950277092 ], [ 80.162288655059257, 13.083207767448403 ], [ 80.162390876103515, 13.083347225954544 ], [ 80.162470584246023, 13.083455970592007 ], [ 80.162681471336114, 13.083743683398726 ], [ 80.163013524385036, 13.083611779827743 ], [ 80.163028694779754, 13.083605752927122 ], [ 80.163147039779261, 13.083567415099729 ], [ 80.163214607702031, 13.083545526028214 ], [ 80.163217983161061, 13.083546478218389 ], [ 80.163293421872055, 13.08351360535479 ], [ 80.16330333576424, 13.083517929619745 ], [ 80.163365670795386, 13.083498293037296 ], [ 80.163440527411055, 13.08347965724969 ], [ 80.163581494666815, 13.083444562565848 ], [ 80.163572375750277, 13.083311683839581 ], [ 80.163572329144941, 13.08331100736283 ], [ 80.163880863664232, 13.083052837405024 ], [ 80.164196074943945, 13.082908201087093 ], [ 80.164239304561235, 13.082886109070767 ], [ 80.164265624933819, 13.082861077983546 ], [ 80.164501535555701, 13.082636711751846 ], [ 80.164546294429059, 13.082651590180529 ], [ 80.164546939369032, 13.082651804749458 ], [ 80.164567420841408, 13.082658612580001 ], [ 80.164583276241203, 13.082663884611794 ], [ 80.164583724422585, 13.082663090384344 ], [ 80.16458400201212, 13.082662282042234 ], [ 80.164584454689532, 13.082661796154387 ], [ 80.164623742437243, 13.082592181224864 ], [ 80.164624461568422, 13.082590906850676 ], [ 80.164628283629753, 13.082584135160898 ], [ 80.16464561421671, 13.082553425633806 ], [ 80.164684128975395, 13.082485181639759 ], [ 80.164711915227571, 13.082435946752089 ], [ 80.164717366695825, 13.082426286958647 ], [ 80.164811926594197, 13.082274498157771 ], [ 80.164822320066975, 13.082278832956518 ], [ 80.164826482430257, 13.082280568881192 ], [ 80.164826735727218, 13.082280674585263 ], [ 80.164858992891112, 13.082294128221582 ], [ 80.164889109437155, 13.082268331746816 ], [ 80.165181175620972, 13.08245329838245 ], [ 80.165192849328619, 13.082460385106899 ], [ 80.165257380589992, 13.082499559342969 ], [ 80.165312749734213, 13.082530290557765 ], [ 80.165319060824089, 13.082533794762272 ], [ 80.16542392557642, 13.082614696108241 ], [ 80.165469947455918, 13.082683259584398 ], [ 80.165562468020241, 13.082712919117274 ], [ 80.165613219586589, 13.08272918927652 ], [ 80.16561472512285, 13.082724735633803 ], [ 80.165614744690174, 13.082724676925382 ], [ 80.165650311863303, 13.082604153548264 ], [ 80.165695236341961, 13.082511652886231 ], [ 80.165727071133077, 13.082446106002191 ], [ 80.165731022617649, 13.082431831832322 ], [ 80.165731222423631, 13.082431112751163 ], [ 80.165731233647065, 13.082431066674291 ], [ 80.165736984401235, 13.082410292747614 ], [ 80.165765496354609, 13.0823072876293 ], [ 80.165778015598519, 13.082262063051378 ], [ 80.165781243444016, 13.082250404141435 ], [ 80.165789017576117, 13.082185001936409 ], [ 80.16580129257315, 13.082178128238796 ], [ 80.165807282434955, 13.082156738431664 ], [ 80.165820534690226, 13.082109395917833 ], [ 80.165838605165263, 13.082044843447349 ], [ 80.165816477442007, 13.082048957407459 ], [ 80.16587555109264, 13.081861752549063 ], [ 80.165872617304657, 13.081861120996344 ], [ 80.165877165735836, 13.081852277444055 ], [ 80.165938020072204, 13.081871514229443 ], [ 80.165938683574907, 13.081869499148413 ], [ 80.165953286979359, 13.081828218086695 ], [ 80.165971174789163, 13.08177765357218 ], [ 80.165982258175177, 13.081746321578798 ], [ 80.16598841882815, 13.081725426903073 ], [ 80.165994461913058, 13.081704933303033 ], [ 80.16623468369707, 13.081776792055368 ], [ 80.166400793701413, 13.081826481373806 ], [ 80.166458209945304, 13.081843656260032 ], [ 80.166486331570013, 13.081852068202815 ], [ 80.166499205141648, 13.081855906408467 ], [ 80.166531395982801, 13.081865504202643 ], [ 80.16656238065076, 13.081874741852985 ], [ 80.166563042254069, 13.081874938387068 ], [ 80.166565145924267, 13.081875565444305 ], [ 80.166733961079089, 13.08192589711685 ], [ 80.166735601242053, 13.081926391570937 ], [ 80.166755669765209, 13.081877638773472 ], [ 80.166749297968579, 13.08187792744112 ], [ 80.166752630451143, 13.08186750486694 ], [ 80.166752862563669, 13.081866777751415 ], [ 80.166752936201547, 13.081866548327437 ], [ 80.166783926894979, 13.081769617204468 ], [ 80.166813977004438, 13.081675629762012 ], [ 80.166829743177743, 13.081610230689533 ], [ 80.166838388131964, 13.081574374407323 ], [ 80.166847181824522, 13.081537897433092 ], [ 80.166848246987357, 13.081538224566202 ], [ 80.166913761138019, 13.081557467115207 ], [ 80.166916292454474, 13.081558193200609 ], [ 80.167045949816384, 13.081595402550189 ], [ 80.167188025144625, 13.081636174572193 ], [ 80.167444325916222, 13.081709726968205 ], [ 80.167701153942204, 13.081783430911319 ], [ 80.167727162868431, 13.081790894659941 ], [ 80.16780787419485, 13.081813981719291 ], [ 80.167809327380837, 13.08181439780455 ], [ 80.167811105851527, 13.081814907164503 ], [ 80.168057814670362, 13.081885612441276 ], [ 80.168298853731059, 13.081954691595676 ], [ 80.168950152727518, 13.082141349848811 ], [ 80.169079730590639, 13.082178534445296 ], [ 80.169087271749589, 13.082180789325164 ], [ 80.169143300627525, 13.082197537816398 ], [ 80.169169398908224, 13.082205339875275 ], [ 80.169174683436054, 13.082206919302415 ], [ 80.169175085187263, 13.082207039946891 ], [ 80.169189256195992, 13.082211276418937 ], [ 80.169215561808997, 13.082219139720484 ], [ 80.169248554398763, 13.082229002880229 ], [ 80.169249743071262, 13.082229358430709 ], [ 80.169251578607884, 13.082229905940229 ], [ 80.169331379132032, 13.082253761777954 ], [ 80.169743881300718, 13.082377074164432 ], [ 80.16974414483694, 13.082377152771336 ], [ 80.169909512568807, 13.082426587047593 ], [ 80.169927150366675, 13.082367544724756 ], [ 80.169973186069853, 13.082213426010007 ], [ 80.169994376552339, 13.082142055752742 ], [ 80.16999460043624, 13.082141304194463 ], [ 80.169994836446989, 13.082140511987063 ], [ 80.170008344619234, 13.082095014563039 ], [ 80.17002154398125, 13.082050563185943 ], [ 80.170205815550887, 13.081433658162609 ], [ 80.170253191325088, 13.08127505260995 ], [ 80.170310111657557, 13.081292187983097 ], [ 80.171577259102961, 13.081673644125196 ], [ 80.171631566412216, 13.081689992334008 ], [ 80.171695983846121, 13.081709383884748 ], [ 80.171736320191656, 13.081721526216565 ], [ 80.171742874444604, 13.081723499366223 ], [ 80.171809073976476, 13.081743427360028 ], [ 80.171827897302435, 13.081749093652796 ], [ 80.171871764569929, 13.081757624237047 ], [ 80.171875029697986, 13.081756540650179 ], [ 80.172423279265075, 13.081574528155672 ], [ 80.172424100162331, 13.081574255915658 ], [ 80.172815101455839, 13.081444446844147 ], [ 80.173061250566391, 13.081362726928239 ], [ 80.173152884995318, 13.081082460253782 ], [ 80.173314303652518, 13.080566362405033 ], [ 80.173331667726231, 13.080510843409302 ], [ 80.173466571102551, 13.080079520629424 ], [ 80.173465594394429, 13.080079220027811 ], [ 80.173468376026719, 13.080073749593295 ], [ 80.173469825324759, 13.080070902444728 ], [ 80.173469320436041, 13.080070731746938 ], [ 80.173501303740892, 13.079968471768067 ], [ 80.173529480450085, 13.079878386153791 ], [ 80.173539791446331, 13.079845192304244 ], [ 80.17353991478609, 13.079861056556593 ], [ 80.173625324457433, 13.079583116050387 ], [ 80.173626307266318, 13.079579922010693 ], [ 80.17362490798611, 13.079455564594948 ], [ 80.173624401203313, 13.079301395564112 ], [ 80.173622569838813, 13.078742254908155 ], [ 80.173622569423003, 13.078741548741307 ], [ 80.173699559299422, 13.078359970186797 ], [ 80.173803441417746, 13.078348244353329 ], [ 80.174010467309813, 13.077662508110627 ], [ 80.174090614967739, 13.077621132277084 ], [ 80.174090643608693, 13.077621117901771 ], [ 80.174071084618461, 13.077094563192331 ], [ 80.174071066849734, 13.077094082111012 ], [ 80.174083206789533, 13.07695218705075 ], [ 80.174111526828653, 13.076621178112822 ], [ 80.174135780769291, 13.076479877845395 ], [ 80.174137549069385, 13.076469575830235 ], [ 80.174146547630954, 13.076417154841142 ], [ 80.174160441930354, 13.076336210823241 ], [ 80.174167426708266, 13.076295516957364 ], [ 80.174167914870736, 13.076292673058886 ], [ 80.174181207192319, 13.076215232625426 ], [ 80.174223204149868, 13.075970565164582 ], [ 80.174224667692371, 13.075962038890461 ], [ 80.174173854903415, 13.075813550899259 ], [ 80.174170274094735, 13.07580308711348 ], [ 80.174381728866862, 13.075673806815084 ], [ 80.174414219258409, 13.07565394270752 ], [ 80.174501627402293, 13.075548906584709 ], [ 80.17510797059964, 13.075073130798323 ], [ 80.175201462890499, 13.07499977014152 ], [ 80.175296230693689, 13.074858117954285 ], [ 80.175324366569853, 13.074841287816794 ], [ 80.175577275066502, 13.074690004401418 ], [ 80.175928372073116, 13.074479986335302 ], [ 80.17592903101405, 13.074479592405471 ], [ 80.175929185353482, 13.074479499767024 ], [ 80.176024418580354, 13.074422534442947 ], [ 80.176080322312401, 13.074389094344653 ], [ 80.176096880867732, 13.074379189395659 ], [ 80.176143120422054, 13.074351529640266 ], [ 80.176221814420487, 13.074304456593049 ], [ 80.176241613772561, 13.074250446925435 ], [ 80.176254862359841, 13.074214305610912 ], [ 80.176261116199228, 13.074197247360187 ], [ 80.176263452144852, 13.074198744900213 ], [ 80.176263839343576, 13.07419768914593 ], [ 80.176310838556702, 13.074069478594947 ], [ 80.176309477128527, 13.074065322250327 ], [ 80.176226844872559, 13.07381297915645 ], [ 80.176228103902119, 13.07380880042453 ], [ 80.176255802552788, 13.073716864703076 ], [ 80.176254601581718, 13.073712996399729 ], [ 80.176193324774772, 13.073515609758498 ], [ 80.176194201663776, 13.073515410017688 ], [ 80.176230914765824, 13.073507026860009 ], [ 80.176399898941227, 13.073468440726401 ], [ 80.176549953321413, 13.073434176719028 ], [ 80.176763371729081, 13.073385443266053 ], [ 80.176889514625373, 13.073356639173429 ], [ 80.176976426385281, 13.073336792562083 ], [ 80.176976543717174, 13.073336455675856 ], [ 80.177031155845455, 13.073178889610851 ], [ 80.177077434169988, 13.073045369031048 ], [ 80.177114128060353, 13.072939501264276 ], [ 80.177133250255963, 13.072884330187312 ], [ 80.177171629344116, 13.072682118104504 ], [ 80.177121514345473, 13.072098354001842 ], [ 80.177122298581992, 13.072098557227822 ], [ 80.177732110667478, 13.072256851572297 ], [ 80.179528094914005, 13.07232730197922 ], [ 80.180853224693578, 13.072600625595737 ], [ 80.181178690549075, 13.072619558230112 ], [ 80.181199569270717, 13.072620772707261 ], [ 80.181209567849706, 13.07262177005974 ], [ 80.181256234954532, 13.072626425292778 ], [ 80.185079698807897, 13.073007782178756 ], [ 80.185875781647169, 13.072918086736044 ], [ 80.186219523881562, 13.072879356573683 ], [ 80.186729008917482, 13.072911692150543 ], [ 80.187294050855144, 13.073178965728179 ], [ 80.187791736194583, 13.073454382869834 ], [ 80.188477560656025, 13.073779610318638 ], [ 80.190151709067294, 13.073488983413727 ], [ 80.190156909931474, 13.073488493372196 ], [ 80.190160873549729, 13.073488119709056 ], [ 80.190341329442532, 13.073663273448206 ], [ 80.19064817621188, 13.073951765695478 ], [ 80.190691535287868, 13.073993233626842 ], [ 80.190736533428478, 13.074032992350947 ], [ 80.19078309427988, 13.07407098014321 ], [ 80.190831150720385, 13.074107132595435 ], [ 80.190880626357526, 13.074141399737318 ], [ 80.190931443894129, 13.074173726170716 ], [ 80.190968357652366, 13.074190860339252 ], [ 80.190997701679478, 13.074202621640412 ], [ 80.191006165167707, 13.074206014423627 ], [ 80.191026582720482, 13.07421295830137 ], [ 80.191033666809943, 13.07421536843621 ], [ 80.191035532595706, 13.074217388802744 ], [ 80.191037238451202, 13.074219237777513 ], [ 80.191099994769488, 13.074234622775165 ], [ 80.191123817185201, 13.074239158610979 ], [ 80.191212706662014, 13.074247396441018 ], [ 80.191301810908683, 13.074253130320296 ], [ 80.191391048753701, 13.074256360898591 ], [ 80.191480348272492, 13.074257081621209 ], [ 80.191569628296406, 13.074255292233959 ], [ 80.191830402367586, 13.07424733841802 ], [ 80.192168422330226, 13.074240786859985 ], [ 80.192174834909153, 13.074240662241476 ], [ 80.192178591875603, 13.074242006757951 ], [ 80.192180438330425, 13.074245435776982 ], [ 80.192195915754368, 13.074371178585011 ], [ 80.192227077272193, 13.074624356574116 ], [ 80.192232508033612, 13.074675963653522 ], [ 80.192240465183716, 13.074727266688043 ], [ 80.192250926982013, 13.074778144448755 ], [ 80.19230566186198, 13.075021178839087 ], [ 80.192341520282341, 13.075192099681489 ], [ 80.192363863691341, 13.075298602085669 ], [ 80.192381683939274, 13.075383542708717 ], [ 80.192423457747296, 13.075565447992862 ], [ 80.192473630570674, 13.075783932119281 ], [ 80.192492371405621, 13.07589240341748 ], [ 80.192497834538173, 13.075949391398462 ], [ 80.19250780355631, 13.076053395725264 ], [ 80.192514117276801, 13.076121106384536 ], [ 80.192515469313349, 13.076135610125217 ], [ 80.192545634554563, 13.076132906868857 ], [ 80.192977533702134, 13.075824179748521 ], [ 80.19299832317391, 13.075820904634872 ], [ 80.193036246199341, 13.07581341076687 ], [ 80.193049724935904, 13.075810747549427 ], [ 80.193113831562428, 13.07580048456413 ], [ 80.193178282944956, 13.075792553629322 ], [ 80.193510551376065, 13.075781475101314 ], [ 80.19368703172546, 13.075771085368507 ], [ 80.193724444063108, 13.075770592720497 ], [ 80.19382235812877, 13.075769303325208 ], [ 80.194169012191693, 13.075755770576027 ], [ 80.194203739187685, 13.075753401434168 ], [ 80.194238235270248, 13.075748858809348 ], [ 80.194272360153818, 13.075742169389629 ], [ 80.194346490891235, 13.075724231890069 ], [ 80.194419888808298, 13.075703593993403 ], [ 80.194487013986389, 13.075681469926483 ], [ 80.194505893266566, 13.075670794303008 ], [ 80.194528622052516, 13.075638638187733 ], [ 80.19453229062438, 13.0756251646014 ], [ 80.194585985702062, 13.075393408389456 ], [ 80.1946170108817, 13.075269179582184 ], [ 80.19461863331837, 13.075236478434821 ], [ 80.194596954912427, 13.075166924177857 ], [ 80.194590554977822, 13.075143810417728 ], [ 80.194586514209718, 13.075120194051911 ], [ 80.194584870556781, 13.075096318424698 ], [ 80.194585643538446, 13.075072421397817 ], [ 80.194586411908162, 13.075072121795326 ], [ 80.194597966123936, 13.074856359427237 ], [ 80.194604943271372, 13.074781152925759 ], [ 80.194616680127069, 13.074768949553251 ], [ 80.19462436276757, 13.074765138851983 ], [ 80.194632731260413, 13.074763150414483 ], [ 80.194641343448794, 13.074763092268793 ], [ 80.194664768156713, 13.074769144672238 ], [ 80.194678378963417, 13.074772661886803 ], [ 80.194752051894383, 13.074786290662624 ], [ 80.194753658590443, 13.074786587722645 ], [ 80.194791724794811, 13.074790910834841 ], [ 80.194821943740266, 13.074792924606557 ], [ 80.194827905457373, 13.07479332204124 ], [ 80.194831421031054, 13.074794877347466 ], [ 80.194853663693991, 13.074816448207537 ], [ 80.194905650135553, 13.07486312244407 ], [ 80.194942925793953, 13.074892224091307 ], [ 80.19500115256244, 13.074935306438496 ], [ 80.195000922680833, 13.074935657450446 ], [ 80.195060503972229, 13.074976882287407 ], [ 80.195417944408248, 13.075167241866032 ], [ 80.195525935936857, 13.075209774728343 ], [ 80.19555003395584, 13.075219265962135 ], [ 80.195583189365124, 13.075230219436158 ], [ 80.195618645437463, 13.0752419314482 ], [ 80.19568492955942, 13.07526382744182 ], [ 80.196171428114852, 13.075391113052104 ], [ 80.196206887832659, 13.075398867375183 ], [ 80.196253076158655, 13.075408969789875 ], [ 80.196490152705834, 13.075460822744555 ], [ 80.196548211046775, 13.0754728572019 ], [ 80.196768701540421, 13.075518562298296 ], [ 80.197036270800851, 13.075577442872842 ], [ 80.19710324978638, 13.075595031322175 ], [ 80.19713500810893, 13.075603370779614 ], [ 80.197171756309913, 13.07561372760904 ], [ 80.197225738118831, 13.075627695961552 ], [ 80.197356148795976, 13.07566144124957 ], [ 80.197511416283007, 13.075707679073773 ], [ 80.197585963128319, 13.075729878752071 ], [ 80.19762579420923, 13.075741847312983 ], [ 80.197627405823468, 13.075742623589646 ], [ 80.197628805102752, 13.075744030328806 ], [ 80.19762959622993, 13.075745821266533 ], [ 80.197629672975481, 13.075747760080281 ], [ 80.197628764334198, 13.075749509571008 ], [ 80.197629028793514, 13.07574958905664 ], [ 80.197599384033779, 13.075824995626128 ], [ 80.197592084314806, 13.07590780726362 ], [ 80.197595931125747, 13.07595613711794 ], [ 80.197621138163001, 13.076147631645599 ], [ 80.197658301054105, 13.076406977274138 ], [ 80.197671881049033, 13.07649712070876 ], [ 80.197684584299338, 13.076607969092448 ], [ 80.19770307637144, 13.076684261182285 ], [ 80.197711362364331, 13.076801987551763 ], [ 80.197719946565655, 13.076881956934342 ], [ 80.197737910099917, 13.077003355422068 ], [ 80.197755953678836, 13.077099706390632 ], [ 80.19775828876196, 13.077115791882246 ], [ 80.197787477569719, 13.077276828586205 ], [ 80.197813914557798, 13.077530757351321 ], [ 80.197828615984008, 13.077640101940537 ], [ 80.197838712725414, 13.077698153117019 ], [ 80.197857850189706, 13.077759718912128 ], [ 80.197874315963404, 13.077822020554191 ], [ 80.197888080876936, 13.077884950354896 ], [ 80.197914494711753, 13.078045615848216 ], [ 80.197939663638437, 13.078220473195683 ], [ 80.197974840682406, 13.07845000520528 ], [ 80.19796690063248, 13.078455527730975 ], [ 80.197980329391697, 13.078543147998642 ], [ 80.198003134834437, 13.078678755416114 ], [ 80.198068127300715, 13.079139575871103 ], [ 80.198069798165903, 13.079151424089252 ], [ 80.198075007325556, 13.079205778233893 ], [ 80.1980835042813, 13.079318790811826 ], [ 80.198090517445237, 13.079437991552378 ], [ 80.198095791143345, 13.079516049135361 ], [ 80.198101711248412, 13.079570183056441 ], [ 80.198111513051799, 13.079629343646308 ], [ 80.198111292551033, 13.079671608237003 ], [ 80.198118949009071, 13.079737879013857 ], [ 80.198134596922102, 13.079855239417974 ], [ 80.198153388832722, 13.079973002903825 ], [ 80.198188996583625, 13.08024462065257 ], [ 80.198206707204747, 13.080386175337591 ], [ 80.198216646098089, 13.080450595094778 ], [ 80.198239813590845, 13.08064094213278 ], [ 80.198254188447862, 13.080733262567469 ], [ 80.198262395232305, 13.080774529781786 ], [ 80.198284627046945, 13.080841108922391 ], [ 80.198294948642641, 13.080869020639946 ], [ 80.198300962367767, 13.080881632813531 ], [ 80.198306528987544, 13.080893312287287 ], [ 80.198315187657428, 13.080910625397632 ], [ 80.198325698564815, 13.080927049113782 ], [ 80.198336534194283, 13.08094060395109 ], [ 80.198440224749362, 13.081081423690904 ], [ 80.198440987444641, 13.081082885414693 ], [ 80.198441265224943, 13.081084839318864 ], [ 80.198427995702787, 13.081380152314159 ], [ 80.198426095308719, 13.081440206069059 ], [ 80.198422921384264, 13.081540434281166 ], [ 80.198410129130835, 13.081944381268716 ], [ 80.198410964348895, 13.082155231899522 ], [ 80.19842909579215, 13.082615696976484 ], [ 80.19842893718905, 13.082702476636159 ], [ 80.198428715805463, 13.082824105235376 ], [ 80.198428559052587, 13.082909168754487 ], [ 80.198425640063633, 13.082917338958442 ], [ 80.198421068874424, 13.082923576308549 ], [ 80.198415110770753, 13.082928563384549 ], [ 80.198408111661081, 13.082932010112374 ], [ 80.19840047434316, 13.082933718821584 ], [ 80.198392640039003, 13.08293358961315 ], [ 80.198294512943789, 13.082936536394211 ], [ 80.198264124458106, 13.082936429375845 ], [ 80.198208163267012, 13.082927076305241 ], [ 80.198004642559141, 13.082932111650974 ], [ 80.197904077667914, 13.082939320276664 ], [ 80.19686742944792, 13.083022129229807 ], [ 80.196872636219069, 13.083151519017539 ], [ 80.196891330096022, 13.083616000348895 ], [ 80.197087441205142, 13.083608874093668 ], [ 80.197092654451311, 13.08372347142153 ], [ 80.197096306676457, 13.083871806292727 ], [ 80.197097741913538, 13.083924246288246 ], [ 80.197099236220964, 13.084091816420232 ], [ 80.197097872571462, 13.084232718654112 ], [ 80.197100711119219, 13.084418711223123 ], [ 80.197100593949045, 13.084581451603148 ], [ 80.197100783414115, 13.084691057566339 ], [ 80.197102509451042, 13.084849150736718 ], [ 80.197104108144103, 13.08492803323913 ], [ 80.197107046570238, 13.084934968439208 ], [ 80.197112103290223, 13.084940613625259 ], [ 80.197118739729078, 13.084944367647132 ], [ 80.197126253377192, 13.084945836807572 ], [ 80.197151249364239, 13.084946365733128 ], [ 80.197154577558621, 13.085072272166723 ], [ 80.197156954037567, 13.085200399031709 ], [ 80.197157600218972, 13.08523957216703 ], [ 80.197161189380139, 13.08528199505575 ], [ 80.197161479646155, 13.0853188487523 ], [ 80.197164157556671, 13.08551286816801 ], [ 80.197168176453715, 13.085582681980087 ], [ 80.197170172760437, 13.085617374553156 ], [ 80.197172308852942, 13.085654476311097 ], [ 80.197176275594472, 13.085788284593374 ], [ 80.197178085563166, 13.085858321197533 ], [ 80.197177769332669, 13.085860269637964 ], [ 80.197176763928283, 13.085861978134272 ], [ 80.19717520198256, 13.08586322105255 ], [ 80.197172706617792, 13.085863880580746 ], [ 80.197091559586653, 13.085867414021379 ], [ 80.19709198314726, 13.085900698406167 ], [ 80.197026531151934, 13.086088426148095 ], [ 80.197027315684068, 13.086124744292826 ], [ 80.197076978324276, 13.086195700109876 ], [ 80.19707686825744, 13.086218304403781 ], [ 80.197070395381061, 13.086308195566343 ], [ 80.197070613685327, 13.086330799977244 ], [ 80.197108210126132, 13.086555467757455 ], [ 80.197108651964669, 13.086582535018497 ], [ 80.196819723448314, 13.08662778216218 ], [ 80.196548352137839, 13.08663531942257 ], [ 80.196380268902018, 13.086637742021232 ], [ 80.196263290165703, 13.086643566049931 ], [ 80.196263047680418, 13.086643533648413 ], [ 80.196261296785153, 13.086643306671183 ], [ 80.196259526992549, 13.086642364424547 ], [ 80.196258220204214, 13.086640864833102 ], [ 80.1962575464201, 13.086639006442768 ], [ 80.196259558566354, 13.086690404789687 ], [ 80.196262531181645, 13.086766204661899 ], [ 80.196264850826054, 13.087140570794276 ], [ 80.196265228263726, 13.087142508734303 ], [ 80.196266289124821, 13.087144184780326 ], [ 80.196267889303329, 13.087145379670785 ], [ 80.19626982177742, 13.087145933624429 ], [ 80.196270555922865, 13.087145959419241 ], [ 80.19645050217045, 13.087140495995831 ], [ 80.196719262030584, 13.087133457085843 ], [ 80.196929723795421, 13.087128336039052 ], [ 80.197057993732855, 13.087123970032504 ], [ 80.197206936708369, 13.087118387933367 ], [ 80.197465996459215, 13.087104844105808 ], [ 80.197510530928966, 13.087102515949937 ], [ 80.197637841396897, 13.087096491107204 ], [ 80.197793669343653, 13.087088565624546 ], [ 80.198032712791658, 13.087073666029513 ], [ 80.198273613266167, 13.087052124406673 ], [ 80.198326282677129, 13.087047414434265 ], [ 80.198342917237611, 13.087045122448808 ], [ 80.198359156736515, 13.087040917786865 ], [ 80.198374775006954, 13.087034855805594 ], [ 80.198389553150207, 13.087027026243844 ], [ 80.198403279582422, 13.087017538755292 ], [ 80.198415762025746, 13.087006522945742 ], [ 80.198426826550815, 13.086994139220289 ], [ 80.198436313951589, 13.08698055887997 ], [ 80.198444093546001, 13.086965975014904 ], [ 80.198460322785593, 13.087520940424394 ], [ 80.198461195631737, 13.087610481021525 ], [ 80.198461610143283, 13.087739091863899 ], [ 80.19845796742942, 13.087886694278509 ], [ 80.198456116657667, 13.087921647963313 ], [ 80.198456188005281, 13.087954940298946 ], [ 80.198456665643377, 13.088178745801633 ], [ 80.198459071540412, 13.088576216977986 ], [ 80.198459708042748, 13.088679229198936 ], [ 80.198460171287635, 13.088754510414354 ], [ 80.198461315305579, 13.088939938009808 ], [ 80.198460696834687, 13.08895777386131 ], [ 80.198461508072072, 13.088968766756008 ], [ 80.198463289743714, 13.089240007151774 ], [ 80.198463561385935, 13.089266406595845 ], [ 80.198464107082955, 13.089318744356714 ], [ 80.198466662572656, 13.089571170144552 ], [ 80.198468679899833, 13.090042020149427 ], [ 80.198469860450786, 13.090271205895801 ], [ 80.198470157386723, 13.09033372400833 ], [ 80.198475327142361, 13.090938495445997 ], [ 80.198476665250809, 13.09106928007456 ], [ 80.198476667392526, 13.091069473576896 ], [ 80.198475899928965, 13.091069478426514 ], [ 80.198477304343982, 13.091391472246572 ], [ 80.197539417950608, 13.091408380624108 ], [ 80.197526462280308, 13.091563814975022 ], [ 80.197399870538391, 13.091558250216943 ], [ 80.19738488044365, 13.091557088730665 ], [ 80.197293367897899, 13.091552741562456 ], [ 80.197247546601744, 13.091550566407678 ], [ 80.197149079554364, 13.09155404135865 ], [ 80.197121244347429, 13.091555024401762 ], [ 80.197080551975361, 13.091556461120064 ], [ 80.19705630998601, 13.091557316996676 ], [ 80.196886026569231, 13.091563328838786 ], [ 80.19674631639792, 13.091568261206806 ], [ 80.196495328129785, 13.091577121996709 ], [ 80.196281246208201, 13.091584679736741 ], [ 80.19595272436294, 13.091596383564807 ], [ 80.195775888013912, 13.091598724961885 ], [ 80.195777157793714, 13.09163296859019 ], [ 80.195779412835705, 13.091717223942986 ], [ 80.195782586911349, 13.091835793260584 ], [ 80.195789670865025, 13.09198401213269 ], [ 80.19579877323055, 13.092249057064338 ], [ 80.195807062434525, 13.092467624359966 ], [ 80.195812623880343, 13.09261429955829 ], [ 80.195815130296907, 13.092688171127239 ], [ 80.195815135388486, 13.092688307675012 ], [ 80.19582011709339, 13.092835125733837 ], [ 80.195828049108357, 13.093005419293336 ], [ 80.195829072311099, 13.093005345626782 ], [ 80.195828147052467, 13.09300678943848 ], [ 80.195828189374808, 13.09300739175743 ], [ 80.195828447010243, 13.093011002065898 ], [ 80.195837097962539, 13.093132272064267 ], [ 80.195614458250603, 13.093135306895659 ], [ 80.195405865890024, 13.093140106909228 ], [ 80.195269031204631, 13.093143256203627 ], [ 80.195269001777788, 13.093158572999187 ], [ 80.195268952976775, 13.093184120583174 ], [ 80.195268890248656, 13.093217084245833 ], [ 80.1952773348536, 13.093498166421861 ], [ 80.195278613576278, 13.093540714103604 ], [ 80.195280056665467, 13.09360906591758 ], [ 80.195289627648734, 13.093655973219962 ], [ 80.195303535126854, 13.093724136056066 ], [ 80.195312494358831, 13.093854078144334 ], [ 80.195314973058132, 13.093864546386776 ], [ 80.195318622214785, 13.093942959612697 ], [ 80.195324446930726, 13.094068110594602 ], [ 80.195326406965052, 13.094194313746637 ], [ 80.195332732105967, 13.09436279661908 ], [ 80.195331171543074, 13.094408206228506 ], [ 80.195330287425762, 13.094433913958229 ], [ 80.195332928874677, 13.094457046716636 ], [ 80.195335087771142, 13.094475955428125 ], [ 80.195340548278267, 13.09452377127103 ], [ 80.195339835743383, 13.094589257325771 ], [ 80.195340613879068, 13.094670646306188 ], [ 80.195340898288293, 13.094700389438959 ], [ 80.195346180237692, 13.094825375064412 ], [ 80.195354555583847, 13.095023518863888 ], [ 80.195356377956088, 13.095061417112133 ], [ 80.195357359438091, 13.095148077215653 ], [ 80.195357526233124, 13.095162903649038 ], [ 80.195359089873079, 13.0952052035642 ], [ 80.195364314190243, 13.095346523098502 ], [ 80.195366501924752, 13.095449750718226 ], [ 80.195368679293153, 13.095552477386702 ], [ 80.195369923678498, 13.09558230398445 ], [ 80.195374088193773, 13.095682117238672 ], [ 80.195376405029748, 13.09583337644105 ], [ 80.195377455437466, 13.09590192865307 ], [ 80.195401273960471, 13.096226571706291 ], [ 80.195406219796936, 13.096293988657246 ], [ 80.195403517558717, 13.096425395296166 ], [ 80.195402716883478, 13.09646432336279 ], [ 80.19540208054903, 13.096495249909866 ], [ 80.195402789320099, 13.096557654407633 ], [ 80.195403370976479, 13.096608921669342 ], [ 80.195405443109621, 13.096677006888989 ], [ 80.195407552803772, 13.09674630835349 ], [ 80.195296345045008, 13.097077860392938 ], [ 80.195293256347114, 13.097087069820416 ], [ 80.195134858875448, 13.097559307566231 ], [ 80.195115831610863, 13.097610479271532 ], [ 80.195119517796385, 13.097784255099549 ], [ 80.195124915216795, 13.098053990106779 ], [ 80.195137639200155, 13.098368143418766 ], [ 80.195146110817547, 13.098599912272224 ], [ 80.195146875714315, 13.098636488910687 ], [ 80.195149544540911, 13.098763942003519 ], [ 80.195131034623515, 13.099078099094259 ], [ 80.195125439660188, 13.099173057138657 ], [ 80.195118771807358, 13.099286214869101 ], [ 80.195139840062751, 13.099423769961188 ], [ 80.195154956567464, 13.099522468150624 ], [ 80.195164139426851, 13.099582411667837 ], [ 80.195173643798512, 13.099644473787368 ], [ 80.195180226962876, 13.099687455737921 ], [ 80.195186177839901, 13.099726305401878 ], [ 80.195194167430941, 13.099778469210314 ], [ 80.195200724411336, 13.099821278379419 ], [ 80.195207390676487, 13.099864805811595 ], [ 80.195221331163594, 13.099955818378248 ], [ 80.195230532967827, 13.100015901196384 ], [ 80.195240284898333, 13.100079569916822 ], [ 80.195251392671992, 13.100152091213859 ], [ 80.195152483458997, 13.100301425002746 ], [ 80.195100349567909, 13.10039113818206 ], [ 80.195067018167279, 13.10045237218206 ], [ 80.19504364961108, 13.100495304040082 ], [ 80.195008834905749, 13.100563913350557 ], [ 80.19498865665868, 13.100609244919701 ], [ 80.194957913031729, 13.100678315405297 ], [ 80.194945453929051, 13.100708565769667 ], [ 80.194923201955106, 13.10076753499466 ], [ 80.194898185570196, 13.100833829422443 ], [ 80.194874985040315, 13.100905366550096 ], [ 80.194859574147472, 13.100964547909415 ], [ 80.194840049428819, 13.101039529695736 ], [ 80.194822917817461, 13.101116694418714 ], [ 80.194810057050972, 13.101185371337985 ], [ 80.194797898668412, 13.101264991979303 ], [ 80.19478785131254, 13.101347874273513 ], [ 80.194783407447986, 13.101399373564643 ], [ 80.194779716086344, 13.101442140788354 ], [ 80.19477418334445, 13.101506244619324 ], [ 80.194769985907371, 13.101594027771791 ], [ 80.194768165565435, 13.101699992443713 ], [ 80.194767937177659, 13.101798638196463 ], [ 80.194773146734079, 13.101941246077155 ], [ 80.194807301237901, 13.101948132307141 ], [ 80.194863276822332, 13.101953460948529 ], [ 80.194855888308751, 13.102051277811311 ], [ 80.194853929624998, 13.102077202785692 ], [ 80.1948513935384, 13.102110774448706 ], [ 80.194846788819191, 13.102171743657898 ], [ 80.194844379952698, 13.102203635744075 ], [ 80.194843782335013, 13.102211541870336 ], [ 80.194835650582789, 13.102319205684049 ], [ 80.194821750688362, 13.102503219758477 ], [ 80.194818803964935, 13.102542224282361 ], [ 80.194814496138619, 13.102599255790309 ], [ 80.194808043548093, 13.102684682823547 ], [ 80.194809974568571, 13.102724315616083 ], [ 80.194813096426103, 13.102788371420973 ], [ 80.194816188887202, 13.102851822234795 ], [ 80.194819357425175, 13.102916842044927 ], [ 80.19482321084422, 13.102995923148299 ], [ 80.194833890840002, 13.10321507822197 ], [ 80.194842385549791, 13.103389390704754 ], [ 80.194849747363833, 13.103540469357029 ], [ 80.194855347684197, 13.103655383292097 ], [ 80.194855653828952, 13.103661661092177 ], [ 80.194858487681884, 13.103719820715419 ], [ 80.194862508900599, 13.103802337333043 ], [ 80.194868980878269, 13.103935152306562 ], [ 80.194876665289016, 13.104092843352895 ], [ 80.194878958017256, 13.10413982557308 ], [ 80.194884888576581, 13.104261270550305 ], [ 80.194892051002554, 13.104407856586587 ], [ 80.194900060979876, 13.104571813734172 ], [ 80.194905636257303, 13.104685923764146 ], [ 80.194907990542717, 13.104734118685222 ], [ 80.194915801656975, 13.10489398558531 ], [ 80.194924622989092, 13.105074533416348 ], [ 80.194938409433391, 13.105194795835029 ], [ 80.194953973726896, 13.105330590447496 ], [ 80.194960952612092, 13.105391472847899 ], [ 80.194966233429938, 13.105416538845059 ], [ 80.194991076748067, 13.105534481295425 ], [ 80.195013863353338, 13.105642661178774 ], [ 80.195035949569743, 13.105747513285539 ], [ 80.195065741297611, 13.105888940174077 ], [ 80.195091385960865, 13.10601068359378 ], [ 80.195095067905669, 13.106028165728242 ], [ 80.19511327370023, 13.106080970844763 ], [ 80.195130522693717, 13.106131001649638 ], [ 80.195167062245744, 13.106236986609046 ], [ 80.195194764848921, 13.106317338395153 ], [ 80.195227373046194, 13.106411919262397 ], [ 80.195254534686526, 13.106490700595485 ], [ 80.19529523786953, 13.10660876215761 ], [ 80.195348943683655, 13.106713935382686 ], [ 80.19545739033434, 13.106926306789683 ], [ 80.195538491923472, 13.107085128430295 ], [ 80.195594235633237, 13.1071942909015 ], [ 80.195610417112093, 13.107225978789707 ], [ 80.195622872440836, 13.107250370944563 ], [ 80.195630636163571, 13.10726223998004 ], [ 80.195639372867262, 13.107275599433917 ], [ 80.195657517288566, 13.107303339449997 ], [ 80.195674368367392, 13.107329103404243 ], [ 80.195736638828734, 13.107424305727587 ], [ 80.195792842822343, 13.107510234788894 ], [ 80.195818851986388, 13.107549998756692 ], [ 80.195847478136557, 13.107593764666733 ], [ 80.195921500820603, 13.107706936293763 ], [ 80.195943041602703, 13.107739867860861 ], [ 80.195972291977839, 13.107784588715846 ], [ 80.195995344576261, 13.107819834280603 ], [ 80.196015874750785, 13.107851220152369 ], [ 80.196042227278312, 13.107891511406528 ], [ 80.196127385424873, 13.108021706425207 ], [ 80.197149733357662, 13.109481736829924 ], [ 80.19716344344738, 13.109501314433823 ], [ 80.19771317354477, 13.110286385177563 ], [ 80.198550578620342, 13.111482271571255 ], [ 80.198550911940842, 13.11148274820879 ], [ 80.198725222346923, 13.111731676905128 ], [ 80.198794613058922, 13.111833406328474 ], [ 80.198791264863914, 13.11183326842734 ], [ 80.198796171126361, 13.111835692429576 ], [ 80.198799738083835, 13.111840919758629 ], [ 80.198823755556333, 13.11187613103079 ], [ 80.198927752612477, 13.112066820382408 ], [ 80.19914046090382, 13.112429734820942 ], [ 80.199319780251898, 13.112778346946113 ], [ 80.199328772450983, 13.112795828355813 ], [ 80.199329143989075, 13.112797039308706 ], [ 80.199329128385259, 13.112799011285686 ], [ 80.199328394595426, 13.112800848115759 ], [ 80.199327039344823, 13.112802306873968 ], [ 80.199325241301878, 13.11280319371599 ], [ 80.1990736318822, 13.112875032126025 ], [ 80.199040476312419, 13.112884498034873 ], [ 80.199047018421766, 13.112906518073856 ], [ 80.199327310675685, 13.112826510916452 ], [ 80.199329313129724, 13.11282631279375 ], [ 80.199331256079091, 13.112826828791517 ], [ 80.199332625578421, 13.112827809566205 ], [ 80.199337073340232, 13.112826540350884 ], [ 80.199339075794271, 13.112826342228106 ], [ 80.199341017818256, 13.112826859127107 ], [ 80.199342643180657, 13.112828022437855 ], [ 80.199343699892623, 13.112829592672668 ], [ 80.199358816906312, 13.112863786161139 ], [ 80.199430101398335, 13.113013921390779 ], [ 80.19950909377981, 13.113174215551682 ], [ 80.199547706975522, 13.113189816056062 ], [ 80.199548843354904, 13.113189572744369 ], [ 80.199550835977234, 13.113189848382008 ], [ 80.199552596695639, 13.113190805053952 ], [ 80.199553891607891, 13.113192315447737 ], [ 80.199572991303526, 13.1132253006505 ], [ 80.199673458342758, 13.113398810129034 ], [ 80.199692140667423, 13.113431073392913 ], [ 80.199702034543037, 13.113448161559727 ], [ 80.199809756055302, 13.11362659058805 ], [ 80.199834050689148, 13.113662625446906 ], [ 80.199860239560465, 13.113697412987625 ], [ 80.199888233591679, 13.113730828155584 ], [ 80.199917952821821, 13.113762779379336 ], [ 80.199949318197611, 13.113793179611095 ], [ 80.199981648095346, 13.113821426355376 ], [ 80.200093728829785, 13.113917633268326 ], [ 80.200175284327756, 13.113987239210868 ], [ 80.200254935449749, 13.114058962242396 ], [ 80.200259485331117, 13.114062352590288 ], [ 80.200262131615062, 13.114067319351111 ], [ 80.200297914624173, 13.114116083675579 ], [ 80.200302337449827, 13.114122537908571 ], [ 80.200305730170214, 13.114128605569823 ], [ 80.200371310730731, 13.114274202852995 ], [ 80.200410572731229, 13.114371162841682 ], [ 80.200475244616243, 13.114547354875009 ], [ 80.200491546715071, 13.114595149106503 ], [ 80.200502411243534, 13.11462249189932 ], [ 80.200516980930487, 13.114655996451253 ], [ 80.200526358617694, 13.114677557796169 ], [ 80.200544066419923, 13.114718276625151 ], [ 80.200558079371874, 13.114750500930954 ], [ 80.200584966639767, 13.114809895234348 ], [ 80.200595113866186, 13.114833691395933 ], [ 80.200611740965599, 13.114870272937313 ], [ 80.200646966281198, 13.114932385769389 ], [ 80.200696938975341, 13.11501156471914 ], [ 80.200734929440372, 13.115087559922836 ], [ 80.200758804546851, 13.115135324289746 ], [ 80.200776581660506, 13.115170884045193 ], [ 80.20078114990622, 13.115180022341034 ], [ 80.20089948824176, 13.11543470392875 ], [ 80.200914039836846, 13.115462984933387 ], [ 80.200929129109696, 13.11549188245046 ], [ 80.200959365842294, 13.115543945134936 ], [ 80.200984757543296, 13.115583450848812 ], [ 80.200992076835291, 13.115594837338941 ], [ 80.201082978437341, 13.115728348113135 ], [ 80.201110002231218, 13.115762666148072 ], [ 80.201138326083679, 13.115795480937198 ], [ 80.201167569239814, 13.115826432338185 ], [ 80.201194183857339, 13.115854912587077 ], [ 80.20121864088641, 13.115884204429641 ], [ 80.201231631554435, 13.11590165839721 ], [ 80.201246852175004, 13.115923035300961 ], [ 80.201262386930892, 13.115946549765336 ], [ 80.201282480379376, 13.115981029843843 ], [ 80.201311067619045, 13.116023430689944 ], [ 80.201336903883174, 13.116065567119614 ], [ 80.201360877931577, 13.116108748435414 ], [ 80.201382943901237, 13.116152893119033 ], [ 80.201403061461093, 13.1161979205735 ], [ 80.201421715542708, 13.116245069226668 ], [ 80.201438458267717, 13.116281904252602 ], [ 80.201452890367605, 13.116318089239332 ], [ 80.201465591689399, 13.116354894555291 ], [ 80.201476534822916, 13.116392237834978 ], [ 80.201485695116688, 13.116430039433896 ], [ 80.20149318955329, 13.116468925410349 ], [ 80.201506866289776, 13.116539654220668 ], [ 80.201517545978859, 13.116584026714724 ], [ 80.2015238871533, 13.116610375313229 ], [ 80.201543933621849, 13.116679739561429 ], [ 80.201556497580356, 13.116721957798942 ], [ 80.20157195008133, 13.116764126217827 ], [ 80.201599068775252, 13.116825982338304 ], [ 80.201636867432882, 13.116865521029197 ], [ 80.201661009705006, 13.116897773967782 ], [ 80.201688844190969, 13.116939363200228 ], [ 80.201716452242991, 13.116980513198879 ], [ 80.201804488782486, 13.117119075592885 ], [ 80.201829508449649, 13.117158465250524 ], [ 80.201959763305979, 13.117363843823009 ], [ 80.201980421376064, 13.117394368893853 ], [ 80.20206404528895, 13.117517936109252 ], [ 80.202094389735379, 13.117562774580028 ], [ 80.202215281015967, 13.117741409002535 ], [ 80.202271190125046, 13.117833771903898 ], [ 80.202324986562871, 13.117927327199949 ], [ 80.202372696568105, 13.11801478661417 ], [ 80.202376647425382, 13.118022025090859 ], [ 80.202401601559373, 13.118076074941792 ], [ 80.202417958813228, 13.118118383555894 ], [ 80.202441445563707, 13.11816603808456 ], [ 80.202465467093276, 13.118211492578595 ], [ 80.202511527085818, 13.118305451563403 ], [ 80.202532989663922, 13.118346301255182 ], [ 80.202552806702641, 13.11838794062832 ], [ 80.202570946117589, 13.118430306290902 ], [ 80.202587380445507, 13.118473332152776 ], [ 80.202602082228992, 13.118516950315364 ], [ 80.202617720541127, 13.118570820306253 ], [ 80.202635456813312, 13.118624071096232 ], [ 80.202655258124977, 13.118676613068732 ], [ 80.202655873949652, 13.118680749810274 ], [ 80.202656415713889, 13.118684394446261 ], [ 80.202655696741161, 13.118692226073373 ], [ 80.20265313856855, 13.11869967857818 ], [ 80.202648883648052, 13.118706346422854 ], [ 80.202643163795457, 13.118711861417863 ], [ 80.202636293642612, 13.118715920731281 ], [ 80.202713230883489, 13.118745620866264 ], [ 80.202718270137993, 13.118784408795316 ], [ 80.202732279786133, 13.118892239980482 ], [ 80.202738967373421, 13.118954281399382 ], [ 80.202747586978134, 13.119015955370848 ], [ 80.202758144805699, 13.119077340578016 ], [ 80.202760868245107, 13.119088454200803 ], [ 80.202765001198287, 13.119105322799276 ], [ 80.202770732160218, 13.119128711896796 ], [ 80.202770881806231, 13.11912979557286 ], [ 80.202770583080081, 13.119131746782067 ], [ 80.202769592300982, 13.119133462569371 ], [ 80.202768040265354, 13.119134719101927 ], [ 80.20276613231519, 13.119135347932946 ], [ 80.202760714689916, 13.119136105143497 ], [ 80.202673572113596, 13.119148292309525 ], [ 80.202463042459911, 13.119180280564827 ], [ 80.202449514568556, 13.119188602374912 ], [ 80.202437203714055, 13.119198568143597 ], [ 80.202428472002822, 13.11920774660156 ], [ 80.202426322630288, 13.119210005830677 ], [ 80.202406641359573, 13.119236122819235 ], [ 80.202405425811634, 13.119237736640185 ], [ 80.202382255406434, 13.119268482189678 ], [ 80.202367951436258, 13.119302627805631 ], [ 80.202366066993534, 13.119307123902322 ], [ 80.202358225196889, 13.119325840640643 ], [ 80.202349288043905, 13.119349808200495 ], [ 80.202336162706985, 13.119390925108203 ], [ 80.202256380571271, 13.119529636623652 ], [ 80.202251844941244, 13.119537522430722 ], [ 80.202208404372584, 13.119613049087059 ], [ 80.202178450079828, 13.119665127715455 ], [ 80.202163936595525, 13.119685558001748 ], [ 80.202158373839069, 13.119694984066978 ], [ 80.202154796130841, 13.119701044579319 ], [ 80.202151218410776, 13.11970710870831 ], [ 80.202140384573966, 13.119729629112548 ], [ 80.202131513089697, 13.11975296031998 ], [ 80.202124666303234, 13.119776936154125 ], [ 80.20211989180855, 13.119801387680166 ], [ 80.202115204146111, 13.11986927919396 ], [ 80.202114693166948, 13.119876685591446 ], [ 80.202108410729707, 13.119967661409445 ], [ 80.202105974989195, 13.120002929702315 ], [ 80.2021046985477, 13.120021419025399 ], [ 80.202104607047445, 13.120029480447615 ], [ 80.202103350932134, 13.120139771647899 ], [ 80.202103075612811, 13.120163923361105 ], [ 80.202102972645307, 13.120172965787452 ], [ 80.202102129405901, 13.120247060158933 ], [ 80.20210173304072, 13.120281854648054 ], [ 80.202101352201524, 13.120315267591852 ], [ 80.202096428085568, 13.120396397432838 ], [ 80.202095747058181, 13.120407615343185 ], [ 80.202092157709956, 13.120466759561925 ], [ 80.202089892448214, 13.120497506556495 ], [ 80.202087999678653, 13.120523169573813 ], [ 80.202087365859484, 13.120531763688025 ], [ 80.202086863244816, 13.120538577870311 ], [ 80.20208099863558, 13.120618124281092 ], [ 80.202074202554257, 13.120696439018539 ], [ 80.202073569220289, 13.120703738342469 ], [ 80.202067875979054, 13.120769336434851 ], [ 80.202042172169115, 13.120891867759859 ], [ 80.202034024584066, 13.120930711575664 ], [ 80.20202843109395, 13.120957374904922 ], [ 80.201968023928558, 13.121237665586166 ], [ 80.201964090430621, 13.121255917912503 ], [ 80.201942551560251, 13.121337322657631 ], [ 80.201934113671939, 13.121371204309915 ], [ 80.201916283164024, 13.121445801189054 ], [ 80.201895823559042, 13.121541518888268 ], [ 80.201847009694845, 13.121774285371355 ], [ 80.201844925300463, 13.121791277568514 ], [ 80.201829026427916, 13.121868756633027 ], [ 80.201819494276052, 13.121908960557111 ], [ 80.201814251168599, 13.12193166102106 ], [ 80.201799826425272, 13.122004582139574 ], [ 80.201790593075771, 13.122060535159436 ], [ 80.20178772606495, 13.122077907399039 ], [ 80.201746919449562, 13.122311841554492 ], [ 80.20173860305384, 13.122359509663168 ], [ 80.201737722341548, 13.122364560416441 ], [ 80.201725851587014, 13.122429615810843 ], [ 80.201712015173044, 13.122494304340158 ], [ 80.201696228074553, 13.122558559140808 ], [ 80.201667621966152, 13.122661243598833 ], [ 80.201667441826729, 13.122661891340112 ], [ 80.201640507324825, 13.122758572674529 ], [ 80.201638954931227, 13.122764789549889 ], [ 80.201636491428445, 13.122773469309363 ], [ 80.201620069117936, 13.122831296097678 ], [ 80.201610828987185, 13.122858174147176 ], [ 80.201599674115883, 13.122884344611908 ], [ 80.201586663045745, 13.122909676566444 ], [ 80.20157259810837, 13.122932825264737 ], [ 80.201571857997024, 13.122934042713529 ], [ 80.201560205397627, 13.122950930185524 ], [ 80.201546797724191, 13.122966517422759 ], [ 80.201546102795604, 13.122967169896697 ], [ 80.201531784994657, 13.122980628574341 ], [ 80.201524306146922, 13.122986304450594 ], [ 80.201515337455504, 13.122993108648377 ], [ 80.20150056931594, 13.123002038679109 ], [ 80.201498693346608, 13.12300275259121 ], [ 80.201496680353202, 13.123002760814977 ], [ 80.201494797867568, 13.123002064180106 ], [ 80.201548262551441, 13.123271178561877 ], [ 80.201549769437591, 13.123272487068215 ], [ 80.201550700163423, 13.123274235933584 ], [ 80.201550930926615, 13.123276196015546 ], [ 80.201550431202008, 13.123278106814483 ], [ 80.201550182459144, 13.123278572601897 ], [ 80.201523819111202, 13.123322605967022 ], [ 80.201503907699887, 13.123355861576835 ], [ 80.201487474754629, 13.123390385693073 ], [ 80.201469081788119, 13.123438795608097 ], [ 80.201465320749548, 13.123612468601731 ], [ 80.20145934326959, 13.123804866692449 ], [ 80.201461216329804, 13.123898481740664 ], [ 80.201462793967494, 13.123977305234455 ], [ 80.201465882355905, 13.124131667113835 ], [ 80.201470855047347, 13.124380160360456 ], [ 80.20147177341849, 13.124426019789839 ], [ 80.201472949787458, 13.124484832450854 ], [ 80.201486450312572, 13.125077620981287 ], [ 80.201499172603178, 13.125438306752491 ], [ 80.201501122450267, 13.125493570175468 ], [ 80.20150833334354, 13.125698027557821 ], [ 80.201513448766377, 13.126083150596473 ], [ 80.201514209399718, 13.126140430274216 ], [ 80.20151537744151, 13.126228387452123 ], [ 80.201518512180002, 13.126427809440044 ], [ 80.201519822586803, 13.126511104183143 ], [ 80.20152204042526, 13.126652213429288 ], [ 80.201527011693315, 13.126838572943701 ], [ 80.201528881362108, 13.126908664722915 ], [ 80.201534718340113, 13.127127478066635 ], [ 80.201544286356437, 13.127533606404084 ], [ 80.201550130006439, 13.127914031706862 ], [ 80.20155090907889, 13.12796474163734 ], [ 80.201551680584288, 13.128014937967967 ], [ 80.20156043533558, 13.12837779405884 ], [ 80.201561917993828, 13.128426032324592 ], [ 80.201575603782459, 13.128652925366154 ], [ 80.201581382893053, 13.12873340567443 ], [ 80.201494922851595, 13.128752571042458 ], [ 80.200684546934781, 13.128932198594109 ], [ 80.200479674771188, 13.128965411201339 ], [ 80.200351542189253, 13.128986182739466 ], [ 80.200155351820527, 13.129000668397303 ], [ 80.199830542876143, 13.12885799490785 ], [ 80.199821597644714, 13.128858324247433 ], [ 80.199820779580648, 13.128857964551562 ], [ 80.198972392454806, 13.128889182438844 ], [ 80.198954893205737, 13.128889825095996 ], [ 80.198890506655957, 13.12849542173092 ], [ 80.198543718964672, 13.128402388436669 ], [ 80.198007557161233, 13.128346414805778 ], [ 80.197976971202337, 13.128349155009719 ], [ 80.197948975690949, 13.128346232248798 ], [ 80.197802611754923, 13.128359346051729 ], [ 80.19750895088147, 13.128385656393348 ], [ 80.197010523347743, 13.128422380319391 ], [ 80.196739349887821, 13.128035472582463 ], [ 80.196692384917014, 13.128051865305034 ], [ 80.196249698458473, 13.128206378714609 ], [ 80.195521903927244, 13.128307975447727 ], [ 80.19551409643978, 13.128307671650422 ], [ 80.195512140663823, 13.128307944929247 ], [ 80.19547309584074, 13.128306427724167 ], [ 80.194731735073603, 13.128277625655336 ], [ 80.194727343004004, 13.128279547766855 ], [ 80.194486882171574, 13.128384782588689 ], [ 80.194514292683309, 13.128847539225839 ], [ 80.194605828874813, 13.130025894364591 ], [ 80.194547080599193, 13.13002356757813 ], [ 80.193882574309058, 13.129997259265927 ], [ 80.193881949071553, 13.129999726627831 ], [ 80.193562228432128, 13.131261431799816 ], [ 80.193322568884184, 13.131594989057515 ], [ 80.192852718248062, 13.132978360797473 ], [ 80.192680118152794, 13.133486539704517 ], [ 80.191957434223809, 13.134185837708747 ], [ 80.191583641687458, 13.134701382027218 ], [ 80.191487099198568, 13.135003248672779 ], [ 80.191183498002601, 13.135191514928415 ], [ 80.190893854241025, 13.135174894824107 ], [ 80.190593110424487, 13.135203236930627 ], [ 80.190248586017447, 13.135235704986295 ], [ 80.18938662953974, 13.135075406018906 ], [ 80.189375400908162, 13.135162007406914 ], [ 80.188654927286407, 13.135220464383837 ], [ 80.188551215918295, 13.135714874000715 ], [ 80.189094244755154, 13.136488292686108 ], [ 80.189110915386962, 13.136771186430591 ], [ 80.189168709106923, 13.137505273746203 ], [ 80.188837221240846, 13.137790882572576 ], [ 80.188413202541867, 13.13808328410215 ], [ 80.188138196234405, 13.138422906846191 ], [ 80.188142652186954, 13.138927661344114 ], [ 80.187515660907493, 13.139086227431131 ], [ 80.185174659233965, 13.138043541583519 ], [ 80.183752744762671, 13.136581431554301 ], [ 80.183343381445823, 13.136160490806686 ], [ 80.182432475433657, 13.135204528170908 ], [ 80.182009974123346, 13.135344978369202 ], [ 80.181593282419882, 13.135384422414866 ], [ 80.181512293846737, 13.135402900224813 ], [ 80.180758709952215, 13.135618163369392 ], [ 80.178452327836823, 13.136276973561207 ], [ 80.178253303429869, 13.136409957263149 ], [ 80.177708698235236, 13.13653855135923 ], [ 80.17765762012246, 13.136550611645252 ], [ 80.17755586918517, 13.136578248021964 ], [ 80.176939984248776, 13.136745523813646 ], [ 80.176923587174358, 13.136749976861855 ], [ 80.176847108022372, 13.136797633652412 ], [ 80.176305210451517, 13.137135309988858 ], [ 80.176294949414185, 13.137141703118907 ], [ 80.17628660514292, 13.137158994112271 ], [ 80.176167811114013, 13.137405151253745 ], [ 80.176158002100721, 13.137411828832876 ], [ 80.176031198710717, 13.137498158588667 ], [ 80.175842263976548, 13.137626788250753 ], [ 80.175717066542148, 13.137712025312425 ], [ 80.175638356580365, 13.137765609582239 ], [ 80.175600548114545, 13.13779135058512 ], [ 80.175132467946426, 13.13813407827319 ], [ 80.175042087422156, 13.138200255367206 ], [ 80.174998559553956, 13.138232126333905 ], [ 80.174989587799217, 13.138238642894102 ], [ 80.174931879444088, 13.138280562595416 ], [ 80.174740069019947, 13.138419892129349 ], [ 80.174641633854336, 13.138491395048312 ], [ 80.174402037996799, 13.138595603699434 ], [ 80.174178364950265, 13.13869288571026 ], [ 80.17413016263049, 13.138713849788756 ], [ 80.174109711447841, 13.138722745412814 ], [ 80.173985563934011, 13.138776740185266 ], [ 80.173827358443305, 13.138845548928142 ], [ 80.173822999764042, 13.138847593737047 ], [ 80.173531969681264, 13.138984147789067 ], [ 80.173505108831861, 13.138996751589648 ], [ 80.17346630109958, 13.139014959959532 ], [ 80.173464790541061, 13.139015596166166 ], [ 80.173399486385946, 13.139043093872663 ], [ 80.173251260395872, 13.139105505618931 ], [ 80.173214538566867, 13.139120967435552 ], [ 80.173122623565476, 13.139159669971379 ], [ 80.172965870861532, 13.139225671740016 ], [ 80.172876640612756, 13.139263243554391 ], [ 80.172848406076838, 13.139274437773382 ], [ 80.172719518703076, 13.139306946975889 ], [ 80.172613102384346, 13.139333788695691 ], [ 80.172606720064309, 13.139335398392225 ], [ 80.172363184436975, 13.139396825708632 ], [ 80.172236701085936, 13.139451121304184 ], [ 80.172188226826407, 13.139471930414407 ], [ 80.171962606983286, 13.139568782784229 ], [ 80.171913614361657, 13.139589814406612 ], [ 80.17184469188625, 13.139619400449556 ], [ 80.171728425939506, 13.13966930997425 ], [ 80.17157453240651, 13.139735371599983 ], [ 80.171554151664836, 13.13974412076044 ], [ 80.171389376111023, 13.139814854355246 ], [ 80.171263301650157, 13.139868974449177 ], [ 80.171229519941349, 13.13988442103043 ], [ 80.171202979672799, 13.139896557247241 ], [ 80.170946805187995, 13.140027913032473 ], [ 80.170896585759721, 13.140052396257435 ], [ 80.170843577628759, 13.140081462792143 ], [ 80.170760849799123, 13.140126825292626 ], [ 80.170748957856759, 13.140133345839518 ], [ 80.170715173126368, 13.140151871059897 ], [ 80.170564267567258, 13.140234617406875 ], [ 80.17047467676268, 13.140283742554187 ], [ 80.17045172285971, 13.140296329687493 ], [ 80.170427741550284, 13.140307984915014 ], [ 80.17019044283127, 13.140423310068879 ], [ 80.169965355894149, 13.140532701421204 ], [ 80.169950172913801, 13.140540079314539 ], [ 80.169950233292496, 13.140540506280612 ], [ 80.169888654172766, 13.140572288208453 ], [ 80.169849663338354, 13.140581146228369 ], [ 80.169672726053534, 13.140665339650088 ], [ 80.169426865863514, 13.140800985797492 ], [ 80.16940500320932, 13.140813048317113 ], [ 80.16931609032396, 13.140862102889367 ], [ 80.169249910092262, 13.140875778131692 ], [ 80.169140728758506, 13.140928108086248 ], [ 80.169056086417498, 13.140968677107582 ], [ 80.168960085214167, 13.141014689598896 ], [ 80.168904508958505, 13.141041326927994 ], [ 80.168894581632273, 13.141045778649532 ], [ 80.168843005550485, 13.141068905320228 ], [ 80.168812338252138, 13.141072827963415 ], [ 80.168698037814991, 13.141087446981466 ], [ 80.168632825728977, 13.141095786934843 ], [ 80.168527421157862, 13.141108692291263 ], [ 80.168494392462577, 13.141119605581238 ], [ 80.16842684341978, 13.141141923716374 ], [ 80.16841888817595, 13.141121016047164 ], [ 80.168151115184486, 13.140757627849318 ], [ 80.16711252587794, 13.139296807043024 ], [ 80.167036551698956, 13.13908316736741 ], [ 80.166691422325115, 13.137996952557057 ], [ 80.166359605265825, 13.136301718692723 ], [ 80.165646679663482, 13.134986562149845 ], [ 80.164436038415971, 13.133754061579969 ], [ 80.164265027044621, 13.133771804802169 ], [ 80.163506091573211, 13.13384866335319 ], [ 80.16350551100804, 13.13386782094083 ], [ 80.163499605402677, 13.134062485153311 ], [ 80.163497832843618, 13.134120897252812 ], [ 80.163451755178428, 13.135639540326574 ], [ 80.163231341125339, 13.136508093764544 ], [ 80.162899477808182, 13.137229089899064 ], [ 80.162482475627854, 13.137820330381921 ], [ 80.161734895699468, 13.138372340203592 ], [ 80.161419080048347, 13.138886820333662 ], [ 80.161211088045192, 13.139874929157175 ], [ 80.160333616333972, 13.140386382411357 ], [ 80.159964822709384, 13.140524615118544 ], [ 80.159209314540092, 13.140827179833934 ], [ 80.159117314744407, 13.140864024267158 ], [ 80.158323608691774, 13.140777760647254 ], [ 80.157320994406277, 13.140987171038821 ] ] ] } },
{ "type": "Feature", "properties": { "objectid": 5, "zone": "06", "st_area(shape)": 17113943.584202353, "st_perimeter(shape)": 29392.434190731568 }, "geometry": { "type": "Polygon", "coordinates": [ [ [ 80.213267116299505, 13.130426440740349 ], [ 80.21317447643149, 13.130467816036079 ], [ 80.213055206709484, 13.130521083084719 ], [ 80.213004920308649, 13.130546367651755 ], [ 80.212964385664407, 13.130572146786008 ], [ 80.212948673958678, 13.130582138806965 ], [ 80.212896785620856, 13.13062375527595 ], [ 80.212895486622529, 13.130624923126998 ], [ 80.21274867067315, 13.130757324168624 ], [ 80.212657422039811, 13.130880016017104 ], [ 80.212607630917901, 13.130841307385371 ], [ 80.212342382271899, 13.130734866844836 ], [ 80.212051186908383, 13.130678448407131 ], [ 80.211954114783467, 13.130655869304032 ], [ 80.211912556442542, 13.130646201065387 ], [ 80.211906702614669, 13.130644805158699 ], [ 80.211847725838979, 13.130626595070593 ], [ 80.211818287567439, 13.130614504555229 ], [ 80.211698046949223, 13.130560750417599 ], [ 80.21168259600077, 13.130549135841338 ], [ 80.211678949656772, 13.130546360576234 ], [ 80.211639669310529, 13.130511478833386 ], [ 80.211605723553433, 13.130471579829697 ], [ 80.211579320550101, 13.130430275319524 ], [ 80.211544260867399, 13.130366500595887 ], [ 80.211496843722102, 13.130221673001834 ], [ 80.211480592572997, 13.130121100406326 ], [ 80.211486147881658, 13.129987888438684 ], [ 80.211478185337242, 13.129949688432706 ], [ 80.211473010547536, 13.129924862635793 ], [ 80.211468870779555, 13.129906717418747 ], [ 80.211450639565641, 13.129848743060533 ], [ 80.21142541267217, 13.129793344084302 ], [ 80.211424222296429, 13.129791116140744 ], [ 80.211415016226809, 13.129774004252939 ], [ 80.21136921882804, 13.129658231267697 ], [ 80.211341406370735, 13.129532460661084 ], [ 80.211339138414488, 13.129439445593738 ], [ 80.211304090550883, 13.129440265877509 ], [ 80.211306439412098, 13.129536545301306 ], [ 80.211319349779302, 13.129594931945046 ], [ 80.211319559459554, 13.129596874777665 ], [ 80.211319417112648, 13.129598406031302 ], [ 80.211319413295513, 13.129598445803756 ], [ 80.211319376877555, 13.129598583128313 ], [ 80.211319006361251, 13.129599918378631 ], [ 80.211318992370082, 13.129599966257574 ], [ 80.211318371038317, 13.129601263667626 ], [ 80.211318307895226, 13.129601391868421 ], [ 80.211317382147726, 13.129602680207867 ], [ 80.211316272553617, 13.129603760021231 ], [ 80.211316241085939, 13.129603791571274 ], [ 80.211316121811507, 13.129603874390769 ], [ 80.211314964251144, 13.129604662909468 ], [ 80.211314920798955, 13.129604691710229 ], [ 80.211313595006089, 13.12960529345116 ], [ 80.211313461968416, 13.129605352719663 ], [ 80.211313044560157, 13.129605481643091 ], [ 80.211312667796051, 13.129605594415759 ], [ 80.211205542961423, 13.129633056217129 ], [ 80.211205342389277, 13.12963230693693 ], [ 80.210990318083915, 13.129678441154702 ], [ 80.210891067933105, 13.129691524199153 ], [ 80.210843955120268, 13.129697734341439 ], [ 80.210744303801334, 13.12970470018969 ], [ 80.210606887258066, 13.129713761793351 ], [ 80.210613303790566, 13.129710543589081 ], [ 80.210614425571833, 13.129709981914413 ], [ 80.210617825088576, 13.129703373707079 ], [ 80.210581260974465, 13.129665047064474 ], [ 80.210477693964236, 13.12960338038064 ], [ 80.210452237303372, 13.129588222279123 ], [ 80.210107266578149, 13.129412677631645 ], [ 80.209753594181876, 13.129209620409386 ], [ 80.209664744744074, 13.129165679948004 ], [ 80.209351278777774, 13.128997604720894 ], [ 80.209256906234302, 13.128947003206731 ], [ 80.209239991569362, 13.128937933798003 ], [ 80.209035627824221, 13.128844489389758 ], [ 80.208514380008808, 13.128606149561787 ], [ 80.208472203810928, 13.128611542610201 ], [ 80.207993432170298, 13.128672756794669 ], [ 80.207963849800308, 13.128672665754888 ], [ 80.207962048989913, 13.128672660212782 ], [ 80.207603553142917, 13.128687068859973 ], [ 80.207572215329648, 13.128694117236956 ], [ 80.20756487387375, 13.128695769181787 ], [ 80.207420233992849, 13.128693405098748 ], [ 80.207409294744039, 13.128689823388864 ], [ 80.207408463952419, 13.128689401288616 ], [ 80.207395803706532, 13.128677609707079 ], [ 80.207384847667939, 13.12867178375838 ], [ 80.207367250278139, 13.128668508855718 ], [ 80.207234025262537, 13.128648000290454 ], [ 80.207054957628259, 13.128659980627493 ], [ 80.206889535059759, 13.128667783964966 ], [ 80.206797274328011, 13.128683210734787 ], [ 80.206792213016939, 13.128681539573545 ], [ 80.206785940252374, 13.128677323920011 ], [ 80.206782855093962, 13.128669027560514 ], [ 80.206776008844798, 13.128650616251512 ], [ 80.206764331192588, 13.128628174567806 ], [ 80.206749951010877, 13.128607285176145 ], [ 80.206732766953593, 13.128587906171209 ], [ 80.206677795849629, 13.128541831282115 ], [ 80.206622784781203, 13.128499016748123 ], [ 80.206595891874883, 13.1284796078049 ], [ 80.206566103328797, 13.128458107595256 ], [ 80.206557507646295, 13.128453297055284 ], [ 80.206535129777279, 13.128440772019179 ], [ 80.206524908389355, 13.128435438368335 ], [ 80.20650907107121, 13.128421301442307 ], [ 80.206507006710808, 13.128414304827764 ], [ 80.206453366423275, 13.128413224405755 ], [ 80.206439813009936, 13.128419312985486 ], [ 80.206425348351743, 13.128422740452518 ], [ 80.206266070294191, 13.128441132258546 ], [ 80.206129543458815, 13.128456897867308 ], [ 80.206044184764451, 13.128466754183341 ], [ 80.206036366439491, 13.128466366581788 ], [ 80.206028879889686, 13.128464649948391 ], [ 80.206021824593293, 13.128461653416043 ], [ 80.206015427200199, 13.128457469910806 ], [ 80.20600989299956, 13.12845223659791 ], [ 80.20600540043074, 13.128446120397822 ], [ 80.206002090015858, 13.128439317047949 ], [ 80.206000002439723, 13.128431797739946 ], [ 80.2059996286401, 13.128428402278777 ], [ 80.205975329791613, 13.128430318326185 ], [ 80.205974025553161, 13.12840611200062 ], [ 80.205969522725098, 13.128322478237964 ], [ 80.205968460620326, 13.128311352589744 ], [ 80.205965557904847, 13.128300550385868 ], [ 80.205960893002924, 13.128290356686328 ], [ 80.205954588649945, 13.128281047645935 ], [ 80.205946819327934, 13.128272873357773 ], [ 80.205937789133145, 13.1282660550724 ], [ 80.20592774472658, 13.128260774387599 ], [ 80.205834406604524, 13.128243449746307 ], [ 80.205740679627311, 13.128228283063889 ], [ 80.205646613577997, 13.128215284439445 ], [ 80.205552261941463, 13.12820446036689 ], [ 80.205444170877939, 13.128194451914373 ], [ 80.205399972830435, 13.128191123690023 ], [ 80.205355664406056, 13.128189989572425 ], [ 80.205311426396051, 13.128191058257379 ], [ 80.205056328680044, 13.128223131214776 ], [ 80.205015445813189, 13.128228271806817 ], [ 80.20432998734384, 13.128340537365409 ], [ 80.204272913011337, 13.128349884677567 ], [ 80.204278856754243, 13.12835656056127 ], [ 80.204243179396855, 13.128369859299623 ], [ 80.204211195616764, 13.128379246199414 ], [ 80.204089444195162, 13.128404807126493 ], [ 80.204089079565975, 13.128404875621019 ], [ 80.20404279877954, 13.128413746300518 ], [ 80.203779399187866, 13.128458836955154 ], [ 80.203558855805696, 13.128497063388343 ], [ 80.203257043742951, 13.128540704568026 ], [ 80.203055238651942, 13.128575651228671 ], [ 80.202878126546125, 13.128604032981592 ], [ 80.202816004368671, 13.128612090334519 ], [ 80.202755095859487, 13.128619988678857 ], [ 80.202666190874169, 13.128631519180539 ], [ 80.202621714379774, 13.128637288414151 ], [ 80.202523917213426, 13.128655866551878 ], [ 80.202479433912075, 13.128664315739591 ], [ 80.20234572117819, 13.12870020702989 ], [ 80.202328894571465, 13.128704538358983 ], [ 80.202325180347529, 13.128705116374555 ], [ 80.202251373369904, 13.12869735394338 ], [ 80.202244139098312, 13.128700660722625 ], [ 80.202075816122871, 13.128744443894108 ], [ 80.202063401096893, 13.128748224672778 ], [ 80.202051837412668, 13.128754060587033 ], [ 80.202041478077604, 13.128761768278091 ], [ 80.202032643051098, 13.12877111365043 ], [ 80.202026891315967, 13.128779851929508 ], [ 80.202025512082756, 13.128781285304767 ], [ 80.202023699252692, 13.128782145891606 ], [ 80.202023257949094, 13.12878224579182 ], [ 80.201943628889154, 13.128797007418024 ], [ 80.201735267453103, 13.128825200139977 ], [ 80.201647855944472, 13.128837027870897 ], [ 80.201588786457464, 13.128836503745163 ], [ 80.201583366659378, 13.128761028303233 ], [ 80.201581382893053, 13.12873340567443 ], [ 80.201575603782459, 13.128652925366154 ], [ 80.201561917993828, 13.128426032324592 ], [ 80.20156043533558, 13.12837779405884 ], [ 80.201551680584288, 13.128014937967967 ], [ 80.20155090907889, 13.12796474163734 ], [ 80.201550130006439, 13.127914031706862 ], [ 80.201544286356437, 13.127533606404084 ], [ 80.201534718340113, 13.127127478066635 ], [ 80.201528881362108, 13.126908664722915 ], [ 80.201527011693315, 13.126838572943701 ], [ 80.20152204042526, 13.126652213429288 ], [ 80.201519822586803, 13.126511104183143 ], [ 80.201518512180002, 13.126427809440044 ], [ 80.20151537744151, 13.126228387452123 ], [ 80.201514209399718, 13.126140430274216 ], [ 80.201513448766377, 13.126083150596473 ], [ 80.20150833334354, 13.125698027557821 ], [ 80.201501122450267, 13.125493570175468 ], [ 80.201499172603178, 13.125438306752491 ], [ 80.201486450312572, 13.125077620981287 ], [ 80.201472949787458, 13.124484832450854 ], [ 80.20147177341849, 13.124426019789839 ], [ 80.201470855047347, 13.124380160360456 ], [ 80.201465882355905, 13.124131667113835 ], [ 80.201462793967494, 13.123977305234455 ], [ 80.201461216329804, 13.123898481740664 ], [ 80.20145934326959, 13.123804866692449 ], [ 80.201465320749548, 13.123612468601731 ], [ 80.201469081788119, 13.123438795608097 ], [ 80.201487474754629, 13.123390385693073 ], [ 80.201503907699887, 13.123355861576835 ], [ 80.201523819111202, 13.123322605967022 ], [ 80.201550182459144, 13.123278572601897 ], [ 80.201550431202008, 13.123278106814483 ], [ 80.201550930926615, 13.123276196015546 ], [ 80.201550700163423, 13.123274235933584 ], [ 80.201549769437591, 13.123272487068215 ], [ 80.201548262551441, 13.123271178561877 ], [ 80.201494797867568, 13.123002064180106 ], [ 80.201496680353202, 13.123002760814977 ], [ 80.201498693346608, 13.12300275259121 ], [ 80.20150056931594, 13.123002038679109 ], [ 80.201515337455504, 13.122993108648377 ], [ 80.201524306146922, 13.122986304450594 ], [ 80.201531784994657, 13.122980628574341 ], [ 80.201546102795604, 13.122967169896697 ], [ 80.201546797724191, 13.122966517422759 ], [ 80.201560205397627, 13.122950930185524 ], [ 80.201571857997024, 13.122934042713529 ], [ 80.20157259810837, 13.122932825264737 ], [ 80.201586663045745, 13.122909676566444 ], [ 80.201599674115883, 13.122884344611908 ], [ 80.201610828987185, 13.122858174147176 ], [ 80.201620069117936, 13.122831296097678 ], [ 80.201636491428445, 13.122773469309363 ], [ 80.201638954931227, 13.122764789549889 ], [ 80.201640507324825, 13.122758572674529 ], [ 80.201667441826729, 13.122661891340112 ], [ 80.201667621966152, 13.122661243598833 ], [ 80.201696228074553, 13.122558559140808 ], [ 80.201712015173044, 13.122494304340158 ], [ 80.201725851587014, 13.122429615810843 ], [ 80.201737722341548, 13.122364560416441 ], [ 80.20173860305384, 13.122359509663168 ], [ 80.201746919449562, 13.122311841554492 ], [ 80.20178772606495, 13.122077907399039 ], [ 80.201790593075771, 13.122060535159436 ], [ 80.201799826425272, 13.122004582139574 ], [ 80.201814251168599, 13.12193166102106 ], [ 80.201819494276052, 13.121908960557111 ], [ 80.201829026427916, 13.121868756633027 ], [ 80.201844925300463, 13.121791277568514 ], [ 80.201847009694845, 13.121774285371355 ], [ 80.201895823559042, 13.121541518888268 ], [ 80.201916283164024, 13.121445801189054 ], [ 80.201934113671939, 13.121371204309915 ], [ 80.201942551560251, 13.121337322657631 ], [ 80.201964090430621, 13.121255917912503 ], [ 80.201968023928558, 13.121237665586166 ], [ 80.20202843109395, 13.120957374904922 ], [ 80.202034024584066, 13.120930711575664 ], [ 80.202042172169115, 13.120891867759859 ], [ 80.202067875979054, 13.120769336434851 ], [ 80.202073569220289, 13.120703738342469 ], [ 80.202074202554257, 13.120696439018539 ], [ 80.20208099863558, 13.120618124281092 ], [ 80.202086863244816, 13.120538577870311 ], [ 80.202087365859484, 13.120531763688025 ], [ 80.202087999678653, 13.120523169573813 ], [ 80.202089892448214, 13.120497506556495 ], [ 80.202092157709956, 13.120466759561925 ], [ 80.202095747058181, 13.120407615343185 ], [ 80.202096428085568, 13.120396397432838 ], [ 80.202101352201524, 13.120315267591852 ], [ 80.20210173304072, 13.120281854648054 ], [ 80.202102129405901, 13.120247060158933 ], [ 80.202102972645307, 13.120172965787452 ], [ 80.202103075612811, 13.120163923361105 ], [ 80.202103350932134, 13.120139771647899 ], [ 80.202104607047445, 13.120029480447615 ], [ 80.2021046985477, 13.120021419025399 ], [ 80.202105974989195, 13.120002929702315 ], [ 80.202108410729707, 13.119967661409445 ], [ 80.202114693166948, 13.119876685591446 ], [ 80.202115204146111, 13.11986927919396 ], [ 80.20211989180855, 13.119801387680166 ], [ 80.202124666303234, 13.119776936154125 ], [ 80.202131513089697, 13.11975296031998 ], [ 80.202140384573966, 13.119729629112548 ], [ 80.202151218410776, 13.11970710870831 ], [ 80.202154796130841, 13.119701044579319 ], [ 80.202158373839069, 13.119694984066978 ], [ 80.202163936595525, 13.119685558001748 ], [ 80.202178450079828, 13.119665127715455 ], [ 80.202208404372584, 13.119613049087059 ], [ 80.202251844941244, 13.119537522430722 ], [ 80.202256380571271, 13.119529636623652 ], [ 80.202336162706985, 13.119390925108203 ], [ 80.202349288043905, 13.119349808200495 ], [ 80.202358225196889, 13.119325840640643 ], [ 80.202366066993534, 13.119307123902322 ], [ 80.202367951436258, 13.119302627805631 ], [ 80.202382255406434, 13.119268482189678 ], [ 80.202405425811634, 13.119237736640185 ], [ 80.202406641359573, 13.119236122819235 ], [ 80.202426322630288, 13.119210005830677 ], [ 80.202428472002822, 13.11920774660156 ], [ 80.202437203714055, 13.119198568143597 ], [ 80.202449514568556, 13.119188602374912 ], [ 80.202463042459911, 13.119180280564827 ], [ 80.202673572113596, 13.119148292309525 ], [ 80.202760714689916, 13.119136105143497 ], [ 80.20276613231519, 13.119135347932946 ], [ 80.202768040265354, 13.119134719101927 ], [ 80.202769592300982, 13.119133462569371 ], [ 80.202770583080081, 13.119131746782067 ], [ 80.202770881806231, 13.11912979557286 ], [ 80.202770732160218, 13.119128711896796 ], [ 80.202765001198287, 13.119105322799276 ], [ 80.202760868245107, 13.119088454200803 ], [ 80.202758144805699, 13.119077340578016 ], [ 80.202747586978134, 13.119015955370848 ], [ 80.202738967373421, 13.118954281399382 ], [ 80.202732279786133, 13.118892239980482 ], [ 80.202718270137993, 13.118784408795316 ], [ 80.202713230883489, 13.118745620866264 ], [ 80.202636293642612, 13.118715920731281 ], [ 80.202643163795457, 13.118711861417863 ], [ 80.202648883648052, 13.118706346422854 ], [ 80.20265313856855, 13.11869967857818 ], [ 80.202655696741161, 13.118692226073373 ], [ 80.202656415713889, 13.118684394446261 ], [ 80.202655873949652, 13.118680749810274 ], [ 80.202655258124977, 13.118676613068732 ], [ 80.202635456813312, 13.118624071096232 ], [ 80.202617720541127, 13.118570820306253 ], [ 80.202602082228992, 13.118516950315364 ], [ 80.202587380445507, 13.118473332152776 ], [ 80.202570946117589, 13.118430306290902 ], [ 80.202605354588158, 13.11841871268123 ], [ 80.202607878564876, 13.118417862424847 ], [ 80.202624210449173, 13.118460617616421 ], [ 80.202639409341458, 13.118505708424236 ], [ 80.202655067752488, 13.118559641768448 ], [ 80.202659152911664, 13.118574161149525 ], [ 80.20266247309398, 13.118581875983441 ], [ 80.202677327880366, 13.118610370324649 ], [ 80.202693803554567, 13.118637998953631 ], [ 80.202711846899987, 13.118664672191073 ], [ 80.20271891192472, 13.118669704148184 ], [ 80.202727122005584, 13.118672666355167 ], [ 80.202735838572949, 13.11867333078902 ], [ 80.202744389281506, 13.118671644734013 ], [ 80.202763983442665, 13.118668240555523 ], [ 80.202783789847615, 13.118666247560105 ], [ 80.202807545075814, 13.118665546207254 ], [ 80.202946603674576, 13.118643427157808 ], [ 80.203043673445393, 13.118631471337157 ], [ 80.203140480927274, 13.118617599605214 ], [ 80.203236984584763, 13.118601818162929 ], [ 80.203333145635355, 13.118584137740765 ], [ 80.203337838700861, 13.118583209193591 ], [ 80.203338080555071, 13.118583161115764 ], [ 80.203343270244076, 13.118582136452781 ], [ 80.203344268118258, 13.118581939714744 ], [ 80.203345893656149, 13.118581347077084 ], [ 80.203347438328649, 13.118580083284387 ], [ 80.20334841897423, 13.118578361133826 ], [ 80.203348707550262, 13.118576408988 ], [ 80.203347044250961, 13.118534867416376 ], [ 80.203346683063089, 13.118525849771496 ], [ 80.203347357181315, 13.118470630597853 ], [ 80.203350911990952, 13.118415512561457 ], [ 80.203360552215685, 13.118305802412944 ], [ 80.203407375167927, 13.118318490087916 ], [ 80.203407368209653, 13.118318645586115 ], [ 80.203398544114748, 13.118418999047998 ], [ 80.203395100050628, 13.118472387723207 ], [ 80.203394455795106, 13.11852521180521 ], [ 80.203394108546817, 13.118565442419939 ], [ 80.203394366971935, 13.118567124098227 ], [ 80.203395313407242, 13.118568863964045 ], [ 80.203396832315818, 13.118570158029257 ], [ 80.203398723144176, 13.118570833878474 ], [ 80.203400735252629, 13.118570803030527 ], [ 80.20345001418174, 13.118561083563154 ], [ 80.203567317427414, 13.11854025587367 ], [ 80.203610277820076, 13.118533467189375 ], [ 80.20361096558878, 13.118533313796387 ], [ 80.203612759068847, 13.118532420582866 ], [ 80.203614108808452, 13.118530957265095 ], [ 80.203614836137902, 13.118529117690278 ], [ 80.203614843408104, 13.11852714568629 ], [ 80.203607125453345, 13.118485359345204 ], [ 80.20360037813559, 13.118436075794639 ], [ 80.203596118645905, 13.118388573947003 ], [ 80.203591514060406, 13.118356858094151 ], [ 80.203588850733794, 13.11832247457048 ], [ 80.203588493086315, 13.118287994195342 ], [ 80.203590366204224, 13.118254908641559 ], [ 80.203632156229986, 13.118257180781811 ], [ 80.203630359400805, 13.118288922049667 ], [ 80.20363068974045, 13.118320710583212 ], [ 80.203633143993372, 13.118352411648921 ], [ 80.203637714308897, 13.118383885073888 ], [ 80.203641988042847, 13.11843154971854 ], [ 80.203648480280009, 13.11847897438051 ], [ 80.203656210042197, 13.118520820433433 ], [ 80.203656319235563, 13.118521289138656 ], [ 80.203657196368141, 13.118523064956705 ], [ 80.203658663434155, 13.118524415823765 ], [ 80.203660525435353, 13.118525163012521 ], [ 80.203662537299053, 13.118525208113256 ], [ 80.203685009241411, 13.118521657241791 ], [ 80.203731303157724, 13.118517013623809 ], [ 80.203777773566316, 13.118514572232447 ], [ 80.203824309750019, 13.118514338150545 ], [ 80.203870803776752, 13.11851631104447 ], [ 80.20391714495554, 13.118520487859625 ], [ 80.203963223544136, 13.118526857406726 ], [ 80.204011001581975, 13.118529446377236 ], [ 80.204063851377029, 13.118532683942485 ], [ 80.204114038699913, 13.118531934856723 ], [ 80.204159697594946, 13.118533702580615 ], [ 80.204173502932463, 13.118531734333834 ], [ 80.204334046682817, 13.118541489226438 ], [ 80.204494962066903, 13.118553588814313 ], [ 80.204620438949235, 13.118564837427153 ], [ 80.204620545931078, 13.118564846799398 ], [ 80.204655810051193, 13.118568008232327 ], [ 80.204657814337054, 13.118567828159909 ], [ 80.204659620656486, 13.11856695758317 ], [ 80.204660988788277, 13.11856551059172 ], [ 80.204661740063472, 13.118563681033514 ], [ 80.204661843241524, 13.118562864873319 ], [ 80.204674253794394, 13.118307763059102 ], [ 80.204677180720054, 13.118236372243818 ], [ 80.204713992742199, 13.118237822303666 ], [ 80.204711069915305, 13.118309089259268 ], [ 80.204702237768473, 13.118568806236251 ], [ 80.204702571922041, 13.118570752169511 ], [ 80.204703592298273, 13.118572451571039 ], [ 80.204705166771006, 13.118573681603374 ], [ 80.204707084612039, 13.118574277958322 ], [ 80.205075526546068, 13.118619457384787 ], [ 80.205162441772913, 13.11863000170217 ], [ 80.205570090441157, 13.118664983774948 ], [ 80.205729497821835, 13.118680778775966 ], [ 80.205764514716336, 13.118684524303871 ], [ 80.206098395448052, 13.118731850736054 ], [ 80.20615331613844, 13.118738041903127 ], [ 80.206208426442743, 13.118742353842393 ], [ 80.206263657183186, 13.118744782723706 ], [ 80.206318940107352, 13.118745323815647 ], [ 80.206374207870809, 13.118743976910606 ], [ 80.206429391272565, 13.118740745412023 ], [ 80.206479978073133, 13.118743458318427 ], [ 80.206544252690051, 13.118746905087866 ], [ 80.206541824091488, 13.118746207712322 ], [ 80.206540282942896, 13.118744938913403 ], [ 80.206539306917506, 13.118743213433726 ], [ 80.206539024432914, 13.118741260427788 ], [ 80.206549611043641, 13.118494519227985 ], [ 80.206551853162836, 13.118431109303945 ], [ 80.206551873060718, 13.118367660886815 ], [ 80.206549669572908, 13.118304249924677 ], [ 80.206545248001277, 13.118240949672888 ], [ 80.206538611794016, 13.118177836093588 ], [ 80.20652127316454, 13.118100439583776 ], [ 80.206501717037426, 13.118023549818155 ], [ 80.206479959822602, 13.117947228331506 ], [ 80.206456019772062, 13.117871537568375 ], [ 80.206442509327729, 13.117831624089421 ], [ 80.206431492943736, 13.117790979575185 ], [ 80.206423010719035, 13.117749756956751 ], [ 80.206417093541958, 13.11770810461582 ], [ 80.206413755135671, 13.117666057858028 ], [ 80.206408504278215, 13.117617420931246 ], [ 80.206390928919689, 13.117454512181816 ], [ 80.206387638364006, 13.117424009302654 ], [ 80.206375633606427, 13.117312731317037 ], [ 80.206372119552668, 13.117240315149736 ], [ 80.206371641356526, 13.117189511128419 ], [ 80.206371082615263, 13.117130167733963 ], [ 80.206368828336551, 13.116890760581557 ], [ 80.206369373784383, 13.116785701367759 ], [ 80.206372404348798, 13.116680680552365 ], [ 80.206377917987353, 13.116575758709239 ], [ 80.206383082733439, 13.116529282322574 ], [ 80.20639030844211, 13.116483069073992 ], [ 80.206399579142669, 13.116437208428426 ], [ 80.206410878876056, 13.116391786233995 ], [ 80.206424186130903, 13.116346893746838 ], [ 80.206439473884046, 13.116302614972554 ], [ 80.206455574220783, 13.116260681444235 ], [ 80.206473586343236, 13.116219500661035 ], [ 80.206493471236072, 13.116179156591535 ], [ 80.206515190800687, 13.116139735015546 ], [ 80.206538698670926, 13.116101310837088 ], [ 80.206587566423991, 13.116031192602717 ], [ 80.206611659573994, 13.115992633686881 ], [ 80.2066239410278, 13.1159733219486 ], [ 80.206662386651175, 13.115906816367509 ], [ 80.206683534103391, 13.115865988811924 ], [ 80.206697807053203, 13.115831195412081 ], [ 80.206730194388484, 13.115718401283885 ], [ 80.206748925281374, 13.115652687619136 ], [ 80.206757572265616, 13.115583226698206 ], [ 80.206762262891772, 13.115526342566135 ], [ 80.206765626345728, 13.11549152008647 ], [ 80.206770465606979, 13.115434311808805 ], [ 80.206773261902484, 13.115377558374355 ], [ 80.206770483961932, 13.115378795787711 ], [ 80.206766903422817, 13.115205630549582 ], [ 80.206764475841283, 13.115106197040792 ], [ 80.20676901981895, 13.114846391549571 ], [ 80.206771416560258, 13.114796575600833 ], [ 80.206776613667884, 13.114673763439516 ], [ 80.20680759219691, 13.114340176420942 ], [ 80.206819244453627, 13.11421463359552 ], [ 80.20682305021873, 13.114173619705783 ], [ 80.206837770116479, 13.113869497030008 ], [ 80.206841262271169, 13.113643370988061 ], [ 80.206842993166092, 13.113391108558014 ], [ 80.206834911822, 13.113300222979499 ], [ 80.206835012676336, 13.113290628977335 ], [ 80.206837632912752, 13.113250219950716 ], [ 80.206844202932331, 13.113186314259499 ], [ 80.206848603287469, 13.113122391942269 ], [ 80.206853587822167, 13.113032196695018 ], [ 80.206867943052302, 13.112813895444779 ], [ 80.206866121433478, 13.112539434251037 ], [ 80.206861201824225, 13.112432030792748 ], [ 80.206859385061151, 13.11239155294879 ], [ 80.206855089086744, 13.112298536097962 ], [ 80.206839126248795, 13.112098448552475 ], [ 80.206830317062312, 13.112033764930063 ], [ 80.20682497873517, 13.111994567421567 ], [ 80.206777030212464, 13.111635900270615 ], [ 80.206764178236455, 13.111567041329243 ], [ 80.206733572876033, 13.11135973036613 ], [ 80.206731348374461, 13.111268015584624 ], [ 80.206691796314246, 13.1111169780007 ], [ 80.206672300576827, 13.110953711564468 ], [ 80.206649803951677, 13.110777507840485 ], [ 80.206647067125672, 13.110756432792597 ], [ 80.207493843581545, 13.110616266583298 ], [ 80.207699477737151, 13.110588145808308 ], [ 80.208557902967215, 13.110481558058792 ], [ 80.209136430725422, 13.110412626879048 ], [ 80.209536842837394, 13.110367289853746 ], [ 80.209882610305101, 13.11032804524309 ], [ 80.210300108599, 13.110280658074737 ], [ 80.210836180539772, 13.110217922222878 ], [ 80.211166360832166, 13.110182313596585 ], [ 80.211255648231898, 13.110171060328311 ], [ 80.211463336395042, 13.110144884984761 ], [ 80.211823511123043, 13.110104666418499 ], [ 80.212194592874454, 13.110057607058142 ], [ 80.212469047559807, 13.110026258700163 ], [ 80.212940191217413, 13.109980950722136 ], [ 80.212938779578721, 13.109974060122868 ], [ 80.21319724304216, 13.109941769705848 ], [ 80.213679601552002, 13.109886459027321 ], [ 80.214153472945213, 13.109831753579977 ], [ 80.214633901158251, 13.109774446897136 ], [ 80.215068463166418, 13.109722966340842 ], [ 80.215493976165263, 13.109674170057264 ], [ 80.215836667569263, 13.109629956655594 ], [ 80.21696457796331, 13.109501452607015 ], [ 80.217154625397114, 13.109479084413501 ], [ 80.217743648629863, 13.109409752313955 ], [ 80.218004253144557, 13.109379800832894 ], [ 80.218348649312219, 13.109340338011814 ], [ 80.218735032912207, 13.109296300236176 ], [ 80.21936925898234, 13.109222318246083 ], [ 80.219469507627579, 13.109211090772938 ], [ 80.219739055026636, 13.109179180810019 ], [ 80.220165964549665, 13.109129380904946 ], [ 80.220478248914176, 13.109092711432186 ], [ 80.220755558846164, 13.109059914257479 ], [ 80.221176462582179, 13.109009557408326 ], [ 80.221652081794403, 13.108955296267698 ], [ 80.222068081076472, 13.108909715330933 ], [ 80.22229187034543, 13.108882089635832 ], [ 80.222619934242246, 13.108843656771876 ], [ 80.223273597791717, 13.1087659251763 ], [ 80.223412089707594, 13.10874965843116 ], [ 80.223721883788755, 13.108712615795376 ], [ 80.224097375891532, 13.108670074188767 ], [ 80.224211513759542, 13.108655697585816 ], [ 80.224782573171979, 13.108589312386336 ], [ 80.22507095572881, 13.108555332197032 ], [ 80.225086366892143, 13.108553515904594 ], [ 80.225217129626557, 13.108537975413896 ], [ 80.225461265694065, 13.108509133187697 ], [ 80.225737600201725, 13.108477893704643 ], [ 80.225970802337073, 13.108448936764319 ], [ 80.226377855192453, 13.108402417721894 ], [ 80.226799487549783, 13.10835449506412 ], [ 80.227049204542894, 13.108324411232726 ], [ 80.227427564185064, 13.108278772843148 ], [ 80.227908078082947, 13.108222642099168 ], [ 80.228227553740297, 13.10818670800521 ], [ 80.228677056099102, 13.108135068091464 ], [ 80.228990601286284, 13.108107614678978 ], [ 80.229560646882831, 13.108064019399494 ], [ 80.229684932605664, 13.108055248624408 ], [ 80.230140822418988, 13.108025968668146 ], [ 80.230558121873543, 13.108006508844889 ], [ 80.231005882327423, 13.107980900313802 ], [ 80.231414242979739, 13.107958428596877 ], [ 80.231850006970873, 13.10793413910144 ], [ 80.232273127414743, 13.107911619585037 ], [ 80.232821728976162, 13.107881516024175 ], [ 80.233464619099038, 13.107847894124161 ], [ 80.234298133858985, 13.107801407947001 ], [ 80.234968984667034, 13.107764657265761 ], [ 80.235622764722265, 13.10772943472846 ], [ 80.236080390667141, 13.107705293289166 ], [ 80.236741744333784, 13.107667016091563 ], [ 80.237098517665856, 13.107649834816202 ], [ 80.237274361979104, 13.107334257921041 ], [ 80.237327954449299, 13.107208766389894 ], [ 80.237354625682855, 13.10706154702835 ], [ 80.23734493497804, 13.106887533755909 ], [ 80.237329261614676, 13.106606113717854 ], [ 80.237327661103549, 13.10657436642169 ], [ 80.237305496877781, 13.106134599551849 ], [ 80.237304031990433, 13.106103445805905 ], [ 80.237304389933527, 13.106101341906188 ], [ 80.23734460244178, 13.105865029159879 ], [ 80.237285212351225, 13.105659298062488 ], [ 80.237277044100864, 13.105492967676994 ], [ 80.237270445349694, 13.10535617284312 ], [ 80.237250966737378, 13.105024172773227 ], [ 80.237248088381847, 13.104975126308622 ], [ 80.237226455276939, 13.104647199570161 ], [ 80.237216441448254, 13.104449934920963 ], [ 80.237196524856898, 13.104115200163147 ], [ 80.237176696062733, 13.103762748918705 ], [ 80.237174645554475, 13.103724962090672 ], [ 80.237143255450221, 13.103146381589964 ], [ 80.237139555160354, 13.103078177377881 ], [ 80.237139450365916, 13.103076261084746 ], [ 80.237139434686142, 13.103075960846581 ], [ 80.237135383288063, 13.102977089920179 ], [ 80.237118270263196, 13.102559354971767 ], [ 80.237112684977077, 13.102422988080859 ], [ 80.237104325621146, 13.102323538379641 ], [ 80.237104302542292, 13.102323244448906 ], [ 80.237103895852613, 13.102318413955363 ], [ 80.237100840022762, 13.102282075377646 ], [ 80.23710035945652, 13.102276372120086 ], [ 80.237084785230707, 13.102091051642333 ], [ 80.237075568556861, 13.101918333615497 ], [ 80.237064645148706, 13.101686667153002 ], [ 80.237062201585815, 13.101634835243972 ], [ 80.237061212749026, 13.101613854155371 ], [ 80.237056041891776, 13.101594835448628 ], [ 80.237043716307355, 13.101549498950734 ], [ 80.237043374258533, 13.101548241111535 ], [ 80.236976917580535, 13.101303804074993 ], [ 80.236976405396874, 13.101299981443207 ], [ 80.2369710716724, 13.101260167641085 ], [ 80.236970252961726, 13.101253737316176 ], [ 80.236950444559966, 13.101098136847176 ], [ 80.236944681185108, 13.101048970617232 ], [ 80.236944575998749, 13.10104808058084 ], [ 80.236930990826451, 13.100932215167445 ], [ 80.236930346286897, 13.100926740184706 ], [ 80.236927107375237, 13.100899238636188 ], [ 80.236921723623553, 13.100899931591323 ], [ 80.236854462734357, 13.100908582777224 ], [ 80.236853563904006, 13.100908698566343 ], [ 80.236799276118958, 13.100915662027884 ], [ 80.23677673886759, 13.100918580966423 ], [ 80.236775897254105, 13.100918688786901 ], [ 80.236694661111571, 13.100929140406036 ], [ 80.236626183928649, 13.1009379479732 ], [ 80.236626150712127, 13.100937950587438 ], [ 80.236617928349077, 13.100939010372565 ], [ 80.236540438312801, 13.100949756044443 ], [ 80.236540318338669, 13.100949773773083 ], [ 80.236369402430839, 13.10097347743063 ], [ 80.236363814572869, 13.100974248434223 ], [ 80.236346989164048, 13.100976571207292 ], [ 80.236341615350426, 13.100977331089783 ], [ 80.236233652705124, 13.100992304843984 ], [ 80.236056748631057, 13.101014656871472 ], [ 80.236024780137811, 13.101016983586511 ], [ 80.236024333739223, 13.101016960563358 ], [ 80.236023326202286, 13.101016431338561 ], [ 80.236022828448952, 13.101015412647826 ], [ 80.235994131299023, 13.100810336441706 ], [ 80.235948709165925, 13.100543628870069 ], [ 80.235910938552664, 13.100352704405395 ], [ 80.235865390000043, 13.100140196428834 ], [ 80.235865145805604, 13.100138617890114 ], [ 80.235864282119508, 13.100133021998827 ], [ 80.235861397142017, 13.100114328321343 ], [ 80.235860657343764, 13.100109539336451 ], [ 80.235860600319995, 13.100109185628398 ], [ 80.235825037729995, 13.099878925393433 ], [ 80.235785158148502, 13.099541581551044 ], [ 80.235783792937127, 13.099530808577754 ], [ 80.235777649159743, 13.099517728412842 ], [ 80.235767754551659, 13.099507086589009 ], [ 80.235755035854694, 13.099499884984469 ], [ 80.235740688333976, 13.099496797147255 ], [ 80.235730147319842, 13.099497744244694 ], [ 80.235656947938736, 13.099501046421379 ], [ 80.235656237693348, 13.099501032561852 ], [ 80.235654300275897, 13.099500521376333 ], [ 80.235646119571925, 13.099498258350504 ], [ 80.235640501650892, 13.099495926968082 ], [ 80.23563587516675, 13.09948857664136 ], [ 80.235631580981334, 13.099481754443433 ], [ 80.2356274944229, 13.099472216667895 ], [ 80.235549770669863, 13.099052949330467 ], [ 80.235484441415238, 13.098717915269843 ], [ 80.235433922949611, 13.098468747396181 ], [ 80.235435253117515, 13.098457088165622 ], [ 80.235436988990671, 13.098451763099161 ], [ 80.235438896219065, 13.098445911396652 ], [ 80.235444706055645, 13.098435662422439 ], [ 80.235452454451533, 13.098426747452899 ], [ 80.235460667179893, 13.098420412615397 ], [ 80.235461399230573, 13.098419935563626 ], [ 80.235463303276106, 13.098419301039865 ], [ 80.235635335981343, 13.098394234966639 ], [ 80.235919001035455, 13.098354348874 ], [ 80.235919640458846, 13.098354294708406 ], [ 80.236014942154384, 13.098340858622958 ], [ 80.236086843070851, 13.098330751146412 ], [ 80.236087100542932, 13.098330715741323 ], [ 80.236099932743471, 13.098328911004925 ], [ 80.236165154457623, 13.09831812456718 ], [ 80.236283938640312, 13.098298481926788 ], [ 80.23632468916496, 13.098291743388549 ], [ 80.236369659270267, 13.09828430664197 ], [ 80.236381932098141, 13.098282321205041 ], [ 80.236468728160304, 13.098268188855206 ], [ 80.236560640819022, 13.098253227105431 ], [ 80.23660826485046, 13.09824547266297 ], [ 80.236648041620128, 13.098238016878563 ], [ 80.236808330096437, 13.098207971126033 ], [ 80.236858919160227, 13.098199520140072 ], [ 80.23694536927907, 13.098185080986157 ], [ 80.236950962188672, 13.098184146322541 ], [ 80.237033929187447, 13.098170289983679 ], [ 80.23708493539786, 13.098161769659542 ], [ 80.237311101574491, 13.098119341128745 ], [ 80.237362874562265, 13.098110143063241 ], [ 80.237379674194074, 13.098107138375406 ], [ 80.237543231080849, 13.098077884851556 ], [ 80.237670411635108, 13.098050599733009 ], [ 80.237727076217581, 13.098038441257417 ], [ 80.237821802081555, 13.098018120076649 ], [ 80.237934254965651, 13.097993778754816 ], [ 80.238094961778032, 13.097958991835483 ], [ 80.238180430685986, 13.09794081956589 ], [ 80.238362690586484, 13.097902071574627 ], [ 80.238661710812735, 13.097854663277495 ], [ 80.238788007458254, 13.09784179143529 ], [ 80.238900380020439, 13.097830337809706 ], [ 80.238975885460192, 13.09782629462487 ], [ 80.239093788124947, 13.097820533753756 ], [ 80.239308297906476, 13.097808992444133 ], [ 80.239430464700078, 13.097800034109611 ], [ 80.23962412407738, 13.09778348873199 ], [ 80.239952286881916, 13.0977694535996 ], [ 80.240177560251695, 13.097749917662819 ], [ 80.240516026899741, 13.097726802417496 ], [ 80.240600866124566, 13.097718982297398 ], [ 80.240654226268873, 13.097714065066587 ], [ 80.240700476031506, 13.09770980322909 ], [ 80.24092635673685, 13.097688315362813 ], [ 80.241131958452087, 13.097661975408524 ], [ 80.241363391440316, 13.097634716654017 ], [ 80.241450033428279, 13.097617440979532 ], [ 80.24147507816663, 13.097612814637003 ], [ 80.242013621828079, 13.097514743082948 ], [ 80.242024035138883, 13.09751329442442 ], [ 80.242034514058517, 13.097513919273732 ], [ 80.242033402557311, 13.097312735685712 ], [ 80.242033320541935, 13.097297930181631 ], [ 80.242034919435881, 13.097283054569058 ], [ 80.242034513162281, 13.097268104345321 ], [ 80.242032109240839, 13.097253335419293 ], [ 80.242027746551287, 13.097239004696114 ], [ 80.242007700274087, 13.097191859010024 ], [ 80.24198941520018, 13.097144028598798 ], [ 80.241984088889183, 13.097128383962675 ], [ 80.241972917885676, 13.097095576834333 ], [ 80.241958230268963, 13.097046568883325 ], [ 80.241912947078617, 13.096892903755421 ], [ 80.241856751412428, 13.09671813884019 ], [ 80.241754983085372, 13.096431943691195 ], [ 80.241729813123428, 13.096361159968017 ], [ 80.241729784768665, 13.096361081219836 ], [ 80.241696883943106, 13.096268556041979 ], [ 80.241663511435945, 13.096171618818341 ], [ 80.241538438920898, 13.095842948413599 ], [ 80.241524265706573, 13.09580464308314 ], [ 80.241507270108528, 13.095758711623651 ], [ 80.241507597997057, 13.095756764955103 ], [ 80.241507329747151, 13.095755199007533 ], [ 80.241468834287417, 13.095638623893402 ], [ 80.241430917393714, 13.095523803706733 ], [ 80.241404624301097, 13.095431546580848 ], [ 80.241378897060912, 13.095341274917082 ], [ 80.241361191679644, 13.095281336310006 ], [ 80.241348965369482, 13.095239249030541 ], [ 80.241325853435541, 13.095156459116321 ], [ 80.241317531165109, 13.095126637850633 ], [ 80.241291470157734, 13.095033320778432 ], [ 80.241267883563268, 13.094948605340111 ], [ 80.241229791571811, 13.09481179282032 ], [ 80.241216870244344, 13.094753886435395 ], [ 80.24119407234889, 13.094633925137934 ], [ 80.241176011458293, 13.094538881067811 ], [ 80.241175999646671, 13.094538822260493 ], [ 80.241157764457796, 13.094442864441046 ], [ 80.241122718451521, 13.094258449656193 ], [ 80.241117884350231, 13.094233017654242 ], [ 80.241090872094603, 13.094097338110817 ], [ 80.241082033372152, 13.09404821621394 ], [ 80.241073411447005, 13.094000292106657 ], [ 80.241067366275075, 13.093966700716168 ], [ 80.241067349953795, 13.093966608440427 ], [ 80.241062797719877, 13.093941309278872 ], [ 80.241036245332211, 13.093793734609177 ], [ 80.24099788929297, 13.093577248273876 ], [ 80.24098408207476, 13.093491774933488 ], [ 80.240984073022176, 13.093491718846856 ], [ 80.240974826569243, 13.093434479706037 ], [ 80.240962561245709, 13.093366015163253 ], [ 80.240950002825045, 13.093278194591713 ], [ 80.240882700786472, 13.092807555555677 ], [ 80.240879657369163, 13.092786273640721 ], [ 80.240863694441359, 13.092604122100651 ], [ 80.240879247297912, 13.092341490595874 ], [ 80.240879322449217, 13.092340143568608 ], [ 80.240869530157951, 13.092208433435973 ], [ 80.240840291582899, 13.091815144376167 ], [ 80.240810367876918, 13.091435656709731 ], [ 80.240770917440841, 13.090884163378151 ], [ 80.240766513075201, 13.090648221888314 ], [ 80.240765205971002, 13.090636183225284 ], [ 80.240758186142841, 13.090559433603675 ], [ 80.240750048832211, 13.090470474983782 ], [ 80.24074946425533, 13.090453828867179 ], [ 80.240745087784006, 13.090388023244058 ], [ 80.240745060432388, 13.090387617180633 ], [ 80.240745009833432, 13.090325817203887 ], [ 80.240747258297375, 13.090278950419973 ], [ 80.240751727923367, 13.090236910427185 ], [ 80.24075801373526, 13.090195490629203 ], [ 80.24076660317013, 13.090153656253944 ], [ 80.240780151604071, 13.090108481004719 ], [ 80.240788858651953, 13.090079446739871 ], [ 80.240798772553745, 13.090046386937948 ], [ 80.240844598192595, 13.08989636772575 ], [ 80.240846977420134, 13.08988541860956 ], [ 80.240850572130554, 13.089874555350512 ], [ 80.240855304714671, 13.089864120409635 ], [ 80.2408887173751, 13.089796945778765 ], [ 80.2408976301666, 13.089775120345889 ], [ 80.240911525904437, 13.08974634727778 ], [ 80.24092534365839, 13.089717736734181 ], [ 80.240951779018914, 13.089671990853724 ], [ 80.241060436875841, 13.089506842959114 ], [ 80.241318540393763, 13.08911594758183 ], [ 80.241337440456974, 13.089087372747333 ], [ 80.241525175432571, 13.088805197582012 ], [ 80.24158341175449, 13.088728366663231 ], [ 80.24163967559852, 13.088650132953527 ], [ 80.241693932681684, 13.088570546988361 ], [ 80.241719642180939, 13.088530720445167 ], [ 80.2417574235877, 13.088473898871227 ], [ 80.241814275374665, 13.088392490409904 ], [ 80.241885756155625, 13.088295225556653 ], [ 80.242045778099325, 13.088086627795041 ], [ 80.242055120601364, 13.088074448610826 ], [ 80.242080488397193, 13.088032305380072 ], [ 80.242089063457357, 13.088014690638605 ], [ 80.242184191242188, 13.087895285406441 ], [ 80.242184720816908, 13.087895248985161 ], [ 80.242360191825611, 13.087883474315795 ], [ 80.242463340109694, 13.087876001006716 ], [ 80.242694951891636, 13.087847565629456 ], [ 80.242982421653437, 13.087802023767296 ], [ 80.243055243218805, 13.087790518078565 ], [ 80.243055613317154, 13.087790448636779 ], [ 80.243178464086881, 13.08776790926537 ], [ 80.243205465228897, 13.087762954787125 ], [ 80.24322966856414, 13.08775653363743 ], [ 80.243253324646375, 13.08774838477397 ], [ 80.243276304203775, 13.087738552123405 ], [ 80.243298482548951, 13.087727088667778 ], [ 80.243373011433363, 13.087687775779328 ], [ 80.243446070422067, 13.087645896976944 ], [ 80.243517569877767, 13.087601505346537 ], [ 80.243550257356546, 13.087579408600005 ], [ 80.243581755195905, 13.087555709746963 ], [ 80.243584776403893, 13.087553185952427 ], [ 80.243611980194729, 13.087530469125065 ], [ 80.243640857434229, 13.087503753425537 ], [ 80.243668306455902, 13.087475631131886 ], [ 80.243709421819204, 13.087433311433497 ], [ 80.243748841841168, 13.087389459576114 ], [ 80.243786505425618, 13.087344146812887 ], [ 80.243822355180015, 13.087297439886804 ], [ 80.243856337387697, 13.087249410072658 ], [ 80.24398856816704, 13.087081798069333 ], [ 80.244086248898213, 13.086961464601922 ], [ 80.244145244047658, 13.086883425440746 ], [ 80.244205515644339, 13.086810270843371 ], [ 80.244292311852249, 13.086710496637448 ], [ 80.244309586295103, 13.086690639558693 ], [ 80.244408511270464, 13.086576588319675 ], [ 80.244421246415158, 13.086574636369392 ], [ 80.244468753240824, 13.086513109351158 ], [ 80.2446124780719, 13.086332216352559 ], [ 80.244758321885925, 13.086471694680336 ], [ 80.244851272154676, 13.086550942599784 ], [ 80.244944052637322, 13.086582658284561 ], [ 80.245121517106114, 13.086670537910301 ], [ 80.245262544756145, 13.086775408302779 ], [ 80.245400653937978, 13.086881825306643 ], [ 80.245505639626387, 13.086953055432053 ], [ 80.24565016742747, 13.087031774789816 ], [ 80.2458103040899, 13.087121183859956 ], [ 80.245974954024931, 13.087216723802884 ], [ 80.2461118777764, 13.087310320929809 ], [ 80.246251190590527, 13.087453114975862 ], [ 80.246395461083182, 13.087634301981183 ], [ 80.246543491293608, 13.087843803903064 ], [ 80.246727099546632, 13.088073224114785 ], [ 80.246872699717514, 13.088237775766393 ], [ 80.247053854969977, 13.088402168855092 ], [ 80.247211500385987, 13.088571595628224 ], [ 80.247309967605062, 13.088708503061694 ], [ 80.247397245294295, 13.088829850995749 ], [ 80.247401232572003, 13.088835731752736 ], [ 80.247452405660468, 13.088907069149501 ], [ 80.247732169879185, 13.089297078337635 ], [ 80.247711626248616, 13.089326127205524 ], [ 80.247836439184383, 13.089457256592963 ], [ 80.247900243449465, 13.089524551900119 ], [ 80.248101132576778, 13.089736435904436 ], [ 80.248358940194407, 13.090092468677399 ], [ 80.248459394871674, 13.090283763419423 ], [ 80.248684508974421, 13.090666671927751 ], [ 80.248897883291619, 13.091040702160527 ], [ 80.249008231139058, 13.091240416443442 ], [ 80.249043213733088, 13.091309965864708 ], [ 80.249100903215265, 13.091294077953281 ], [ 80.249266228790034, 13.091248548118248 ], [ 80.249489251820222, 13.091234745117474 ], [ 80.249773474222849, 13.091190070696388 ], [ 80.250020933419449, 13.091168546823882 ], [ 80.250228716133563, 13.091151066730349 ], [ 80.250447125649032, 13.091127318710859 ], [ 80.250592262003892, 13.091115910662932 ], [ 80.250785354652763, 13.091104670708381 ], [ 80.250913879390879, 13.091094374329934 ], [ 80.251014296673546, 13.091082947439093 ], [ 80.251035118323941, 13.091080577395971 ], [ 80.251037444112512, 13.091096643563336 ], [ 80.251122602416885, 13.091227616595305 ], [ 80.251122607872176, 13.091227642832813 ], [ 80.251123049448978, 13.091229562817274 ], [ 80.25112416155747, 13.091231200830299 ], [ 80.251138003623183, 13.091245194546996 ], [ 80.25114505205633, 13.091250934943011 ], [ 80.251154982430279, 13.091259023760365 ], [ 80.251173378161724, 13.091270994441709 ], [ 80.251199009671197, 13.091284094662802 ], [ 80.251199125726373, 13.091284151059691 ], [ 80.251200917996215, 13.091285067689698 ], [ 80.251204077026728, 13.091286685420583 ], [ 80.251204350566596, 13.091286824556255 ], [ 80.251224576712659, 13.091297162143352 ], [ 80.251249539876881, 13.091308600317261 ], [ 80.251276885136278, 13.091321130435301 ], [ 80.25128016308625, 13.091322467305522 ], [ 80.251330202096867, 13.091342855621448 ], [ 80.251350434795683, 13.091350109911234 ], [ 80.251384429937218, 13.091362297633175 ], [ 80.251451674247591, 13.091378949069766 ], [ 80.251485901579329, 13.091384504273414 ], [ 80.251520389160959, 13.091388184925819 ], [ 80.251555035558596, 13.091389979882234 ], [ 80.251609185908421, 13.091392320571556 ], [ 80.251628681078202, 13.091390274857462 ], [ 80.251628994803653, 13.091390241407886 ], [ 80.25163002824354, 13.091390134093206 ], [ 80.251630476614579, 13.091390110076087 ], [ 80.251630458231745, 13.091390088322083 ], [ 80.251659084616307, 13.091387082610412 ], [ 80.251749287431807, 13.091383787084929 ], [ 80.251749558660578, 13.091383775212686 ], [ 80.251749857556391, 13.091383765229059 ], [ 80.251815690916672, 13.091381356557356 ], [ 80.251956496170308, 13.091376210306617 ], [ 80.252005831055769, 13.091374406587029 ], [ 80.252101563126672, 13.091370418980468 ], [ 80.252124899933079, 13.09136998840621 ], [ 80.252168826421993, 13.091369174445877 ], [ 80.252220395984253, 13.09136840704037 ], [ 80.252334427587158, 13.091366712069672 ], [ 80.252465525988342, 13.09136437568524 ], [ 80.252609703231343, 13.091361807665558 ], [ 80.252783874979457, 13.091363828413693 ], [ 80.252814459685865, 13.091364181906082 ], [ 80.252815556991592, 13.091364308054088 ], [ 80.252892873744486, 13.09137318507524 ], [ 80.252971818959011, 13.091379182403065 ], [ 80.252987458001925, 13.091380325371375 ], [ 80.252993901072259, 13.09138187934818 ], [ 80.253000481455118, 13.091381026752895 ], [ 80.253064086080968, 13.091388775376048 ], [ 80.253129165567884, 13.091397170231639 ], [ 80.253185109219245, 13.091404386684873 ], [ 80.25326900810829, 13.091415208581703 ], [ 80.253328053605244, 13.091422824593268 ], [ 80.253449611578802, 13.09143850604617 ], [ 80.253538554203175, 13.091449979002748 ], [ 80.253698243399086, 13.091470577349655 ], [ 80.25372806675405, 13.09147442505844 ], [ 80.253729402131782, 13.091474522956839 ], [ 80.253752492715918, 13.091476220905244 ], [ 80.253771837234481, 13.091477643993075 ], [ 80.253815713258845, 13.091478895694991 ], [ 80.253859604434638, 13.091478178094324 ], [ 80.253903416668749, 13.091475492727346 ], [ 80.253937234408298, 13.091471891439895 ], [ 80.253947057707478, 13.091470842944073 ], [ 80.253982308661918, 13.091465479899526 ], [ 80.25399043526447, 13.091464242944884 ], [ 80.254006107053513, 13.091463704141949 ], [ 80.254021605323459, 13.091461360061066 ], [ 80.254036714124879, 13.091457244437418 ], [ 80.254051222983023, 13.091451410914384 ], [ 80.254064930560304, 13.091443942096076 ], [ 80.254077644672648, 13.09143494412219 ], [ 80.254089189685217, 13.091424541264201 ], [ 80.254093378972044, 13.091419758422228 ], [ 80.254099402822675, 13.091412875914745 ], [ 80.25410814522192, 13.091400114044635 ], [ 80.254115612951182, 13.09137443295273 ], [ 80.254117595442139, 13.091367621044737 ], [ 80.254122646398883, 13.091345318276835 ], [ 80.254125065776265, 13.091334634055498 ], [ 80.254127181912452, 13.091321724635227 ], [ 80.254130534661257, 13.091301268751929 ], [ 80.254133978683882, 13.091267642611969 ], [ 80.254134098929512, 13.091264773041107 ], [ 80.254135389175985, 13.091233877677183 ], [ 80.254134758408185, 13.091200090566591 ], [ 80.254133710360406, 13.091171630677456 ], [ 80.254133988210214, 13.091102263363538 ], [ 80.254135556985773, 13.091082420793329 ], [ 80.254137845920454, 13.091053463295214 ], [ 80.254143411811825, 13.091012991289137 ], [ 80.254144517063111, 13.091004956180232 ], [ 80.254145339890044, 13.090991148771188 ], [ 80.254147844807179, 13.090926267280743 ], [ 80.254149213330308, 13.090890813185128 ], [ 80.254153153854276, 13.090788720034711 ], [ 80.254157795652532, 13.090668454567631 ], [ 80.254157808655663, 13.090668118244244 ], [ 80.253679487701234, 13.0906324256123 ], [ 80.253682481369424, 13.090606547137064 ], [ 80.253702909565845, 13.090429939867064 ], [ 80.25416717359802, 13.090499589585413 ], [ 80.254167186691319, 13.090499529946308 ], [ 80.254190533639573, 13.090405538416087 ], [ 80.254208005418292, 13.090341684845598 ], [ 80.254212351224069, 13.090326871300189 ], [ 80.254236076565846, 13.090245988988599 ], [ 80.2542404902714, 13.090231907133363 ], [ 80.254269145396179, 13.090140468105613 ], [ 80.254271969262504, 13.090131461429628 ], [ 80.254288075234811, 13.090084364084527 ], [ 80.254297485736188, 13.090056155942117 ], [ 80.254317932340683, 13.089998411567707 ], [ 80.254330797745737, 13.089962079257194 ], [ 80.254334538032325, 13.089948931296815 ], [ 80.254337564194898, 13.089938294034269 ], [ 80.254370425019374, 13.089822773024304 ], [ 80.254383676440085, 13.089778924337512 ], [ 80.254387718109129, 13.089765550293391 ], [ 80.254400938779142, 13.089721802786361 ], [ 80.254403491605487, 13.089713355926769 ], [ 80.254412329613928, 13.089684108106702 ], [ 80.254446287343114, 13.089578023730072 ], [ 80.254456499425928, 13.089546120635994 ], [ 80.254461506552573, 13.089531314419659 ], [ 80.254497946856333, 13.089423565345633 ], [ 80.254502924196856, 13.089408846749107 ], [ 80.254504922422896, 13.08940170032858 ], [ 80.25450499054169, 13.089401440116823 ], [ 80.254517592553611, 13.089356356219731 ], [ 80.254520106424593, 13.089347364015463 ], [ 80.254538050438569, 13.0892831600411 ], [ 80.254565674305837, 13.089183355072095 ], [ 80.254606565306219, 13.089030447893581 ], [ 80.254606584888776, 13.089030377422826 ], [ 80.254620925621325, 13.088977619199655 ], [ 80.2546238432069, 13.088966883964961 ], [ 80.25466362771931, 13.088808596319831 ], [ 80.254702026802562, 13.088647207790707 ], [ 80.25470533272977, 13.088633091981388 ], [ 80.254714306780386, 13.08859476731007 ], [ 80.25471988572319, 13.08857383680656 ], [ 80.254763516161546, 13.088410158571126 ], [ 80.254796676252397, 13.088285761840826 ], [ 80.25480144912504, 13.088267856256637 ], [ 80.254801511673378, 13.088267607783214 ], [ 80.254812457699799, 13.088226558126363 ], [ 80.254839733759454, 13.088124233012909 ], [ 80.25486991119817, 13.088011024320254 ], [ 80.25490083235772, 13.087926581162639 ], [ 80.254906572588752, 13.087910903595375 ], [ 80.254919149560124, 13.087876556926892 ], [ 80.25494772789753, 13.087798515038532 ], [ 80.254975969145235, 13.087697265969467 ], [ 80.255009457279129, 13.087577206668174 ], [ 80.255023020739088, 13.08752857924706 ], [ 80.255033687990277, 13.087490337204784 ], [ 80.255038683140242, 13.087472427734022 ], [ 80.255070182295995, 13.087359496789924 ], [ 80.255098558740599, 13.087257115130868 ], [ 80.25511960745655, 13.087181173632832 ], [ 80.25512476333698, 13.087162568391832 ], [ 80.255124809981169, 13.087162394016495 ], [ 80.255135477914834, 13.087123913261442 ], [ 80.255138848954914, 13.087111749790926 ], [ 80.255154081575711, 13.087056786948924 ], [ 80.255165451705835, 13.087015764713156 ], [ 80.255187142714391, 13.086934795013885 ], [ 80.255207403052751, 13.086858432586181 ], [ 80.255225849683455, 13.086788907882628 ], [ 80.255252631263005, 13.086735945885367 ], [ 80.255253366175111, 13.086734492249198 ], [ 80.25525882216607, 13.086713927571509 ], [ 80.255278106578444, 13.086641243303697 ], [ 80.25529139107563, 13.086591173765461 ], [ 80.255301302899085, 13.086553815638537 ], [ 80.255311688665117, 13.086514671281506 ], [ 80.255320955822739, 13.086485881269311 ], [ 80.255336817887695, 13.086436606718538 ], [ 80.255341520831152, 13.086421995808925 ], [ 80.255341635258588, 13.086421365009754 ], [ 80.255347976040539, 13.086386286908237 ], [ 80.255348167394061, 13.086385226837566 ], [ 80.255367300578271, 13.086319882390951 ], [ 80.255434491226694, 13.086090413863449 ], [ 80.25543299598246, 13.086079359362794 ], [ 80.255561151236066, 13.086130118053266 ], [ 80.255561533591688, 13.086130265635809 ], [ 80.255912810037913, 13.08626057857701 ], [ 80.256015907830843, 13.086312112052212 ], [ 80.256069512218886, 13.086337453849195 ], [ 80.256107889225603, 13.086351514395613 ], [ 80.256145367876627, 13.086365245932715 ], [ 80.256183264845788, 13.086379130575027 ], [ 80.25620953566083, 13.086388754592178 ], [ 80.256230733270286, 13.086396522140223 ], [ 80.25626660133851, 13.086409663100161 ], [ 80.25628382774272, 13.086415974295537 ], [ 80.25630727038515, 13.086423779048463 ], [ 80.256321335971904, 13.086428461718386 ], [ 80.256343858053341, 13.086435959101602 ], [ 80.256370327786797, 13.086444771707283 ], [ 80.256411085191388, 13.086458340855211 ], [ 80.25644118282851, 13.08646836106122 ], [ 80.256468212835429, 13.086477359727235 ], [ 80.256474384961777, 13.086479414661161 ], [ 80.25647881866287, 13.086482288310908 ], [ 80.256481013063848, 13.086486598608726 ], [ 80.256481189115675, 13.086486949040022 ], [ 80.256480880882748, 13.086491922139118 ], [ 80.256511370959004, 13.086510114694731 ], [ 80.256534776358208, 13.086515886685914 ], [ 80.256604476942513, 13.086533508589019 ], [ 80.25665398287758, 13.086546025996405 ], [ 80.256708699690449, 13.086564020652933 ], [ 80.256739059424092, 13.086574005412212 ], [ 80.25678272562422, 13.086588365009382 ], [ 80.256805604629108, 13.086595888698847 ], [ 80.256838190717346, 13.086606605022807 ], [ 80.256849681767378, 13.086611018939795 ], [ 80.25688272130688, 13.086623708617289 ], [ 80.256914081232011, 13.086635753284108 ], [ 80.256934658622669, 13.086643656428839 ], [ 80.256949997392411, 13.086650724385455 ], [ 80.25695276039005, 13.086653367168921 ], [ 80.256955619046536, 13.086656100647417 ], [ 80.256955797869082, 13.08665645018219 ], [ 80.256957242445111, 13.086659193153055 ], [ 80.256956596581361, 13.086666334449701 ], [ 80.256956137765158, 13.086671387589845 ], [ 80.25694932224242, 13.086690426633652 ], [ 80.256945829374004, 13.08670018190587 ], [ 80.256930831548061, 13.086752345254435 ], [ 80.256925123239256, 13.086772198549268 ], [ 80.256907952629717, 13.08683191834389 ], [ 80.256895359856259, 13.086879962762264 ], [ 80.256882297630511, 13.086930142445359 ], [ 80.256878176848929, 13.086945970303271 ], [ 80.256866480754098, 13.086990899629816 ], [ 80.256861795290973, 13.087007706010986 ], [ 80.256854820712874, 13.087032722238721 ], [ 80.25684237091312, 13.087077372709254 ], [ 80.256823231848017, 13.087146015771534 ], [ 80.256799295554075, 13.087249056039127 ], [ 80.256799006808947, 13.087250297574229 ], [ 80.256794296175585, 13.087270575092663 ], [ 80.256785480351965, 13.087306090070678 ], [ 80.256777465625575, 13.087338377563684 ], [ 80.256769697389046, 13.087369672053672 ], [ 80.256763484662031, 13.087394701321346 ], [ 80.256756484429189, 13.087421191311631 ], [ 80.256756464836542, 13.087421265399364 ], [ 80.256746097448129, 13.087460493060519 ], [ 80.256741066756859, 13.087479530001746 ], [ 80.256730802923201, 13.08751836644284 ], [ 80.256730071010765, 13.087520975655657 ], [ 80.256730044901659, 13.087521069616949 ], [ 80.256716407974167, 13.087569698741685 ], [ 80.256701516066073, 13.087622801833861 ], [ 80.256701118015613, 13.087624196767466 ], [ 80.256691563865928, 13.087657372264998 ], [ 80.25669154988897, 13.087657419242985 ], [ 80.256677665715586, 13.087704209420243 ], [ 80.256668646590626, 13.087734604243625 ], [ 80.256666659938148, 13.087741300428974 ], [ 80.256659865082881, 13.087764196824088 ], [ 80.256646963623766, 13.087816099445019 ], [ 80.256641030144195, 13.087839970331661 ], [ 80.256634159251433, 13.08786761444404 ], [ 80.256634139650572, 13.087867691244318 ], [ 80.256633420734531, 13.087870579890925 ], [ 80.25663337043143, 13.087870744309871 ], [ 80.256620635193528, 13.087908424391735 ], [ 80.256620610964376, 13.087908506603869 ], [ 80.256610619047279, 13.087945240658497 ], [ 80.256610594793727, 13.087945331008319 ], [ 80.256606753981799, 13.087959448020785 ], [ 80.256606737191504, 13.087959510361998 ], [ 80.256588712933805, 13.088025773143711 ], [ 80.256568385852049, 13.088100500709846 ], [ 80.256560675291965, 13.088128844961261 ], [ 80.256542424360802, 13.088195941658325 ], [ 80.256522476858493, 13.088269272423675 ], [ 80.256522463798433, 13.08826932121268 ], [ 80.256509659783916, 13.08831639117108 ], [ 80.256499989609438, 13.088351942551926 ], [ 80.256499442114546, 13.088353956429277 ], [ 80.256490766062811, 13.088385894790562 ], [ 80.25648980503135, 13.08838800693823 ], [ 80.256490007090676, 13.088388297767473 ], [ 80.256489979236846, 13.088388358268414 ], [ 80.256539630219962, 13.088459688705074 ], [ 80.25657440091922, 13.088469139160766 ], [ 80.25658354658421, 13.088471627631868 ], [ 80.256608818583373, 13.088478507217348 ], [ 80.256651133947784, 13.088490036441446 ], [ 80.25670833511856, 13.08850561140833 ], [ 80.256726337960643, 13.088510514270249 ], [ 80.256773257979717, 13.088523292772553 ], [ 80.256820294132552, 13.088536103247868 ], [ 80.256861340403816, 13.088547281572495 ], [ 80.256868851958032, 13.088549327697363 ], [ 80.256875203133447, 13.088551059437226 ], [ 80.256928061445564, 13.08856545543849 ], [ 80.256959101229668, 13.088573907719194 ], [ 80.256959179569293, 13.088573929645452 ], [ 80.256987441459572, 13.088581626154586 ], [ 80.256992360377524, 13.088582965867959 ], [ 80.257009650220226, 13.088587555614335 ], [ 80.257038674003653, 13.088595260640695 ], [ 80.257070340297474, 13.088603036564262 ], [ 80.257073597718872, 13.088603836208906 ], [ 80.257112182575028, 13.088613312040394 ], [ 80.257146105286864, 13.088621642392997 ], [ 80.25716603694292, 13.088626537213729 ], [ 80.257191773707518, 13.08863285657508 ], [ 80.25721232845828, 13.088637905090703 ], [ 80.257243427894892, 13.088645541924214 ], [ 80.257247786793343, 13.0886466123789 ], [ 80.257271627545109, 13.088652466944009 ], [ 80.257311402382825, 13.088662234609718 ], [ 80.257330709381847, 13.088666884391564 ], [ 80.257330835662387, 13.088666914593439 ], [ 80.257336898015424, 13.088668376040475 ], [ 80.257362939327763, 13.088674648339081 ], [ 80.257384521210128, 13.088679846276715 ], [ 80.257391710870181, 13.088681577704239 ], [ 80.257406953869648, 13.088685249200603 ], [ 80.257417711629401, 13.088687839934602 ], [ 80.257438923891257, 13.088692949097217 ], [ 80.25745018769102, 13.088695662448231 ], [ 80.257468669727984, 13.088700113635765 ], [ 80.257475644619845, 13.088701793808092 ], [ 80.257505011619884, 13.088708866832956 ], [ 80.257515486402909, 13.088711389838309 ], [ 80.257531628115558, 13.088715277303402 ], [ 80.257535418356483, 13.088716190595576 ], [ 80.257537781625828, 13.088717409922198 ], [ 80.257538907328595, 13.088718831845512 ], [ 80.257539014841598, 13.088718968688536 ], [ 80.25753959768852, 13.088720857424176 ], [ 80.257539453434134, 13.088722825445846 ], [ 80.257534632000926, 13.088740991358677 ], [ 80.257515597190078, 13.088812719886551 ], [ 80.257490822902597, 13.088906076564838 ], [ 80.257477552726854, 13.088956080258567 ], [ 80.257452295258958, 13.089047830591106 ], [ 80.257426038999142, 13.089143208396139 ], [ 80.257419008420584, 13.089168746195366 ], [ 80.257401476746651, 13.089233808774033 ], [ 80.257364512610351, 13.089372750704234 ], [ 80.257364505147137, 13.089372778712848 ], [ 80.25735981162677, 13.089390420554142 ], [ 80.257329338917629, 13.089500888105089 ], [ 80.257319674808571, 13.089532278420807 ], [ 80.257301249861968, 13.089579582705007 ], [ 80.257298879460606, 13.089585670169768 ], [ 80.2572810633838, 13.089631407422743 ], [ 80.257265211783874, 13.089686781831967 ], [ 80.25726145326098, 13.089699911706763 ], [ 80.257250561844302, 13.089738234579873 ], [ 80.257246555051481, 13.089753258032033 ], [ 80.25723667568559, 13.089790295336543 ], [ 80.25721874812848, 13.089859074812741 ], [ 80.25720229400568, 13.089925585377179 ], [ 80.257198630057914, 13.089940397328661 ], [ 80.257175968814437, 13.090023274069312 ], [ 80.257164138296133, 13.090066539285271 ], [ 80.257164108443035, 13.090066651319747 ], [ 80.257156681841096, 13.090093811000525 ], [ 80.257142550564652, 13.090143003835298 ], [ 80.257142542170826, 13.090143034553824 ], [ 80.257126853719598, 13.090197194178394 ], [ 80.257108282380045, 13.090261310654451 ], [ 80.257103424390465, 13.090277185214248 ], [ 80.257065668052945, 13.090400562664268 ], [ 80.257053379398329, 13.090441864446237 ], [ 80.257049180681335, 13.090455975910547 ], [ 80.257047166115768, 13.090462747064811 ], [ 80.257026746295281, 13.090532372001201 ], [ 80.257021697407609, 13.09055130671476 ], [ 80.257015525300631, 13.090574453559151 ], [ 80.257008993409158, 13.090599460204178 ], [ 80.256992570366464, 13.090662332348252 ], [ 80.256974044596134, 13.090739536282525 ], [ 80.256971073255485, 13.090751920646397 ], [ 80.256964428921066, 13.09075596135783 ], [ 80.256936252558361, 13.090803982583081 ], [ 80.256980454234693, 13.090830746587978 ], [ 80.256980487382066, 13.090830766575749 ], [ 80.256986248642775, 13.090831448653097 ], [ 80.257005831243276, 13.090835603760519 ], [ 80.257156701874507, 13.090854421333677 ], [ 80.257241303343676, 13.090865056792223 ], [ 80.257295808455339, 13.090868446174191 ], [ 80.257384203576848, 13.09087394310467 ], [ 80.257493473891543, 13.090880737012693 ], [ 80.257511413545615, 13.090881852870682 ], [ 80.257568228909108, 13.090885386280638 ], [ 80.257666242458427, 13.090887396175042 ], [ 80.257725899352877, 13.090888619364117 ], [ 80.25776520512909, 13.090889425037798 ], [ 80.257962212067937, 13.090891526039377 ], [ 80.258015627683776, 13.090891570225612 ], [ 80.258153258591136, 13.090891683816345 ], [ 80.258235686640759, 13.090890997583582 ], [ 80.258238314694466, 13.090890975299402 ], [ 80.258289921119172, 13.090890509686471 ], [ 80.25830703070811, 13.090890355419432 ], [ 80.25832373165035, 13.090890205401941 ], [ 80.258339402220997, 13.090890063272358 ], [ 80.258386836540978, 13.090890207736431 ], [ 80.25840012829191, 13.090890336355068 ], [ 80.258419005161088, 13.090890518999787 ], [ 80.258454059963185, 13.09089085844538 ], [ 80.258477572803301, 13.090891086054821 ], [ 80.258498602549764, 13.090891289347272 ], [ 80.258508702804932, 13.090891387088893 ], [ 80.258536961383712, 13.090891659976357 ], [ 80.258563148255803, 13.090891913345304 ], [ 80.258571808648725, 13.090891997001235 ], [ 80.2586000478573, 13.090892269826158 ], [ 80.258609127019298, 13.09089235739658 ], [ 80.258629331217278, 13.09089255378557 ], [ 80.258630951870671, 13.090892569292015 ], [ 80.258632926575757, 13.090892946590206 ], [ 80.258634011206183, 13.090893610674282 ], [ 80.258634633624297, 13.090893992225174 ], [ 80.258635847440615, 13.09089556630253 ], [ 80.258635902196261, 13.09089576357478 ], [ 80.258636020728389, 13.090895917628792 ], [ 80.258636449760189, 13.090897425253509 ], [ 80.258636550163544, 13.090897780891369 ], [ 80.25863667194416, 13.090897774007656 ], [ 80.258712856907238, 13.090893427580966 ], [ 80.258704237683176, 13.090671000202686 ], [ 80.258698287341204, 13.09053301078664 ], [ 80.258697573966444, 13.090516463740764 ], [ 80.258697855610109, 13.090514510580118 ], [ 80.258698831159293, 13.090512784557855 ], [ 80.25870037170894, 13.090511515873906 ], [ 80.25870227383038, 13.090510870316121 ], [ 80.258721149880827, 13.090510391966923 ], [ 80.25889583313058, 13.090505969434798 ], [ 80.258938410047477, 13.090505139586694 ], [ 80.259114410291318, 13.090501718921761 ], [ 80.259242493122898, 13.090499325199239 ], [ 80.259363908311641, 13.090497055139812 ], [ 80.259443211609948, 13.090495572894707 ], [ 80.25957731912429, 13.090493066994615 ], [ 80.259602094969225, 13.090492905701971 ], [ 80.259802769268816, 13.090491597035419 ], [ 80.25983380279834, 13.090492992613264 ], [ 80.25992093426845, 13.090496910838997 ], [ 80.259965081972339, 13.090498897379426 ], [ 80.259965169590998, 13.090498901247473 ], [ 80.26001562859642, 13.090501169903801 ], [ 80.260045843127429, 13.090502528748278 ], [ 80.260046176998628, 13.090502544172768 ], [ 80.260106380100154, 13.090505251257026 ], [ 80.26018006076616, 13.09050856480212 ], [ 80.260232390198979, 13.090510918347896 ], [ 80.260250836190778, 13.090511747931449 ], [ 80.260345011443718, 13.09050881701941 ], [ 80.260368249446529, 13.090508093355695 ], [ 80.26049007506262, 13.090504301274009 ], [ 80.260490288162174, 13.090504294651103 ], [ 80.260523575053227, 13.090503258887637 ], [ 80.260562542755821, 13.090502045899482 ], [ 80.260600522448897, 13.090500864434032 ], [ 80.260654336088265, 13.090499189426765 ], [ 80.260664394206145, 13.090498875552697 ], [ 80.260664772434254, 13.090498863977562 ], [ 80.260696632205452, 13.090497872025457 ], [ 80.260718073159254, 13.090497204667196 ], [ 80.260784924257393, 13.09049276939523 ], [ 80.260807401705051, 13.090491277657978 ], [ 80.260907186144522, 13.090484655397793 ], [ 80.260910130178743, 13.090484460385243 ], [ 80.261002627873737, 13.090478321760347 ], [ 80.261017088797118, 13.090477362224966 ], [ 80.261017207812984, 13.090477354428021 ], [ 80.261070528892859, 13.090473816180491 ], [ 80.261084343993062, 13.090472899097733 ], [ 80.261084775775117, 13.090472869591371 ], [ 80.261090344620115, 13.090472501253053 ], [ 80.261138449329223, 13.090467437141122 ], [ 80.261209734425989, 13.090459932948534 ], [ 80.261210097051119, 13.090459895106191 ], [ 80.261292684453338, 13.090451200772343 ], [ 80.261292746276723, 13.090451193715733 ], [ 80.261292824706274, 13.090451185802477 ], [ 80.261319454195217, 13.09044838216057 ], [ 80.261327739573403, 13.090447705123896 ], [ 80.261328309790443, 13.09044765160006 ], [ 80.261388967571207, 13.090442647786105 ], [ 80.261389216688031, 13.090442626798387 ], [ 80.261444004568176, 13.090438107095984 ], [ 80.261509156573069, 13.090432732736065 ], [ 80.261516939126409, 13.090432090422226 ], [ 80.261552871728938, 13.090429126209528 ], [ 80.261604897193223, 13.090424833659227 ], [ 80.261640885152673, 13.090421865071562 ], [ 80.261656313703256, 13.090420592703687 ], [ 80.26168211329923, 13.090419859070325 ], [ 80.261718364833698, 13.090418828921228 ], [ 80.26172455297241, 13.090418653126545 ], [ 80.261724731937164, 13.090418648213349 ], [ 80.261727220845472, 13.090418577572805 ], [ 80.261738428314871, 13.090418258807004 ], [ 80.261742704108769, 13.090418137218016 ], [ 80.261744954089934, 13.090418073127362 ], [ 80.261752545354412, 13.090417857040372 ], [ 80.26175610436421, 13.090417756005555 ], [ 80.261758178824394, 13.090418089259591 ], [ 80.261789820864166, 13.090416798163664 ], [ 80.261818944232431, 13.090415970041892 ], [ 80.261880175106626, 13.090414280730844 ], [ 80.26195949192433, 13.090411974929008 ], [ 80.261995157671024, 13.090410961149539 ], [ 80.262024668609754, 13.0904100816694 ], [ 80.262129526267557, 13.090403792622777 ], [ 80.262186115967864, 13.090400398214481 ], [ 80.262186248822601, 13.090400389552347 ], [ 80.262194609311777, 13.090399889020926 ], [ 80.262221471071669, 13.090397452149251 ], [ 80.262286701234387, 13.090391535296416 ], [ 80.262286732604579, 13.090391532673504 ], [ 80.262377139724208, 13.090383331430457 ], [ 80.26252858806096, 13.090369593690648 ], [ 80.262558594281813, 13.090366871905324 ], [ 80.262678975312369, 13.090355952291111 ], [ 80.262744731133338, 13.090351932925943 ], [ 80.262765673024134, 13.090350652733138 ], [ 80.262765768051722, 13.090350646675226 ], [ 80.26290043402679, 13.090342415257131 ], [ 80.262967148415981, 13.090338337087406 ], [ 80.263008097610737, 13.090335833671729 ], [ 80.263129098650481, 13.090327031439296 ], [ 80.26320502257083, 13.090319517331015 ], [ 80.263216806434158, 13.09031830679886 ], [ 80.263223069753494, 13.090317663712417 ], [ 80.263268100203334, 13.090310348915981 ], [ 80.263408021838089, 13.090287618050841 ], [ 80.263421499357463, 13.090286066939875 ], [ 80.263426133351928, 13.090285533126796 ], [ 80.263450642210572, 13.090282712359576 ], [ 80.263493119649709, 13.090275618094347 ], [ 80.263505697593232, 13.090273517371809 ], [ 80.263555816081308, 13.090264039736674 ], [ 80.263592424551092, 13.090257116779307 ], [ 80.263603464147593, 13.090255240424144 ], [ 80.263603667183673, 13.090255205739792 ], [ 80.26364500983496, 13.090248178738348 ], [ 80.263669399362328, 13.090244538406184 ], [ 80.263722014640194, 13.090236680951362 ], [ 80.263738119367034, 13.090234768406511 ], [ 80.263744912643887, 13.090233960446785 ], [ 80.263756064057972, 13.090232635964727 ], [ 80.263785250588711, 13.090229169350147 ], [ 80.263803429652981, 13.090227010447718 ], [ 80.263817142224156, 13.090225824378102 ], [ 80.26382229158672, 13.09022537973523 ], [ 80.263837893925313, 13.090223665578669 ], [ 80.263900009051596, 13.090218664422016 ], [ 80.263945488618418, 13.090216345576099 ], [ 80.263945606706329, 13.090216339583538 ], [ 80.263976920326016, 13.090214742566026 ], [ 80.264006699541937, 13.09021452820831 ], [ 80.264007902406163, 13.090214519884281 ], [ 80.264068789156497, 13.090214081383328 ], [ 80.26407103161479, 13.090214065173289 ], [ 80.264126075611046, 13.090213669673775 ], [ 80.264154325779941, 13.090213344243512 ], [ 80.264281770253092, 13.090211874800334 ], [ 80.26438061836798, 13.090208649205767 ], [ 80.264467823457196, 13.090205802702798 ], [ 80.264493605831291, 13.090204961138072 ], [ 80.264578092275471, 13.090202203598452 ], [ 80.264621237254829, 13.090200794836768 ], [ 80.264642686430435, 13.090199525882184 ], [ 80.26464295582393, 13.090199510374275 ], [ 80.264692787401302, 13.090196561816542 ], [ 80.26474597625824, 13.090193416657293 ], [ 80.264862808210424, 13.090186673244734 ], [ 80.26499572166783, 13.090180868025623 ], [ 80.265064945561946, 13.090177844422611 ], [ 80.26508395639317, 13.090177014256719 ], [ 80.265091475114247, 13.090176685743803 ], [ 80.265126443068041, 13.090176746441976 ], [ 80.265161329251271, 13.090179187656442 ], [ 80.265195901449417, 13.090183930060851 ], [ 80.265230167431938, 13.090191153612905 ], [ 80.265242092711958, 13.090194512303702 ], [ 80.265263778311748, 13.090200618611155 ], [ 80.265325402910221, 13.090090000837794 ], [ 80.265358181413077, 13.090110167352503 ], [ 80.265376977664289, 13.090126032574529 ], [ 80.26539729420503, 13.090139984318428 ], [ 80.265418929433366, 13.090151884571858 ], [ 80.265441665087451, 13.090161614263238 ], [ 80.265465277306504, 13.090169076005852 ], [ 80.265489529243538, 13.090174196789448 ], [ 80.265675301674904, 13.090206553255197 ], [ 80.265728713220085, 13.090214804137755 ], [ 80.265820732660458, 13.090229020438713 ], [ 80.265903764143417, 13.090265316980892 ], [ 80.265926277192236, 13.090275159022505 ], [ 80.265928341090302, 13.090276881061852 ], [ 80.265930677297504, 13.09027822592086 ], [ 80.265930964783394, 13.090278330721429 ], [ 80.265934059861493, 13.090279459827251 ], [ 80.265937768308063, 13.090279980343894 ], [ 80.266086692035458, 13.090303568575692 ], [ 80.266156044388524, 13.090317618120114 ], [ 80.266171311804712, 13.090320294561053 ], [ 80.266225755451359, 13.090329838568701 ], [ 80.266295775438763, 13.090340220737545 ], [ 80.266366052710012, 13.090348759054333 ], [ 80.266565958982412, 13.090374192743001 ], [ 80.266636864631238, 13.090383916368642 ], [ 80.266723019743225, 13.090394595643168 ], [ 80.267008817613572, 13.09043002301226 ], [ 80.267063933628251, 13.090436807333246 ], [ 80.26712344985269, 13.090444133999402 ], [ 80.267453928443402, 13.090484495392881 ], [ 80.267687449827207, 13.090496551084314 ], [ 80.267864084863874, 13.090497823557527 ], [ 80.26788924254177, 13.090498004339198 ], [ 80.267942098648788, 13.090492608836124 ], [ 80.267942197328722, 13.090492615445456 ], [ 80.268070615971283, 13.090499627380021 ], [ 80.268257553886187, 13.090512364207466 ], [ 80.268359727556714, 13.090522871354731 ], [ 80.26864853688933, 13.090554793555981 ], [ 80.268752642957395, 13.090569722132969 ], [ 80.268889025996543, 13.09058702612224 ], [ 80.268924903362759, 13.090591216552818 ], [ 80.269178756343734, 13.090614165325629 ], [ 80.269459095721061, 13.090786207150698 ], [ 80.26954138463077, 13.090879134956067 ], [ 80.269541616310477, 13.090879396925386 ], [ 80.269541443019065, 13.090879667694537 ], [ 80.269536128433259, 13.090887973993601 ], [ 80.269518044553891, 13.090925760816406 ], [ 80.269515260717881, 13.090932632985769 ], [ 80.269514928070492, 13.090933453960961 ], [ 80.269513724779316, 13.090936423560835 ], [ 80.269513099438896, 13.090937967066624 ], [ 80.269511664776488, 13.090941509273639 ], [ 80.269502324641834, 13.090964557086236 ], [ 80.269489023554911, 13.091004215574401 ], [ 80.269478192450734, 13.091044592658548 ], [ 80.269476684577896, 13.091052006437865 ], [ 80.269476549783505, 13.091052673355088 ], [ 80.269475993786543, 13.091055414216433 ], [ 80.269475653081514, 13.091057091445121 ], [ 80.269469868680062, 13.091085534730933 ], [ 80.269468713312961, 13.091108242224569 ], [ 80.269468628136693, 13.091109913847241 ], [ 80.269468602685905, 13.091110411988794 ], [ 80.269466626860364, 13.091149229080274 ], [ 80.269466585766381, 13.091150027371594 ], [ 80.269462428437237, 13.091231722633305 ], [ 80.269467523279431, 13.09130238483093 ], [ 80.269476429783168, 13.091425893778183 ], [ 80.269477012815543, 13.091431509599776 ], [ 80.26948016758908, 13.091473751853519 ], [ 80.26948175429655, 13.091494996881973 ], [ 80.269488914909743, 13.09156394242768 ], [ 80.269497906238925, 13.091632679764837 ], [ 80.269508721961884, 13.09170116366551 ], [ 80.269521354844571, 13.091769345282293 ], [ 80.269524644806836, 13.091789813000052 ], [ 80.269539571937287, 13.091882675794235 ], [ 80.269543697977909, 13.091908345926354 ], [ 80.269557679460576, 13.091995316995018 ], [ 80.269562997274875, 13.092014102313431 ], [ 80.269570067545715, 13.092032316617916 ], [ 80.269578658336215, 13.092049471888592 ], [ 80.269578832563042, 13.092049823210964 ], [ 80.269589019795248, 13.092066136670324 ], [ 80.269589042039968, 13.092066100565329 ], [ 80.26960095167054, 13.092081713624802 ], [ 80.269614287078184, 13.092096176961851 ], [ 80.269628933325009, 13.092109366375686 ], [ 80.26966873317248, 13.092138585191826 ], [ 80.269680967581508, 13.0921463443914 ], [ 80.269681577091234, 13.092146731305281 ], [ 80.269681808188039, 13.092146878439582 ], [ 80.269693784801404, 13.092154473248929 ], [ 80.269698492655763, 13.092157058115378 ], [ 80.269698726570468, 13.092157188077891 ], [ 80.269708919561182, 13.092162782271362 ], [ 80.269708945354438, 13.092162794098948 ], [ 80.269709475802145, 13.092163090369111 ], [ 80.269709555925147, 13.092163133997422 ], [ 80.269719817058544, 13.092168768168117 ], [ 80.269746724035315, 13.092181411780579 ], [ 80.269774397037182, 13.092192352239115 ], [ 80.269799053120039, 13.092200354552622 ], [ 80.269799266919946, 13.092200423876783 ], [ 80.269802723655786, 13.09220154582378 ], [ 80.269830719325356, 13.092207225656116 ], [ 80.269831016228622, 13.092207266281054 ], [ 80.269859038614143, 13.092211079015195 ], [ 80.269876325082379, 13.092212297059566 ], [ 80.269887553355218, 13.092213088358465 ], [ 80.269915912588075, 13.09221496795813 ], [ 80.269982173588431, 13.092219360863968 ], [ 80.270010258916642, 13.092221221594409 ], [ 80.270126970771713, 13.092228958958822 ], [ 80.270170030389906, 13.092232231890454 ], [ 80.27021098697162, 13.09223452866132 ], [ 80.27030671787189, 13.092243922772289 ], [ 80.270400008754251, 13.09225244282179 ], [ 80.270478362109259, 13.092259598666105 ], [ 80.270481246666918, 13.092259873560378 ], [ 80.270492062647534, 13.092260968382563 ], [ 80.270509680279488, 13.092262499269765 ], [ 80.270534748439346, 13.09226558202829 ], [ 80.270583595764364, 13.092270929210878 ], [ 80.270736389918483, 13.092287938687802 ], [ 80.270739424643239, 13.092288278201785 ], [ 80.270739496565724, 13.092288287447053 ], [ 80.270883326348226, 13.092304425171285 ], [ 80.270947878111883, 13.092319491592695 ], [ 80.271011778768525, 13.092337026430759 ], [ 80.271074930638548, 13.092356996858941 ], [ 80.271137236020977, 13.092379377284312 ], [ 80.271242825781542, 13.092420536291884 ], [ 80.271396706252645, 13.092508326451986 ], [ 80.271514796767079, 13.092580618775315 ], [ 80.271669918974453, 13.092692920606808 ], [ 80.271893284241443, 13.092874210033942 ], [ 80.272093157445838, 13.093037529860577 ], [ 80.272158310269774, 13.0930905189007 ], [ 80.272229075331893, 13.093148496852198 ], [ 80.272367043914045, 13.093252235966236 ], [ 80.272443095838653, 13.093300373000481 ], [ 80.272509649698179, 13.09334748861316 ], [ 80.272650577447678, 13.093448794590966 ], [ 80.272725536103621, 13.093492317048167 ], [ 80.272926108033701, 13.093600179174246 ], [ 80.272315932411317, 13.09488194892316 ], [ 80.272234882049375, 13.095077057147414 ], [ 80.272219946374648, 13.095113011180516 ], [ 80.272111768745205, 13.095373419131437 ], [ 80.271987974302476, 13.095815838004917 ], [ 80.272006741449957, 13.095813954174158 ], [ 80.273747513077396, 13.095711024321865 ], [ 80.273750585353611, 13.095710842185284 ], [ 80.273797061709956, 13.095706476443693 ], [ 80.273818589072491, 13.095704498980028 ], [ 80.273855091745048, 13.095701147693042 ], [ 80.27400385389717, 13.095687490731232 ], [ 80.274006906316416, 13.095847772287337 ], [ 80.274008048887723, 13.095924099880259 ], [ 80.274012713451327, 13.09618714461643 ], [ 80.274015541574613, 13.096389986200883 ], [ 80.274022926199194, 13.096769626954497 ], [ 80.274025352769229, 13.096816368232236 ], [ 80.274033415802919, 13.096971652805214 ], [ 80.274033095557201, 13.097091686175549 ], [ 80.274030831596548, 13.097130195982905 ], [ 80.274026229950991, 13.097208449621744 ], [ 80.274024902739384, 13.097269788577226 ], [ 80.274021976411504, 13.097404986169881 ], [ 80.274019952614879, 13.097498488245865 ], [ 80.274019967593063, 13.097569893811702 ], [ 80.274020042306546, 13.097936422960629 ], [ 80.273999692144372, 13.098390432848566 ], [ 80.27399835086581, 13.098420354451251 ], [ 80.273990816317394, 13.0985884645693 ], [ 80.273978694962565, 13.098823751007739 ], [ 80.273931434732077, 13.09974111157649 ], [ 80.273905453581861, 13.10024541425893 ], [ 80.273905360673012, 13.100247214257754 ], [ 80.273677744025434, 13.101026981129278 ], [ 80.273630345071837, 13.101188997623073 ], [ 80.273542556718425, 13.101490089089229 ], [ 80.27353353510432, 13.101522768548543 ], [ 80.273364956291545, 13.102163051385316 ], [ 80.273224447662685, 13.102661415973621 ], [ 80.273147470758047, 13.102934438815172 ], [ 80.273084890064027, 13.103147324165095 ], [ 80.273010635022217, 13.103399925148786 ], [ 80.272975474129979, 13.103543520357164 ], [ 80.272964014317054, 13.103590321013245 ], [ 80.27296082862722, 13.103782167621327 ], [ 80.272957996032488, 13.103952711397081 ], [ 80.27295680031223, 13.104024746437563 ], [ 80.272953050103851, 13.104250511554998 ], [ 80.272905350824345, 13.104438693578949 ], [ 80.272824952228078, 13.104750095247541 ], [ 80.272771361133437, 13.104957662903461 ], [ 80.272720359324708, 13.105162723269286 ], [ 80.272702637723214, 13.105233976561045 ], [ 80.272654174274493, 13.105434387442976 ], [ 80.272643895548114, 13.105464377831838 ], [ 80.272640312362299, 13.105474834723605 ], [ 80.272623689777916, 13.105523339664163 ], [ 80.272575239080112, 13.105664715437667 ], [ 80.272477364903366, 13.105941918749988 ], [ 80.272440531795368, 13.106046238862493 ], [ 80.272402162849787, 13.106154910156071 ], [ 80.27237939560834, 13.106219391191035 ], [ 80.272367071052827, 13.106254299149272 ], [ 80.272350637695794, 13.106300841583506 ], [ 80.27234073793872, 13.106324898770366 ], [ 80.272277067252602, 13.106479626292558 ], [ 80.272121640104672, 13.106857334039576 ], [ 80.272107328225673, 13.106888549047598 ], [ 80.272105155933062, 13.106893828856546 ], [ 80.272096379928286, 13.106910595036192 ], [ 80.272063471765108, 13.106880883277945 ], [ 80.272003898435855, 13.106827248879952 ], [ 80.271642112768802, 13.106274104381271 ], [ 80.271636443808802, 13.106261972105989 ], [ 80.271533771857762, 13.106042262891227 ], [ 80.271498179746189, 13.105874151416248 ], [ 80.271489320149186, 13.105765042993188 ], [ 80.27148240670401, 13.105679866964525 ], [ 80.271480717861451, 13.105672265117628 ], [ 80.271480360216017, 13.105668093944359 ], [ 80.271444517995803, 13.105498793638253 ], [ 80.271440610866193, 13.105491724423894 ], [ 80.271431551434176, 13.105475331022067 ], [ 80.271390294442583, 13.105400683158603 ], [ 80.27129447616727, 13.10527470886503 ], [ 80.271251850629554, 13.105239447607273 ], [ 80.270832346949859, 13.10489236485515 ], [ 80.270611994226712, 13.105187822094091 ], [ 80.270408588211382, 13.105481596440562 ], [ 80.270329507172292, 13.105583818253439 ], [ 80.270180566919137, 13.105757906848801 ], [ 80.270028540676805, 13.105914806844266 ], [ 80.269685422915074, 13.106250287025023 ], [ 80.269636189034571, 13.106296894562821 ], [ 80.269439610181607, 13.106483687299097 ], [ 80.269172448274801, 13.106737280811972 ], [ 80.268951907670413, 13.10694733259214 ], [ 80.268676691421604, 13.10721030724814 ], [ 80.268169768354284, 13.107660669753811 ], [ 80.267733368907713, 13.108100997826194 ], [ 80.267495975676297, 13.108315405584595 ], [ 80.267416787772262, 13.108386927668162 ], [ 80.267080964829063, 13.108669028239916 ], [ 80.266691269220303, 13.108939653594856 ], [ 80.266336438456207, 13.109138669311436 ], [ 80.265877703448027, 13.109318518859522 ], [ 80.265268811010131, 13.109494165382753 ], [ 80.265223883540116, 13.109665478444789 ], [ 80.264757733103266, 13.109634899071251 ], [ 80.264753402951982, 13.109643893421495 ], [ 80.264754341728505, 13.109640274791703 ], [ 80.264109931908266, 13.109617228442472 ], [ 80.262563503790034, 13.109592081056842 ], [ 80.261866581449183, 13.109571244220062 ], [ 80.26168492340507, 13.109565812254617 ], [ 80.261483939917611, 13.109559802155951 ], [ 80.259681642123098, 13.109313402406498 ], [ 80.25941258489199, 13.10928012442524 ], [ 80.258947423926585, 13.109222592420817 ], [ 80.258616816115335, 13.109181701423227 ], [ 80.257206036886714, 13.108993062980103 ], [ 80.257067798240698, 13.108978477687842 ], [ 80.256722018058539, 13.108933897549242 ], [ 80.255953204957734, 13.10883433706713 ], [ 80.255514208457924, 13.108776274999546 ], [ 80.254541662380348, 13.108648349404612 ], [ 80.253383136166249, 13.108497832696358 ], [ 80.252396310353191, 13.108370034063231 ], [ 80.252391691437623, 13.108369428417548 ], [ 80.252391707752622, 13.108369829927266 ], [ 80.252404818410113, 13.108690249418279 ], [ 80.252407022282867, 13.108774865818672 ], [ 80.252409048441237, 13.108841348080992 ], [ 80.252434969553903, 13.109442305761469 ], [ 80.252438191128547, 13.109492335148062 ], [ 80.252437731455984, 13.109494869176118 ], [ 80.252436595564944, 13.109496497048072 ], [ 80.252434942752785, 13.109497621592567 ], [ 80.252432986569374, 13.109498092428577 ], [ 80.252225624429599, 13.109509889142105 ], [ 80.252225073608045, 13.109509920094828 ], [ 80.252223078078032, 13.109509673788827 ], [ 80.252221302318901, 13.109508744549467 ], [ 80.252219983965716, 13.109507254228348 ], [ 80.252219295850239, 13.109505400441369 ], [ 80.252216275566525, 13.109396374756086 ], [ 80.252214302078244, 13.109323773061925 ], [ 80.252212825715702, 13.109269529766689 ], [ 80.252212283560254, 13.10924958708797 ], [ 80.252179716172023, 13.109251029718568 ], [ 80.252181620971911, 13.109295364285231 ], [ 80.252184487808819, 13.109362035247326 ], [ 80.252187249422249, 13.109426282662577 ], [ 80.252189581799996, 13.109480542908123 ], [ 80.252190698867551, 13.109506527273867 ], [ 80.252190484384528, 13.109507902835496 ], [ 80.252190232156693, 13.109508947352412 ], [ 80.252189457589608, 13.109510060880805 ], [ 80.252189098103514, 13.109510577036907 ], [ 80.252188345655384, 13.109511086627567 ], [ 80.252187443447994, 13.109511700670209 ], [ 80.252185488189326, 13.109512170602798 ], [ 80.252081033007997, 13.109518113651854 ], [ 80.252083132446685, 13.10955358858091 ], [ 80.252435328718533, 13.109533552690138 ], [ 80.252435693072371, 13.109533868406743 ], [ 80.252435898830399, 13.109533548918748 ], [ 80.252437860545399, 13.109533995856212 ], [ 80.252439528773223, 13.10953509838756 ], [ 80.252440684388404, 13.109536714822797 ], [ 80.252441173068789, 13.10953862770759 ], [ 80.252465409411982, 13.109887950377791 ], [ 80.252187356418645, 13.109895407999316 ], [ 80.252192261698212, 13.109929794281658 ], [ 80.252465300209039, 13.10992411784129 ], [ 80.252472473070156, 13.11022368200922 ], [ 80.252472044177665, 13.110225187153102 ], [ 80.252471930443889, 13.110225581051981 ], [ 80.252470731951348, 13.110227165340898 ], [ 80.252469126555141, 13.110228166148218 ], [ 80.252467061567074, 13.110228618584655 ], [ 80.252128406421448, 13.110234644393287 ], [ 80.252129385148947, 13.110287488355574 ], [ 80.252467767329819, 13.110281455428185 ], [ 80.252470335689807, 13.110282022574937 ], [ 80.252471942784553, 13.110283209019032 ], [ 80.252473013373276, 13.110284878555044 ], [ 80.252473402352706, 13.110286815563782 ], [ 80.252477576995489, 13.110629795870029 ], [ 80.252482983166161, 13.110721948967731 ], [ 80.252490136951067, 13.110843909383464 ], [ 80.252490150889102, 13.110844181586431 ], [ 80.252490191333337, 13.110844840861498 ], [ 80.252490067288349, 13.110844983364395 ], [ 80.252487055181859, 13.110848394290061 ], [ 80.252171877132653, 13.110870173275528 ], [ 80.252174769245656, 13.11091076191272 ], [ 80.252489584332849, 13.110889444821039 ], [ 80.252490209917383, 13.110889401426068 ], [ 80.252490452384421, 13.110889756573661 ], [ 80.252493049718467, 13.110893561724843 ], [ 80.252498282153496, 13.110982763026319 ], [ 80.252510880706978, 13.11137168455407 ], [ 80.252513766750155, 13.111460739800224 ], [ 80.252514315238074, 13.111477675144208 ], [ 80.252532412625627, 13.111838862885078 ], [ 80.252539945014703, 13.112134234403921 ], [ 80.25254156839182, 13.112197854612003 ], [ 80.252582005389201, 13.112723945385865 ], [ 80.252587146620442, 13.112790814620574 ], [ 80.25258715196432, 13.112790877929692 ], [ 80.252588510008067, 13.112808558868378 ], [ 80.252599261931607, 13.113132662344707 ], [ 80.252600783926525, 13.113178534728748 ], [ 80.25261552656589, 13.113703371862119 ], [ 80.252632215145425, 13.114016989420682 ], [ 80.252590960695272, 13.114212439720356 ], [ 80.252601878129241, 13.114465839274484 ], [ 80.252627413042077, 13.114569769102483 ], [ 80.252556814933399, 13.114611970988966 ], [ 80.252517396799789, 13.114635533848121 ], [ 80.252391174061302, 13.114710987874806 ], [ 80.252355601815438, 13.114731508404693 ], [ 80.252352240782045, 13.114733447188723 ], [ 80.252346515842348, 13.11473674987049 ], [ 80.252321399113271, 13.114751239021716 ], [ 80.252316989198832, 13.114753783283737 ], [ 80.252253127688348, 13.114790623773594 ], [ 80.252161364101866, 13.114843561090556 ], [ 80.251813282922129, 13.115044862901112 ], [ 80.251541391577106, 13.115203776349841 ], [ 80.251452502084476, 13.115257377288129 ], [ 80.25144326001174, 13.115263585753828 ], [ 80.251423645974654, 13.11527655005489 ], [ 80.251377770803998, 13.115306872705748 ], [ 80.251315773016685, 13.11533927244191 ], [ 80.251226044201374, 13.115382725801616 ], [ 80.251089280224676, 13.115419105414542 ], [ 80.251023670086468, 13.115432209928136 ], [ 80.250957656720601, 13.115443208288893 ], [ 80.250891313967571, 13.115452088052598 ], [ 80.250824434834541, 13.115458965258096 ], [ 80.250757915323234, 13.11546345642037 ], [ 80.250691005229697, 13.11546593278962 ], [ 80.250580756751631, 13.115474057245335 ], [ 80.250470378433391, 13.115480275235248 ], [ 80.250359902570779, 13.115484585044939 ], [ 80.2502493706846, 13.11548698498688 ], [ 80.250138815070628, 13.115487473346736 ], [ 80.250078673606438, 13.115486553215566 ], [ 80.249981543677094, 13.115483584979433 ], [ 80.249902994986954, 13.115479415792636 ], [ 80.249824572553038, 13.115473768593128 ], [ 80.249792238068295, 13.115472060442174 ], [ 80.249715320077584, 13.11546799540884 ], [ 80.249606142276875, 13.115461328148548 ], [ 80.249509473425192, 13.1154575147531 ], [ 80.249469764859654, 13.115455948737292 ], [ 80.249380891246886, 13.115452443730534 ], [ 80.249211557956571, 13.115438548301402 ], [ 80.249160681057703, 13.115434372735933 ], [ 80.248888837745369, 13.115412065862717 ], [ 80.24888276542184, 13.115411568934537 ], [ 80.248645241679611, 13.115385567877921 ], [ 80.248595640045338, 13.115382500845779 ], [ 80.248487764675616, 13.115374701246962 ], [ 80.248308533877733, 13.115366574042588 ], [ 80.248241603824596, 13.115363485311503 ], [ 80.248112465210312, 13.115351215560946 ], [ 80.248053164700195, 13.115345583853657 ], [ 80.247971671379929, 13.11535115359414 ], [ 80.247962720942454, 13.115263794146893 ], [ 80.247959986728858, 13.115229755945773 ], [ 80.247926372173495, 13.114872772713007 ], [ 80.247925282844122, 13.114857239108375 ], [ 80.247898254929609, 13.114471771304665 ], [ 80.247888265722636, 13.114341326718971 ], [ 80.247871288281189, 13.114117158364243 ], [ 80.247844807585651, 13.113784789991223 ], [ 80.247835570958046, 13.113606456089732 ], [ 80.24779609767171, 13.113481742995978 ], [ 80.247799662629177, 13.113487684912934 ], [ 80.247804982857858, 13.113492194287041 ], [ 80.247811497073656, 13.113494795682165 ], [ 80.247818517927954, 13.11349521221665 ], [ 80.247825305697788, 13.113493401946309 ], [ 80.247911011732754, 13.113459518850906 ], [ 80.247997534361431, 13.113427696053453 ], [ 80.24808482002048, 13.113397953289168 ], [ 80.24811842916526, 13.113388105246861 ], [ 80.248332641212002, 13.11332534634065 ], [ 80.248372971609243, 13.113313103676653 ], [ 80.248374752980283, 13.113312188404539 ], [ 80.248376080350695, 13.113310707591188 ], [ 80.248376782454343, 13.113308859659533 ], [ 80.248376832288812, 13.113307334430463 ], [ 80.248332067552269, 13.112906703069539 ], [ 80.248320054757087, 13.112827702993441 ], [ 80.248319963880391, 13.112827250631538 ], [ 80.248319153869133, 13.112825445306457 ], [ 80.248317735619878, 13.112824045093966 ], [ 80.24831590045163, 13.11282323500766 ], [ 80.248313891584814, 13.112823120643629 ], [ 80.248312282139466, 13.112823317583249 ], [ 80.248305710785402, 13.112770275598411 ], [ 80.248120225349751, 13.112796805930904 ], [ 80.248033749146757, 13.11280917429179 ], [ 80.24802765862465, 13.112809831044464 ], [ 80.247922736451258, 13.112821147301119 ], [ 80.247895465789227, 13.112824961153644 ], [ 80.247826094882484, 13.112834821412109 ], [ 80.247709294904567, 13.112852995571107 ], [ 80.247689974062794, 13.112856002564017 ], [ 80.247687196349531, 13.112856323579733 ], [ 80.247647985379459, 13.112860853021157 ], [ 80.247551066298513, 13.112874465636052 ], [ 80.247481855558348, 13.112886860722142 ], [ 80.247454329021195, 13.112891389901042 ], [ 80.247453441349066, 13.112891463260533 ], [ 80.247451573925602, 13.112891553650591 ], [ 80.247394875910359, 13.112894277840349 ], [ 80.247391054728652, 13.112895547016194 ], [ 80.247353460456239, 13.112905986421426 ], [ 80.247315302748675, 13.112914230601957 ], [ 80.247276715448663, 13.112920253727006 ], [ 80.247230381606983, 13.112927275951611 ], [ 80.247008047231674, 13.11295084959745 ], [ 80.246671089438209, 13.112970299358944 ], [ 80.246364205573059, 13.112974194105812 ], [ 80.246138204140948, 13.112974147785682 ], [ 80.246032059011128, 13.112974127433656 ], [ 80.245720782946194, 13.112981714847164 ], [ 80.245328585235242, 13.112995214284698 ], [ 80.244988332037565, 13.113006243188339 ], [ 80.24476540937016, 13.113015158001918 ], [ 80.244400621652503, 13.113032699443393 ], [ 80.244357701005683, 13.113035187587132 ], [ 80.244320249927554, 13.113037359927375 ], [ 80.243815275792343, 13.113066638964206 ], [ 80.243612039214327, 13.113085249245868 ], [ 80.243610036078053, 13.113085071568468 ], [ 80.24354626855542, 13.113111745202378 ], [ 80.24355376702006, 13.113163549425117 ], [ 80.243564839436786, 13.113240051311642 ], [ 80.243625852289625, 13.113585320973749 ], [ 80.243670261338707, 13.113797978201744 ], [ 80.243670375445632, 13.113798976765338 ], [ 80.243676152945753, 13.113826199073094 ], [ 80.243676189348363, 13.113826361934636 ], [ 80.243713152116143, 13.114003354023611 ], [ 80.243747714248642, 13.114138785986235 ], [ 80.243758570443404, 13.114181316714026 ], [ 80.243780884441037, 13.1142687534399 ], [ 80.243871813423468, 13.114640733002782 ], [ 80.243888631810151, 13.114692936193636 ], [ 80.243900600444917, 13.114730081193491 ], [ 80.243989699446416, 13.115006644044616 ], [ 80.24406754555379, 13.11521836313335 ], [ 80.244141147290605, 13.115461195673095 ], [ 80.244151616547185, 13.115495741230786 ], [ 80.244198397970067, 13.115662524799742 ], [ 80.244245653908379, 13.115784810820683 ], [ 80.244247849539306, 13.11579264937841 ], [ 80.244248089540662, 13.115793507257104 ], [ 80.244249982326195, 13.116050032238583 ], [ 80.244252863607528, 13.11614207483443 ], [ 80.244255110450581, 13.116213796553607 ], [ 80.244263699429098, 13.116333298137807 ], [ 80.24426704798438, 13.116366886056024 ], [ 80.244269051942183, 13.116390968774141 ], [ 80.244269113711326, 13.116399137430644 ], [ 80.244267091323664, 13.116407066690728 ], [ 80.244263114543088, 13.116414254203971 ], [ 80.244257432916029, 13.116420244989424 ], [ 80.24425040830593, 13.116424659443622 ], [ 80.244242483458805, 13.116427215853239 ], [ 80.244234160705503, 13.116427756554193 ], [ 80.244226477576348, 13.116427890436581 ], [ 80.244219180650589, 13.116430247052916 ], [ 80.244212920028559, 13.116434614017086 ], [ 80.244208259639009, 13.116440600564294 ], [ 80.244205614406212, 13.116447670821691 ], [ 80.24420522058621, 13.116455190739469 ], [ 80.244207117125924, 13.116462490425254 ], [ 80.244250548454701, 13.116710727377628 ], [ 80.244331659789509, 13.116779342196851 ], [ 80.244333672612242, 13.116779378844527 ], [ 80.244335538449889, 13.116780119426938 ], [ 80.244337011298839, 13.116781462857007 ], [ 80.244337895191862, 13.116783235859067 ], [ 80.244338009959122, 13.116783717226173 ], [ 80.244372366281468, 13.116967423348145 ], [ 80.244426937341331, 13.117343728420481 ], [ 80.244484282832488, 13.117679761650932 ], [ 80.244495074692992, 13.117738307219179 ], [ 80.244495178611615, 13.117738716219003 ], [ 80.244590941211996, 13.118196409995639 ], [ 80.244641226142505, 13.118396440073878 ], [ 80.244653439625907, 13.118445029221167 ], [ 80.244653497976842, 13.11844525544042 ], [ 80.244657750844567, 13.118462167270499 ], [ 80.244718448293781, 13.118710889703166 ], [ 80.244750868051199, 13.118843738313334 ], [ 80.244817014982999, 13.11916591702486 ], [ 80.244892270564534, 13.119131924857056 ], [ 80.244892565612787, 13.119132884166151 ], [ 80.244893645422508, 13.119134549237966 ], [ 80.244895259949402, 13.1191357239969 ], [ 80.244897196549744, 13.119136257723513 ], [ 80.244899201754393, 13.119136076435034 ], [ 80.245335087413039, 13.119015439109653 ], [ 80.2454037806164, 13.119003334333357 ], [ 80.24559748421332, 13.118967415843674 ], [ 80.245601156823341, 13.118967102900864 ], [ 80.245604818013504, 13.118967509661866 ], [ 80.245608323909607, 13.118968623046547 ], [ 80.245611534426743, 13.118970397434916 ], [ 80.245614320632896, 13.118972760113913 ], [ 80.24561657394662, 13.118975620346246 ], [ 80.24561820062948, 13.118978860312291 ], [ 80.245618591982421, 13.118980004358111 ], [ 80.245702030700429, 13.119253574426182 ], [ 80.245702997313515, 13.119256059266041 ], [ 80.245704882723643, 13.119259162552144 ], [ 80.245707359858514, 13.119261837175689 ], [ 80.245710329416809, 13.119263974342697 ], [ 80.24571367171913, 13.119265492325274 ], [ 80.245717252270595, 13.11926632743601 ], [ 80.245720932784209, 13.119266449431514 ], [ 80.245724561991594, 13.119265849731008 ], [ 80.245789302566479, 13.119248487152355 ], [ 80.245849322683355, 13.119234412845197 ], [ 80.245877895219664, 13.119228659047099 ], [ 80.24590979643213, 13.119222235039752 ], [ 80.245949208628161, 13.119215585271718 ], [ 80.245970616741275, 13.119211973314519 ], [ 80.245977834737815, 13.119212532442621 ], [ 80.245984486853388, 13.119215332311507 ], [ 80.24598987286906, 13.119220077008459 ], [ 80.246000031459488, 13.119258914699694 ], [ 80.246021076096369, 13.119406653578485 ], [ 80.246023675772861, 13.119419369617349 ], [ 80.246071675348105, 13.119622049296805 ], [ 80.246072937317464, 13.119628120123975 ], [ 80.246072281996319, 13.119634281182508 ], [ 80.246069768316815, 13.119639963003575 ], [ 80.246065630363375, 13.119644638223907 ], [ 80.246060250454292, 13.119647875758631 ], [ 80.246040510666731, 13.119653465554038 ], [ 80.246001343171301, 13.119664557443 ], [ 80.245941931277557, 13.119679416591973 ], [ 80.245882071097682, 13.119692437094752 ], [ 80.24582182355249, 13.119703608279199 ], [ 80.245654608246952, 13.119743978983173 ], [ 80.245603174417766, 13.119756396592514 ], [ 80.245299086006753, 13.119824314652373 ], [ 80.245072470395343, 13.119881110046128 ], [ 80.245070643103546, 13.119881938354792 ], [ 80.245069240234244, 13.11988335201597 ], [ 80.245068445023392, 13.119885162590617 ], [ 80.245068363358669, 13.11988713439492 ], [ 80.245068446889675, 13.119887574077312 ], [ 80.245071850768923, 13.119902168679927 ], [ 80.245114686145925, 13.120272658703477 ], [ 80.245118964414914, 13.120387075094609 ], [ 80.245140105558548, 13.120535079221916 ], [ 80.245141864370197, 13.120538554668146 ], [ 80.245143567844679, 13.120539606716509 ], [ 80.245145834266651, 13.120539987695922 ], [ 80.24514578629217, 13.120571429942 ], [ 80.245395091927293, 13.120565232709755 ], [ 80.245484623113768, 13.120995512713426 ], [ 80.245571438855492, 13.121362198303565 ], [ 80.245578557959888, 13.121380682771136 ], [ 80.24558746784443, 13.12140063456442 ], [ 80.245598734452699, 13.121419795764451 ], [ 80.245604582343859, 13.121425563561417 ], [ 80.245623145438302, 13.121453750989961 ], [ 80.24564041077268, 13.121486395900812 ], [ 80.24564753070814, 13.121500980587204 ], [ 80.245729855237002, 13.121829166022701 ], [ 80.245729984328094, 13.121829792102012 ], [ 80.245738951182162, 13.121871004334247 ], [ 80.245812801789526, 13.122246591623316 ], [ 80.245812784118087, 13.122246638589546 ], [ 80.245812099635231, 13.122248440448464 ], [ 80.245810766669564, 13.122249919419579 ], [ 80.245808985223846, 13.122250834669329 ], [ 80.245807833219118, 13.12225105643882 ], [ 80.245849943557701, 13.122501232386711 ], [ 80.245849455579858, 13.122501217394502 ], [ 80.245731889569257, 13.122497990445293 ], [ 80.245628065955032, 13.122509808779176 ], [ 80.245588043353976, 13.122514364379345 ], [ 80.245425795656871, 13.122560229691668 ], [ 80.245424363720204, 13.122561187555702 ], [ 80.245398722851377, 13.122578355355744 ], [ 80.245206180997812, 13.122783133947186 ], [ 80.245195429871018, 13.122794567586734 ], [ 80.245286107648312, 13.123075320177586 ], [ 80.245298214656174, 13.123103275315898 ], [ 80.245297372101277, 13.123102458168878 ], [ 80.245297725713314, 13.123103273882652 ], [ 80.245292681432375, 13.123098378266377 ], [ 80.245286373755448, 13.123095137235154 ], [ 80.245279552637058, 13.123093876688115 ], [ 80.245272778941612, 13.123094610023836 ], [ 80.245272289998766, 13.12309460859054 ], [ 80.245253527456924, 13.123094570768666 ], [ 80.245253039436619, 13.123094569338038 ], [ 80.245233872761588, 13.123096364936087 ], [ 80.245214972687322, 13.123099978740674 ], [ 80.245196520132154, 13.123105377827134 ], [ 80.245178689617362, 13.123112509359848 ], [ 80.245174769551497, 13.123113779107436 ], [ 80.245069142896767, 13.123148001414332 ], [ 80.24485959890967, 13.123216770086666 ], [ 80.244898456854898, 13.123257711949332 ], [ 80.244900583577959, 13.123259438864512 ], [ 80.244905707259321, 13.123275190452276 ], [ 80.244875743090674, 13.123284553185774 ], [ 80.244864150245917, 13.123288236317718 ], [ 80.244863827234681, 13.123288276058956 ], [ 80.244799801659099, 13.123308281584459 ], [ 80.244790810934191, 13.123312388274146 ], [ 80.244782833183464, 13.123317695989511 ], [ 80.244777170308694, 13.12332293273454 ], [ 80.244766951275039, 13.123337141071625 ], [ 80.244765137622764, 13.123340442382068 ], [ 80.244737864451693, 13.123404499437163 ], [ 80.244712674034616, 13.123481957300564 ], [ 80.244694472913679, 13.123537927647405 ], [ 80.24468736545731, 13.123566381613808 ], [ 80.244672631246857, 13.123625371280648 ], [ 80.244672515453303, 13.123627339367147 ], [ 80.244674380543302, 13.123630758164243 ], [ 80.244677641828659, 13.123631935948554 ], [ 80.244678037165599, 13.123632078162373 ], [ 80.244650610751435, 13.12367047468687 ], [ 80.243727350396526, 13.126296264359084 ], [ 80.243715246369959, 13.126330689351757 ], [ 80.243713298267025, 13.126331184550166 ], [ 80.243711658153615, 13.126332329863159 ], [ 80.24371044009348, 13.126334234128885 ], [ 80.243661677089193, 13.126464688686738 ], [ 80.243572057241167, 13.126779264881652 ], [ 80.243478856233637, 13.127058114930403 ], [ 80.243463970720072, 13.127098839371024 ], [ 80.243423128560394, 13.127210578676062 ], [ 80.243415679113482, 13.127219859102029 ], [ 80.243399673415496, 13.127232906556003 ], [ 80.243398386418761, 13.127234423623115 ], [ 80.243397804310106, 13.127235922870049 ], [ 80.243379507728676, 13.127243298827979 ], [ 80.243379530188065, 13.127243194911973 ], [ 80.243379531428829, 13.127243090933575 ], [ 80.243379554676707, 13.127241222037862 ], [ 80.243378861040625, 13.127239371831159 ], [ 80.243377538942454, 13.127237888687192 ], [ 80.243375761229245, 13.127236966611063 ], [ 80.24323478537147, 13.127196553430061 ], [ 80.24304870664244, 13.127135967033324 ], [ 80.242904240314246, 13.127103871015553 ], [ 80.242778472587275, 13.127075930437737 ], [ 80.242777191109582, 13.127075644559966 ], [ 80.242762922621054, 13.127135362407596 ], [ 80.24275485384284, 13.12716913101808 ], [ 80.242727368865687, 13.127290270586846 ], [ 80.24272136322034, 13.127353456806015 ], [ 80.242718315821079, 13.127395386049102 ], [ 80.242720918327819, 13.127447502261084 ], [ 80.242733285759712, 13.127643404605035 ], [ 80.24273291111021, 13.127643434245241 ], [ 80.242712990039095, 13.12764502758993 ], [ 80.242700590998524, 13.127448607051139 ], [ 80.242697953676839, 13.127395810784744 ], [ 80.242698300106056, 13.127342949153585 ], [ 80.242701629752517, 13.12729019576075 ], [ 80.242727063889504, 13.127159119426285 ], [ 80.242726561812788, 13.127159186667654 ], [ 80.242629845624649, 13.127172126800263 ], [ 80.242442942068422, 13.127197132829798 ], [ 80.242442791834335, 13.127197086273849 ], [ 80.242416225423995, 13.127188808872612 ], [ 80.242434385960465, 13.127132803359917 ], [ 80.242436557547663, 13.127125914387547 ], [ 80.242471244189389, 13.127015891383513 ], [ 80.24248282968675, 13.126979142972058 ], [ 80.242514958912281, 13.126880879580042 ], [ 80.242515217956424, 13.126879437252784 ], [ 80.24251493056434, 13.126877485161822 ], [ 80.242513948704854, 13.126875763404286 ], [ 80.242512405454818, 13.126874498419706 ], [ 80.242510499569136, 13.126873858972594 ], [ 80.242508489106172, 13.126873929008021 ], [ 80.242448793219197, 13.126886905688666 ], [ 80.242443541961435, 13.126887832400744 ], [ 80.242311005180355, 13.126911212573598 ], [ 80.24226528997724, 13.126919277204838 ], [ 80.242229722337697, 13.126923907745455 ], [ 80.242183058382551, 13.126929983060117 ], [ 80.241961537237501, 13.126958824576759 ], [ 80.24196035589452, 13.126958978426901 ], [ 80.241818775055847, 13.126989033572203 ], [ 80.241773330188451, 13.126993170199423 ], [ 80.241772842141444, 13.126993175091066 ], [ 80.24176147821224, 13.126993439093631 ], [ 80.241720575338761, 13.126991777853902 ], [ 80.241679864895929, 13.126987534804282 ], [ 80.241639516575475, 13.126980729432855 ], [ 80.241510739167538, 13.126949357014215 ], [ 80.241476741455443, 13.126914073839641 ], [ 80.24147658100874, 13.126914349145155 ], [ 80.241476270825871, 13.126917723577105 ], [ 80.241474607556682, 13.126941147175657 ], [ 80.241474128112301, 13.126941054439417 ], [ 80.241376203396825, 13.126922131361638 ], [ 80.241379365230031, 13.126767205699242 ], [ 80.241379694543056, 13.126733241628948 ], [ 80.241382879659511, 13.126699416178967 ], [ 80.241388901405983, 13.126665964382358 ], [ 80.24146993922831, 13.126292862617902 ], [ 80.241548627049738, 13.12596396883789 ], [ 80.241606715598152, 13.12573384244485 ], [ 80.241687996402689, 13.125401006720807 ], [ 80.241739619441162, 13.125179904951239 ], [ 80.241753062003227, 13.12512240722817 ], [ 80.241808665149037, 13.124860265055718 ], [ 80.241884889568013, 13.124521779405002 ], [ 80.241945719156661, 13.124254046580035 ], [ 80.241986449202727, 13.124074774903695 ], [ 80.242070203223264, 13.123656406101182 ], [ 80.242083426420166, 13.123590355855812 ], [ 80.2420964397581, 13.123525350236791 ], [ 80.242168977663752, 13.123185678124536 ], [ 80.242264627408645, 13.122860269802876 ], [ 80.24243223465281, 13.122271711029734 ], [ 80.240974504351442, 13.122410626416439 ], [ 80.239383607829453, 13.122562220128929 ], [ 80.238767323131597, 13.122384546269995 ], [ 80.238683997074588, 13.122372746146473 ], [ 80.238622641368949, 13.122382190736902 ], [ 80.238590245018216, 13.122387749746412 ], [ 80.238557032629515, 13.122397071389933 ], [ 80.238528979824906, 13.122407346838687 ], [ 80.238426493887204, 13.122444884113113 ], [ 80.238352138322554, 13.12247211721489 ], [ 80.238273344012327, 13.122500977364798 ], [ 80.238182105361844, 13.122534395767488 ], [ 80.238108668674769, 13.122561004006268 ], [ 80.238014043785228, 13.122595177272068 ], [ 80.237941070960218, 13.122621531852001 ], [ 80.237825787690113, 13.122663164960192 ], [ 80.237779221567564, 13.122676951647845 ], [ 80.237744781460435, 13.122685595021785 ], [ 80.237696696790636, 13.122696102219006 ], [ 80.237659564547286, 13.122702703181035 ], [ 80.237607431556512, 13.122709987592804 ], [ 80.237576171395631, 13.122713255903392 ], [ 80.237543968828945, 13.122715786312206 ], [ 80.237538973617035, 13.122720165886925 ], [ 80.237506183882459, 13.122704283418727 ], [ 80.237508036375203, 13.122664173575062 ], [ 80.237504601410237, 13.12263286754977 ], [ 80.237499902113839, 13.122608292193336 ], [ 80.237490952124617, 13.122551879443863 ], [ 80.237485167108019, 13.122493456104969 ], [ 80.237482461608536, 13.122440391983108 ], [ 80.237481933964574, 13.122421225191628 ], [ 80.237478719824139, 13.122416443353591 ], [ 80.237435514990551, 13.122396869868847 ], [ 80.237399839541638, 13.122380709393756 ], [ 80.237371997878583, 13.122373657426657 ], [ 80.237359814077223, 13.122372709914151 ], [ 80.237327200030947, 13.122372870099378 ], [ 80.237307986115667, 13.122377429982777 ], [ 80.237307046188903, 13.122382470774811 ], [ 80.237334815365585, 13.122467181673834 ], [ 80.237362304880818, 13.122551043610956 ], [ 80.237381537866568, 13.122609716556003 ], [ 80.237378524756906, 13.122616330828849 ], [ 80.23735095902947, 13.122628387035402 ], [ 80.23727844932101, 13.122660102837964 ], [ 80.237190309268897, 13.122699215609371 ], [ 80.237190277858247, 13.122699229983356 ], [ 80.237089914024679, 13.122744360963836 ], [ 80.237028933557838, 13.122771781589597 ], [ 80.236982917118993, 13.122792475967286 ], [ 80.236802898773433, 13.1228628978691 ], [ 80.23676300844285, 13.122877756634507 ], [ 80.236669015383612, 13.122912770351025 ], [ 80.236618541396567, 13.122921139984973 ], [ 80.236575272441655, 13.12292831393248 ], [ 80.236548985055521, 13.122932673752221 ], [ 80.236523484078276, 13.122936902080999 ], [ 80.236520268064865, 13.122937512819078 ], [ 80.236511451178842, 13.122937270571931 ], [ 80.236503197742849, 13.122934410555169 ], [ 80.236498379092936, 13.122931196335099 ], [ 80.236491231214998, 13.122922244447569 ], [ 80.236443030904539, 13.122789393450482 ], [ 80.236442483881731, 13.122787885446646 ], [ 80.236440564550833, 13.122785341691532 ], [ 80.236438758122958, 13.122784476449002 ], [ 80.236434815919381, 13.122784838188435 ], [ 80.236423653102648, 13.122790247406078 ], [ 80.236364838137604, 13.122818740332979 ], [ 80.236359250263135, 13.122821447181561 ], [ 80.236341290892838, 13.122826623752102 ], [ 80.236316980648695, 13.122833629649328 ], [ 80.236264583341182, 13.122847024425596 ], [ 80.236264508560339, 13.122847042287585 ], [ 80.236222806685291, 13.122856112391197 ], [ 80.236222737448017, 13.122856127557052 ], [ 80.236187458179799, 13.122862843207303 ], [ 80.236166023194656, 13.122866656785186 ], [ 80.236129533013866, 13.122872053237618 ], [ 80.236129457327237, 13.122872065671727 ], [ 80.236092814556116, 13.122876685870674 ], [ 80.236053599766066, 13.122880701666945 ], [ 80.235993752645314, 13.122884931107206 ], [ 80.235921192965421, 13.122889746698133 ], [ 80.235831985940905, 13.12289489985244 ], [ 80.235831942570769, 13.122894903340471 ], [ 80.235761137141736, 13.122898360573435 ], [ 80.235669552391258, 13.122901533669648 ], [ 80.235558155966103, 13.122905051179769 ], [ 80.23552620713275, 13.122906067568127 ], [ 80.235497192254911, 13.122906993203518 ], [ 80.235406440427624, 13.122916176120047 ], [ 80.235381745546093, 13.122918676108238 ], [ 80.235314815081793, 13.12292084088304 ], [ 80.235238838212496, 13.122923298852884 ], [ 80.235143012335868, 13.122923257425176 ], [ 80.23508379554282, 13.122923230692708 ], [ 80.235050563644023, 13.122929555328083 ], [ 80.23502293313966, 13.122935070172034 ], [ 80.235008834765068, 13.122935708233697 ], [ 80.234968533381277, 13.122933702343929 ], [ 80.234727831974425, 13.122921722606604 ], [ 80.234617263786078, 13.122915766256282 ], [ 80.234476933059653, 13.122907888573513 ], [ 80.234450990629881, 13.122907495874843 ], [ 80.23440325306693, 13.122911024939127 ], [ 80.234313356885522, 13.122917671046341 ], [ 80.234251340016996, 13.122924853945372 ], [ 80.234193191816502, 13.122931589007711 ], [ 80.234085038809525, 13.122944117642863 ], [ 80.233985216544639, 13.122962531978462 ], [ 80.233901496242936, 13.122977976000872 ], [ 80.233875076360647, 13.122983402094848 ], [ 80.233843237560038, 13.122984037936806 ], [ 80.233827535392734, 13.122981237046917 ], [ 80.233817142675903, 13.122977466389292 ], [ 80.23376034120605, 13.122956857226949 ], [ 80.233731397179525, 13.122949206630569 ], [ 80.233697719551017, 13.122943062789924 ], [ 80.23366871270116, 13.122939611058383 ], [ 80.233641246973249, 13.122937790548798 ], [ 80.233598465381249, 13.122938905560146 ], [ 80.23349564097964, 13.12294904014124 ], [ 80.233339038149936, 13.122966889138773 ], [ 80.233274370710376, 13.122975588371832 ], [ 80.233210347776648, 13.122984101436383 ], [ 80.233154207288706, 13.122991930885972 ], [ 80.233049110457173, 13.123006587605603 ], [ 80.233018139318716, 13.123011830065083 ], [ 80.23299557507552, 13.123015650861896 ], [ 80.232982660637987, 13.123017077175971 ], [ 80.232976005882492, 13.123019016730023 ], [ 80.232970201560065, 13.123020706548498 ], [ 80.232963585135465, 13.123023969950461 ], [ 80.232958592101397, 13.123026430747112 ], [ 80.232948189858817, 13.123034064574169 ], [ 80.232939321209045, 13.123043375721196 ], [ 80.232932261977666, 13.123054071148387 ], [ 80.232924098114538, 13.123081239432942 ], [ 80.232918017573922, 13.123108928408218 ], [ 80.232917127149648, 13.123115230671557 ], [ 80.23291405777654, 13.123136970910785 ], [ 80.23291349491754, 13.123144144884934 ], [ 80.232912861031636, 13.123152208370316 ], [ 80.232910850295497, 13.123164571697426 ], [ 80.232899220390067, 13.123236074743383 ], [ 80.232895042795718, 13.123261761181556 ], [ 80.232888184867278, 13.12328726422049 ], [ 80.232879261667406, 13.123310589241306 ], [ 80.232779737771267, 13.123551548620545 ], [ 80.232642455642292, 13.123858585717475 ], [ 80.232543073412117, 13.124057308880976 ], [ 80.232525777677864, 13.124097704441807 ], [ 80.23252565309356, 13.124101582140334 ], [ 80.232528201172727, 13.124104550053838 ], [ 80.23253011073966, 13.124105176020686 ], [ 80.232594598539507, 13.124106603382275 ], [ 80.232784334080918, 13.124104004226519 ], [ 80.232878888039025, 13.124102009243217 ], [ 80.232880940820337, 13.124133792207733 ], [ 80.232884682568226, 13.124227206167262 ], [ 80.232885906993118, 13.124257771432083 ], [ 80.232896999206559, 13.124369743184957 ], [ 80.232907980381896, 13.124487772677861 ], [ 80.232928939161297, 13.124645270851346 ], [ 80.2329544236065, 13.124772550017106 ], [ 80.232981339197252, 13.124898855111246 ], [ 80.232983319061276, 13.124909834257798 ], [ 80.233004557089799, 13.125027589593889 ], [ 80.233025284435215, 13.125126480199144 ], [ 80.233032778106192, 13.125165502944355 ], [ 80.233053428827787, 13.125273042798755 ], [ 80.23306975895909, 13.125398828083652 ], [ 80.233071256098071, 13.125408099585195 ], [ 80.233091307282109, 13.125523344963998 ], [ 80.233110901562384, 13.125660388091346 ], [ 80.233116058411582, 13.125702692410421 ], [ 80.23312673559478, 13.125790276915344 ], [ 80.233142691334578, 13.125940419951238 ], [ 80.233158640439882, 13.126093004278008 ], [ 80.233163926423217, 13.126213257370425 ], [ 80.23315512916416, 13.126283695573255 ], [ 80.233154740078177, 13.126283621174744 ], [ 80.233154080131413, 13.126356603596042 ], [ 80.232654722764394, 13.126466137265718 ], [ 80.232614593106788, 13.126453810166231 ], [ 80.232232154995259, 13.126361621449464 ], [ 80.232085432979957, 13.126355491897685 ], [ 80.231997676108477, 13.126351062665481 ], [ 80.231906047902243, 13.126346437396714 ], [ 80.231852896055315, 13.126343754287703 ], [ 80.231713490625594, 13.12634036164012 ], [ 80.231561903561627, 13.126329339168073 ], [ 80.231515045801785, 13.126326517450728 ], [ 80.231511006706512, 13.126326273919309 ], [ 80.231328916939049, 13.126328739357929 ], [ 80.231035196565472, 13.126309273739292 ], [ 80.230839822064354, 13.126296325214398 ], [ 80.230798281695414, 13.126293572603593 ], [ 80.229532283888659, 13.126209666093475 ], [ 80.229280320423044, 13.126184860360485 ], [ 80.229125013015917, 13.126172055826189 ], [ 80.229107220671025, 13.126170589293782 ], [ 80.22907288592009, 13.126198466591251 ], [ 80.229071153598753, 13.126199872841909 ], [ 80.229031503334781, 13.126196609316738 ], [ 80.229031239566794, 13.126196583209412 ], [ 80.228962671115951, 13.126190929183942 ], [ 80.228734684386723, 13.126176914803677 ], [ 80.22858463236436, 13.126172233553323 ], [ 80.228567422019012, 13.126171697329927 ], [ 80.228565432077275, 13.126171993365233 ], [ 80.228564410886023, 13.12617256175211 ], [ 80.228563681725674, 13.126172968260217 ], [ 80.228562403856543, 13.126174490701271 ], [ 80.228526525662815, 13.126170421016916 ], [ 80.228401897580412, 13.126166533783652 ], [ 80.228137250597385, 13.126161103660955 ], [ 80.228124222256554, 13.126160836737876 ], [ 80.227851474983936, 13.126170283061967 ], [ 80.227842306611748, 13.126170600959147 ], [ 80.227836744157273, 13.126171024612866 ], [ 80.227752461167853, 13.126177441062955 ], [ 80.227748178594354, 13.126177767285416 ], [ 80.227740731735352, 13.126180732383169 ], [ 80.227734324450594, 13.12618551440217 ], [ 80.22772940522313, 13.126191778329854 ], [ 80.227726321378526, 13.126199085772654 ], [ 80.22772528762799, 13.126206923795639 ], [ 80.227726375801922, 13.12621474286761 ], [ 80.227733192994734, 13.126223749148123 ], [ 80.227741519842439, 13.126231457925961 ], [ 80.227751096945155, 13.126237626100185 ], [ 80.227761624141635, 13.12624206469888 ], [ 80.227769726150527, 13.126249689615982 ], [ 80.227773802206471, 13.126255819585271 ], [ 80.227775859978806, 13.126258913563175 ], [ 80.227777116084184, 13.126262293572209 ], [ 80.227779704224972, 13.126269259068913 ], [ 80.227711686735248, 13.126389080629021 ], [ 80.22766719618069, 13.126359128804284 ], [ 80.227657957812426, 13.126352909200287 ], [ 80.227337601165615, 13.126157181912502 ], [ 80.227217046270894, 13.126087740904195 ], [ 80.227187963594801, 13.126070987586308 ], [ 80.227147974800829, 13.126047953577174 ], [ 80.227076741094876, 13.126006922810097 ], [ 80.226848009361575, 13.125875170143418 ], [ 80.226790046707848, 13.125841781579227 ], [ 80.226701424399067, 13.125791186418152 ], [ 80.226699580441576, 13.125790527150341 ], [ 80.226691620318789, 13.125789172271393 ], [ 80.226682587774306, 13.125790016773706 ], [ 80.226674099703288, 13.125793166783806 ], [ 80.226666758308355, 13.125798398063795 ], [ 80.226657472645755, 13.125813509899778 ], [ 80.226656701760589, 13.126059989374765 ], [ 80.226657867141455, 13.126066414422812 ], [ 80.226659012551707, 13.126072735429169 ], [ 80.226663358274436, 13.126084959551099 ], [ 80.226669629182808, 13.126096354890832 ], [ 80.226677661978158, 13.126106628904784 ], [ 80.226687238571358, 13.126115014185725 ], [ 80.226589918775545, 13.126119156838506 ], [ 80.226586055545297, 13.126119321547646 ], [ 80.226494841599731, 13.126118022115952 ], [ 80.226292951455136, 13.126113704567082 ], [ 80.226264978263146, 13.126113591550109 ], [ 80.226218419620977, 13.126113404577751 ], [ 80.226117131428595, 13.126112995192029 ], [ 80.225914269602725, 13.126111119350643 ], [ 80.225828462727833, 13.126110118050251 ], [ 80.225793624969739, 13.12611910036305 ], [ 80.225530682548822, 13.126186895668294 ], [ 80.225299977790257, 13.126246378773166 ], [ 80.225263183568273, 13.126249671396495 ], [ 80.224945914421752, 13.12625633496882 ], [ 80.224931466340522, 13.126256638672778 ], [ 80.224931437733218, 13.126257229925706 ], [ 80.224921476384651, 13.126443119100081 ], [ 80.224922372914875, 13.126465840431196 ], [ 80.224922653430312, 13.126482890647655 ], [ 80.224923447550282, 13.12653121827868 ], [ 80.224923363014852, 13.126550828056642 ], [ 80.224920768009085, 13.126604642945958 ], [ 80.224915820994184, 13.12665829884887 ], [ 80.224894201411146, 13.126845039012784 ], [ 80.224864566207771, 13.127175520938623 ], [ 80.224850097435535, 13.127295106873285 ], [ 80.224838463648922, 13.127414988875298 ], [ 80.224829673361796, 13.127535100965172 ], [ 80.224820826106296, 13.127649545430916 ], [ 80.224803095817776, 13.127845406069016 ], [ 80.224793708570417, 13.128000831225542 ], [ 80.224790100892221, 13.128038939117637 ], [ 80.224784984790077, 13.128092948037388 ], [ 80.224763404769604, 13.128320818884935 ], [ 80.224749150704895, 13.128471326864696 ], [ 80.224737107394375, 13.128597313593636 ], [ 80.224726904084861, 13.128723455958243 ], [ 80.22472688576245, 13.128723709075665 ], [ 80.224724460224195, 13.128787292403613 ], [ 80.224703875040319, 13.129326819909775 ], [ 80.224624762274573, 13.129373706023705 ], [ 80.224294842917033, 13.129479073200201 ], [ 80.224208725998366, 13.129438928073892 ], [ 80.22389678583086, 13.129540008824018 ], [ 80.223488414091136, 13.129761669124832 ], [ 80.223277586982277, 13.129841934157639 ], [ 80.223128641905305, 13.129851646718144 ], [ 80.222816202705403, 13.129872018628962 ], [ 80.222792710360721, 13.129873550803188 ], [ 80.222722986069698, 13.129872594258568 ], [ 80.222717461954247, 13.129877814627084 ], [ 80.222712482204926, 13.129865121068805 ], [ 80.222643948609274, 13.129870432310241 ], [ 80.222170457892105, 13.129907126631078 ], [ 80.221832602164085, 13.129974335176669 ], [ 80.221693077806407, 13.129971283848743 ], [ 80.221651609610078, 13.129970377207735 ], [ 80.221106234102294, 13.130028535427705 ], [ 80.22038136862875, 13.130010213321574 ], [ 80.219100689961934, 13.129977838374922 ], [ 80.218586050260114, 13.129968865441425 ], [ 80.218143330750195, 13.130098171159005 ], [ 80.217955125153452, 13.130236397324097 ], [ 80.217810075697344, 13.130342928061662 ], [ 80.217674857213368, 13.130386709122913 ], [ 80.217656228016963, 13.130394536992009 ], [ 80.217530271381676, 13.130448720767786 ], [ 80.21747713590635, 13.130471578872278 ], [ 80.217344256161923, 13.130526089611065 ], [ 80.217119525941484, 13.130645818300501 ], [ 80.217074471233474, 13.130666314754304 ], [ 80.217056210986001, 13.130673281106441 ], [ 80.216979267427249, 13.1307026373838 ], [ 80.216913617387405, 13.130723125387668 ], [ 80.21683164187165, 13.130740042785975 ], [ 80.216526555684382, 13.130801012843207 ], [ 80.216357059787953, 13.130831984096199 ], [ 80.2161705590499, 13.130854253991913 ], [ 80.21610204196179, 13.13085716832933 ], [ 80.21607903832377, 13.130853512247732 ], [ 80.215967378434613, 13.130835765565706 ], [ 80.21570212501419, 13.130838471793743 ], [ 80.215410340434318, 13.13085368945198 ], [ 80.215168636034193, 13.130869008893997 ], [ 80.215086388431914, 13.130870173073902 ], [ 80.214936587587175, 13.130872292110425 ], [ 80.214765141948661, 13.130850755703792 ], [ 80.21467892721887, 13.13083075783603 ], [ 80.214673150963961, 13.130828168702644 ], [ 80.214611112839606, 13.130800376372214 ], [ 80.214608672442878, 13.130799282092276 ], [ 80.214590211776041, 13.130788295947513 ], [ 80.214544828632313, 13.130755308350558 ], [ 80.214504336385986, 13.130716688131336 ], [ 80.214493994751351, 13.130704978098183 ], [ 80.214487838428951, 13.130697736668738 ], [ 80.21440975694172, 13.130562843332306 ], [ 80.214378772381508, 13.130516192209036 ], [ 80.214364490877315, 13.130498265619583 ], [ 80.214267559324682, 13.130382647995086 ], [ 80.214239637307074, 13.130352379204945 ], [ 80.21419639022605, 13.130314974797741 ], [ 80.214151623431277, 13.130285198879399 ], [ 80.214102597291841, 13.130282371861624 ], [ 80.213946513551065, 13.130273373175909 ], [ 80.21371167588255, 13.130259834367285 ], [ 80.213267116299505, 13.130426440740349 ] ] ] } },
{ "type": "Feature", "properties": { "objectid": 6, "zone": "10", "st_area(shape)": 22366285.342627108, "st_perimeter(shape)": 29125.210996890939 }, "geometry": { "type": "Polygon", "coordinates": [ [ [ 80.198562396728079, 13.077988563805059 ], [ 80.198312438643981, 13.078151914162595 ], [ 80.198230185881499, 13.078228697317638 ], [ 80.198096627293637, 13.078322069394805 ], [ 80.198052067752457, 13.07836547484049 ], [ 80.198021132390593, 13.078422319909047 ], [ 80.197975465784992, 13.078454082313444 ], [ 80.197974840682406, 13.07845000520528 ], [ 80.197939663638437, 13.078220473195683 ], [ 80.197914494711753, 13.078045615848216 ], [ 80.197888080876936, 13.077884950354896 ], [ 80.197874315963404, 13.077822020554191 ], [ 80.197857850189706, 13.077759718912128 ], [ 80.197838712725414, 13.077698153117019 ], [ 80.197828615984008, 13.077640101940537 ], [ 80.197813914557798, 13.077530757351321 ], [ 80.197787477569719, 13.077276828586205 ], [ 80.19775828876196, 13.077115791882246 ], [ 80.197755953678836, 13.077099706390632 ], [ 80.197737910099917, 13.077003355422068 ], [ 80.197719946565655, 13.076881956934342 ], [ 80.197711362364331, 13.076801987551763 ], [ 80.19770307637144, 13.076684261182285 ], [ 80.197684584299338, 13.076607969092448 ], [ 80.197671881049033, 13.07649712070876 ], [ 80.197658301054105, 13.076406977274138 ], [ 80.197621138163001, 13.076147631645599 ], [ 80.197595931125747, 13.07595613711794 ], [ 80.197592084314806, 13.07590780726362 ], [ 80.197599384033779, 13.075824995626128 ], [ 80.197629028793514, 13.07574958905664 ], [ 80.197628764334198, 13.075749509571008 ], [ 80.197629672975481, 13.075747760080281 ], [ 80.19762959622993, 13.075745821266533 ], [ 80.197628805102752, 13.075744030328806 ], [ 80.197627405823468, 13.075742623589646 ], [ 80.19762579420923, 13.075741847312983 ], [ 80.197585963128319, 13.075729878752071 ], [ 80.197511416283007, 13.075707679073773 ], [ 80.197356148795976, 13.07566144124957 ], [ 80.197225738118831, 13.075627695961552 ], [ 80.197171756309913, 13.07561372760904 ], [ 80.19713500810893, 13.075603370779614 ], [ 80.19710324978638, 13.075595031322175 ], [ 80.197036270800851, 13.075577442872842 ], [ 80.196768701540421, 13.075518562298296 ], [ 80.196548211046775, 13.0754728572019 ], [ 80.196490152705834, 13.075460822744555 ], [ 80.196253076158655, 13.075408969789875 ], [ 80.196206887832659, 13.075398867375183 ], [ 80.196171428114852, 13.075391113052104 ], [ 80.19568492955942, 13.07526382744182 ], [ 80.195618645437463, 13.0752419314482 ], [ 80.195583189365124, 13.075230219436158 ], [ 80.19555003395584, 13.075219265962135 ], [ 80.195525935936857, 13.075209774728343 ], [ 80.195417944408248, 13.075167241866032 ], [ 80.195060503972229, 13.074976882287407 ], [ 80.195000922680833, 13.074935657450446 ], [ 80.19500115256244, 13.074935306438496 ], [ 80.194942925793953, 13.074892224091307 ], [ 80.194905650135553, 13.07486312244407 ], [ 80.194853663693991, 13.074816448207537 ], [ 80.194831421031054, 13.074794877347466 ], [ 80.194827905457373, 13.07479332204124 ], [ 80.194821943740266, 13.074792924606557 ], [ 80.194791724794811, 13.074790910834841 ], [ 80.194753658590443, 13.074786587722645 ], [ 80.194752051894383, 13.074786290662624 ], [ 80.194678378963417, 13.074772661886803 ], [ 80.194664768156713, 13.074769144672238 ], [ 80.194641343448794, 13.074763092268793 ], [ 80.194632731260413, 13.074763150414483 ], [ 80.19462436276757, 13.074765138851983 ], [ 80.194616680127069, 13.074768949553251 ], [ 80.194604943271372, 13.074781152925759 ], [ 80.194597966123936, 13.074856359427237 ], [ 80.194586411908162, 13.075072121795326 ], [ 80.194585643538446, 13.075072421397817 ], [ 80.194584870556781, 13.075096318424698 ], [ 80.194586514209718, 13.075120194051911 ], [ 80.194590554977822, 13.075143810417728 ], [ 80.194596954912427, 13.075166924177857 ], [ 80.19461863331837, 13.075236478434821 ], [ 80.1946170108817, 13.075269179582184 ], [ 80.194585985702062, 13.075393408389456 ], [ 80.19453229062438, 13.0756251646014 ], [ 80.194528622052516, 13.075638638187733 ], [ 80.194505893266566, 13.075670794303008 ], [ 80.194487013986389, 13.075681469926483 ], [ 80.194419888808298, 13.075703593993403 ], [ 80.194346490891235, 13.075724231890069 ], [ 80.194272360153818, 13.075742169389629 ], [ 80.194238235270248, 13.075748858809348 ], [ 80.194203739187685, 13.075753401434168 ], [ 80.194169012191693, 13.075755770576027 ], [ 80.19382235812877, 13.075769303325208 ], [ 80.193724444063108, 13.075770592720497 ], [ 80.19368703172546, 13.075771085368507 ], [ 80.193510551376065, 13.075781475101314 ], [ 80.193178282944956, 13.075792553629322 ], [ 80.193113831562428, 13.07580048456413 ], [ 80.193049724935904, 13.075810747549427 ], [ 80.193036246199341, 13.07581341076687 ], [ 80.19299832317391, 13.075820904634872 ], [ 80.192977533702134, 13.075824179748521 ], [ 80.192545634554563, 13.076132906868857 ], [ 80.192515469313349, 13.076135610125217 ], [ 80.192514117276801, 13.076121106384536 ], [ 80.19250780355631, 13.076053395725264 ], [ 80.192497834538173, 13.075949391398462 ], [ 80.192492371405621, 13.07589240341748 ], [ 80.192473630570674, 13.075783932119281 ], [ 80.192423457747296, 13.075565447992862 ], [ 80.192381683939274, 13.075383542708717 ], [ 80.192363863691341, 13.075298602085669 ], [ 80.192341520282341, 13.075192099681489 ], [ 80.19230566186198, 13.075021178839087 ], [ 80.192250926982013, 13.074778144448755 ], [ 80.192240465183716, 13.074727266688043 ], [ 80.192232508033612, 13.074675963653522 ], [ 80.192227077272193, 13.074624356574116 ], [ 80.192195915754368, 13.074371178585011 ], [ 80.192180438330425, 13.074245435776982 ], [ 80.192178591875603, 13.074242006757951 ], [ 80.192174834909153, 13.074240662241476 ], [ 80.192168422330226, 13.074240786859985 ], [ 80.191830402367586, 13.07424733841802 ], [ 80.191569628296406, 13.074255292233959 ], [ 80.191480348272492, 13.074257081621209 ], [ 80.191391048753701, 13.074256360898591 ], [ 80.191301810908683, 13.074253130320296 ], [ 80.191212706662014, 13.074247396441018 ], [ 80.191123817185201, 13.074239158610979 ], [ 80.191099994769488, 13.074234622775165 ], [ 80.191037238451202, 13.074219237777513 ], [ 80.191035532595706, 13.074217388802744 ], [ 80.191033666809943, 13.07421536843621 ], [ 80.191026582720482, 13.07421295830137 ], [ 80.191006165167707, 13.074206014423627 ], [ 80.190997701679478, 13.074202621640412 ], [ 80.190968357652366, 13.074190860339252 ], [ 80.190931443894129, 13.074173726170716 ], [ 80.190880626357526, 13.074141399737318 ], [ 80.190831150720385, 13.074107132595435 ], [ 80.19078309427988, 13.07407098014321 ], [ 80.190736533428478, 13.074032992350947 ], [ 80.190691535287868, 13.073993233626842 ], [ 80.19064817621188, 13.073951765695478 ], [ 80.190341329442532, 13.073663273448206 ], [ 80.190160873549729, 13.073488119709056 ], [ 80.19023776827558, 13.073480876782163 ], [ 80.190238773256041, 13.073480143925385 ], [ 80.190270002574493, 13.073457358688156 ], [ 80.190313047197364, 13.073378270709069 ], [ 80.190337668107802, 13.073254440164581 ], [ 80.190361832219338, 13.073151323062113 ], [ 80.190403359056205, 13.073003347682764 ], [ 80.190439095987244, 13.072905536420489 ], [ 80.190450952217603, 13.072874854786471 ], [ 80.19045909935727, 13.072832396274796 ], [ 80.190472553457369, 13.07276227457306 ], [ 80.190449913786878, 13.072699416126291 ], [ 80.19128050841492, 13.069264847064742 ], [ 80.191279260214088, 13.069231226448064 ], [ 80.191263041267263, 13.068794072551025 ], [ 80.191268313780242, 13.068307818994541 ], [ 80.191269579780439, 13.068060618634671 ], [ 80.191278686871044, 13.067359721584268 ], [ 80.19124453918937, 13.066686178215145 ], [ 80.191251260416962, 13.066378413551631 ], [ 80.191257869927568, 13.0660140067236 ], [ 80.191231158115258, 13.066005956373104 ], [ 80.191258534705611, 13.06597213958184 ], [ 80.191119311284083, 13.065972250106677 ], [ 80.190634837329043, 13.065963297674479 ], [ 80.190244292095016, 13.065958103419526 ], [ 80.189869356929989, 13.065951561434034 ], [ 80.189738715279518, 13.06595407340496 ], [ 80.189778723005816, 13.065885248338553 ], [ 80.189846398206882, 13.065793853801319 ], [ 80.189854541685548, 13.065785548158267 ], [ 80.189863477701834, 13.065771786431409 ], [ 80.189869468905101, 13.065756565162125 ], [ 80.189870781902627, 13.06574904555014 ], [ 80.189872277224282, 13.065740484887915 ], [ 80.189871793611346, 13.065724177292722 ], [ 80.189867790631837, 13.065707243822256 ], [ 80.189846266021092, 13.06566864540944 ], [ 80.189828582688904, 13.065633212832351 ], [ 80.189812556434262, 13.065597033165327 ], [ 80.189798217456783, 13.065560178838169 ], [ 80.189785859027012, 13.065523506129619 ], [ 80.189779811897353, 13.065496484584141 ], [ 80.189775387282594, 13.065468565746739 ], [ 80.189772731450333, 13.065440431831693 ], [ 80.189771717175077, 13.065407823727011 ], [ 80.189767421792411, 13.065392882163447 ], [ 80.189760290461066, 13.065379584562333 ], [ 80.189750495322457, 13.065368032731749 ], [ 80.189724723429578, 13.065352078076296 ], [ 80.189709874235788, 13.065348373199406 ], [ 80.189699085434242, 13.065347952391509 ], [ 80.18967679122855, 13.065344837214459 ], [ 80.189651327439549, 13.065343856827846 ], [ 80.189637660570341, 13.06534470280133 ], [ 80.189627429579829, 13.065280150773782 ], [ 80.189708086282565, 13.064463331004504 ], [ 80.189713259453953, 13.064451477071476 ], [ 80.189720591186742, 13.06442933394367 ], [ 80.189725855985188, 13.06440663459278 ], [ 80.189729011747659, 13.064383562436646 ], [ 80.189730032039847, 13.064360304558928 ], [ 80.189728908864765, 13.064337050813565 ], [ 80.189725650820932, 13.064313992914823 ], [ 80.189724091242567, 13.064301249861984 ], [ 80.189722816459437, 13.064290830554208 ], [ 80.18972182903147, 13.064267525695605 ], [ 80.189722696392025, 13.064244214895666 ], [ 80.189725411621509, 13.064221040089739 ], [ 80.189729961341357, 13.06419814409716 ], [ 80.189736313738734, 13.064175666062614 ], [ 80.189744435173964, 13.064153739700014 ], [ 80.189755120148021, 13.064133093560033 ], [ 80.189767554362732, 13.064113413146409 ], [ 80.189781643280199, 13.064094840119761 ], [ 80.189790307630062, 13.064035391758175 ], [ 80.189897613131649, 13.063945387215396 ], [ 80.189923875632061, 13.06392369490756 ], [ 80.189952975824511, 13.063907738598896 ], [ 80.189980803323479, 13.063894581274567 ], [ 80.190010365195533, 13.063882706090689 ], [ 80.190176186149472, 13.063837813720951 ], [ 80.190191527566313, 13.063831395038248 ], [ 80.190206349258531, 13.063823137421577 ], [ 80.19022012009539, 13.063813286954352 ], [ 80.190232661660161, 13.063801969663908 ], [ 80.190243814836734, 13.063789332434309 ], [ 80.190253553827219, 13.063775367047265 ], [ 80.190349035671005, 13.063603081446681 ], [ 80.19042928071201, 13.063480091313151 ], [ 80.190572267658453, 13.063330456824458 ], [ 80.190760059046596, 13.063170401590623 ], [ 80.19101424685789, 13.062943846742861 ], [ 80.191210269806675, 13.062707110290722 ], [ 80.191282361134114, 13.062603897819368 ], [ 80.191317763928211, 13.062552574834653 ], [ 80.191318566671143, 13.062550770781813 ], [ 80.191318657919055, 13.062548805367021 ], [ 80.191318024834686, 13.062546938955647 ], [ 80.191316750540835, 13.062545419554651 ], [ 80.191315005015056, 13.062544446616489 ], [ 80.191313018431288, 13.062544143830342 ], [ 80.19129453481645, 13.062540645593582 ], [ 80.191276971730943, 13.062534009092825 ], [ 80.191262294891231, 13.062525281194571 ], [ 80.191227575573819, 13.062499504569326 ], [ 80.191195245549167, 13.062472153088175 ], [ 80.191164754561143, 13.062442832614057 ], [ 80.191139238972127, 13.062411382067701 ], [ 80.19109629560235, 13.062345901310445 ], [ 80.19105254738804, 13.062277209977504 ], [ 80.191009064691187, 13.062212525012306 ], [ 80.190975168657843, 13.062163640845498 ], [ 80.190942866035272, 13.062113729080153 ], [ 80.190912191690529, 13.062062844981304 ], [ 80.190883179579941, 13.062011040194298 ], [ 80.190873541259506, 13.061999784567259 ], [ 80.190862234815029, 13.061990129554147 ], [ 80.190849536189987, 13.061982304777235 ], [ 80.190831339205062, 13.06194376025878 ], [ 80.190793544146416, 13.061856512826866 ], [ 80.190775553605505, 13.061810938906126 ], [ 80.19068335016874, 13.061591407877881 ], [ 80.190561080138536, 13.061349703394912 ], [ 80.190326035452586, 13.060990979591006 ], [ 80.190271365770542, 13.060910408209857 ], [ 80.190159886726136, 13.060687008236382 ], [ 80.190027166066358, 13.06041589019685 ], [ 80.189953475181369, 13.060247577572289 ], [ 80.189888353326239, 13.060056946629361 ], [ 80.189866650041807, 13.059940303775942 ], [ 80.189800544382138, 13.05970209057169 ], [ 80.189693999551423, 13.05947446163978 ], [ 80.189677223656091, 13.059438619595763 ], [ 80.189554924693596, 13.059187147604964 ], [ 80.189432215001588, 13.059084899290353 ], [ 80.189377641167511, 13.059038497228396 ], [ 80.189377079203553, 13.059038019865335 ], [ 80.189425818980325, 13.058903293423452 ], [ 80.189427543540091, 13.058898523823176 ], [ 80.189421077442717, 13.058747459322181 ], [ 80.189420935110164, 13.058744722809896 ], [ 80.189413783701866, 13.058606967583014 ], [ 80.18940778418569, 13.058529473619753 ], [ 80.189358641236637, 13.05833788357279 ], [ 80.189372863975436, 13.058261202557684 ], [ 80.189389270343682, 13.058172746843137 ], [ 80.18939331854574, 13.058155409108457 ], [ 80.189398475251608, 13.058128198425873 ], [ 80.189398951041966, 13.058095139266225 ], [ 80.189400020560626, 13.058062714897295 ], [ 80.189400039214533, 13.058042568791135 ], [ 80.189399656424555, 13.058032964233719 ], [ 80.189399167055868, 13.058020689281493 ], [ 80.18940019616393, 13.057996415116881 ], [ 80.189400387989508, 13.057983407196364 ], [ 80.189401865651092, 13.05788492700086 ], [ 80.189404268539988, 13.05772472997748 ], [ 80.189405272946544, 13.05759686677699 ], [ 80.189402977997943, 13.05749965417869 ], [ 80.189403693843062, 13.057450107035985 ], [ 80.189405588861391, 13.057318943632735 ], [ 80.189405689363355, 13.057161960097122 ], [ 80.188991381358477, 13.057137039576302 ], [ 80.18881030326412, 13.057108580352963 ], [ 80.188504394351, 13.057060500097045 ], [ 80.188332038694242, 13.057021508828193 ], [ 80.18787321187537, 13.056917710354771 ], [ 80.18717887864338, 13.056862949291856 ], [ 80.186915039777745, 13.056842140315103 ], [ 80.186645829134562, 13.056820907297528 ], [ 80.186608062238889, 13.056743476173819 ], [ 80.186596973275385, 13.05654314977919 ], [ 80.186662027143754, 13.055871657594889 ], [ 80.1867091846824, 13.055411923570524 ], [ 80.186725100661775, 13.055210806803339 ], [ 80.18680194140984, 13.055197472912722 ], [ 80.186995381774295, 13.055163905394023 ], [ 80.187165631023404, 13.055135257776172 ], [ 80.187165557359933, 13.055134375059597 ], [ 80.187143882705982, 13.054877702704689 ], [ 80.187142936399866, 13.054854019110595 ], [ 80.187127176770403, 13.054658716138039 ], [ 80.186869531296765, 13.0546932420611 ], [ 80.186828944580554, 13.054704843588915 ], [ 80.186745379693164, 13.054745807257063 ], [ 80.186632678552201, 13.054801053132673 ], [ 80.186606049035007, 13.054753881237566 ], [ 80.186604604196788, 13.054749821422998 ], [ 80.186604096860464, 13.054750411165235 ], [ 80.186602544304279, 13.054752214654927 ], [ 80.186583044283651, 13.054702979217215 ], [ 80.186550249725002, 13.054620176587923 ], [ 80.186523196874546, 13.054551873443756 ], [ 80.186489896981158, 13.054457219868263 ], [ 80.186426932189903, 13.05429349088632 ], [ 80.186379451069115, 13.054165137111793 ], [ 80.186351590946643, 13.054078062331604 ], [ 80.186338885596143, 13.054038353044715 ], [ 80.186323547349446, 13.053972090399302 ], [ 80.186318408219392, 13.053945663882898 ], [ 80.186322940364931, 13.053914347204651 ], [ 80.186325056945179, 13.053914076276206 ], [ 80.186325029563804, 13.053912015551342 ], [ 80.186439641219081, 13.053899644134857 ], [ 80.186440001857207, 13.053899353216943 ], [ 80.186442225965536, 13.053894405273946 ], [ 80.18644193928408, 13.053889004576538 ], [ 80.186439538462253, 13.053860294561963 ], [ 80.186439832338891, 13.05384742711766 ], [ 80.186442879920662, 13.053834902880904 ], [ 80.186450686081827, 13.053824457862662 ], [ 80.186450817172883, 13.053823290971346 ], [ 80.186455937430381, 13.053817431673954 ], [ 80.186462757981104, 13.053808304571195 ], [ 80.186464099598069, 13.053807265359616 ], [ 80.186469396957307, 13.053799424644112 ], [ 80.186471197949558, 13.053793003356263 ], [ 80.186471940737476, 13.053790356428204 ], [ 80.186467996547478, 13.053749083327768 ], [ 80.18646287000017, 13.053695407413144 ], [ 80.186453251599261, 13.053577855653536 ], [ 80.186449806574743, 13.053531725028916 ], [ 80.186445301311068, 13.053403442196068 ], [ 80.186432908993211, 13.05321110194914 ], [ 80.18643275540353, 13.053208715320483 ], [ 80.186427124691818, 13.053203154053772 ], [ 80.186425696098325, 13.053201743553178 ], [ 80.186017552292981, 13.053238821750224 ], [ 80.186016960873744, 13.053234669678289 ], [ 80.186014731827726, 13.053234926687928 ], [ 80.185976333268599, 13.052963820590932 ], [ 80.185976091349488, 13.052961653401393 ], [ 80.185974071566449, 13.052947850984795 ], [ 80.185953337603735, 13.052801466840268 ], [ 80.185927979261663, 13.052646111283147 ], [ 80.185868062108639, 13.052348927667028 ], [ 80.185851962046101, 13.052276817945915 ], [ 80.185849896034583, 13.052267561627628 ], [ 80.185837024617058, 13.052206224584436 ], [ 80.185836958328252, 13.052205907910947 ], [ 80.185716943947199, 13.052222767658328 ], [ 80.185714690736106, 13.052223084266103 ], [ 80.185692246414192, 13.051853523656542 ], [ 80.185690922286511, 13.051817673959219 ], [ 80.18568425867268, 13.051637185697823 ], [ 80.18568425358319, 13.051637050053991 ], [ 80.185566018588361, 13.051643749588795 ], [ 80.185421363195289, 13.05165194641765 ], [ 80.185419087545796, 13.051652075786087 ], [ 80.185418197248893, 13.051612465139005 ], [ 80.185428458032035, 13.051484151927131 ], [ 80.185431847849344, 13.051441758106916 ], [ 80.185431869955437, 13.051441485112479 ], [ 80.185441406613023, 13.051322223227606 ], [ 80.185454360917433, 13.051160229441168 ], [ 80.185488554142296, 13.050946923063202 ], [ 80.18550510842519, 13.050843653885821 ], [ 80.185511075146394, 13.050796430779165 ], [ 80.185519498773019, 13.050729771798693 ], [ 80.185522750872678, 13.050703232433692 ], [ 80.185531772443852, 13.050642951650479 ], [ 80.185554164455965, 13.050478599593783 ], [ 80.185580039932447, 13.050303222908767 ], [ 80.185618170916513, 13.05000878997433 ], [ 80.185661461541585, 13.049685705147571 ], [ 80.185741176817345, 13.04918304607647 ], [ 80.185740260051318, 13.049067535276629 ], [ 80.185784669068639, 13.048768655342291 ], [ 80.185790643937807, 13.048728484890489 ], [ 80.185814819441887, 13.048565739691764 ], [ 80.185841400193851, 13.048402133130347 ], [ 80.185880483909358, 13.048161573564171 ], [ 80.185910831909609, 13.047934845868488 ], [ 80.18593146532028, 13.047780699157505 ], [ 80.185939278209787, 13.047728116388958 ], [ 80.185954863390677, 13.047635637353974 ], [ 80.186024010429179, 13.047225329102353 ], [ 80.186025001725014, 13.047219445969397 ], [ 80.186033961918469, 13.047166277272259 ], [ 80.1860342790294, 13.047166320766159 ], [ 80.186141979442638, 13.047181164362526 ], [ 80.186410049419479, 13.047218047922648 ], [ 80.186526216438523, 13.047234487639685 ], [ 80.186526359982736, 13.047234023339209 ], [ 80.186527416023793, 13.047230617876775 ], [ 80.186527820541073, 13.04722931440763 ], [ 80.186528001367989, 13.047228729967566 ], [ 80.186541518397433, 13.047111774394519 ], [ 80.186571745288646, 13.046866560098666 ], [ 80.186602033553555, 13.046670257024477 ], [ 80.186644965126902, 13.04635564475174 ], [ 80.186684488674786, 13.046058306172768 ], [ 80.18668446692223, 13.046057907358353 ], [ 80.186684380751487, 13.046056337420533 ], [ 80.186683562158109, 13.046054534614161 ], [ 80.18668214093519, 13.046053137702371 ], [ 80.186680304612651, 13.046052332632522 ], [ 80.186679661262573, 13.046052217587974 ], [ 80.186263846406462, 13.04598343415779 ], [ 80.186229923435107, 13.045977822838024 ], [ 80.186235459568437, 13.045938088606576 ], [ 80.186237688571495, 13.04593838856969 ], [ 80.186689025101359, 13.045999362065684 ], [ 80.186692096381535, 13.045997040723062 ], [ 80.18669333139475, 13.045997001202201 ], [ 80.186693346428299, 13.045996916255948 ], [ 80.186699366366099, 13.045961506444334 ], [ 80.186726141041859, 13.045804018948715 ], [ 80.186758140086141, 13.045615801008379 ], [ 80.186758332021938, 13.045614920934026 ], [ 80.186758449454899, 13.045613980045145 ], [ 80.186760500283839, 13.045601918314999 ], [ 80.18676048189981, 13.045597666773967 ], [ 80.186760858847421, 13.045594638934478 ], [ 80.186761555699562, 13.045573867446649 ], [ 80.18676035394121, 13.045553290723863 ], [ 80.186757283099041, 13.045532904337936 ], [ 80.186754549106226, 13.045521759792697 ], [ 80.186753428746343, 13.045514654795127 ], [ 80.186753248945351, 13.045513514955744 ], [ 80.18675307818053, 13.045512432108476 ], [ 80.186755216921881, 13.045514388252441 ], [ 80.186859138065216, 13.045609445369367 ], [ 80.186864589675153, 13.045601470391244 ], [ 80.186935293191326, 13.045500475145081 ], [ 80.187188453887842, 13.044986654315299 ], [ 80.187231571342124, 13.044880489925411 ], [ 80.187589927150498, 13.043998130551444 ], [ 80.187392386694057, 13.043909507976156 ], [ 80.187381210746395, 13.043905078553612 ], [ 80.187302958841599, 13.043874070710828 ], [ 80.187304435559511, 13.043870049908325 ], [ 80.188078757112436, 13.041761180019869 ], [ 80.188126708246713, 13.041630583158257 ], [ 80.188132631886887, 13.041600275308054 ], [ 80.188374799924048, 13.039498213251179 ], [ 80.18838995477482, 13.03936666357227 ], [ 80.188404163373022, 13.039243329080033 ], [ 80.188452765172144, 13.039227219572773 ], [ 80.18850298994434, 13.038209794069981 ], [ 80.188512198627194, 13.037973689054978 ], [ 80.188528578405794, 13.037897749779919 ], [ 80.188594360089951, 13.037930808586838 ], [ 80.188601289311322, 13.037930332990253 ], [ 80.188619834580408, 13.037929057407849 ], [ 80.18865154722765, 13.037925515584071 ], [ 80.188651958918513, 13.037909265919589 ], [ 80.188652045708594, 13.037905838418309 ], [ 80.188639092270833, 13.037627357052088 ], [ 80.188625475577282, 13.037386577301039 ], [ 80.188639738078919, 13.036553175740353 ], [ 80.188640952454037, 13.036491808745003 ], [ 80.188640139560377, 13.036491657008069 ], [ 80.188639645559107, 13.036491564137913 ], [ 80.188639663234085, 13.036491517175536 ], [ 80.188640630741148, 13.03648950206013 ], [ 80.188650061549112, 13.036470162100734 ], [ 80.188653743957659, 13.036462227637418 ], [ 80.188656404119627, 13.036456692397609 ], [ 80.188660752561461, 13.036448130705914 ], [ 80.188663952739262, 13.036441302361338 ], [ 80.188667214937254, 13.036434968801318 ], [ 80.188668218418002, 13.036432102054118 ], [ 80.188668439029499, 13.036431473430806 ], [ 80.188669462560497, 13.036406884553891 ], [ 80.188678522909939, 13.036162426142553 ], [ 80.18868442141715, 13.036048045948194 ], [ 80.188694265301265, 13.035857178445481 ], [ 80.188694618448011, 13.035831719447952 ], [ 80.18869464637018, 13.035831640871105 ], [ 80.188694707754735, 13.03582525388488 ], [ 80.188694714725159, 13.035824529652755 ], [ 80.188694735819951, 13.035823432939722 ], [ 80.188694744804536, 13.035821241218056 ], [ 80.18869487124438, 13.035811869713571 ], [ 80.188694906787958, 13.035810867081267 ], [ 80.188695618407635, 13.035790584773894 ], [ 80.188696830570677, 13.035785371409798 ], [ 80.18869759657764, 13.035782080758871 ], [ 80.188702226033953, 13.035767083036564 ], [ 80.188706893563761, 13.035754269045491 ], [ 80.188707347663495, 13.035753021785029 ], [ 80.188707036951243, 13.035739128879531 ], [ 80.188706479169454, 13.035714170661242 ], [ 80.188706771967134, 13.035684872295395 ], [ 80.1887087784485, 13.035484236719666 ], [ 80.188714660074098, 13.035221303019529 ], [ 80.188714535162845, 13.034921060916687 ], [ 80.188701414562317, 13.034871647587755 ], [ 80.188701377679948, 13.034868248632272 ], [ 80.188700887242561, 13.034736553122796 ], [ 80.188700924212739, 13.034705952828149 ], [ 80.188709365445092, 13.034705289366437 ], [ 80.188808247132698, 13.034697234351029 ], [ 80.188833298281111, 13.034695396813005 ], [ 80.188834519340304, 13.034695094116566 ], [ 80.18883666403012, 13.0346949190898 ], [ 80.18884442441896, 13.034692635900859 ], [ 80.188916916439908, 13.034674647097773 ], [ 80.188911356291328, 13.034632229634266 ], [ 80.188909598574071, 13.034607310153584 ], [ 80.18890322367595, 13.034551437639919 ], [ 80.188894882930384, 13.034486982754656 ], [ 80.188880669191107, 13.034430302673298 ], [ 80.188916159978817, 13.033578494760198 ], [ 80.188922486046451, 13.033458480066818 ], [ 80.188923653421753, 13.033436428781506 ], [ 80.188923673184533, 13.033436023767402 ], [ 80.188923675423439, 13.033435902613302 ], [ 80.188914474811142, 13.033051541710375 ], [ 80.188911698866505, 13.032975115618724 ], [ 80.188884390961078, 13.032223423397028 ], [ 80.1885613924225, 13.032236877338697 ], [ 80.188556557274651, 13.032232941640963 ], [ 80.188482568283106, 13.031670614584934 ], [ 80.188614289273389, 13.031205451868063 ], [ 80.188612093400181, 13.02910862675482 ], [ 80.188612075225194, 13.029090419975292 ], [ 80.188611547452709, 13.028587265913087 ], [ 80.190451987315186, 13.027879914736497 ], [ 80.190548890545102, 13.02734194240538 ], [ 80.191088926741784, 13.027045554397578 ], [ 80.191013504760164, 13.026274016566669 ], [ 80.191226917804102, 13.025545246558112 ], [ 80.191905592346984, 13.02623528582197 ], [ 80.193142928435762, 13.027194737178293 ], [ 80.193330501568312, 13.02731953931006 ], [ 80.193489983452551, 13.027544389201973 ], [ 80.193644754346025, 13.027804251721122 ], [ 80.193838453785077, 13.028056606596369 ], [ 80.193962424737464, 13.028217198114305 ], [ 80.194164299898006, 13.028347516324061 ], [ 80.194436274312238, 13.028455165431554 ], [ 80.194762762639684, 13.028547726345373 ], [ 80.194957104620059, 13.028601732337343 ], [ 80.195369425570192, 13.028618269944253 ], [ 80.195618232155681, 13.02867244542745 ], [ 80.195835817079853, 13.028757036577893 ], [ 80.196349187566582, 13.028804403430227 ], [ 80.196769315890663, 13.028813332586882 ], [ 80.19718939327332, 13.028837521814866 ], [ 80.197650693147281, 13.028874056291045 ], [ 80.197944325384256, 13.028813557064819 ], [ 80.198242163682124, 13.028792287020261 ], [ 80.198466510056591, 13.02884052861492 ], [ 80.198652023655086, 13.02891020313084 ], [ 80.19896454891267, 13.028927603749022 ], [ 80.199244479788689, 13.028907379418087 ], [ 80.199580168757862, 13.02886298257085 ], [ 80.19988367200429, 13.028818177598254 ], [ 80.200206890374247, 13.028753300405681 ], [ 80.200801010910453, 13.028600662081612 ], [ 80.201125247880057, 13.028528003585279 ], [ 80.202865569029143, 13.02809625241937 ], [ 80.203495392155503, 13.027939996783449 ], [ 80.203686782432939, 13.027834920192385 ], [ 80.204075581088432, 13.027773037975747 ], [ 80.204529373040145, 13.027683969394944 ], [ 80.204923890965546, 13.027544245351187 ], [ 80.205335642609114, 13.027451803937023 ], [ 80.205835372255763, 13.027363510385189 ], [ 80.206234628321468, 13.027317237016078 ], [ 80.20656233090304, 13.027272034297859 ], [ 80.207025612457286, 13.027179742434528 ], [ 80.207190996148597, 13.027163706119133 ], [ 80.207192201805967, 13.027163589549085 ], [ 80.207370116210654, 13.027146338232635 ], [ 80.207829477290346, 13.027081557412052 ], [ 80.208363521799072, 13.026858512598308 ], [ 80.208531117147899, 13.026756649951095 ], [ 80.208846989313926, 13.026564666861349 ], [ 80.209042565949375, 13.026432555423611 ], [ 80.209239195920816, 13.026299731822879 ], [ 80.209637271431362, 13.025932410665289 ], [ 80.209749513140721, 13.025845664669717 ], [ 80.209747514898098, 13.025843304062315 ], [ 80.210018953105546, 13.025623899969572 ], [ 80.21041453542864, 13.02527235526998 ], [ 80.210594329914315, 13.024917251399714 ], [ 80.210706819223518, 13.024589856705711 ], [ 80.210823290710522, 13.024189462330511 ], [ 80.210956207847516, 13.023758431433903 ], [ 80.211059899925701, 13.023305041247708 ], [ 80.211151323226204, 13.022847248218332 ], [ 80.2113306418333, 13.022387735049044 ], [ 80.211425599256316, 13.021991035331553 ], [ 80.211562503942204, 13.021352445953651 ], [ 80.211732453024766, 13.020618548255726 ], [ 80.212048141106791, 13.020112413599811 ], [ 80.212025017331868, 13.020151475006692 ], [ 80.212674065419577, 13.020456977448044 ], [ 80.213734317196369, 13.020703414764991 ], [ 80.213741014711474, 13.020709587201088 ], [ 80.213776636442148, 13.020692983895907 ], [ 80.213788487037263, 13.020609935313558 ], [ 80.213874789810575, 13.020597316698122 ], [ 80.214001213741867, 13.020578832085144 ], [ 80.214150649573412, 13.020556982109634 ], [ 80.214285611025403, 13.020537249217078 ], [ 80.214412322426341, 13.020507118356337 ], [ 80.214636204853264, 13.020453881183665 ], [ 80.214763270553462, 13.02042366532118 ], [ 80.214924823878988, 13.020385248778354 ], [ 80.215060511657953, 13.020352982837908 ], [ 80.215188564708143, 13.020322532850795 ], [ 80.215281142656892, 13.02030051828363 ], [ 80.215335720400361, 13.020294934553021 ], [ 80.215346978917452, 13.02029378231372 ], [ 80.215386297421901, 13.02027424409968 ], [ 80.215472460207394, 13.020249498377618 ], [ 80.215613500139654, 13.02020899213769 ], [ 80.215695851869071, 13.02018534064138 ], [ 80.215755942973161, 13.020168082269329 ], [ 80.215837039414978, 13.020144791320853 ], [ 80.215907838998234, 13.020124457576213 ], [ 80.216014515999717, 13.020093819571853 ], [ 80.216161939148037, 13.020051479626103 ], [ 80.216251763280326, 13.020025682274266 ], [ 80.216360889809849, 13.019994340828571 ], [ 80.216525125962519, 13.019947172439663 ], [ 80.216754743593285, 13.019881225084527 ], [ 80.216792965345377, 13.019870247859428 ], [ 80.216890024642424, 13.019842371685353 ], [ 80.217050835416927, 13.019796186318572 ], [ 80.217170548401484, 13.019761803123616 ], [ 80.217286836155949, 13.019728405052197 ], [ 80.217350594998777, 13.019710093130509 ], [ 80.217395175145157, 13.019697288636676 ], [ 80.217554282848496, 13.019651590593929 ], [ 80.217655469568982, 13.019622530326624 ], [ 80.217768378164081, 13.019590101985287 ], [ 80.217923714539751, 13.019565740357098 ], [ 80.218076103725039, 13.019554307863197 ], [ 80.218108926747902, 13.019545796174866 ], [ 80.218189970882861, 13.019539654159935 ], [ 80.218325966548136, 13.019532469736331 ], [ 80.218444865871078, 13.019526053828125 ], [ 80.218521139025285, 13.019522188560332 ], [ 80.218605012406201, 13.019518370580903 ], [ 80.218704189364544, 13.019512048846774 ], [ 80.21876752206451, 13.019505205892914 ], [ 80.218830579256732, 13.019496232716008 ], [ 80.218892257035108, 13.019485157638407 ], [ 80.218916258435144, 13.019480270414892 ], [ 80.218986467342475, 13.019469390994667 ], [ 80.219058956748455, 13.019467337933374 ], [ 80.219131730957812, 13.019471808567364 ], [ 80.219198127210774, 13.019479043995082 ], [ 80.219266219892546, 13.019484030355992 ], [ 80.219334447391859, 13.01948660290587 ], [ 80.2194315134427, 13.019496511157419 ], [ 80.219438602218474, 13.019427514426683 ], [ 80.219588146851322, 13.01928247955151 ], [ 80.219556219569469, 13.019023371552207 ], [ 80.21952240266414, 13.018882180193755 ], [ 80.219423617154106, 13.018700480714974 ], [ 80.21934851942531, 13.0186129131353 ], [ 80.219319715439028, 13.018538307255991 ], [ 80.219306889057265, 13.01849124692208 ], [ 80.219294390888138, 13.018445389249949 ], [ 80.219288033315593, 13.018407481653703 ], [ 80.219286873759089, 13.018358717668393 ], [ 80.219295394709278, 13.018305893148128 ], [ 80.219311551010108, 13.018231867450691 ], [ 80.219311835905444, 13.018196239428601 ], [ 80.21930783970717, 13.018156937437949 ], [ 80.219301283054136, 13.018128718590466 ], [ 80.219289337816534, 13.018090343887277 ], [ 80.219283955732919, 13.01806750672346 ], [ 80.219280567259943, 13.01802024332059 ], [ 80.219278443240881, 13.017997368040511 ], [ 80.219273978615632, 13.01797602917557 ], [ 80.219269848277349, 13.017950711052547 ], [ 80.219266768825833, 13.017914903819509 ], [ 80.219263848243713, 13.01789167983523 ], [ 80.219074311212097, 13.017086537136791 ], [ 80.219051268578397, 13.017071262832884 ], [ 80.219000253460663, 13.01663847206178 ], [ 80.21899503262901, 13.016594192404652 ], [ 80.219573525890326, 13.016517583106475 ], [ 80.220268462372189, 13.01646422215231 ], [ 80.220679247961286, 13.016325392209666 ], [ 80.221825931777047, 13.016040721658749 ], [ 80.22199940317546, 13.016007506421536 ], [ 80.222360857441501, 13.015935198419523 ], [ 80.222744141353601, 13.015969710932497 ], [ 80.2231277006791, 13.016015616571089 ], [ 80.223306417249091, 13.016028540068492 ], [ 80.223470671303559, 13.016036627014238 ], [ 80.223734863908078, 13.016140495958192 ], [ 80.223939531543763, 13.016318782713119 ], [ 80.224177594374225, 13.01646312623169 ], [ 80.22441152983059, 13.016555918056675 ], [ 80.224598523130538, 13.016739395821762 ], [ 80.224787690310379, 13.016905926292287 ], [ 80.224901490679642, 13.017036922614915 ], [ 80.225019531398559, 13.017110574812932 ], [ 80.224935186965922, 13.017320825895583 ], [ 80.224828347694327, 13.017587996646627 ], [ 80.224654209193105, 13.018020308283635 ], [ 80.224529783201632, 13.018331300573262 ], [ 80.224377401972845, 13.018708389058631 ], [ 80.224309568705522, 13.018874377324225 ], [ 80.224281105368021, 13.01894619291399 ], [ 80.224255293911042, 13.019018964931748 ], [ 80.224232166904017, 13.019092599439453 ], [ 80.224226841456627, 13.019123138081435 ], [ 80.224223684007839, 13.019153966220811 ], [ 80.224222709779625, 13.019184933806827 ], [ 80.224223923844875, 13.019215892566656 ], [ 80.224227319285731, 13.019246695095795 ], [ 80.224232880890696, 13.01927719215645 ], [ 80.224240581449138, 13.019307238091695 ], [ 80.224242509155658, 13.019316592333315 ], [ 80.22436156429545, 13.019555327754066 ], [ 80.224361817814554, 13.019555647693194 ], [ 80.224377296904336, 13.019576752694174 ], [ 80.224400228334474, 13.019611658109248 ], [ 80.224437375444268, 13.019678070222763 ], [ 80.224476666598477, 13.019743290683849 ], [ 80.224496523821017, 13.019773972444417 ], [ 80.224664601194675, 13.020025745434765 ], [ 80.224814418966631, 13.020220967814877 ], [ 80.22492101073351, 13.020371443413744 ], [ 80.224967534775857, 13.020438384408834 ], [ 80.225035416386618, 13.020536055909844 ], [ 80.225122675251654, 13.020662242131426 ], [ 80.225181471419887, 13.020744928347309 ], [ 80.225224462662808, 13.020805388324309 ], [ 80.225275924574035, 13.020877815309145 ], [ 80.225325084725043, 13.020947003814683 ], [ 80.22537558788332, 13.020988782925231 ], [ 80.225429626898134, 13.021049171888471 ], [ 80.225479005896091, 13.0211182895902 ], [ 80.225532083301829, 13.021192583093198 ], [ 80.225561419068498, 13.021236512426571 ], [ 80.225612920030699, 13.021314536438831 ], [ 80.225656861884488, 13.021375698134086 ], [ 80.225718191547315, 13.021461062800617 ], [ 80.225739376983526, 13.02149055038408 ], [ 80.225771695632062, 13.02153964975034 ], [ 80.225801156395448, 13.021590569768547 ], [ 80.225824908284693, 13.021631620626529 ], [ 80.225849811314944, 13.021674661436656 ], [ 80.225872938457499, 13.021723284871657 ], [ 80.225888657361025, 13.021756335835798 ], [ 80.225922581352677, 13.02179569907948 ], [ 80.225978024151246, 13.021857886055344 ], [ 80.226031089007023, 13.021914930996831 ], [ 80.226110978745695, 13.022011166058258 ], [ 80.226182489048952, 13.022095155889991 ], [ 80.226251181447907, 13.022174928265567 ], [ 80.226310976643759, 13.02224436896222 ], [ 80.226368329560628, 13.022310974036431 ], [ 80.226420478924268, 13.022373060681955 ], [ 80.226477099049589, 13.022440470090951 ], [ 80.226494636541304, 13.022461348741965 ], [ 80.226547457586221, 13.022524235772901 ], [ 80.226678666431823, 13.022680445326163 ], [ 80.226730282135605, 13.022741898291585 ], [ 80.226802815452004, 13.022820860076102 ], [ 80.226847673655911, 13.022867124989039 ], [ 80.226928331542354, 13.02295939992973 ], [ 80.226970141458139, 13.023010013958396 ], [ 80.226998634566883, 13.023044508971005 ], [ 80.227040755695768, 13.023087553991257 ], [ 80.227095614945839, 13.023143616703766 ], [ 80.227139372381345, 13.023188333923727 ], [ 80.227225734080406, 13.023232716069876 ], [ 80.22728116032242, 13.023290930613568 ], [ 80.227351569747398, 13.023367664320734 ], [ 80.227418355295185, 13.023438977410105 ], [ 80.227460673018726, 13.023493914031686 ], [ 80.227701291800429, 13.023746274834824 ], [ 80.22764897466935, 13.023786654997505 ], [ 80.227727222983987, 13.023882970621353 ], [ 80.227769109399617, 13.023920898896169 ], [ 80.227795149442514, 13.023944478306772 ], [ 80.227839229100752, 13.023984393291897 ], [ 80.227969333687938, 13.0241171251437 ], [ 80.227999263555276, 13.024138895971866 ], [ 80.228093523636758, 13.02420577425057 ], [ 80.22820650744687, 13.024289658287932 ], [ 80.228295947893457, 13.024352223604476 ], [ 80.228398894729821, 13.024431104612669 ], [ 80.228439675887429, 13.024454062345084 ], [ 80.228481283840395, 13.024475659908628 ], [ 80.228523644932721, 13.024495859107484 ], [ 80.228566679966974, 13.024514624442006 ], [ 80.228610313439901, 13.024531918615148 ], [ 80.228655085635594, 13.024551948648909 ], [ 80.228698578273296, 13.024574528317871 ], [ 80.228740639437433, 13.024599579409939 ], [ 80.228793206438937, 13.024637901886182 ], [ 80.228888062098648, 13.024709431041581 ], [ 80.22905699310104, 13.024837951288051 ], [ 80.229056261825406, 13.024838544978655 ], [ 80.229011657104337, 13.024837386076848 ], [ 80.22896586490927, 13.024844184176647 ], [ 80.228943615286255, 13.024850554073305 ], [ 80.228891142273056, 13.024864100196904 ], [ 80.228852212970651, 13.024874150283896 ], [ 80.228799415083358, 13.024887780416497 ], [ 80.228767755545761, 13.024895953303504 ], [ 80.228729108392372, 13.024906608213595 ], [ 80.228706369396804, 13.024912877171882 ], [ 80.228644356082484, 13.024927442824998 ], [ 80.228581810657516, 13.024939627940416 ], [ 80.228521936460581, 13.024948932083479 ], [ 80.228490711667774, 13.024955778869932 ], [ 80.228416341339653, 13.024972087152371 ], [ 80.228360999148919, 13.02498422312329 ], [ 80.228278971409864, 13.025002209366786 ], [ 80.228232028540347, 13.0250125031466 ], [ 80.228198262748236, 13.025019775442658 ], [ 80.228163865792695, 13.025027175155174 ], [ 80.22808998454083, 13.025043068867614 ], [ 80.228028891290307, 13.02505621209662 ], [ 80.22794939274597, 13.025071611626641 ], [ 80.227899207916565, 13.025080873949342 ], [ 80.227877899039015, 13.025084807033533 ], [ 80.227776406968005, 13.025101284815406 ], [ 80.227687805833952, 13.025113339656862 ], [ 80.227529196232595, 13.025130073061982 ], [ 80.227353507903445, 13.025149496992185 ], [ 80.227242580075441, 13.025163005997017 ], [ 80.227198631088513, 13.025168358038787 ], [ 80.227062561948145, 13.025185750590742 ], [ 80.226928882730363, 13.025203252370744 ], [ 80.226784638461922, 13.025222137637446 ], [ 80.2266394077554, 13.025233196781354 ], [ 80.226410437057254, 13.025252895132178 ], [ 80.22621227371603, 13.025272202389202 ], [ 80.226134490609141, 13.025279768907575 ], [ 80.225977307568414, 13.025294683656316 ], [ 80.225766436179143, 13.025307004791632 ], [ 80.225605298753209, 13.025312445100363 ], [ 80.225220515881659, 13.025335865166543 ], [ 80.22518326143252, 13.025333631683687 ], [ 80.224978733091092, 13.02532121969455 ], [ 80.224733102119785, 13.025313092587766 ], [ 80.22454542413081, 13.02530265206113 ], [ 80.224373553410118, 13.0252862032973 ], [ 80.224376816980978, 13.025298354591273 ], [ 80.224462154751748, 13.025616142368632 ], [ 80.224548833135529, 13.025933474800834 ], [ 80.224622974562394, 13.02620372444648 ], [ 80.224684628445445, 13.026430844602968 ], [ 80.224734679122079, 13.02661571589597 ], [ 80.224819358936216, 13.026927385629913 ], [ 80.224932434210686, 13.027339155056493 ], [ 80.225036563610246, 13.027723974386745 ], [ 80.225132924789918, 13.028077661631897 ], [ 80.22520581515731, 13.028344608891524 ], [ 80.225402206955863, 13.02906330026288 ], [ 80.225550898634879, 13.029610167679591 ], [ 80.225725625727549, 13.030250083031516 ], [ 80.225830222573279, 13.03063089518853 ], [ 80.225830260422228, 13.030630882642869 ], [ 80.226019257024376, 13.030564317010386 ], [ 80.226061841846359, 13.030558464745802 ], [ 80.226068945970269, 13.030563659764601 ], [ 80.226077049423694, 13.030567179581665 ], [ 80.226085746984083, 13.030568849381391 ], [ 80.226293387716566, 13.030551204627962 ], [ 80.226627225253182, 13.03052046382232 ], [ 80.22700995876896, 13.030483358222446 ], [ 80.227041646959776, 13.030479572834642 ], [ 80.227354064686239, 13.030442248852644 ], [ 80.227586646155203, 13.030407901873092 ], [ 80.227600168342235, 13.030410560724146 ], [ 80.227613932234974, 13.030411405574984 ], [ 80.22762768611571, 13.030410423016638 ], [ 80.227774164764071, 13.030399376241427 ], [ 80.22807185739866, 13.030366898298412 ], [ 80.228160015934023, 13.030356323182325 ], [ 80.228208366081304, 13.030350523898365 ], [ 80.228289576058188, 13.030340783413381 ], [ 80.228574907202656, 13.030316443811154 ], [ 80.228611570403245, 13.030313315920427 ], [ 80.228615288748514, 13.03031299876494 ], [ 80.228856762675619, 13.030283724316238 ], [ 80.229018618727238, 13.030265553219113 ], [ 80.229065267722476, 13.03026411959376 ], [ 80.229111935570927, 13.030264639982672 ], [ 80.229121842921259, 13.030265164047011 ], [ 80.229154106112389, 13.030266874000183 ], [ 80.22915854113819, 13.03026710871938 ], [ 80.229204995903928, 13.030271522828119 ], [ 80.229251216894937, 13.030277874828711 ], [ 80.229297120226931, 13.030286153621518 ], [ 80.22934262295459, 13.030296342684597 ], [ 80.229343061554061, 13.030296460630067 ], [ 80.229369836438835, 13.030303646320519 ], [ 80.229387640290952, 13.030308424586382 ], [ 80.229445884740187, 13.030333600584573 ], [ 80.229467486848506, 13.03034293733803 ], [ 80.229539132250366, 13.030373905651539 ], [ 80.229691538106962, 13.030437325069697 ], [ 80.229844829309187, 13.030498670095524 ], [ 80.229925340124467, 13.030527466552551 ], [ 80.230032424130584, 13.03057561938904 ], [ 80.230078623570051, 13.030592852273259 ], [ 80.230125704635967, 13.030611576978924 ], [ 80.230174948317213, 13.030624313282694 ], [ 80.230224661719575, 13.030635155778292 ], [ 80.230274768348011, 13.030644088866859 ], [ 80.230325190782423, 13.030651097851063 ], [ 80.230434689096555, 13.030664066398169 ], [ 80.230544523197707, 13.030674018595171 ], [ 80.230649049415973, 13.030680600422247 ], [ 80.230651046693836, 13.030680365835414 ], [ 80.230652828446395, 13.0306794470367 ], [ 80.230654155455824, 13.030677963574002 ], [ 80.230654854656066, 13.030676114760821 ], [ 80.23065492467093, 13.030675540804319 ], [ 80.230673644869483, 13.030396425912233 ], [ 80.230686674974748, 13.030123913738203 ], [ 80.230689744147199, 13.030084453794776 ], [ 80.230702191278027, 13.029951452785891 ], [ 80.230729553219575, 13.029676507449382 ], [ 80.230739674345713, 13.02955879942767 ], [ 80.230748016386798, 13.029474300856798 ], [ 80.230753792954275, 13.02941696214145 ], [ 80.230761773028931, 13.029340676210316 ], [ 80.230765629098954, 13.029303808215154 ], [ 80.230768051235103, 13.029280657137416 ], [ 80.230784335433171, 13.02912497218165 ], [ 80.230826850099987, 13.02871812607367 ], [ 80.230878398251463, 13.028180739932408 ], [ 80.230894601239441, 13.027998124133113 ], [ 80.23089879554648, 13.027950848028668 ], [ 80.230903522961455, 13.027897567835454 ], [ 80.230912472027086, 13.02780368639287 ], [ 80.230924238131664, 13.027708683061965 ], [ 80.230938843123468, 13.027612947615506 ], [ 80.230963787417579, 13.027487696425627 ], [ 80.230990243546444, 13.02736470478105 ], [ 80.231018196370314, 13.027243798126509 ], [ 80.231074143553698, 13.026988493413141 ], [ 80.231101591056131, 13.026873822388072 ], [ 80.231112691623892, 13.026829498161712 ], [ 80.231157737318924, 13.026649879372027 ], [ 80.231190042625229, 13.026491016585229 ], [ 80.231197126038495, 13.026448817958448 ], [ 80.231213434790121, 13.026351659804831 ], [ 80.231249492100005, 13.026142354883419 ], [ 80.231255125804282, 13.026109730104844 ], [ 80.231255923163772, 13.026102959135178 ], [ 80.231254689689436, 13.026096251766447 ], [ 80.231251530565501, 13.02609018790038 ], [ 80.231246720831109, 13.0260852909779 ], [ 80.23124067416326, 13.026081983581141 ], [ 80.231342476933918, 13.02609581041637 ], [ 80.231482780048495, 13.026149917556587 ], [ 80.231549107672564, 13.026164904114969 ], [ 80.231598140574235, 13.026178155781293 ], [ 80.231697380661956, 13.026205747602686 ], [ 80.231832637799016, 13.026243385944591 ], [ 80.231882918980006, 13.026257061708726 ], [ 80.231931290072353, 13.026270223645858 ], [ 80.231931638363235, 13.026270318714184 ], [ 80.231973567012716, 13.026281718265354 ], [ 80.23202969257747, 13.026297621172475 ], [ 80.232139004586287, 13.026328879344577 ], [ 80.232215768265107, 13.026350565096747 ], [ 80.232302824204666, 13.026376508424674 ], [ 80.23236917357562, 13.026397048417673 ], [ 80.23241617862378, 13.026413917948334 ], [ 80.232456812424047, 13.026428662733345 ], [ 80.232520949991141, 13.026452940417681 ], [ 80.232586658287374, 13.026478936188919 ], [ 80.232628241065456, 13.026495767026042 ], [ 80.232657046223338, 13.026508669277298 ], [ 80.232726135711417, 13.026539611935963 ], [ 80.23284874046044, 13.02659985882182 ], [ 80.232957758274225, 13.026677347358776 ], [ 80.233023299608192, 13.026712383591656 ], [ 80.233022657847059, 13.026712058894722 ], [ 80.2330206986653, 13.02671161185023 ], [ 80.233018706850714, 13.026711879928637 ], [ 80.233016945325573, 13.026712830452574 ], [ 80.23301564687813, 13.026714333906504 ], [ 80.233014983639208, 13.026716193684875 ], [ 80.232985080754545, 13.026905935846804 ], [ 80.232966774397866, 13.027024924577439 ], [ 80.232966721171863, 13.027026038390048 ], [ 80.232967197574638, 13.027027954887924 ], [ 80.232968341622126, 13.027029576784866 ], [ 80.232970001812362, 13.027030690242215 ], [ 80.233096309237283, 13.027085604179014 ], [ 80.233208276569982, 13.027138187117217 ], [ 80.233318676730832, 13.027192409203566 ], [ 80.23337739016327, 13.027220929412531 ], [ 80.233436069376978, 13.027252483991406 ], [ 80.233493357123521, 13.02728640705506 ], [ 80.233549152148157, 13.027322638628055 ], [ 80.233578507585975, 13.027343470406583 ], [ 80.233606970706916, 13.027366886450331 ], [ 80.23363365268078, 13.027392236727067 ], [ 80.233658415576116, 13.027419392433634 ], [ 80.233681134410574, 13.0274482121464 ], [ 80.233700257632435, 13.02747643892536 ], [ 80.233738316189772, 13.027531019332935 ], [ 80.233775186707277, 13.027588090902283 ], [ 80.233809994217808, 13.027646393310137 ], [ 80.233842324198221, 13.027705176657239 ], [ 80.233866819437196, 13.027750719297824 ], [ 80.233889292927643, 13.027798767819304 ], [ 80.233909024023802, 13.027847958372112 ], [ 80.233926186264625, 13.027898835796092 ], [ 80.233931711086811, 13.027921032067898 ], [ 80.233934652433703, 13.027944869054842 ], [ 80.233934683745758, 13.027968880993312 ], [ 80.233931807917216, 13.027992726105476 ], [ 80.233926562451785, 13.028014046930753 ], [ 80.233896838235694, 13.028113133174406 ], [ 80.233892472453277, 13.02813087959669 ], [ 80.233890462584753, 13.028141215857191 ], [ 80.233890290651374, 13.028143447810466 ], [ 80.233890288007743, 13.028144307693642 ], [ 80.233890284705282, 13.028145381869454 ], [ 80.233890554792254, 13.028146618704511 ], [ 80.233890756650567, 13.02814725133455 ], [ 80.233892491071217, 13.028150620072273 ], [ 80.233893840162466, 13.028153041881428 ], [ 80.233898384335788, 13.028158859350299 ], [ 80.233933442743862, 13.028183277717925 ], [ 80.23395804655307, 13.028197122251379 ], [ 80.233963213863206, 13.028200325719993 ], [ 80.233978126190379, 13.028207942437605 ], [ 80.233990854869973, 13.028214929709696 ], [ 80.234004541613416, 13.02822194603416 ], [ 80.234008519355385, 13.028223932554628 ], [ 80.233989637090332, 13.028274788448675 ], [ 80.233992737837667, 13.028270173550643 ], [ 80.233998400589726, 13.028265503834362 ], [ 80.234005184802015, 13.028262607849069 ], [ 80.234012529967174, 13.028261726263031 ], [ 80.2340198262972, 13.028262931418304 ], [ 80.234026470065245, 13.028266123877559 ], [ 80.234040736045415, 13.028275208001329 ], [ 80.234140927346616, 13.028351637412936 ], [ 80.234300800348237, 13.028482856580478 ], [ 80.234502968261097, 13.028655070263452 ], [ 80.234541968050422, 13.02868795443416 ], [ 80.234602162960087, 13.028738709343836 ], [ 80.234603424403872, 13.028740246586494 ], [ 80.234604042037802, 13.028742123714347 ], [ 80.234603934545973, 13.028744093641563 ], [ 80.234603115641605, 13.02874589509578 ], [ 80.234602278171124, 13.028746835699891 ], [ 80.234696072353884, 13.028746482432709 ], [ 80.234697219757507, 13.028745816714991 ], [ 80.234699209806934, 13.028745527822746 ], [ 80.234701173677436, 13.028745955881208 ], [ 80.234702852411218, 13.02874704316136 ], [ 80.234816143765542, 13.028854118973204 ], [ 80.234951704346855, 13.028988199207051 ], [ 80.235182021887454, 13.029216657863163 ], [ 80.235261934116281, 13.029293955642268 ], [ 80.235287136565077, 13.0293183330045 ], [ 80.235418143970648, 13.029440959683775 ], [ 80.235567934078361, 13.029590246789599 ], [ 80.235809462636666, 13.029815491032236 ], [ 80.235930039551505, 13.029933330644118 ], [ 80.23598295598967, 13.029985046662782 ], [ 80.236049593237126, 13.030050172572052 ], [ 80.236288179371471, 13.030275305559043 ], [ 80.236498631001666, 13.030475951184942 ], [ 80.236631862041648, 13.030604919562139 ], [ 80.236803138040813, 13.030777674442596 ], [ 80.23700974411328, 13.030977386987768 ], [ 80.237106950054155, 13.031075019014448 ], [ 80.237167996056513, 13.031036716090282 ], [ 80.237172355192655, 13.031040059983658 ], [ 80.237177600892636, 13.031041789782298 ], [ 80.237180533617035, 13.031041745971484 ], [ 80.237181350450513, 13.03104212361764 ], [ 80.237181754721561, 13.031042311072223 ], [ 80.237282774846747, 13.031089076904378 ], [ 80.237457515447758, 13.031149741037499 ], [ 80.237674221008973, 13.031218775689412 ], [ 80.237663296273411, 13.031251744938826 ], [ 80.237638119576303, 13.031416804393404 ], [ 80.237784275648693, 13.031462209087298 ], [ 80.238011661856717, 13.031527536033911 ], [ 80.238268831044905, 13.031599673040601 ], [ 80.238495471853852, 13.031663666405663 ], [ 80.238720992937459, 13.031725645353973 ], [ 80.238991463313781, 13.031802365234769 ], [ 80.23913728970129, 13.031856541647558 ], [ 80.239139265831582, 13.031856891948967 ], [ 80.239141241379755, 13.031856527028557 ], [ 80.239142922215791, 13.031855429747148 ], [ 80.239143034949834, 13.031855355933958 ], [ 80.239143242860337, 13.031855220010605 ], [ 80.239141075224239, 13.03185748498991 ], [ 80.239078840145396, 13.031922496688363 ], [ 80.239069759317132, 13.031936957977313 ], [ 80.238996841696434, 13.032040516767678 ], [ 80.238956123167753, 13.032098347190477 ], [ 80.238954783853885, 13.032100852404565 ], [ 80.238859606254792, 13.032278878754896 ], [ 80.238849969833097, 13.032294678422796 ], [ 80.238807558251139, 13.032364216815417 ], [ 80.238793704664573, 13.03238693205205 ], [ 80.238726329000343, 13.032493283819706 ], [ 80.238656701783739, 13.032599160576387 ], [ 80.238539815026826, 13.032777198947075 ], [ 80.23851293299947, 13.032818146087155 ], [ 80.238457132435798, 13.032903139384926 ], [ 80.23832222736047, 13.033118864964882 ], [ 80.238305672115246, 13.033145339113057 ], [ 80.238260351279393, 13.033218295750892 ], [ 80.23825264057001, 13.033230705792727 ], [ 80.238228464868044, 13.033269624601242 ], [ 80.238151524685208, 13.03339249939483 ], [ 80.23807419357658, 13.033515017661452 ], [ 80.238068996015755, 13.033523157330555 ], [ 80.237909013082643, 13.033773700960914 ], [ 80.237878000690344, 13.033822647057564 ], [ 80.23771827544644, 13.034074741095875 ], [ 80.237665325652699, 13.034161586230935 ], [ 80.237657500150647, 13.034174119788302 ], [ 80.237654388423906, 13.034176893750599 ], [ 80.23764333601558, 13.034186745910809 ], [ 80.237627263803176, 13.034196969391958 ], [ 80.23760971687598, 13.034204513918153 ], [ 80.237537979320905, 13.034231247884543 ], [ 80.237430607572563, 13.034269721931322 ], [ 80.237419508725992, 13.034289917956729 ], [ 80.237369407196653, 13.034381075382388 ], [ 80.237367212553522, 13.034379799430038 ], [ 80.237367068806506, 13.034380062128193 ], [ 80.237369407166469, 13.034381386426009 ], [ 80.237411534348993, 13.034404382084052 ], [ 80.237411563809644, 13.034404398446314 ], [ 80.237725905354722, 13.034575992450014 ], [ 80.237913540053782, 13.034698147170298 ], [ 80.237920729129328, 13.034702827643519 ], [ 80.237989810229806, 13.034748626772487 ], [ 80.237990096437628, 13.034748822920823 ], [ 80.238024058119549, 13.034771332423716 ], [ 80.238218829090442, 13.034900457582694 ], [ 80.238533606870789, 13.035099586552032 ], [ 80.238590078655818, 13.035134564111832 ], [ 80.238620217852841, 13.035153157984496 ], [ 80.238698750254699, 13.035201608691748 ], [ 80.238712363006854, 13.03521037329053 ], [ 80.238750626900796, 13.035235010263021 ], [ 80.238900777766602, 13.03533168601637 ], [ 80.23904654723421, 13.035424462579643 ], [ 80.239132209032846, 13.035467315423247 ], [ 80.239139391333509, 13.035470908095713 ], [ 80.239274259854071, 13.035548160913732 ], [ 80.23928241801147, 13.035552006910532 ], [ 80.239289486441976, 13.035557555927285 ], [ 80.239295098055024, 13.035564522064067 ], [ 80.239298967129528, 13.035572549132525 ], [ 80.239300895725279, 13.035581225141838 ], [ 80.239300783763653, 13.035590103124765 ], [ 80.239319249330265, 13.035734106432843 ], [ 80.239332929355442, 13.035905038953517 ], [ 80.239344338267173, 13.035985598439865 ], [ 80.239346737902409, 13.036002497696273 ], [ 80.239358857153363, 13.036088116442031 ], [ 80.239384303854337, 13.036295260433384 ], [ 80.239408354370141, 13.036482771107124 ], [ 80.239436421755713, 13.036713875871074 ], [ 80.239448054557855, 13.036800863041805 ], [ 80.239455710198655, 13.036857534369947 ], [ 80.239467717370445, 13.036946957641426 ], [ 80.239475736277569, 13.037006679892071 ], [ 80.239478156448627, 13.037028938383282 ], [ 80.2394966367401, 13.037198973550673 ], [ 80.239520700451081, 13.03741270596344 ], [ 80.239540454636867, 13.0375485327621 ], [ 80.239548739182339, 13.037605534156448 ], [ 80.239548790776567, 13.037605852585274 ], [ 80.239557642696099, 13.037666712949564 ], [ 80.239572839325888, 13.037824268687141 ], [ 80.239596137658509, 13.038016569372866 ], [ 80.239619370852836, 13.03823020891396 ], [ 80.239619930599119, 13.038235357246581 ], [ 80.239625739664547, 13.038288819576961 ], [ 80.239634663906941, 13.038326008272273 ], [ 80.239636413255937, 13.038332689094185 ], [ 80.239639796171772, 13.038345611862557 ], [ 80.239657900410762, 13.038414761031488 ], [ 80.239662832124139, 13.038433599986162 ], [ 80.239685998023305, 13.038699501908505 ], [ 80.239715731043717, 13.038959093724428 ], [ 80.23972740222996, 13.039053495406298 ], [ 80.239739341074142, 13.03914873606371 ], [ 80.239739352797955, 13.039148822901019 ], [ 80.239775885563034, 13.039403863951231 ], [ 80.239809558615988, 13.039732276705074 ], [ 80.239844692746573, 13.039973638562637 ], [ 80.239854885414118, 13.040043658747489 ], [ 80.239857024390787, 13.040058353704822 ], [ 80.239896296548849, 13.040328142992527 ], [ 80.239896214908029, 13.040330113902192 ], [ 80.239895419023313, 13.040331925385297 ], [ 80.239894014759898, 13.040333338140352 ], [ 80.239892188975915, 13.040334166451212 ], [ 80.23998321692217, 13.040325758738545 ], [ 80.239983553611523, 13.040325734409111 ], [ 80.239986666111918, 13.040325444254053 ], [ 80.239997044180797, 13.040324479189026 ], [ 80.240133981189672, 13.040311742123693 ], [ 80.240235842258187, 13.040295286202038 ], [ 80.240420552378325, 13.040265446093004 ], [ 80.240544943661476, 13.040246842652575 ], [ 80.240771037294479, 13.04021844286593 ], [ 80.240876844935158, 13.040204576123509 ], [ 80.241136970392873, 13.040171450064252 ], [ 80.241371869124109, 13.040139507583774 ], [ 80.241452128326287, 13.040128593015691 ], [ 80.241539876383641, 13.04011666143178 ], [ 80.241931478045018, 13.040080472772877 ], [ 80.242009857075672, 13.040072793169431 ], [ 80.242204151062012, 13.04005465843086 ], [ 80.242273444248127, 13.040048190007354 ], [ 80.243022089049106, 13.039954659123486 ], [ 80.243169456881247, 13.039936248147173 ], [ 80.243172670160163, 13.039936175255281 ], [ 80.243176507834278, 13.03993608791243 ], [ 80.243599846273227, 13.03992648243449 ], [ 80.243737854062289, 13.040028988371137 ], [ 80.243799959122455, 13.040075117426328 ], [ 80.243934071134646, 13.040174728404024 ], [ 80.243958136578144, 13.040193026380479 ], [ 80.243963979053163, 13.040199361969817 ], [ 80.243967481067031, 13.040207160952122 ], [ 80.243968278020461, 13.040215616622952 ], [ 80.24398689986873, 13.040320351760473 ], [ 80.244056535363669, 13.040712008436328 ], [ 80.24409799982881, 13.040971130565412 ], [ 80.244115155120213, 13.041066547272493 ], [ 80.244115282362458, 13.041067163402509 ], [ 80.244124257287012, 13.041113422130046 ], [ 80.244221528200342, 13.041094342636333 ], [ 80.24422550136164, 13.041105527402658 ], [ 80.244231290018689, 13.041115929006933 ], [ 80.244238737324267, 13.041125265785848 ], [ 80.244247640231819, 13.041133284875515 ], [ 80.24425775962068, 13.041139768570529 ], [ 80.244261043089551, 13.041141186892753 ], [ 80.24426881935193, 13.041144541554729 ], [ 80.244279023719855, 13.041146728749506 ], [ 80.244286558576491, 13.041146365549748 ], [ 80.244497513640155, 13.041107535450372 ], [ 80.244702562084228, 13.04106554586115 ], [ 80.244970256397195, 13.041030471417752 ], [ 80.24504549377761, 13.041020612576229 ], [ 80.245053779187614, 13.041019384416213 ], [ 80.245090496124092, 13.041013934251838 ], [ 80.245326348983397, 13.040978933888715 ], [ 80.245488468108221, 13.040951828243255 ], [ 80.245501143574202, 13.040945356756591 ], [ 80.245512861844318, 13.04093733539788 ], [ 80.245523426075522, 13.040927898319222 ], [ 80.245527535230167, 13.040923138838224 ], [ 80.245532659639792, 13.04091720414503 ], [ 80.245540408910202, 13.040905429650662 ], [ 80.245545715437572, 13.040894481710087 ], [ 80.245584158203329, 13.041016422622503 ], [ 80.245583718008291, 13.041016213374606 ], [ 80.245569153340099, 13.041011272904392 ], [ 80.245554085451502, 13.041008052560251 ], [ 80.245538736454094, 13.041006600911649 ], [ 80.245523333152732, 13.041006939415846 ], [ 80.245508105201196, 13.041009062412552 ], [ 80.245336017139579, 13.041037835292945 ], [ 80.245054077755427, 13.041079673582356 ], [ 80.244715453947293, 13.04112606163401 ], [ 80.244509777943549, 13.041168179604437 ], [ 80.244267900457075, 13.041212701816141 ], [ 80.244179448667197, 13.041254623589014 ], [ 80.244181991427695, 13.04126793808755 ], [ 80.244188345125508, 13.041301216638766 ], [ 80.244195449057116, 13.041340724588789 ], [ 80.244226345250553, 13.041512548119648 ], [ 80.244277322781997, 13.041793269428231 ], [ 80.244283239744661, 13.04183614204805 ], [ 80.244293296800294, 13.041909036165674 ], [ 80.244315403433475, 13.042069251262404 ], [ 80.2443182616027, 13.042081657961427 ], [ 80.244343971172142, 13.042243181997563 ], [ 80.244355952546726, 13.042305887803803 ], [ 80.244381821769977, 13.042487744089598 ], [ 80.244416250558757, 13.042675002612748 ], [ 80.244457933560227, 13.042883897142501 ], [ 80.24447685414566, 13.042997275437063 ], [ 80.244498536059794, 13.043143429004104 ], [ 80.244506255015892, 13.043195459164068 ], [ 80.244514396016442, 13.043250337873424 ], [ 80.244520648191198, 13.043292479065002 ], [ 80.244522906671492, 13.043315298560003 ], [ 80.244522898604757, 13.043315829300463 ], [ 80.244522775452054, 13.04332389167107 ], [ 80.244520519335424, 13.043332195568322 ], [ 80.24451627354432, 13.043339716954382 ], [ 80.2445102921466, 13.043346003567464 ], [ 80.244507400859661, 13.043347842406886 ], [ 80.244502932262023, 13.043350682111665 ], [ 80.244494631884621, 13.043353472659438 ], [ 80.244453047771046, 13.043360485437814 ], [ 80.244070858545811, 13.043424472134259 ], [ 80.243985089862051, 13.043438089393058 ], [ 80.243955957766289, 13.043442711581861 ], [ 80.243718945311301, 13.043480343811671 ], [ 80.243675363861954, 13.043487262921641 ], [ 80.243674757754164, 13.043487326253365 ], [ 80.243672763729592, 13.043487065445014 ], [ 80.243641933798642, 13.043492588644169 ], [ 80.243080944180434, 13.043577992733779 ], [ 80.243052791582471, 13.043582278608643 ], [ 80.24279926869076, 13.043620874414129 ], [ 80.24271160827297, 13.043634218973109 ], [ 80.242623516033817, 13.043647630053549 ], [ 80.242188903559011, 13.043713791590321 ], [ 80.242156250130989, 13.043718763137084 ], [ 80.242117337285492, 13.043724686561088 ], [ 80.242089595248785, 13.0437289102374 ], [ 80.241965793806031, 13.043748303613141 ], [ 80.241944756554673, 13.043751599304786 ], [ 80.241884931409743, 13.043760970654104 ], [ 80.241853006456978, 13.043765971420877 ], [ 80.241833273881213, 13.043769062958258 ], [ 80.241803068815798, 13.043773793879094 ], [ 80.241780217559395, 13.043777373588121 ], [ 80.241662977836512, 13.043795563557675 ], [ 80.241628995439598, 13.043800835858763 ], [ 80.241473056544052, 13.043825029279432 ], [ 80.241469246321671, 13.043825773121293 ], [ 80.241184130205681, 13.043881418332703 ], [ 80.241041421434289, 13.043890906427883 ], [ 80.241036053793579, 13.043891263222644 ], [ 80.241027127814775, 13.043890209889705 ], [ 80.241020374197504, 13.043886885252547 ], [ 80.241015025456136, 13.043881649644511 ], [ 80.241011624092593, 13.043875035419545 ], [ 80.241005823853683, 13.043905654415514 ], [ 80.240993941232745, 13.043968381695972 ], [ 80.240993050766903, 13.043973080909335 ], [ 80.240986721933496, 13.044033986237661 ], [ 80.24097936282493, 13.044045338556364 ], [ 80.240596229306291, 13.04463644860154 ], [ 80.240562940788237, 13.044685687549245 ], [ 80.240482335197697, 13.044806885618732 ], [ 80.240458051931824, 13.044849631709999 ], [ 80.240436900847016, 13.044886864154325 ], [ 80.240419920603586, 13.044920631292971 ], [ 80.240418007397139, 13.044926824852366 ], [ 80.240231762691295, 13.045205625391368 ], [ 80.240164170901409, 13.045306808258799 ], [ 80.240162397810835, 13.045305771366397 ], [ 80.240058339731277, 13.045244908269204 ], [ 80.239966300111831, 13.045368665822393 ], [ 80.239809844556305, 13.045600571406922 ], [ 80.239733001411338, 13.045709889159847 ], [ 80.239732977327989, 13.04570992344858 ], [ 80.239714613849387, 13.045736046008123 ], [ 80.239687152440908, 13.045775114353484 ], [ 80.239546178765366, 13.045977875943924 ], [ 80.239471042238819, 13.046089685157366 ], [ 80.239465795554892, 13.046097523593692 ], [ 80.239455322569398, 13.046113169783164 ], [ 80.239437991454068, 13.04613553389501 ], [ 80.23941912667641, 13.046156674642704 ], [ 80.239412249201393, 13.046163385274403 ], [ 80.239410542554921, 13.046165049406721 ], [ 80.239398820781602, 13.046176487411044 ], [ 80.239377169042967, 13.046194880251571 ], [ 80.239354276867601, 13.046211764862459 ], [ 80.239330250562801, 13.046227060178076 ], [ 80.239305209319824, 13.046240694212653 ], [ 80.23931348135234, 13.046246922211644 ], [ 80.239421984892005, 13.046328609662138 ], [ 80.23938777241905, 13.046336313259843 ], [ 80.239142533597047, 13.04639153430238 ], [ 80.239098792192806, 13.046400199044301 ], [ 80.238717089279021, 13.046475806899773 ], [ 80.238675833916261, 13.046483977954914 ], [ 80.238325761201665, 13.046553319934768 ], [ 80.238226649271127, 13.046584301724959 ], [ 80.237896138125294, 13.046651893185748 ], [ 80.2369783925527, 13.046842646908503 ], [ 80.236861734330148, 13.046867947820171 ], [ 80.2365919562926, 13.046928803134021 ], [ 80.236480571800882, 13.046950989096581 ], [ 80.236323684010287, 13.046983404662665 ], [ 80.236292335977609, 13.046989882064464 ], [ 80.236180278910751, 13.047013035208368 ], [ 80.236061033929516, 13.047036431114737 ], [ 80.236032011133375, 13.047041629580217 ], [ 80.236031675259866, 13.047041685553278 ], [ 80.235980501222201, 13.047050639767276 ], [ 80.235835345706832, 13.047076034219433 ], [ 80.235785492230022, 13.047082918971823 ], [ 80.235784891785698, 13.047080534643515 ], [ 80.235682142543837, 13.047095125187536 ], [ 80.235651901682687, 13.047098140901486 ], [ 80.235563655051649, 13.047103985439232 ], [ 80.235202767632629, 13.047142930083595 ], [ 80.235004590295588, 13.04716269159254 ], [ 80.234470247181477, 13.047254734082474 ], [ 80.233469836589748, 13.047389117157413 ], [ 80.23336500514435, 13.047399664273824 ], [ 80.233152242971826, 13.04742869255055 ], [ 80.233067396696214, 13.047443175035577 ], [ 80.23221992923547, 13.047557009091832 ], [ 80.231267486839286, 13.047675041425569 ], [ 80.2311783085879, 13.04768324524974 ], [ 80.230973254077654, 13.047724862003919 ], [ 80.230778047433219, 13.047742898430547 ], [ 80.230402595395461, 13.047773167894814 ], [ 80.230384114282842, 13.047791344221121 ], [ 80.230212008839928, 13.047864950172725 ], [ 80.230212920175333, 13.047870865411298 ], [ 80.230229836714429, 13.047980709353681 ], [ 80.230255695847603, 13.048147971830149 ], [ 80.230297789935832, 13.048433460810235 ], [ 80.230319230842824, 13.048575003889836 ], [ 80.230365688615365, 13.048874095877673 ], [ 80.230393772977905, 13.049067405757885 ], [ 80.230432547835719, 13.049322865585046 ], [ 80.230504918629649, 13.049808633214646 ], [ 80.230550189425188, 13.050111130449213 ], [ 80.230583710723948, 13.050335470340938 ], [ 80.23063115390724, 13.050650994418332 ], [ 80.230652353668148, 13.050793374033759 ], [ 80.230704524157261, 13.051141828444317 ], [ 80.230743376662616, 13.051402171099356 ], [ 80.230768074614289, 13.051557404280597 ], [ 80.230789363798252, 13.051698643959877 ], [ 80.230817556611299, 13.051885684425287 ], [ 80.230841445300584, 13.052048238263678 ], [ 80.230884711733495, 13.052342682143403 ], [ 80.230920222890646, 13.052580138718451 ], [ 80.230961319364354, 13.052860561120811 ], [ 80.230989169963749, 13.053070055310346 ], [ 80.231067364748412, 13.053613134343557 ], [ 80.231124149569396, 13.053979444837074 ], [ 80.231136647015632, 13.054064886746513 ], [ 80.23113667771598, 13.054065099323401 ], [ 80.231149653868556, 13.054153811317155 ], [ 80.231016286985124, 13.054150296389714 ], [ 80.230939495543609, 13.054148320329766 ], [ 80.23082179306104, 13.054145291302945 ], [ 80.230720480725509, 13.054144265824979 ], [ 80.230697151397948, 13.054144029181469 ], [ 80.230696759439851, 13.054144025303421 ], [ 80.230696480918667, 13.054144022666865 ], [ 80.230698721422897, 13.054150789084938 ], [ 80.230700009738726, 13.054156191859393 ], [ 80.230701552316148, 13.054161986001789 ], [ 80.230702874642361, 13.054167127565234 ], [ 80.230705007780685, 13.054173719154541 ], [ 80.230708379600472, 13.054178205845988 ], [ 80.230709799601527, 13.05418009621739 ], [ 80.230714081337467, 13.054180232823331 ], [ 80.230785637889582, 13.054182512567282 ], [ 80.230785609437589, 13.054202146156443 ], [ 80.2307855953119, 13.054212079592363 ], [ 80.230737358123477, 13.05421266043229 ], [ 80.230725146947293, 13.054214200134922 ], [ 80.230715073836151, 13.054221633402879 ], [ 80.230643314308949, 13.054233086841139 ], [ 80.230637317918948, 13.054224347152381 ], [ 80.230629544363836, 13.054217074206882 ], [ 80.230617966058517, 13.05421080354844 ], [ 80.230615499392414, 13.05420946885603 ], [ 80.23061268592329, 13.054209036422286 ], [ 80.230599494338364, 13.054207006157297 ], [ 80.230501493204486, 13.054201436917324 ], [ 80.230438906840405, 13.054203904574031 ], [ 80.230378229714304, 13.054205143669904 ], [ 80.230090750797928, 13.054211008317992 ], [ 80.229852080374854, 13.054205735406853 ], [ 80.229846946380079, 13.054205621567126 ], [ 80.229412102234193, 13.054191898632613 ], [ 80.229209675994596, 13.054187136349066 ], [ 80.229103347633128, 13.054183652161308 ], [ 80.228958186300147, 13.054173713804431 ], [ 80.228906269628624, 13.054170298555066 ], [ 80.228898540632613, 13.054169790871684 ], [ 80.228846896897579, 13.054166395412006 ], [ 80.228575937924177, 13.054149987591456 ], [ 80.228501239813625, 13.054142760067446 ], [ 80.228465861549324, 13.05413933617792 ], [ 80.228327149549386, 13.054125913855202 ], [ 80.22812615904526, 13.054104337006311 ], [ 80.227983258590925, 13.054086891002047 ], [ 80.227939487084399, 13.054081547710537 ], [ 80.227815652220812, 13.054066428938182 ], [ 80.227597429649308, 13.054040188864793 ], [ 80.227311521577718, 13.054010762636167 ], [ 80.227054357397705, 13.053986680758586 ], [ 80.226967378393908, 13.053978535422493 ], [ 80.226841755999061, 13.053966771735993 ], [ 80.226741333409592, 13.053959062660546 ], [ 80.226644892009347, 13.053946707041838 ], [ 80.226358572449612, 13.053907931894067 ], [ 80.226020877588141, 13.053860487962632 ], [ 80.225699747607578, 13.053806343368315 ], [ 80.225693417276986, 13.053805093816408 ], [ 80.225693219101174, 13.053805057055584 ], [ 80.22563310584431, 13.053793193160772 ], [ 80.225415947327221, 13.053750340809339 ], [ 80.225242199888612, 13.053714528119659 ], [ 80.22509411505871, 13.053684004850606 ], [ 80.224890572460211, 13.053642010237697 ], [ 80.224630488559399, 13.053586743369886 ], [ 80.224568887776201, 13.053573698420029 ], [ 80.224525918567323, 13.053564600041552 ], [ 80.224409473795717, 13.053539941778617 ], [ 80.224200241386526, 13.053487179627639 ], [ 80.224125671087535, 13.053468377569626 ], [ 80.224125477568776, 13.053468326354514 ], [ 80.223994901716381, 13.053435399186142 ], [ 80.223749907769616, 13.053384238346096 ], [ 80.223598632921508, 13.053350260598958 ], [ 80.223429379859311, 13.053313718767361 ], [ 80.223248610234975, 13.053272199936291 ], [ 80.223080816573813, 13.05323262869625 ], [ 80.222920192731195, 13.053192770553625 ], [ 80.222756654556008, 13.053147893427315 ], [ 80.222727966086168, 13.053139666800043 ], [ 80.222651129931435, 13.053117637690811 ], [ 80.222650973287102, 13.053117592010555 ], [ 80.222509149052541, 13.053076926595391 ], [ 80.219515608122094, 13.052245676965686 ], [ 80.21938858431821, 13.052216299970414 ], [ 80.219339342879437, 13.052202014371966 ], [ 80.219229868236255, 13.052170254351378 ], [ 80.219151421058399, 13.052147495114559 ], [ 80.219082838763342, 13.052127597555973 ], [ 80.218980809435209, 13.052097389795533 ], [ 80.218980767045139, 13.05209737881728 ], [ 80.218960645164387, 13.052091420941675 ], [ 80.218777642787344, 13.052037239066392 ], [ 80.218777598558447, 13.052037226274177 ], [ 80.218472923644683, 13.051945189924885 ], [ 80.218472880343768, 13.051945175327026 ], [ 80.218220747187104, 13.051847952695375 ], [ 80.218220704817028, 13.051847935387714 ], [ 80.218177969667792, 13.051831457578356 ], [ 80.218177926375446, 13.05183144026792 ], [ 80.217954195432625, 13.051723457416587 ], [ 80.217954153999059, 13.051723435590766 ], [ 80.217947055307533, 13.051720786555322 ], [ 80.217890030885769, 13.051699504040101 ], [ 80.217889805178885, 13.05169942469322 ], [ 80.217891693014067, 13.051700614890478 ], [ 80.217892143702102, 13.051701590971552 ], [ 80.217892841683266, 13.051702234153208 ], [ 80.217892936071024, 13.051703306810102 ], [ 80.217893323549461, 13.051704147071334 ], [ 80.217894023389036, 13.051715637849089 ], [ 80.217893929385454, 13.051717669284216 ], [ 80.217893796809264, 13.05172052884255 ], [ 80.217893712685083, 13.051722351439205 ], [ 80.217893329708758, 13.05173063810482 ], [ 80.21789261300782, 13.051735948066169 ], [ 80.217892023819601, 13.051743234976438 ], [ 80.217890315558037, 13.051790230613312 ], [ 80.217886645963802, 13.051837118148203 ], [ 80.217885105207401, 13.051849908711022 ], [ 80.217881021736162, 13.051883819840727 ], [ 80.217873451424651, 13.051930256147655 ], [ 80.217872333781884, 13.052015260370847 ], [ 80.217872308383619, 13.052017178085098 ], [ 80.217873589994014, 13.052104100117106 ], [ 80.217879168922039, 13.052192932132174 ], [ 80.217885006164366, 13.052263263353264 ], [ 80.217886906219704, 13.052280512035477 ], [ 80.21788803805066, 13.052293352268634 ], [ 80.217902615033211, 13.05253986004494 ], [ 80.217909690677587, 13.052590904978395 ], [ 80.217918728019328, 13.052641651128221 ], [ 80.217929713450275, 13.052692027022033 ], [ 80.217940310458346, 13.052728372300541 ], [ 80.217953389019883, 13.052763930294324 ], [ 80.21796889154767, 13.052798537170311 ], [ 80.217982839233485, 13.052835748843997 ], [ 80.217994166843937, 13.052873807059752 ], [ 80.218002822371602, 13.052912532630716 ], [ 80.218004741046357, 13.052925622989822 ], [ 80.218004717438617, 13.052926678110385 ], [ 80.218004488073632, 13.05293656113839 ], [ 80.218087948381864, 13.053019021584188 ], [ 80.21808452057526, 13.053018635081681 ], [ 80.218087938977916, 13.053022012622462 ], [ 80.218076877445981, 13.053020761248352 ], [ 80.218065793851736, 13.053021833580203 ], [ 80.21802436085818, 13.053029086570339 ], [ 80.21798261412215, 13.053034339437296 ], [ 80.217940655150883, 13.053037574403932 ], [ 80.217898583564491, 13.053038787250371 ], [ 80.21788027657449, 13.053038434434287 ], [ 80.217833979294298, 13.053036072885337 ], [ 80.217823209760127, 13.053035524035961 ], [ 80.217821408552311, 13.053036404698915 ], [ 80.217820049157723, 13.053037858146686 ], [ 80.217819308335123, 13.053039692320757 ], [ 80.217819233949797, 13.053040470605049 ], [ 80.217820134626152, 13.053161408078317 ], [ 80.21782011216537, 13.053162684729251 ], [ 80.217817830006624, 13.053294196144567 ], [ 80.217816701821491, 13.053320956811172 ], [ 80.217815747105405, 13.053336255562733 ], [ 80.217815821204866, 13.053337914074486 ], [ 80.217816428459017, 13.053351570110529 ], [ 80.217818367652697, 13.05336487844251 ], [ 80.217821043236654, 13.053374829928115 ], [ 80.217822643678488, 13.053385000594659 ], [ 80.217823111913049, 13.053392127945671 ], [ 80.217823031205967, 13.053394036450571 ], [ 80.217821672819312, 13.05342625141013 ], [ 80.217821684369213, 13.05342873706828 ], [ 80.217822491450377, 13.053597902940485 ], [ 80.217822472746761, 13.05359915790212 ], [ 80.217822481123378, 13.053600893071463 ], [ 80.217820049182805, 13.053773569168035 ], [ 80.217814382941199, 13.053945613400252 ], [ 80.217810480289131, 13.054182392239589 ], [ 80.217810432441368, 13.054185289125247 ], [ 80.217813627751454, 13.054193036858409 ], [ 80.217818568201679, 13.05419984589135 ], [ 80.217824983816087, 13.05420534288079 ], [ 80.217832522308868, 13.054209226569959 ], [ 80.217840771173499, 13.054211282322406 ], [ 80.217847920380478, 13.054211380791818 ], [ 80.217828742179506, 13.054253114554804 ], [ 80.217830100657224, 13.054253127703696 ], [ 80.218261904435337, 13.0542574129949 ], [ 80.218276767299542, 13.054257900053106 ], [ 80.218278732269781, 13.054258323726851 ], [ 80.218280412944253, 13.05425940841001 ], [ 80.218281588429676, 13.054261009668652 ], [ 80.21828210075472, 13.054262917252981 ], [ 80.218282107774613, 13.054263618022858 ], [ 80.218281999279981, 13.054265565324222 ], [ 80.218282091355036, 13.054265907386942 ], [ 80.218282098374914, 13.054266608156802 ], [ 80.218268350193881, 13.054513258172451 ], [ 80.218267380026489, 13.054617382872628 ], [ 80.218265310593978, 13.054643732906202 ], [ 80.217676354670246, 13.05460315467657 ], [ 80.217665187253886, 13.054688596858986 ], [ 80.218259741548934, 13.054732721101454 ], [ 80.218259669445402, 13.054735707429046 ], [ 80.218259732148638, 13.05473571123529 ], [ 80.218259269920168, 13.05475483259062 ], [ 80.218259267353616, 13.05475506224759 ], [ 80.218259234875745, 13.054778007824309 ], [ 80.218259231009043, 13.054780997974856 ], [ 80.218259228171618, 13.054783073990604 ], [ 80.218259224304902, 13.054786064141148 ], [ 80.218259173216012, 13.054821970346532 ], [ 80.218257914561988, 13.05489170775917 ], [ 80.218257951822196, 13.054892177147282 ], [ 80.218272924040946, 13.0550864246967 ], [ 80.218286672994154, 13.055281070912661 ], [ 80.218295649545965, 13.055388163381879 ], [ 80.218298132438633, 13.055417467601099 ], [ 80.218302901077692, 13.05547424535958 ], [ 80.218303464556271, 13.055498020071493 ], [ 80.218306945458096, 13.055522013371275 ], [ 80.218327523540125, 13.055708288413305 ], [ 80.218338603245158, 13.055812052575176 ], [ 80.218369270289273, 13.056105988558089 ], [ 80.218368986920808, 13.05610635389953 ], [ 80.218364699332056, 13.056111888160574 ], [ 80.218129369117577, 13.056145119443027 ], [ 80.217989301733255, 13.05616551326046 ], [ 80.217701572129087, 13.056216770839502 ], [ 80.217701766658379, 13.056219725421656 ], [ 80.217707800785675, 13.05631130843755 ], [ 80.217711280401829, 13.056367351711817 ], [ 80.217718254575686, 13.056479673394726 ], [ 80.21772808159848, 13.056648210059437 ], [ 80.217728902122545, 13.056665017844946 ], [ 80.217728802615085, 13.056666158633757 ], [ 80.217728892714405, 13.056668007977954 ], [ 80.217727190703243, 13.05668747730841 ], [ 80.217722865098395, 13.056706551710686 ], [ 80.217715991665187, 13.056724894150321 ], [ 80.217706693171309, 13.056742178585184 ], [ 80.21769513474969, 13.056758098089299 ], [ 80.217681520192457, 13.056772370266749 ], [ 80.217666091936692, 13.056784741772594 ], [ 80.217649123669105, 13.056794993715751 ], [ 80.217630915706025, 13.056802944357575 ], [ 80.217611792218179, 13.05680845181603 ], [ 80.217594574127389, 13.056811045401851 ], [ 80.217583451379326, 13.056812489207838 ], [ 80.217581537552846, 13.056813099173462 ], [ 80.217579973132146, 13.05681434041742 ], [ 80.217578964312324, 13.056816046287954 ], [ 80.217578883445341, 13.056816538827732 ], [ 80.217578646449255, 13.056817993859212 ], [ 80.21757875321579, 13.056818942679053 ], [ 80.217611415046761, 13.056977249667417 ], [ 80.217629715660166, 13.057058852243156 ], [ 80.217645699867333, 13.057140920703828 ], [ 80.217659354950399, 13.057223392622044 ], [ 80.217670670038814, 13.05730620467177 ], [ 80.217697028761521, 13.057452872821273 ], [ 80.217716080246163, 13.057568452657392 ], [ 80.217721263277312, 13.057599895316173 ], [ 80.217743367223179, 13.057747241395111 ], [ 80.21776333700582, 13.057894879400854 ], [ 80.217781168109553, 13.058042777673334 ], [ 80.217893734865413, 13.058678979872916 ], [ 80.217772215593925, 13.058670252225898 ], [ 80.217650021665534, 13.058663432133715 ], [ 80.217527731229666, 13.058658560224574 ], [ 80.217336945990013, 13.058646507873386 ], [ 80.217145988098466, 13.058637450445616 ], [ 80.216954906432306, 13.058631387184287 ], [ 80.216913836887585, 13.05862660173538 ], [ 80.216873129928473, 13.058619435738159 ], [ 80.216832926583422, 13.058609915841409 ], [ 80.216793371550111, 13.058598075034482 ], [ 80.216754601199838, 13.0585839544193 ], [ 80.216716754639364, 13.058567605052225 ], [ 80.216678825556286, 13.058549347586474 ], [ 80.216639994849146, 13.058533019641267 ], [ 80.216600359223506, 13.058518664006062 ], [ 80.216560025541355, 13.058506319884359 ], [ 80.216519099765165, 13.058496019243476 ], [ 80.216477688796672, 13.058487788628469 ], [ 80.216435902321521, 13.058481649167726 ], [ 80.216323306011901, 13.0584800810436 ], [ 80.216210698814763, 13.058480504770579 ], [ 80.216097824308775, 13.058482926804878 ], [ 80.215985673110154, 13.058487323927261 ], [ 80.215873182641758, 13.058493724563807 ], [ 80.215760901730093, 13.05850210867745 ], [ 80.215751930707526, 13.058502938649086 ], [ 80.215648794400423, 13.058512477063411 ], [ 80.215582144428581, 13.058516068919886 ], [ 80.215515396569032, 13.058517654062353 ], [ 80.215448625540091, 13.058517229100733 ], [ 80.215381902350913, 13.05851479696306 ], [ 80.21531529986089, 13.058510358774686 ], [ 80.215241372959937, 13.05850811270974 ], [ 80.21523857101819, 13.05850811505853 ], [ 80.215167424842292, 13.05850820570125 ], [ 80.215093496226388, 13.058510593567311 ], [ 80.215019681126307, 13.058515294676994 ], [ 80.214946057026381, 13.058522304744493 ], [ 80.214872382567364, 13.058525985407186 ], [ 80.214798634808517, 13.058527468642469 ], [ 80.214727255978715, 13.058526758248584 ], [ 80.214726986679523, 13.058526754718372 ], [ 80.214288768911132, 13.058512770614385 ], [ 80.214220001239653, 13.058509394320982 ], [ 80.214151162939928, 13.058507938295886 ], [ 80.214150386351733, 13.058507943169863 ], [ 80.21408503755427, 13.058508384775548 ], [ 80.214082311189287, 13.058508403616894 ], [ 80.214013500401038, 13.058510790449274 ], [ 80.213976841020511, 13.058511075982622 ], [ 80.213976066422703, 13.058511034748394 ], [ 80.21394022199884, 13.058509098444132 ], [ 80.213901403148796, 13.05850483655823 ], [ 80.21386532496318, 13.058498367729555 ], [ 80.213829745352768, 13.058489688761069 ], [ 80.213648874855025, 13.058431401832221 ], [ 80.213468643147493, 13.058371217019261 ], [ 80.213417182812691, 13.05835342790434 ], [ 80.213289076951341, 13.058309143446863 ], [ 80.213121152171738, 13.058260725897332 ], [ 80.213083934558199, 13.058254109729759 ], [ 80.213045261097719, 13.058249389735904 ], [ 80.213006378971841, 13.05824678129048 ], [ 80.2129674071344, 13.058246291084625 ], [ 80.212928468239781, 13.058247922204091 ], [ 80.212890063228187, 13.058251631867924 ], [ 80.212861124172349, 13.058255490591135 ], [ 80.212831408243133, 13.058262356996826 ], [ 80.212802255868425, 13.058271251405071 ], [ 80.212773811998147, 13.058282126335094 ], [ 80.21274621697944, 13.058294931579592 ], [ 80.212719606588166, 13.058309604258762 ], [ 80.212672824722858, 13.058330382112031 ], [ 80.212625129061735, 13.058349056740212 ], [ 80.212576616571909, 13.058365588653665 ], [ 80.212561922836429, 13.058369873183198 ], [ 80.212513924905792, 13.058383225709104 ], [ 80.212477551026609, 13.058392092667013 ], [ 80.212385681708909, 13.058414944829456 ], [ 80.212293358865168, 13.058435969112548 ], [ 80.212200629571257, 13.058455153904816 ], [ 80.212103108353944, 13.058477143331041 ], [ 80.212006040552922, 13.058500984978476 ], [ 80.211909466772525, 13.058526670833501 ], [ 80.211850615052555, 13.058538910557369 ], [ 80.211791343922741, 13.058549038609305 ], [ 80.211731736441934, 13.058557038966812 ], [ 80.211717161663898, 13.058554341652354 ], [ 80.211707582562909, 13.058551187575731 ], [ 80.211448533276624, 13.058759249569283 ], [ 80.211435018903899, 13.05877435897605 ], [ 80.211391820299582, 13.058822652976115 ], [ 80.211361646427576, 13.058856385820908 ], [ 80.211290972384674, 13.05895183362718 ], [ 80.211211487775003, 13.059062625771727 ], [ 80.211126414555054, 13.059190670871434 ], [ 80.211011511236691, 13.059360308098427 ], [ 80.210938548789173, 13.059479257749228 ], [ 80.210889343126908, 13.059567323109098 ], [ 80.210871984008946, 13.059599447552223 ], [ 80.210850697870157, 13.059639664266095 ], [ 80.210827318082437, 13.05968308355931 ], [ 80.210806182308829, 13.059716023806317 ], [ 80.210788644340127, 13.059741727043511 ], [ 80.210775886658141, 13.05975987408454 ], [ 80.210670381621611, 13.05991800776766 ], [ 80.210338638875541, 13.05989731443886 ], [ 80.210251746432363, 13.059898414433587 ], [ 80.21001967262886, 13.05989815773226 ], [ 80.209832384985987, 13.059896679571207 ], [ 80.20959691417157, 13.059893876763379 ], [ 80.209337407022673, 13.059883339961905 ], [ 80.209318934696327, 13.059881470586063 ], [ 80.209295310172266, 13.059878224651026 ], [ 80.209294826176773, 13.059878158069578 ], [ 80.209274828964453, 13.059996707625359 ], [ 80.209268295189787, 13.060070699188595 ], [ 80.209268378900177, 13.060072217578982 ], [ 80.209281845912329, 13.060139319789526 ], [ 80.209312082159357, 13.060236008625999 ], [ 80.209320281017284, 13.060262227163593 ], [ 80.208974887603659, 13.060492326083208 ], [ 80.208650077730553, 13.060594320438616 ], [ 80.20846399242626, 13.060628716846233 ], [ 80.20802080842779, 13.060733584132469 ], [ 80.207969241259008, 13.060757704588962 ], [ 80.20787438212821, 13.060802078282375 ], [ 80.207839228784707, 13.060833260072483 ], [ 80.207777450278599, 13.060887046401835 ], [ 80.207715019818082, 13.06091127729022 ], [ 80.207649850890391, 13.060921664771922 ], [ 80.207567741208734, 13.060934041080376 ], [ 80.20749242728003, 13.060936221754549 ], [ 80.207489101222393, 13.060936005406228 ], [ 80.207389486386305, 13.060929529915542 ], [ 80.207387036250836, 13.060929975404603 ], [ 80.207358666366574, 13.06093513093734 ], [ 80.207233510138536, 13.060957878252484 ], [ 80.20716957437827, 13.060969977405152 ], [ 80.207169619039988, 13.060970143912874 ], [ 80.207178139808647, 13.060968531645667 ], [ 80.20719296145451, 13.061024261577334 ], [ 80.207206180636376, 13.0610968958374 ], [ 80.207219542245767, 13.061158421665176 ], [ 80.207240293057936, 13.061274402333872 ], [ 80.20724247118126, 13.061288394105302 ], [ 80.207247035258391, 13.061301822647877 ], [ 80.20725385279124, 13.061314300562326 ], [ 80.207262726634369, 13.06132546737685 ], [ 80.207268437568885, 13.061329796962458 ], [ 80.20727544398396, 13.061335106139445 ], [ 80.207289406748501, 13.06134291502363 ], [ 80.207304340565358, 13.061348742188583 ], [ 80.207314734852716, 13.061352817585572 ], [ 80.207323863841708, 13.061359173989654 ], [ 80.207331212191747, 13.061367450858112 ], [ 80.20738147716871, 13.061454407095786 ], [ 80.207426530792006, 13.061526148835959 ], [ 80.207429948071407, 13.061539119957896 ], [ 80.208733594774756, 13.062793069223 ], [ 80.208957237767947, 13.063899749830954 ], [ 80.208954310564749, 13.063983407322127 ], [ 80.20912572557306, 13.06471042435831 ], [ 80.209114586027226, 13.066152110112633 ], [ 80.208838310838217, 13.066884789041056 ], [ 80.208618074878473, 13.067468850304444 ], [ 80.208799734741078, 13.069379931553513 ], [ 80.208812054221866, 13.069474947081696 ], [ 80.2088337044501, 13.06967465465792 ], [ 80.208837909979337, 13.069673887217432 ], [ 80.208859930876315, 13.069854817730025 ], [ 80.208866123064482, 13.069903292169593 ], [ 80.208884382863573, 13.070046239752434 ], [ 80.208884992074488, 13.070048119617708 ], [ 80.208886246150627, 13.070049662386225 ], [ 80.208887980646111, 13.070050663207891 ], [ 80.208889963551826, 13.070050990265045 ], [ 80.208891135372454, 13.070050848277814 ], [ 80.208897530925839, 13.070049379560915 ], [ 80.208929349005089, 13.070042074365292 ], [ 80.209040302235977, 13.070016668099989 ], [ 80.209080661993426, 13.070006201761924 ], [ 80.209081526260078, 13.07000590059949 ], [ 80.209085573276909, 13.070004804449544 ], [ 80.209115979695625, 13.069997069036997 ], [ 80.20911617120781, 13.069997753189936 ], [ 80.209321817451055, 13.070733001626945 ], [ 80.209502464212946, 13.071240364856036 ], [ 80.209512438175807, 13.071274052896335 ], [ 80.209400778850451, 13.071305823568087 ], [ 80.209398980229736, 13.07130670959546 ], [ 80.20939762343771, 13.07130816661361 ], [ 80.209396888020152, 13.071310002579642 ], [ 80.209396819229426, 13.071311619963158 ], [ 80.209416987214055, 13.071493548416244 ], [ 80.209439737936904, 13.071677166559958 ], [ 80.209475164552899, 13.071819323923432 ], [ 80.209490313904226, 13.07187442090664 ], [ 80.209502593289329, 13.071923898617086 ], [ 80.209502533869724, 13.071921703064664 ], [ 80.209503242572538, 13.071919857070668 ], [ 80.209504579133707, 13.071918381906503 ], [ 80.209506363998486, 13.071917472327653 ], [ 80.209509675604579, 13.071916480617306 ], [ 80.209580623542877, 13.071895236729059 ], [ 80.20966910061901, 13.071869067067265 ], [ 80.209692746362848, 13.071861366076577 ], [ 80.209715782262734, 13.071856327863303 ], [ 80.209719959259616, 13.071855842430113 ], [ 80.209740197450941, 13.07185348742858 ], [ 80.20982912868439, 13.071847774566072 ], [ 80.209983965299543, 13.071837938442084 ], [ 80.210131801895031, 13.071828210126144 ], [ 80.210133799887856, 13.071828438664093 ], [ 80.210135583563599, 13.071829351922169 ], [ 80.210136915339433, 13.071830829821224 ], [ 80.21013762058999, 13.07183267742681 ], [ 80.210137692674223, 13.071833212927059 ], [ 80.210149944698827, 13.071991375858675 ], [ 80.210156641986956, 13.072094563392877 ], [ 80.21016518101527, 13.072281033267414 ], [ 80.210171776927723, 13.072367668406123 ], [ 80.210174944122116, 13.072409759947393 ], [ 80.210175361818386, 13.07241530932785 ], [ 80.210174624241205, 13.072413475186359 ], [ 80.210173268406677, 13.072412020722766 ], [ 80.210171475405559, 13.072411138178659 ], [ 80.21016948098233, 13.072410945819248 ], [ 80.210145861695338, 13.072412926128386 ], [ 80.210063117692243, 13.072422013450016 ], [ 80.210058512655422, 13.07242251837598 ], [ 80.209914043085377, 13.072440396434706 ], [ 80.209908972795873, 13.072441023809228 ], [ 80.209877350568078, 13.072448429168803 ], [ 80.209845749955534, 13.072458316589108 ], [ 80.209814987870487, 13.072470486030019 ], [ 80.209783348843871, 13.072485776757841 ], [ 80.209770316236842, 13.072491526421686 ], [ 80.209745078615384, 13.072502657560992 ], [ 80.209705691721524, 13.072517704864426 ], [ 80.209665569609356, 13.072530756176223 ], [ 80.209625160025126, 13.072541683566737 ], [ 80.209413821550143, 13.072591592925598 ], [ 80.209136621202319, 13.072659962980063 ], [ 80.209081214573914, 13.072673962926215 ], [ 80.208945988788884, 13.072708277944027 ], [ 80.208825365687716, 13.072731846111276 ], [ 80.208693982322274, 13.072754300761718 ], [ 80.208685701590611, 13.072755715773919 ], [ 80.20863412654748, 13.072761261437643 ], [ 80.208550614433236, 13.072770239218432 ], [ 80.20854742294101, 13.072770582076064 ], [ 80.208454495612486, 13.072789651568561 ], [ 80.208243631291595, 13.072842308322407 ], [ 80.208202087578627, 13.072854248316522 ], [ 80.208106261102671, 13.072882621938158 ], [ 80.208026884014728, 13.072905420082691 ], [ 80.207879004100789, 13.072947892207884 ], [ 80.207854164658926, 13.072954156224807 ], [ 80.207768924811532, 13.072969813116144 ], [ 80.207722100054383, 13.072980772972915 ], [ 80.207675535136573, 13.072993548324018 ], [ 80.207629379559691, 13.073008113406555 ], [ 80.207527704281205, 13.073043736736201 ], [ 80.20742564698871, 13.073081424922824 ], [ 80.207195118012521, 13.07316087305702 ], [ 80.20715800440523, 13.07317247383736 ], [ 80.207125471425314, 13.073182264016841 ], [ 80.207064700361258, 13.073197371865687 ], [ 80.207008029626579, 13.073208569915604 ], [ 80.207002742155723, 13.073209614300223 ], [ 80.206881208430715, 13.073224484066015 ], [ 80.206739185164594, 13.073239214011023 ], [ 80.206734310439444, 13.073239826551093 ], [ 80.206598338561605, 13.073256905994166 ], [ 80.206460646242732, 13.073277236966502 ], [ 80.206457580753494, 13.073277689591571 ], [ 80.206317217656647, 13.073299061141583 ], [ 80.206265038143556, 13.073307840555618 ], [ 80.206256472285659, 13.073309284450408 ], [ 80.206109981169035, 13.07333870332206 ], [ 80.205886608763137, 13.073391124358791 ], [ 80.205758051278181, 13.073426449146201 ], [ 80.205502509392204, 13.073499800552963 ], [ 80.205443756371082, 13.073518048131675 ], [ 80.205382950888733, 13.073534060560744 ], [ 80.205323281343979, 13.073547024834594 ], [ 80.205321093854607, 13.073547500038522 ], [ 80.20513211660105, 13.073576255996807 ], [ 80.205125211293733, 13.073577307119249 ], [ 80.205025691431118, 13.073600986314363 ], [ 80.205024295775175, 13.073601318377907 ], [ 80.204975408139575, 13.073608912317807 ], [ 80.204927079040672, 13.073614616406051 ], [ 80.204913988725139, 13.073615294951903 ], [ 80.204877676878567, 13.073616691389432 ], [ 80.204813335572084, 13.073617854172555 ], [ 80.2047505365842, 13.073621849986468 ], [ 80.20468761857164, 13.073628737915458 ], [ 80.204520987572621, 13.073651550261152 ], [ 80.204340117540895, 13.073674579053399 ], [ 80.204247627849085, 13.073684120012574 ], [ 80.204239026253248, 13.073685196628782 ], [ 80.20417817293233, 13.073693080876806 ], [ 80.204064281455317, 13.073709104877462 ], [ 80.203862047395845, 13.073741779392957 ], [ 80.2038263542496, 13.073747546622574 ], [ 80.203814574351796, 13.073749448899488 ], [ 80.203808078561295, 13.073750499439738 ], [ 80.203540275688113, 13.07380180495135 ], [ 80.203442887382593, 13.073823692569228 ], [ 80.203315486074644, 13.073852675893514 ], [ 80.203145451026245, 13.073895139300971 ], [ 80.203040643047132, 13.073924567406857 ], [ 80.203000153029407, 13.073932535886298 ], [ 80.202999956123705, 13.073944455182293 ], [ 80.202983309433819, 13.074952106255475 ], [ 80.203089788395758, 13.07513727505674 ], [ 80.20309258130689, 13.0751407168718 ], [ 80.203094781630256, 13.075144581826928 ], [ 80.203095760822947, 13.075146989081823 ], [ 80.203098078707825, 13.075153595895783 ], [ 80.203106084122425, 13.075184249938753 ], [ 80.203111532907187, 13.075215435894945 ], [ 80.203112656022029, 13.07522300469544 ], [ 80.203116470272761, 13.075257676677023 ], [ 80.203118627940924, 13.075390056368004 ], [ 80.203118397655871, 13.075392835129703 ], [ 80.203116466743438, 13.075406471552768 ], [ 80.203113226754041, 13.075419899591274 ], [ 80.203108713201019, 13.075432974684736 ], [ 80.203083025385538, 13.075504868758234 ], [ 80.20304458499632, 13.075612981399392 ], [ 80.203009826706221, 13.07572336586059 ], [ 80.202974965458168, 13.075837366746169 ], [ 80.202950833014029, 13.075912882348149 ], [ 80.202915058802489, 13.076052377582078 ], [ 80.202886189190906, 13.07616721160888 ], [ 80.202866243055638, 13.076248538668994 ], [ 80.202865253385838, 13.076250255379199 ], [ 80.202863702554595, 13.076251511934764 ], [ 80.202861795860741, 13.076252141694582 ], [ 80.202859803753213, 13.076252083104256 ], [ 80.2028845615378, 13.076257596381486 ], [ 80.202859826884179, 13.076389644419979 ], [ 80.20285981842332, 13.076389694124169 ], [ 80.202859694565106, 13.076390350181926 ], [ 80.202859391448584, 13.076391967741744 ], [ 80.20285876175609, 13.076395327566834 ], [ 80.202819982225009, 13.076602359002022 ], [ 80.202650173701016, 13.077508900109047 ], [ 80.202649680075751, 13.077511534290792 ], [ 80.202405205233802, 13.077475519801396 ], [ 80.20196193192119, 13.077426512623818 ], [ 80.20152024509639, 13.07744293927848 ], [ 80.201518447195582, 13.077443006055493 ], [ 80.200971392688331, 13.077554453421239 ], [ 80.200649223083488, 13.077624913561891 ], [ 80.200634895807212, 13.077633854125603 ], [ 80.20045706909778, 13.07774482430195 ], [ 80.200411844137562, 13.077773045926433 ], [ 80.200081589931727, 13.077847124177675 ], [ 80.200079996167602, 13.077847957422767 ], [ 80.199857390364954, 13.077927945767453 ], [ 80.19985380993694, 13.07792760012658 ], [ 80.199848825237979, 13.077929391249125 ], [ 80.199678794083923, 13.07791298512382 ], [ 80.199575245544892, 13.07787357536127 ], [ 80.199471552021535, 13.077904295622819 ], [ 80.199368776874849, 13.077987714675674 ], [ 80.199360616800263, 13.077988831368403 ], [ 80.199360211743922, 13.077989160140866 ], [ 80.199216640360135, 13.078008812404697 ], [ 80.198987756771004, 13.07799470443862 ], [ 80.198802136715557, 13.077898023647455 ], [ 80.198562396728079, 13.077988563805059 ] ] ] } },
{ "type": "Feature", "properties": { "objectid": 7, "zone": "12", "st_area(shape)": 20388806.435164295, "st_perimeter(shape)": 46459.579951393942 }, "geometry": { "type": "Polygon", "coordinates": [ [ [ 80.19988367200429, 13.028818177598254 ], [ 80.199580168757862, 13.02886298257085 ], [ 80.199244479788689, 13.028907379418087 ], [ 80.19896454891267, 13.028927603749022 ], [ 80.198652023655086, 13.02891020313084 ], [ 80.198466510056591, 13.02884052861492 ], [ 80.198242163682124, 13.028792287020261 ], [ 80.197944325384256, 13.028813557064819 ], [ 80.197650693147281, 13.028874056291045 ], [ 80.19718939327332, 13.028837521814866 ], [ 80.196769315890663, 13.028813332586882 ], [ 80.196349187566582, 13.028804403430227 ], [ 80.195835817079853, 13.028757036577893 ], [ 80.195618232155681, 13.02867244542745 ], [ 80.195369425570192, 13.028618269944253 ], [ 80.194957104620059, 13.028601732337343 ], [ 80.194762762639684, 13.028547726345373 ], [ 80.194436274312238, 13.028455165431554 ], [ 80.194164299898006, 13.028347516324061 ], [ 80.193962424737464, 13.028217198114305 ], [ 80.193838453785077, 13.028056606596369 ], [ 80.193644754346025, 13.027804251721122 ], [ 80.193489983452551, 13.027544389201973 ], [ 80.193330501568312, 13.02731953931006 ], [ 80.193142928435762, 13.027194737178293 ], [ 80.191905592346984, 13.02623528582197 ], [ 80.191226917804102, 13.025545246558112 ], [ 80.191160230819094, 13.025477442286871 ], [ 80.190623997944613, 13.024873501548555 ], [ 80.190229224613319, 13.024505786850641 ], [ 80.189997690987042, 13.024243362586869 ], [ 80.189932454663946, 13.024254054241245 ], [ 80.189818477242227, 13.024272731270708 ], [ 80.189768833603054, 13.023612508777223 ], [ 80.189042037647241, 13.022524035395504 ], [ 80.188715631857463, 13.022420610555979 ], [ 80.18763308002228, 13.02215433143969 ], [ 80.187003840612178, 13.022637676783027 ], [ 80.186868526603547, 13.022671718325279 ], [ 80.186828397334267, 13.0227279025827 ], [ 80.18638705025127, 13.022863194240204 ], [ 80.186247985604538, 13.022896398154565 ], [ 80.186056669456732, 13.02294207671239 ], [ 80.185871038570596, 13.023145531091378 ], [ 80.18569960383816, 13.023629364177033 ], [ 80.185654943668041, 13.023978803567168 ], [ 80.185582220341814, 13.024046484140701 ], [ 80.185522438740136, 13.02419145097701 ], [ 80.18520606734414, 13.024165371172616 ], [ 80.185096853999255, 13.023857285985164 ], [ 80.184819374985963, 13.023872171913618 ], [ 80.184673195761917, 13.024030361875441 ], [ 80.184600354563685, 13.024109186798015 ], [ 80.184453675322317, 13.024267917557383 ], [ 80.184293261891654, 13.024534924817353 ], [ 80.183711496428103, 13.024688172737278 ], [ 80.183074062877438, 13.024348485589258 ], [ 80.182954146381419, 13.024126330583455 ], [ 80.182774212458369, 13.023792982967965 ], [ 80.181705709105657, 13.024194361254679 ], [ 80.181594966713973, 13.024307267414011 ], [ 80.180952461792273, 13.024350361946489 ], [ 80.180441522967442, 13.024384631813348 ], [ 80.180062696345345, 13.024410039741646 ], [ 80.179851546450195, 13.024358368563869 ], [ 80.17977579860829, 13.024369181713016 ], [ 80.1794892179242, 13.024302636447475 ], [ 80.179292398371132, 13.024256932594653 ], [ 80.178852082926269, 13.024299475550091 ], [ 80.178264879422528, 13.024246791755507 ], [ 80.177731360062054, 13.024244358850833 ], [ 80.177721768789908, 13.024251589044299 ], [ 80.177266270009298, 13.024473172287932 ], [ 80.177262006223685, 13.024464423420049 ], [ 80.177259042247499, 13.024465865232443 ], [ 80.176854884131075, 13.023636621449683 ], [ 80.176851874312248, 13.023630445348443 ], [ 80.176636862458921, 13.023572785408932 ], [ 80.176365205569581, 13.023567238034033 ], [ 80.175290315917252, 13.024039950878233 ], [ 80.174814710177813, 13.024795947686769 ], [ 80.17418810924579, 13.024893600999002 ], [ 80.173799068370471, 13.024800344423777 ], [ 80.173462120759311, 13.02467065286023 ], [ 80.173163758197717, 13.024555813103118 ], [ 80.173163340990968, 13.02455565263605 ], [ 80.17310063917374, 13.024559938325314 ], [ 80.170419745373636, 13.02474317780668 ], [ 80.169575503079798, 13.024976216644772 ], [ 80.169436958200393, 13.025014459257125 ], [ 80.16851563807333, 13.025268768973646 ], [ 80.168332565217455, 13.025138740614405 ], [ 80.167286048173381, 13.025308014439739 ], [ 80.167185074260274, 13.024436941439628 ], [ 80.167165100563082, 13.024264636636273 ], [ 80.167209577262355, 13.024225979173627 ], [ 80.167177752866664, 13.024004279633305 ], [ 80.167181919666533, 13.023953899247806 ], [ 80.166988336714326, 13.023186721367109 ], [ 80.166692531738889, 13.023196601196629 ], [ 80.166338293752332, 13.022678065199715 ], [ 80.166088395567925, 13.021561350907817 ], [ 80.165154640232515, 13.021610270155096 ], [ 80.165198970548047, 13.022033873575005 ], [ 80.165339289456071, 13.022090088961878 ], [ 80.165253089648999, 13.022457190221754 ], [ 80.165018595281978, 13.02293966693906 ], [ 80.165158889358594, 13.023626006762635 ], [ 80.165120160718175, 13.023674443933484 ], [ 80.165158520601807, 13.02391233327211 ], [ 80.165135082438653, 13.024129753644027 ], [ 80.164918773356689, 13.0242292206381 ], [ 80.164666341074664, 13.02430426842742 ], [ 80.164591771023211, 13.024290147145265 ], [ 80.163871167592731, 13.024521976894468 ], [ 80.163546137755063, 13.024579163280295 ], [ 80.163073855406296, 13.024569922863442 ], [ 80.163054956665647, 13.024456775723873 ], [ 80.162936256964187, 13.024432440722899 ], [ 80.162881363426422, 13.024444582075574 ], [ 80.162423053977236, 13.024545936392121 ], [ 80.162196516565331, 13.02333044600525 ], [ 80.162065454973572, 13.023334131098412 ], [ 80.161949201159217, 13.02296207485438 ], [ 80.159540632673611, 13.023265015773122 ], [ 80.159493698880965, 13.023820165231561 ], [ 80.159660396441168, 13.024384622196584 ], [ 80.159489475774151, 13.024456715562026 ], [ 80.159251347401479, 13.024468055897231 ], [ 80.158984754111458, 13.024304946671164 ], [ 80.158847426308881, 13.024221367079326 ], [ 80.158695110207461, 13.024273203307027 ], [ 80.157787097876763, 13.024329226059173 ], [ 80.157670744601475, 13.024284774644199 ], [ 80.156961156757845, 13.024520649632063 ], [ 80.156901561015033, 13.024625997323994 ], [ 80.156379041130819, 13.024720616447709 ], [ 80.156003263145948, 13.02475067267291 ], [ 80.155960378722725, 13.024899469794303 ], [ 80.155722120255405, 13.02493222286409 ], [ 80.155385436572885, 13.024965084566141 ], [ 80.15520509675089, 13.025032454335285 ], [ 80.154841220373555, 13.025086770628727 ], [ 80.154749215562802, 13.024886919756588 ], [ 80.154325940226983, 13.024936646448367 ], [ 80.153680197451038, 13.025012505907803 ], [ 80.153542903450798, 13.02507258444988 ], [ 80.152906809902845, 13.025255280682309 ], [ 80.152654879338343, 13.02546367933261 ], [ 80.152349405588851, 13.0255414619657 ], [ 80.151552832199229, 13.025711632411673 ], [ 80.151063217938216, 13.025769120442808 ], [ 80.150934261599758, 13.02524165967554 ], [ 80.150524384574965, 13.025194966935357 ], [ 80.149541040985241, 13.025402964872994 ], [ 80.149297544743206, 13.025517539319532 ], [ 80.149274909941397, 13.025528190424618 ], [ 80.147947046418111, 13.024327706830476 ], [ 80.14780062162616, 13.024389592273236 ], [ 80.146558820427444, 13.024345808697232 ], [ 80.146456555238146, 13.024903800908522 ], [ 80.146395764934766, 13.024893803080021 ], [ 80.144889240248105, 13.024646022193684 ], [ 80.144903553134228, 13.024614002696088 ], [ 80.145141866747466, 13.02408079134003 ], [ 80.145122635646104, 13.023678148568839 ], [ 80.1450543571125, 13.023230366589528 ], [ 80.144606577454468, 13.023112948708148 ], [ 80.144556071781338, 13.022378368168306 ], [ 80.144425725397085, 13.021655811981978 ], [ 80.144424315035621, 13.021387483169965 ], [ 80.144500216882179, 13.021406767450033 ], [ 80.144661158575047, 13.021273987083203 ], [ 80.144946249805372, 13.021295065121056 ], [ 80.145018980805929, 13.021243515347328 ], [ 80.145356589550204, 13.021347028298898 ], [ 80.145402796329364, 13.021284071578675 ], [ 80.146287682348387, 13.021207840625488 ], [ 80.14647564471575, 13.021030571065177 ], [ 80.146841672360608, 13.020933087913548 ], [ 80.14706600856799, 13.020942462564189 ], [ 80.14710660134547, 13.019804259212824 ], [ 80.146984640407837, 13.019404463868044 ], [ 80.147093991904455, 13.01867088543108 ], [ 80.147170958176119, 13.018578292808066 ], [ 80.147153324713145, 13.018420949138969 ], [ 80.147200040198982, 13.017628079162693 ], [ 80.147208887550576, 13.016986117029537 ], [ 80.148594887060625, 13.016970228053195 ], [ 80.148707421122765, 13.017465865700293 ], [ 80.149023058434324, 13.017455160587792 ], [ 80.14926933496254, 13.017333624668975 ], [ 80.149372770096946, 13.017407200673356 ], [ 80.149673832686815, 13.017259491667939 ], [ 80.149776975826171, 13.017321371889977 ], [ 80.150036230862256, 13.017174671911327 ], [ 80.150100575953957, 13.017249130422863 ], [ 80.150579481923387, 13.017044462698401 ], [ 80.150633078905571, 13.017119437441254 ], [ 80.150769314898213, 13.017069413927652 ], [ 80.150804959135726, 13.016980503180136 ], [ 80.15145764563799, 13.016795044988051 ], [ 80.151641023093134, 13.016720397020149 ], [ 80.151975150038155, 13.016506832432725 ], [ 80.152225106587366, 13.016352409676049 ], [ 80.152127151744381, 13.016021228017022 ], [ 80.15228213603497, 13.016005781132922 ], [ 80.152415431556662, 13.016078636144119 ], [ 80.153125710324161, 13.016049974918442 ], [ 80.153115843568145, 13.015652099353082 ], [ 80.153176984359547, 13.015469220311861 ], [ 80.153079078868004, 13.015377956361331 ], [ 80.153052693190418, 13.015279115549104 ], [ 80.153232395571195, 13.015058260899838 ], [ 80.15341371432369, 13.014901736648081 ], [ 80.153399674674986, 13.014776042177823 ], [ 80.153592275365952, 13.014659978735544 ], [ 80.153576732963643, 13.014449922856443 ], [ 80.154119121091256, 13.01415593757171 ], [ 80.154117063905005, 13.014074063554462 ], [ 80.154837324286248, 13.013460264214894 ], [ 80.15484381220341, 13.013271387311246 ], [ 80.15513112525133, 13.01320323987102 ], [ 80.155265618932305, 13.013197954282601 ], [ 80.155482460158481, 13.013046969142085 ], [ 80.155842683077665, 13.012987940856444 ], [ 80.156107809580419, 13.013075161671946 ], [ 80.156395729217436, 13.013101818263404 ], [ 80.15652408457774, 13.013182375004227 ], [ 80.1567700113537, 13.013122245094685 ], [ 80.156825083638424, 13.013173580877744 ], [ 80.156843640775719, 13.013436459813878 ], [ 80.157012654865696, 13.01350433799387 ], [ 80.15770983520602, 13.013663040113777 ], [ 80.157770467238294, 13.014332472908359 ], [ 80.157867924384362, 13.014484313931133 ], [ 80.158087856091996, 13.014500051585072 ], [ 80.158127519144898, 13.014737529965418 ], [ 80.158386690696489, 13.01504473041067 ], [ 80.15867144691812, 13.015011637734023 ], [ 80.158821781985495, 13.015048967019194 ], [ 80.159284876249714, 13.015166509055261 ], [ 80.159583167984621, 13.014433682443807 ], [ 80.159708436676297, 13.014424802223775 ], [ 80.159973419984496, 13.014506172335754 ], [ 80.160152143571949, 13.014484296448906 ], [ 80.160266792037518, 13.014528337761165 ], [ 80.160546218693455, 13.014573313672647 ], [ 80.160697731673949, 13.014657426298678 ], [ 80.160805965564137, 13.014684068235651 ], [ 80.160899608691921, 13.014605730701597 ], [ 80.161132740577116, 13.014623796064519 ], [ 80.161209291819972, 13.014594892701618 ], [ 80.161258910838797, 13.014398084073095 ], [ 80.161376736772326, 13.014330864600142 ], [ 80.161383062323821, 13.014329003440757 ], [ 80.161375932054767, 13.014256442307712 ], [ 80.16125531134972, 13.014212544927444 ], [ 80.161278347955658, 13.013702887999989 ], [ 80.161474400142509, 13.013657184081191 ], [ 80.161548154368816, 13.013263334192727 ], [ 80.161596125737148, 13.013206513000259 ], [ 80.161729305949478, 13.012598133208021 ], [ 80.161318200442736, 13.012610505000213 ], [ 80.161185636324987, 13.01256689814927 ], [ 80.16119899274905, 13.012385171576913 ], [ 80.161803077423357, 13.011486332739022 ], [ 80.161302913667669, 13.01143091062527 ], [ 80.16061283291323, 13.011442779303193 ], [ 80.160557730606584, 13.010522560384912 ], [ 80.160360736705258, 13.010475044853878 ], [ 80.160328123029714, 13.010280661129414 ], [ 80.159695440954366, 13.010243834923084 ], [ 80.159681132125741, 13.010104061579627 ], [ 80.159572861962431, 13.009825967688883 ], [ 80.159540882455886, 13.008935299921191 ], [ 80.15948496970168, 13.008811075803514 ], [ 80.159449591607256, 13.008356826258797 ], [ 80.159379962920042, 13.008255290677726 ], [ 80.159290292777342, 13.007831470070403 ], [ 80.159247994928279, 13.007770533996428 ], [ 80.159051507401159, 13.007396656182596 ], [ 80.158841985299688, 13.006876242080809 ], [ 80.159173858729687, 13.006736846958702 ], [ 80.159593926727624, 13.006675080750032 ], [ 80.159788592359718, 13.006604689088375 ], [ 80.159861522598817, 13.006837515416263 ], [ 80.160524735579131, 13.006666594823985 ], [ 80.162081498270865, 13.006398155766794 ], [ 80.163316356634539, 13.006311143294548 ], [ 80.163265346088679, 13.005921197816264 ], [ 80.163361475401032, 13.003865996931419 ], [ 80.163926697372446, 13.002765366382924 ], [ 80.163633575396375, 13.002485013207128 ], [ 80.16248544544618, 13.001562547760408 ], [ 80.162370022401461, 13.001469811275198 ], [ 80.161080981000694, 12.998661764101568 ], [ 80.160210174630677, 12.997013208793017 ], [ 80.161171370779314, 12.995662742346713 ], [ 80.161439214911255, 12.99520204439249 ], [ 80.16208871163181, 12.993612633085021 ], [ 80.162144759107065, 12.993439372214125 ], [ 80.163293759040158, 12.991343622203903 ], [ 80.164200913187855, 12.989638770351913 ], [ 80.165108375838571, 12.987900620564607 ], [ 80.165595624622824, 12.986862053124549 ], [ 80.166480235613534, 12.984830726351479 ], [ 80.166976357546474, 12.983874338222462 ], [ 80.165891164697541, 12.980059360976453 ], [ 80.166896884426691, 12.980582100073246 ], [ 80.168697768068569, 12.980326048806088 ], [ 80.170506475788471, 12.980013491766575 ], [ 80.171347819175267, 12.979902815635461 ], [ 80.172941230669906, 12.979749623659666 ], [ 80.173553106222641, 12.980057022239729 ], [ 80.173553047291222, 12.980056720053717 ], [ 80.17483497239526, 12.979805539687657 ], [ 80.176549466770382, 12.978986698699735 ], [ 80.176443410974457, 12.977896853616658 ], [ 80.177027657557062, 12.977617631919207 ], [ 80.177225759249382, 12.975907466246339 ], [ 80.17690605800378, 12.974108779089933 ], [ 80.176660485972405, 12.972727140985207 ], [ 80.176555878369967, 12.972138598849076 ], [ 80.176414967895113, 12.970976427300844 ], [ 80.179753877156855, 12.969091046410215 ], [ 80.181703334541865, 12.968050376582456 ], [ 80.181785980576663, 12.9680458025609 ], [ 80.182586046050133, 12.968001523274269 ], [ 80.183124460440609, 12.968047761031061 ], [ 80.183658573981688, 12.968262308356616 ], [ 80.184095164648085, 12.968408735570058 ], [ 80.184101440582495, 12.968565135955485 ], [ 80.184104032811746, 12.968629737667065 ], [ 80.184109201027027, 12.968758550428083 ], [ 80.184110644573181, 12.968794554407134 ], [ 80.18411152205563, 12.96881640692931 ], [ 80.184111865709156, 12.968824967076992 ], [ 80.184112800259584, 12.968848262866592 ], [ 80.184114154444259, 12.968881982579271 ], [ 80.184115012174658, 12.968903389273329 ], [ 80.184116374771634, 12.968937356760566 ], [ 80.184116545016252, 12.968938020066066 ], [ 80.18444377045688, 12.968915839448609 ], [ 80.18448360519325, 12.969171804165198 ], [ 80.184511728113549, 12.969291976058313 ], [ 80.184568045163488, 12.969287991403485 ], [ 80.184645652713471, 12.969325716845166 ], [ 80.184711244437551, 12.969381828423769 ], [ 80.184780406542956, 12.969385682603711 ], [ 80.184781986455377, 12.969386632431409 ], [ 80.184805040013316, 12.969408450424597 ], [ 80.18502660966837, 12.969618157038488 ], [ 80.185101569680199, 12.969618445981423 ], [ 80.185233316916495, 12.969807982624214 ], [ 80.186273336395004, 12.969713644028847 ], [ 80.186339122990873, 12.969707676773201 ], [ 80.186381278125381, 12.96971411256852 ], [ 80.186423373829641, 12.969717842831136 ], [ 80.186743007422848, 12.969713123603944 ], [ 80.186952254430977, 12.969683178563615 ], [ 80.186958570167363, 12.969683370088033 ], [ 80.187017064735741, 12.96968513603561 ], [ 80.187144426009709, 12.969673882394193 ], [ 80.187511891604132, 12.969663564548028 ], [ 80.187535262692379, 12.969662908721354 ], [ 80.187716627814211, 12.969640582450973 ], [ 80.187794669839832, 12.96963097391415 ], [ 80.188018765690202, 12.969591686117639 ], [ 80.188132653860379, 12.969560944412382 ], [ 80.188236795621364, 12.969533432774957 ], [ 80.188366814674367, 12.96950885541456 ], [ 80.188498295814085, 12.969470093969992 ], [ 80.188546669583545, 12.969453498243949 ], [ 80.188623008016251, 12.969427307595801 ], [ 80.188718369188734, 12.969394592794991 ], [ 80.188738951842254, 12.969375567649996 ], [ 80.188876409422789, 12.969355745750709 ], [ 80.189113190796377, 12.96927128783026 ], [ 80.189331903782531, 12.969193274553062 ], [ 80.189572113058105, 12.969106147751857 ], [ 80.189623123220557, 12.969087644947031 ], [ 80.189695413217052, 12.969061424187549 ], [ 80.18997739363256, 12.968959146180078 ], [ 80.18997742383165, 12.968959215896838 ], [ 80.189977451285372, 12.968959279275722 ], [ 80.189978251040699, 12.968961145304217 ], [ 80.18997827574907, 12.968961202345191 ], [ 80.189979155114358, 12.968963253980787 ], [ 80.189979177990523, 12.968963307399296 ], [ 80.189979325312862, 12.96896365145072 ], [ 80.189979396686709, 12.968963818044161 ], [ 80.189979608065826, 12.968964310582393 ], [ 80.189981939616587, 12.968969751127734 ], [ 80.189982000006026, 12.968969893273799 ], [ 80.190128473431912, 12.96931166344835 ], [ 80.190280169459044, 12.969665619321507 ], [ 80.190280185009428, 12.969665657345933 ], [ 80.190280205140311, 12.969665704426546 ], [ 80.190282752658291, 12.969671648372243 ], [ 80.190284611139575, 12.969675984329369 ], [ 80.190286884139411, 12.969681288157267 ], [ 80.19028982422185, 12.969688146558065 ], [ 80.190291922441929, 12.969693043859991 ], [ 80.190291933423481, 12.969693069211536 ], [ 80.190293958445963, 12.96969779358507 ], [ 80.190295657706798, 12.96970175832808 ], [ 80.190296665197067, 12.969704105127946 ], [ 80.190302551743656, 12.969717844553976 ], [ 80.1903025810239, 12.969717913363656 ], [ 80.190302595664022, 12.969717947768505 ], [ 80.190437249568916, 12.970034867287552 ], [ 80.190462737812268, 12.970094851999104 ], [ 80.190464398543199, 12.970098758753078 ], [ 80.190455655899925, 12.970099509166316 ], [ 80.190396569318224, 12.970104568793419 ], [ 80.18953185554227, 12.970431598448718 ], [ 80.18951735343046, 12.970437171938192 ], [ 80.189517287892571, 12.970437196147282 ], [ 80.189411435301665, 12.97047790234604 ], [ 80.189180462860136, 12.970568118377752 ], [ 80.189098188590009, 12.970601114612361 ], [ 80.188934814005989, 12.970666712813635 ], [ 80.188942758298921, 12.970692411189052 ], [ 80.188942772894961, 12.970692459156684 ], [ 80.189056238082173, 12.971068761160653 ], [ 80.189091255269886, 12.971184893433719 ], [ 80.189125622620139, 12.971296150084983 ], [ 80.189151829979622, 12.971377421821913 ], [ 80.189194574382611, 12.9715026264044 ], [ 80.189258323607604, 12.971707669633204 ], [ 80.189332716567677, 12.97189578879347 ], [ 80.189352821744407, 12.971974715020075 ], [ 80.189360953397198, 12.972006638424167 ], [ 80.189361004170834, 12.972009465085556 ], [ 80.189281009164034, 12.973575032562254 ], [ 80.189281234764792, 12.973575120067503 ], [ 80.189381786959459, 12.973613668875139 ], [ 80.189418476458314, 12.97364316125647 ], [ 80.189579114741832, 12.973772285575105 ], [ 80.189866107167475, 12.973933116285007 ], [ 80.189986519639774, 12.974005938604149 ], [ 80.190182401026135, 12.974053879120087 ], [ 80.19017103411646, 12.974094288239119 ], [ 80.190254072541805, 12.974170234744765 ], [ 80.190336912754177, 12.974235078943346 ], [ 80.190339511178948, 12.974237269747601 ], [ 80.190373469072995, 12.974265903564204 ], [ 80.190421826809768, 12.974306680265689 ], [ 80.190476059423872, 12.974348879446415 ], [ 80.190486952360473, 12.974357507678436 ], [ 80.19057147955121, 12.974424461110885 ], [ 80.190575941564006, 12.974427995914043 ], [ 80.190590586572711, 12.974439596137788 ], [ 80.190641124145131, 12.974478028684075 ], [ 80.190662170968949, 12.974494035051514 ], [ 80.190607165911189, 12.974609117662879 ], [ 80.190597227227741, 12.974631270187183 ], [ 80.190569400248208, 12.974687636835439 ], [ 80.190502785370711, 12.974835826449151 ], [ 80.190434864443205, 12.974988427144149 ], [ 80.190407837942928, 12.975051262134857 ], [ 80.190353476014863, 12.975189761623248 ], [ 80.1902563471523, 12.975481477093705 ], [ 80.190249747217734, 12.975507235960752 ], [ 80.190255618564706, 12.975551920396562 ], [ 80.190262641709651, 12.975605363704444 ], [ 80.190275752816277, 12.975689548582382 ], [ 80.190301722564257, 12.975812857160859 ], [ 80.190312691607588, 12.97586494108884 ], [ 80.190339403428752, 12.9760871714406 ], [ 80.190389152751749, 12.976367882449894 ], [ 80.190523464672779, 12.977159402938129 ], [ 80.190365266162672, 12.977269609907015 ], [ 80.190129649325186, 12.977445194751381 ], [ 80.189867687924888, 12.977562747692183 ], [ 80.189770899550012, 12.977606180184916 ], [ 80.189752178940466, 12.977616013731124 ], [ 80.189750764964359, 12.977616757093339 ], [ 80.189753907941792, 12.97765294177182 ], [ 80.189760809659717, 12.97770428336313 ], [ 80.189781671909643, 12.978101335373941 ], [ 80.189779802370992, 12.9781909331065 ], [ 80.189780114831422, 12.9783375794502 ], [ 80.189780399044238, 12.978471025414965 ], [ 80.189780203688784, 12.978470992255602 ], [ 80.189655028929124, 12.97844969924339 ], [ 80.189718281376884, 12.979734926605561 ], [ 80.189773057787534, 12.980055596870136 ], [ 80.189621730877306, 12.980074355762346 ], [ 80.189732062883053, 12.980645638376981 ], [ 80.189731593242897, 12.98064574360842 ], [ 80.189588697148452, 12.980701093311756 ], [ 80.189543882036816, 12.98071852842819 ], [ 80.189543700433404, 12.980718518820373 ], [ 80.189473420723303, 12.98071512067243 ], [ 80.18947272424694, 12.9807399873746 ], [ 80.189482875734669, 12.980826412664175 ], [ 80.189495026456399, 12.980911883932606 ], [ 80.189516938345207, 12.981045471407061 ], [ 80.189527828584815, 12.981116468071203 ], [ 80.189552258031256, 12.981252475770008 ], [ 80.189528649302233, 12.981327840670053 ], [ 80.189552672744298, 12.981368629451127 ], [ 80.189644340874935, 12.981518720576089 ], [ 80.189714965838817, 12.981654112680756 ], [ 80.189752799211846, 12.981704559641511 ], [ 80.189769360351391, 12.981883847233998 ], [ 80.189769368368161, 12.981883934061326 ], [ 80.189774141720946, 12.981882473292998 ], [ 80.189812729092424, 12.981870663612622 ], [ 80.189875997229777, 12.981851303054929 ], [ 80.189879388199572, 12.981851356115214 ], [ 80.189883182989689, 12.981851414954326 ], [ 80.189892901380603, 12.981851564581151 ], [ 80.189893206547183, 12.981851570052729 ], [ 80.189898422999178, 12.981851651404007 ], [ 80.189938047953262, 12.981852264001864 ], [ 80.190009414171087, 12.981853368780641 ], [ 80.190071009451174, 12.981854321948001 ], [ 80.190081512427668, 12.981854484861595 ], [ 80.190081816681058, 12.981854487617523 ], [ 80.190156885126939, 12.981881106598214 ], [ 80.190240832581537, 12.981909699928798 ], [ 80.19032229634594, 12.981971275821051 ], [ 80.190399941661639, 12.981988274025291 ], [ 80.19050210460685, 12.982006538441142 ], [ 80.190502252044638, 12.982006564217443 ], [ 80.190922861278125, 12.981939184428228 ], [ 80.190923161088421, 12.981939135630453 ], [ 80.190957470323013, 12.982239139123951 ], [ 80.191024945381756, 12.98226659593559 ], [ 80.191110142707586, 12.982297089878951 ], [ 80.191120528048373, 12.982301702815544 ], [ 80.191162681761242, 12.982315552320165 ], [ 80.191283673543325, 12.982358250192652 ], [ 80.191283745377447, 12.982358275733393 ], [ 80.191362642667642, 12.982349991841057 ], [ 80.191454655939395, 12.982340156423509 ], [ 80.191594225557836, 12.982321749694259 ], [ 80.19175309037611, 12.982301242745885 ], [ 80.191915585918423, 12.982282201825145 ], [ 80.191926794804075, 12.982281338793028 ], [ 80.191934928880798, 12.982280732942543 ], [ 80.192054428431376, 12.982271659052053 ], [ 80.19206573388702, 12.982270014188234 ], [ 80.192073655888763, 12.98226941219546 ], [ 80.192257081569124, 12.982243343604162 ], [ 80.192442877952729, 12.98221948214133 ], [ 80.192619821634068, 12.982202048987709 ], [ 80.19290407223798, 12.982176943054254 ], [ 80.193101786912777, 12.98216035977476 ], [ 80.193314445838141, 12.982147955761228 ], [ 80.193574081280872, 12.982124057587836 ], [ 80.193828683986851, 12.982045929108246 ], [ 80.19467255996895, 12.9814682911085 ], [ 80.194755619416398, 12.981411435904658 ], [ 80.195321660331615, 12.981023974723374 ], [ 80.195484739758925, 12.980930879964438 ], [ 80.195678721294726, 12.980923414550137 ], [ 80.195683263652583, 12.980923239621626 ], [ 80.195771845057465, 12.980928464005846 ], [ 80.195773319985904, 12.980928550848192 ], [ 80.195779635444069, 12.980928923012097 ], [ 80.195788999790068, 12.980898094595103 ], [ 80.195853030853669, 12.980773727420781 ], [ 80.195935417006297, 12.980614110970645 ], [ 80.195986167018859, 12.980539767829699 ], [ 80.19603017129559, 12.980458069015461 ], [ 80.196088511411133, 12.980334021438427 ], [ 80.196220072984914, 12.980296118316602 ], [ 80.196290743722585, 12.980269954177434 ], [ 80.196310058539794, 12.980261411373894 ], [ 80.196321381429613, 12.980258610813973 ], [ 80.19640447932413, 12.980238053059784 ], [ 80.196439068892744, 12.980230962554907 ], [ 80.196527578840232, 12.980212727171999 ], [ 80.196667090455094, 12.980188687043269 ], [ 80.196717377149781, 12.98017296744634 ], [ 80.196806884426806, 12.980126667098295 ], [ 80.196863588285339, 12.980100306857166 ], [ 80.196894100642069, 12.980094106084255 ], [ 80.196973834558619, 12.980074828942239 ], [ 80.19707016594451, 12.980067164925067 ], [ 80.197159397344947, 12.980039568632694 ], [ 80.197290955607869, 12.98000892832072 ], [ 80.197330074448956, 12.979998249368339 ], [ 80.19744110294485, 12.979976655363535 ], [ 80.197494994978797, 12.979942418921123 ], [ 80.197748081618514, 12.979802991913772 ], [ 80.197863147403609, 12.979786585774249 ], [ 80.198135989377604, 12.97974956217662 ], [ 80.198198727747567, 12.97974671840104 ], [ 80.198480666021197, 12.979720944416398 ], [ 80.198712367274055, 12.979696009072063 ], [ 80.198776044150222, 12.979685129770958 ], [ 80.199012077219393, 12.979649733326767 ], [ 80.19901744768643, 12.979648927953567 ], [ 80.199292238734884, 12.979738288205771 ], [ 80.199954251214848, 12.979494123445713 ], [ 80.200071771398257, 12.979326836597989 ], [ 80.200741737754868, 12.979203677985893 ], [ 80.200757665428782, 12.979200750322327 ], [ 80.201261924219779, 12.979149425643786 ], [ 80.2012678274086, 12.979056847112666 ], [ 80.201276683756944, 12.978944630425651 ], [ 80.20120223095573, 12.978269092131926 ], [ 80.201593616315577, 12.978220025047072 ], [ 80.20184811156723, 12.978111819039398 ], [ 80.202082232776036, 12.978063901598077 ], [ 80.202149941298458, 12.978050043635836 ], [ 80.202155007282414, 12.978049006691986 ], [ 80.202126922562684, 12.977837033574032 ], [ 80.202114480976505, 12.977743133761855 ], [ 80.202112006258361, 12.97770210741691 ], [ 80.202083032185797, 12.977580235388391 ], [ 80.202080270979408, 12.977568619782426 ], [ 80.202066422927146, 12.977502614555636 ], [ 80.202034247661771, 12.977349255002165 ], [ 80.202420559227861, 12.977263571959213 ], [ 80.202980853576094, 12.97713293774301 ], [ 80.203103886667932, 12.977102354139639 ], [ 80.203329020971722, 12.977054448666891 ], [ 80.203334107359339, 12.977053366551388 ], [ 80.20334754618861, 12.977058618575951 ], [ 80.203544401048063, 12.977135558822781 ], [ 80.203546729868719, 12.977136469242517 ], [ 80.203841734272373, 12.977081409847001 ], [ 80.203849400579699, 12.9770799793643 ], [ 80.204014304252127, 12.977939877212332 ], [ 80.204014407644053, 12.977940416428471 ], [ 80.204237694940716, 12.977915979244022 ], [ 80.205212368436975, 12.977184935700329 ], [ 80.205355663295791, 12.977045994568021 ], [ 80.207367467431482, 12.975479933941955 ], [ 80.208938409343077, 12.974279968682712 ], [ 80.210595860686908, 12.972902184020381 ], [ 80.211170431559381, 12.972577023327375 ], [ 80.211173152556611, 12.972575483591729 ], [ 80.211114901229195, 12.973094078604218 ], [ 80.210967094316331, 12.974429603406543 ], [ 80.210903447188798, 12.975004685084508 ], [ 80.210326476442901, 12.975028133651549 ], [ 80.209306219681835, 12.975042170582556 ], [ 80.209272485364764, 12.975896125861745 ], [ 80.209271617044237, 12.97594362241564 ], [ 80.209502222428696, 12.97594588743944 ], [ 80.209801206427684, 12.975953348395324 ], [ 80.209801453251657, 12.975960148695183 ], [ 80.209801470212199, 12.975960617119965 ], [ 80.20983201255261, 12.976802176802734 ], [ 80.209634544729639, 12.976786739115038 ], [ 80.209570198007086, 12.976773591924159 ], [ 80.209266956882104, 12.9768417726393 ], [ 80.209216743249712, 12.976859884757513 ], [ 80.209218908790191, 12.976866080557032 ], [ 80.209243817029844, 12.976937361650632 ], [ 80.209300716654496, 12.977096733555046 ], [ 80.209302892207219, 12.977104430348673 ], [ 80.209304235552764, 12.97711230726034 ], [ 80.209304382877818, 12.977114410866449 ], [ 80.209304711919501, 12.977119113682235 ], [ 80.209301377565225, 12.977150465562737 ], [ 80.208991136406311, 12.977210106225785 ], [ 80.20896126196017, 12.977208941203687 ], [ 80.208957262135527, 12.97730757674311 ], [ 80.208953778332926, 12.977417968388783 ], [ 80.208952755114538, 12.977523470394186 ], [ 80.208952372815006, 12.977525407826246 ], [ 80.208944552625994, 12.9775655954165 ], [ 80.208949954248581, 12.977565121768233 ], [ 80.209085195824798, 12.977553273902053 ], [ 80.20919612756046, 12.977548005135596 ], [ 80.209270531560279, 12.977548321724587 ], [ 80.20927683611518, 12.977548628421975 ], [ 80.209282780107372, 12.97755070534185 ], [ 80.209287861603144, 12.977554377353066 ], [ 80.209291644564075, 12.977559332087191 ], [ 80.209293807626551, 12.977565147212452 ], [ 80.209294167959158, 12.977571326674143 ], [ 80.209293952940371, 12.977575180605134 ], [ 80.209291047318445, 12.97762724076355 ], [ 80.209283096687059, 12.977769688839727 ], [ 80.20927730934568, 12.977953758172315 ], [ 80.209273584069592, 12.977953887903144 ], [ 80.208348740570869, 12.97798620391184 ], [ 80.207138382692264, 12.978101633595795 ], [ 80.20713961429513, 12.978109256095303 ], [ 80.207241666563732, 12.978740890421397 ], [ 80.207262736841912, 12.978901844347508 ], [ 80.207438499561675, 12.980244535049888 ], [ 80.206494342166792, 12.980379350627995 ], [ 80.206498340246142, 12.98039583363366 ], [ 80.206507898143826, 12.980435237753669 ], [ 80.206644317263738, 12.980997677741465 ], [ 80.206721424250119, 12.981315576376867 ], [ 80.20675738990731, 12.981463858244645 ], [ 80.206750419179372, 12.981470651897141 ], [ 80.206689837834119, 12.981478153665375 ], [ 80.205865529092236, 12.981580230580416 ], [ 80.205853013426037, 12.981581781032 ], [ 80.205850922410178, 12.981582039575757 ], [ 80.20579062029023, 12.98157912024025 ], [ 80.20532289428175, 12.981556478145947 ], [ 80.205318390960599, 12.981556260037387 ], [ 80.20530611991704, 12.981557428735861 ], [ 80.204733398219958, 12.981611989426838 ], [ 80.204684618382061, 12.981616636102043 ], [ 80.204619109770036, 12.981620072428722 ], [ 80.20464824696603, 12.981937889013736 ], [ 80.204683342101347, 12.982320699198366 ], [ 80.204696986685946, 12.982469524250947 ], [ 80.204716280067757, 12.982672690555608 ], [ 80.204733496383909, 12.982871441655233 ], [ 80.204742590700022, 12.982959720613344 ], [ 80.2047426003993, 12.982959859888888 ], [ 80.204747753280358, 12.98300981157095 ], [ 80.204749506307493, 12.983026831151024 ], [ 80.204768560014969, 12.983181868275858 ], [ 80.204769051553839, 12.98318705442756 ], [ 80.20478600924325, 12.983365380795046 ], [ 80.204796966301231, 12.983476199769493 ], [ 80.204796970064237, 12.983477915941219 ], [ 80.204796366552458, 12.983480397012345 ], [ 80.204795079745224, 12.983482613777621 ], [ 80.20479321254308, 12.983484391138077 ], [ 80.204790913849223, 12.983485584878023 ], [ 80.204788367439193, 12.983486102427477 ], [ 80.204670209397378, 12.98349388061119 ], [ 80.204591773221253, 12.983499473650152 ], [ 80.204497871553755, 12.983505228221572 ], [ 80.204361295626498, 12.98351928198807 ], [ 80.204220869929884, 12.983533732596062 ], [ 80.204057854884582, 12.983548744206265 ], [ 80.204027005325756, 12.983551584788342 ], [ 80.203954908549733, 12.983558739593365 ], [ 80.203751235373588, 12.983578951334222 ], [ 80.203481922597064, 12.983605342750707 ], [ 80.203357529354264, 12.983616739708163 ], [ 80.203216737871088, 12.983629637954619 ], [ 80.203212502734644, 12.983630026439206 ], [ 80.203219028637093, 12.983691704307137 ], [ 80.203220082853122, 12.983709824866184 ], [ 80.203229073630396, 12.983864292311704 ], [ 80.203238408405042, 12.983979958243118 ], [ 80.203251374732361, 12.984106419619145 ], [ 80.203259493061751, 12.984170674795504 ], [ 80.20326045499867, 12.984201263901676 ], [ 80.203291591441001, 12.984456253304886 ], [ 80.203304793257786, 12.984609811368692 ], [ 80.203328180939138, 12.984838519238782 ], [ 80.203346144076122, 12.985016684145339 ], [ 80.203361580224254, 12.985166697376878 ], [ 80.20337889564766, 12.985284820031469 ], [ 80.203390023850716, 12.985348100661458 ], [ 80.203390397161002, 12.985350160654081 ], [ 80.203392964419621, 12.985364232347166 ], [ 80.203393115745683, 12.985365064668924 ], [ 80.203394700842082, 12.985368204364724 ], [ 80.203396587237251, 12.985369960663277 ], [ 80.203398899628283, 12.985371131445367 ], [ 80.203401452076662, 12.985371619392602 ], [ 80.203637826184689, 12.985316405568579 ], [ 80.203654423812722, 12.985361762837272 ], [ 80.203671785642868, 12.985439305410241 ], [ 80.203683426558712, 12.985506932252234 ], [ 80.203688047746809, 12.985537328216774 ], [ 80.203695455331044, 12.985571475172909 ], [ 80.203702832094436, 12.985604877883091 ], [ 80.203704560641725, 12.985612772266778 ], [ 80.203744485022895, 12.985858919303611 ], [ 80.203750478350997, 12.985902005306093 ], [ 80.203751519959582, 12.985933361410325 ], [ 80.203749277057511, 12.985966825076595 ], [ 80.203746155236303, 12.985992543440862 ], [ 80.203746099365915, 12.985993005312681 ], [ 80.203738811257267, 12.986053067561636 ], [ 80.203729090599097, 12.986133181894818 ], [ 80.203726814289681, 12.986151945982314 ], [ 80.203721560987503, 12.986195246191372 ], [ 80.203710202694921, 12.986308684986732 ], [ 80.203700073671328, 12.98641308018426 ], [ 80.203699695557859, 12.9864498715673 ], [ 80.203695044886871, 12.986602711246746 ], [ 80.20369071799648, 12.986669234885548 ], [ 80.203554527110725, 12.987481084560285 ], [ 80.203519380261852, 12.987690600569781 ], [ 80.203508252055514, 12.987756937890067 ], [ 80.203485983629022, 12.987946912133044 ], [ 80.203476691435597, 12.988150038744733 ], [ 80.203473650047599, 12.988357681060172 ], [ 80.20351786956887, 12.988416807943549 ], [ 80.203518878604015, 12.988416414998623 ], [ 80.203868848926916, 12.988280820974794 ], [ 80.203953892448624, 12.988253101157721 ], [ 80.20409870758931, 12.988203692791505 ], [ 80.204176588027124, 12.988174159758938 ], [ 80.20426163500936, 12.988138670112217 ], [ 80.204261659935668, 12.988138660242393 ], [ 80.204344242424767, 12.988108925448783 ], [ 80.20443716769627, 12.988081975551587 ], [ 80.204442756684472, 12.988080355161944 ], [ 80.204517930137555, 12.988060617909426 ], [ 80.204604952819608, 12.988049802402577 ], [ 80.204645661893707, 12.988047067902414 ], [ 80.204667403790211, 12.98805448913618 ], [ 80.204679340413847, 12.988062028656321 ], [ 80.204700295442933, 12.988091884141753 ], [ 80.204716364606924, 12.988132468306981 ], [ 80.204734518162809, 12.98824097645165 ], [ 80.204779897572408, 12.988619608940102 ], [ 80.204769272590241, 12.988608712548247 ], [ 80.204782369680686, 12.988719850889838 ], [ 80.204793073749698, 12.988798926436631 ], [ 80.204830732147357, 12.988997569110234 ], [ 80.204840703813986, 12.989042545272421 ], [ 80.204895900416062, 12.989285515430355 ], [ 80.204910378024778, 12.989350806329158 ], [ 80.20492903702204, 12.989434957933838 ], [ 80.204941092157156, 12.989489325995573 ], [ 80.204950531204872, 12.989531893561418 ], [ 80.205036543682468, 12.989826109994429 ], [ 80.205106452996517, 12.990110150186183 ], [ 80.205135636216369, 12.990247088236947 ], [ 80.205140697370084, 12.990270840606003 ], [ 80.205140928715664, 12.990272027615525 ], [ 80.205149290297939, 12.990315936415838 ], [ 80.205150459293407, 12.990322073136149 ], [ 80.20516337675393, 12.990372629033294 ], [ 80.205179407938104, 12.990422320096958 ], [ 80.205250664258514, 12.990659798404007 ], [ 80.205270012043556, 12.990727183823429 ], [ 80.205291598800287, 12.990793913314068 ], [ 80.205315400790383, 12.990859913563208 ], [ 80.20537807258502, 12.991013456425287 ], [ 80.205406221935462, 12.99108239412169 ], [ 80.205456481295158, 12.991205475615287 ], [ 80.205544618809313, 12.991407006804611 ], [ 80.205570394188854, 12.99146485543201 ], [ 80.205661214713245, 12.991657203661465 ], [ 80.205741427991569, 12.991832771971056 ], [ 80.205773823982994, 12.991906796043358 ], [ 80.205784807059899, 12.991934178754084 ], [ 80.205810010567475, 12.991998506873603 ], [ 80.20583159972324, 12.992057592281297 ], [ 80.205948146358949, 12.992465078785253 ], [ 80.205963540593459, 12.992517116957298 ], [ 80.206275819414515, 12.993679136980578 ], [ 80.206107820458342, 12.993703163562456 ], [ 80.206954478803638, 12.996551796104534 ], [ 80.206978172312233, 12.996665325733131 ], [ 80.207021932380854, 12.996851300922078 ], [ 80.207106055741221, 12.997210776605272 ], [ 80.207116370244862, 12.99725949890861 ], [ 80.207149687821314, 12.997417083984544 ], [ 80.207176354321945, 12.99756283094816 ], [ 80.20717677667227, 12.997565141547428 ], [ 80.207194098768667, 12.997659814649028 ], [ 80.207252975044369, 12.997935140418218 ], [ 80.207299621450574, 12.998142071825407 ], [ 80.20734719870525, 12.998354975551209 ], [ 80.207368798847085, 12.998450377817971 ], [ 80.207368826133091, 12.99845049635058 ], [ 80.207375136870112, 12.998478366575585 ], [ 80.207392090447271, 12.998553220427569 ], [ 80.207427478994205, 12.998704508658033 ], [ 80.207465414751198, 12.998895770912528 ], [ 80.207475507797326, 12.99894865000894 ], [ 80.207494529320044, 12.999048305862418 ], [ 80.207508468569046, 12.999087166322695 ], [ 80.207537740924607, 12.999168769579862 ], [ 80.207556683913552, 12.999256571213332 ], [ 80.207612865052653, 12.999529465448795 ], [ 80.207619891120316, 12.999555379367832 ], [ 80.207620088890977, 12.999556110559491 ], [ 80.207671525542139, 12.99981202040612 ], [ 80.207699433354293, 12.99995146254934 ], [ 80.207724474166724, 13.000083147006224 ], [ 80.207736554594163, 13.000183336844538 ], [ 80.207746604577054, 13.000266678981262 ], [ 80.207771800300392, 13.000451280018696 ], [ 80.207795253705811, 13.000548556874627 ], [ 80.207810739314397, 13.000623779656239 ], [ 80.207817680731381, 13.000657499214272 ], [ 80.207817911386655, 13.000658619309295 ], [ 80.207830512921376, 13.000719831857454 ], [ 80.207861050420036, 13.000763131884327 ], [ 80.207890856315984, 13.000805396183559 ], [ 80.207937186431607, 13.000862904038527 ], [ 80.208094181117914, 13.001196336666956 ], [ 80.208305651074369, 13.001572804007377 ], [ 80.208307935552668, 13.00157672522524 ], [ 80.208369434965547, 13.001682268421154 ], [ 80.208466674995393, 13.001869371196529 ], [ 80.208589142747726, 13.002088107177904 ], [ 80.208589445313578, 13.002088650616093 ], [ 80.208723394437527, 13.002331744337914 ], [ 80.208862417778576, 13.002631094295703 ], [ 80.208959336569848, 13.00283221093407 ], [ 80.210237806006376, 13.005545956357395 ], [ 80.211181603606761, 13.006993835706654 ], [ 80.211324927908137, 13.007126680399413 ], [ 80.212507629769775, 13.0082228987897 ], [ 80.212621844777416, 13.008328761982177 ], [ 80.214986087357488, 13.010057257400844 ], [ 80.211753734817279, 13.008890895614297 ], [ 80.211745063120915, 13.008885691866601 ], [ 80.211744240317827, 13.008885196582291 ], [ 80.211743078590416, 13.008883694805375 ], [ 80.211741074702175, 13.008881111767868 ], [ 80.211739349091502, 13.008878884019365 ], [ 80.211737472829583, 13.008874430592773 ], [ 80.211736974681642, 13.008870701089545 ], [ 80.211736848608794, 13.008869744069806 ], [ 80.211736823432503, 13.008869540549769 ], [ 80.211736734254842, 13.008868872079846 ], [ 80.211736744689262, 13.008868779883787 ], [ 80.21173707225681, 13.008862579918567 ], [ 80.211737078888589, 13.008862523878713 ], [ 80.211737135720426, 13.008861463432163 ], [ 80.211737620239575, 13.008860165577341 ], [ 80.211739179713376, 13.008856020064496 ], [ 80.211756226978338, 13.008820631060676 ], [ 80.21179305965542, 13.008744173985368 ], [ 80.211883753586619, 13.008555914143772 ], [ 80.211863743562148, 13.008546645078239 ], [ 80.211693414129783, 13.008221726661075 ], [ 80.211700664628907, 13.008205098857937 ], [ 80.211600033174832, 13.008162444414486 ], [ 80.211579354419797, 13.008154712235521 ], [ 80.211355279906741, 13.008730856421025 ], [ 80.211353877948, 13.008733593676297 ], [ 80.211352596605337, 13.008736096207684 ], [ 80.211346633068942, 13.00873996792893 ], [ 80.211344812034341, 13.008740217378488 ], [ 80.211340711454838, 13.008740786315691 ], [ 80.211340679178434, 13.008740787121813 ], [ 80.21133513105174, 13.008739844369993 ], [ 80.21130760810874, 13.008729272096248 ], [ 80.210751374154725, 13.008515632983693 ], [ 80.210318430398203, 13.008349346110217 ], [ 80.209467236310161, 13.008022413797629 ], [ 80.209322486635585, 13.007966817137536 ], [ 80.20795131569777, 13.007742295913072 ], [ 80.207600656404125, 13.007694317098434 ], [ 80.207185500955603, 13.007637513033423 ], [ 80.206175114671325, 13.007499262822041 ], [ 80.20559854845888, 13.007346233929921 ], [ 80.205008354788006, 13.007189586883309 ], [ 80.204175284329409, 13.00703737599583 ], [ 80.20384246712868, 13.007007555148549 ], [ 80.203984337250404, 13.006481008884153 ], [ 80.20395805457234, 13.006464829149602 ], [ 80.203923247038446, 13.006446637665013 ], [ 80.203877936146597, 13.006423731154189 ], [ 80.203868589620043, 13.006421165327845 ], [ 80.20383427965011, 13.006403383148539 ], [ 80.203785746808151, 13.00637878856042 ], [ 80.203754782179359, 13.006361311398038 ], [ 80.2037093112436, 13.006331351669031 ], [ 80.203627730267741, 13.006280774084221 ], [ 80.203616315072168, 13.006275156583955 ], [ 80.203551564833361, 13.006236549668682 ], [ 80.203503224222189, 13.006206347820457 ], [ 80.20340961457633, 13.006153448372592 ], [ 80.203294808195636, 13.006079030980983 ], [ 80.203234771143741, 13.006042950301371 ], [ 80.203219915902167, 13.006032043553102 ], [ 80.203229866424934, 13.005974505985877 ], [ 80.203217719380746, 13.005951758111031 ], [ 80.203174067724291, 13.005863207705866 ], [ 80.203158572999683, 13.005834253124911 ], [ 80.203082973254794, 13.005825487309352 ], [ 80.202938855911526, 13.005805804582728 ], [ 80.202739794223746, 13.005778113708487 ], [ 80.202695935273965, 13.005773872177443 ], [ 80.202601320132686, 13.005763065836 ], [ 80.202521672644934, 13.005740088899181 ], [ 80.202506350941846, 13.005730892315194 ], [ 80.202397529129314, 13.005676200702171 ], [ 80.202264196037916, 13.005608856420368 ], [ 80.202168330085073, 13.005564173242202 ], [ 80.202160274693512, 13.00556156159408 ], [ 80.202151379169479, 13.005561578562537 ], [ 80.202080356820773, 13.005525415044579 ], [ 80.201985584115334, 13.005478557867951 ], [ 80.20198785290674, 13.005388712574904 ], [ 80.201993398373233, 13.005204969783591 ], [ 80.202000566162781, 13.005004955615643 ], [ 80.202004045318404, 13.004845401740479 ], [ 80.202009396071674, 13.004702078436779 ], [ 80.202088781850833, 13.0046908400815 ], [ 80.20230160368277, 13.004661172857567 ], [ 80.202304463381722, 13.004659063121544 ], [ 80.20231540124108, 13.004638001020991 ], [ 80.202330393203894, 13.004574910060265 ], [ 80.202353458206844, 13.004485805879916 ], [ 80.202368389121219, 13.004425942693469 ], [ 80.202339501764456, 13.004422489449823 ], [ 80.202301582055711, 13.004438225247362 ], [ 80.202299935568064, 13.004345760218911 ], [ 80.202298777154454, 13.004255513768392 ], [ 80.202297403943177, 13.004166694376691 ], [ 80.20229416874821, 13.00402024329267 ], [ 80.202374001142886, 13.004020955108004 ], [ 80.202376287902439, 13.003944765862217 ], [ 80.202381565681435, 13.00378725733786 ], [ 80.20238361976557, 13.003688071056796 ], [ 80.202387675018016, 13.003579862563383 ], [ 80.202386304057313, 13.003563062982749 ], [ 80.202384273705235, 13.003482215637499 ], [ 80.202494326326885, 13.003490483436757 ], [ 80.202612031186717, 13.003492748248103 ], [ 80.202725569819762, 13.00349393055456 ], [ 80.202897834890024, 13.003500765268173 ], [ 80.202899535061377, 13.003391927438962 ], [ 80.202902343940821, 13.003317347432475 ], [ 80.202901538258686, 13.003288682968222 ], [ 80.202901696913401, 13.003243029882823 ], [ 80.202900396547221, 13.003200929410925 ], [ 80.202899431776316, 13.003170396396831 ], [ 80.20290100193715, 13.003136651335454 ], [ 80.202896997555712, 13.003087471778969 ], [ 80.202893852271529, 13.003035494576004 ], [ 80.202826129076456, 13.003024662416856 ], [ 80.202742489660636, 13.003014719020742 ], [ 80.202673920598741, 13.003012074398917 ], [ 80.20263565119528, 13.003011785091124 ], [ 80.202630445774332, 13.003003774238939 ], [ 80.202561714564766, 13.003003686145407 ], [ 80.202550563771808, 13.003001372432598 ], [ 80.202526867750208, 13.002997974945496 ], [ 80.202493402645985, 13.002992709230366 ], [ 80.20244981633239, 13.002987273179169 ], [ 80.202423282048883, 13.002984766636491 ], [ 80.202362749673199, 13.002980178191384 ], [ 80.202284464347841, 13.002973858822642 ], [ 80.2022509725698, 13.002970884217724 ], [ 80.202248531403171, 13.002962928868843 ], [ 80.202169066603645, 13.002963000289089 ], [ 80.202142009359775, 13.002963424406323 ], [ 80.202103148797335, 13.00295999656154 ], [ 80.2020321729876, 13.002955084799906 ], [ 80.20196947265525, 13.002950542949044 ], [ 80.201968791272421, 13.002889079299905 ], [ 80.201964195426584, 13.002728145199011 ], [ 80.201961105239278, 13.002618887591764 ], [ 80.201958146661582, 13.002537116020989 ], [ 80.201955883426791, 13.002431946998096 ], [ 80.201955273330285, 13.002421170769489 ], [ 80.201975610296017, 13.002418457398271 ], [ 80.201974645696538, 13.002355591378487 ], [ 80.20197635287407, 13.002159849871401 ], [ 80.201975975542965, 13.002138561315512 ], [ 80.201978922042684, 13.002124574379595 ], [ 80.201979753600185, 13.002055379107677 ], [ 80.201980989570018, 13.001979378319373 ], [ 80.201982153888963, 13.001924354569205 ], [ 80.201982331691923, 13.001872757388213 ], [ 80.201983099631903, 13.001809040419923 ], [ 80.201984722207015, 13.001714492219225 ], [ 80.20197632294385, 13.001507039290821 ], [ 80.201987863575312, 13.001490638347779 ], [ 80.201985743147645, 13.001419544239518 ], [ 80.201961197446764, 13.001316790552448 ], [ 80.201955486761804, 13.001290030614575 ], [ 80.201951848941462, 13.001232966714504 ], [ 80.20194506118581, 13.001161798586098 ], [ 80.201936279351955, 13.001039441623755 ], [ 80.201929075396009, 13.000970979367038 ], [ 80.201925916574211, 13.000928783666668 ], [ 80.201810270075043, 13.00093662566805 ], [ 80.201503823951626, 13.000959204397649 ], [ 80.201508055251523, 13.000926079668687 ], [ 80.201514526557105, 13.000883352072229 ], [ 80.201510402918586, 13.000821668966999 ], [ 80.201505565238975, 13.000733564979228 ], [ 80.201499702286867, 13.000599872085676 ], [ 80.201493432889862, 13.000490055848728 ], [ 80.201487355241653, 13.000406208600394 ], [ 80.201471201737917, 13.000398592654795 ], [ 80.201462548276538, 13.000316619110178 ], [ 80.201434103348447, 13.00031885090392 ], [ 80.20143496655912, 13.00033927925961 ], [ 80.201379942377869, 13.000343066813553 ], [ 80.201379057007955, 13.000322072365492 ], [ 80.201334532432753, 13.000323006014179 ], [ 80.201225755957992, 13.000325286413759 ], [ 80.201124533649605, 13.000327408261263 ], [ 80.201044493300401, 13.000328955062948 ], [ 80.200964903435818, 13.000317373452425 ], [ 80.200868336429963, 13.000320156923848 ], [ 80.200812754000779, 13.000321474195331 ], [ 80.20073523454657, 13.000323619096212 ], [ 80.200644243727041, 13.000325706236804 ], [ 80.200624319042049, 13.000325842930208 ], [ 80.200601804581339, 13.000329042286996 ], [ 80.200541808365969, 13.000332025903608 ], [ 80.200484437405251, 13.000333825862809 ], [ 80.20048582258751, 13.000303801910613 ], [ 80.200486110884839, 13.000245718407999 ], [ 80.200485990546255, 13.00016089668943 ], [ 80.200485346423193, 13.000091930173337 ], [ 80.200486326881219, 12.999982963586072 ], [ 80.200486742113, 12.999935057154028 ], [ 80.200487135121975, 12.999861256402006 ], [ 80.200487663603568, 12.999825210605033 ], [ 80.200487866630667, 12.999760349014258 ], [ 80.200487674865514, 12.99969668426235 ], [ 80.200487706289479, 12.999632140418305 ], [ 80.20048822575734, 12.999574714067686 ], [ 80.200487997693926, 12.99953275704601 ], [ 80.200486907459378, 12.999469494605393 ], [ 80.200487380783983, 12.999343524928365 ], [ 80.200486669057085, 12.999294809389848 ], [ 80.200487308451656, 12.999278266451491 ], [ 80.200486511993702, 12.999270134408947 ], [ 80.200487433847897, 12.999247159013402 ], [ 80.200486234031416, 12.999212943404647 ], [ 80.200486806067033, 12.999148310803136 ], [ 80.200486361543696, 12.999059617233376 ], [ 80.200484401229886, 12.998935750445826 ], [ 80.200527668245556, 12.998934691896977 ], [ 80.200553597200312, 12.998933450678452 ], [ 80.200558127365412, 12.998868336567881 ], [ 80.200560856319029, 12.998818904646317 ], [ 80.200565414443005, 12.998741308248624 ], [ 80.200570819193871, 12.998646661392325 ], [ 80.200571015104174, 12.998592365257672 ], [ 80.200539397980023, 12.99860079267159 ], [ 80.200506081713598, 12.998612026889186 ], [ 80.200460900753725, 12.9986271315958 ], [ 80.200395912983481, 12.998630075423659 ], [ 80.200310836594753, 12.998631985382715 ], [ 80.200206363835676, 12.998635524621999 ], [ 80.200155389984317, 12.998637803556877 ], [ 80.200124580764893, 12.998639262086282 ], [ 80.200076417371022, 12.998641257606083 ], [ 80.200017022007046, 12.998642459003317 ], [ 80.199945617544614, 12.998645401943602 ], [ 80.199916937264078, 12.998646898652334 ], [ 80.19983946809846, 12.998649916918586 ], [ 80.199772401601109, 12.998652402090128 ], [ 80.199719953099489, 12.998654185419804 ], [ 80.199678242440754, 12.998655003595921 ], [ 80.199614196543777, 12.998652053893617 ], [ 80.199550440982208, 12.998648853704955 ], [ 80.19941529890184, 12.998642999402232 ], [ 80.199324657152317, 12.998639652996431 ], [ 80.199199003904923, 12.998634440872872 ], [ 80.199092336385988, 12.998630290882749 ], [ 80.198985674104023, 12.998626522434112 ], [ 80.198893756729547, 12.998622444974583 ], [ 80.198850936848302, 12.998621532590612 ], [ 80.19882879371653, 12.998621409137584 ], [ 80.198769149455956, 12.998619146427128 ], [ 80.198750897241084, 12.998617080106872 ], [ 80.198704252080773, 12.998615758958751 ], [ 80.19864486945329, 12.998612708571777 ], [ 80.198594531282154, 12.998609988076346 ], [ 80.198593843669968, 12.998588068347086 ], [ 80.198590429276507, 12.998543513710677 ], [ 80.198585629443414, 12.99848704207338 ], [ 80.198583029812141, 12.998442021579153 ], [ 80.198634232178591, 12.998442652441383 ], [ 80.198634971449863, 12.998427778959279 ], [ 80.1986386276362, 12.998397545928732 ], [ 80.198639902116923, 12.998378521144929 ], [ 80.198638098286494, 12.998319397713939 ], [ 80.198635018831851, 12.998238269553124 ], [ 80.198634568583884, 12.998202718056094 ], [ 80.198634602241839, 12.998124973942472 ], [ 80.198633278951633, 12.99805344738586 ], [ 80.198632598208377, 12.998007254648344 ], [ 80.198611280583762, 12.998007356157647 ], [ 80.198609122074174, 12.997982335936895 ], [ 80.198602864960506, 12.9979219690648 ], [ 80.198598027562866, 12.997862548740278 ], [ 80.198590567929273, 12.997775212445841 ], [ 80.198585634630547, 12.997720968322927 ], [ 80.198581584583508, 12.997674512016191 ], [ 80.198578298796463, 12.997623786665068 ], [ 80.198573887558197, 12.997599379769259 ], [ 80.198572577783793, 12.99757278887256 ], [ 80.198568337040697, 12.997525417839128 ], [ 80.198566770562294, 12.997513024674312 ], [ 80.198563891971915, 12.99747879303758 ], [ 80.198561138243988, 12.997456800022174 ], [ 80.198557351969043, 12.997423546633062 ], [ 80.198554862980131, 12.997348640225082 ], [ 80.198551597446098, 12.997296202396088 ], [ 80.198546635020037, 12.997216553103929 ], [ 80.198545631288255, 12.997181366999111 ], [ 80.198544339422781, 12.997165001662351 ], [ 80.198516441957324, 12.997059649579965 ], [ 80.198064571947853, 12.997081815575752 ], [ 80.197621498142382, 12.997079661685607 ], [ 80.197621487850256, 12.997079421138842 ], [ 80.197494010705753, 12.997078800415865 ], [ 80.197351172735324, 12.997082245337291 ], [ 80.197225296226193, 12.997086238996545 ], [ 80.1970226031886, 12.997094036900982 ], [ 80.196990877580717, 12.997082316356828 ], [ 80.196816025554995, 12.997078011657461 ], [ 80.196800037816033, 12.997065986209723 ], [ 80.196707041048839, 12.997060857618312 ], [ 80.196625369040873, 12.997053161753323 ], [ 80.196568430219429, 12.997040391179102 ], [ 80.19627689942449, 12.997011975743163 ], [ 80.196128646940764, 12.99699944064734 ], [ 80.19593563400386, 12.996976815400354 ], [ 80.195870919772972, 12.996968822769739 ], [ 80.195588232845566, 12.996948952330657 ], [ 80.195275504184636, 12.996920792938674 ], [ 80.19517769217228, 12.996913768170414 ], [ 80.194959824097282, 12.996895778750583 ], [ 80.19449218304122, 12.996889476356998 ], [ 80.194219209987153, 12.996850561553776 ], [ 80.193866442937221, 12.996792691161343 ], [ 80.193520408898678, 12.996729990216803 ], [ 80.193207168603905, 12.996682012336521 ], [ 80.193159017213731, 12.996660715578411 ], [ 80.192687046627128, 12.996568307614607 ], [ 80.19264962754086, 12.996595688671626 ], [ 80.19191095612814, 12.996411914650636 ], [ 80.191360154575307, 12.996272357845434 ], [ 80.190500618866011, 12.996068681312821 ], [ 80.19030968360947, 12.996021670605696 ], [ 80.190024472763625, 12.995959504585194 ], [ 80.189773306689844, 12.99587732620445 ], [ 80.189481601248914, 12.99575972244225 ], [ 80.189121852049055, 12.995572479579687 ], [ 80.188844869438469, 12.995438795762785 ], [ 80.188092503023242, 12.995087347025777 ], [ 80.187552941461078, 12.994832039654781 ], [ 80.187297045995749, 12.994712281438577 ], [ 80.186920188328344, 12.994530224665464 ], [ 80.186845189934516, 12.994482761421221 ], [ 80.185947407734616, 12.994023602105832 ], [ 80.185500454827107, 12.993803455406633 ], [ 80.185405316971767, 12.993152301720656 ], [ 80.185269493438867, 12.992692013284678 ], [ 80.185146353705463, 12.992256416383611 ], [ 80.184842723254789, 12.991182332316766 ], [ 80.184880256073328, 12.990874389061869 ], [ 80.184786287367118, 12.990442732640291 ], [ 80.184947537642259, 12.990179863326944 ], [ 80.184980727275814, 12.990335380412663 ], [ 80.1849955511952, 12.990404839722185 ], [ 80.185256075402634, 12.989481945451104 ], [ 80.184185807847442, 12.988914650826089 ], [ 80.184268609427875, 12.988641887955378 ], [ 80.183962476225844, 12.988512690389776 ], [ 80.183733033336267, 12.988424954408307 ], [ 80.18354579169592, 12.988318087936355 ], [ 80.183160009826835, 12.988176758237048 ], [ 80.181479314974396, 12.987425621269164 ], [ 80.181446089826565, 12.987477701017818 ], [ 80.180910090447654, 12.987199629269165 ], [ 80.180908712285841, 12.987199266868005 ], [ 80.180905528950476, 12.987199702603013 ], [ 80.180905211632052, 12.987199745908445 ], [ 80.179836263374028, 12.987346112899047 ], [ 80.179161489710154, 12.987321042052297 ], [ 80.178824020599762, 12.987665927811486 ], [ 80.178319011198383, 12.988585737024389 ], [ 80.178319035881884, 12.988585801299779 ], [ 80.17831944271822, 12.988586855965234 ], [ 80.178375721891612, 12.988728694856677 ], [ 80.17834580570495, 12.989002468080312 ], [ 80.177844634055759, 12.988834800251164 ], [ 80.175675169156648, 12.990215434203172 ], [ 80.17398633557886, 12.991382073564257 ], [ 80.176353789974627, 12.994238206227237 ], [ 80.176632553806272, 12.994567666988354 ], [ 80.17689478238006, 12.994809492776808 ], [ 80.177236803285012, 12.995273597008071 ], [ 80.175963126745359, 12.999588532830042 ], [ 80.176260888344558, 12.999878587577157 ], [ 80.176764236745342, 13.000368908444178 ], [ 80.177356559370025, 13.000945893618416 ], [ 80.177234138293144, 13.000973590768599 ], [ 80.177363739548341, 13.000953176986151 ], [ 80.181749155316709, 13.005067472321947 ], [ 80.181749462233114, 13.005067233679441 ], [ 80.181754996322397, 13.005072952025408 ], [ 80.181756689607298, 13.005074540594967 ], [ 80.181756600859273, 13.00507460993774 ], [ 80.182758878025084, 13.006110260028947 ], [ 80.183732292392492, 13.007145957837981 ], [ 80.185119510569791, 13.007714755783963 ], [ 80.185656826625802, 13.008264403721615 ], [ 80.18626044764116, 13.008320130328009 ], [ 80.186398144346541, 13.008059374420814 ], [ 80.18785168735495, 13.008959210755151 ], [ 80.187898989268319, 13.008988494435838 ], [ 80.188635012962365, 13.009552947752562 ], [ 80.189517790361322, 13.009424340770128 ], [ 80.189869813733111, 13.010120234154336 ], [ 80.19021697335819, 13.011403611606704 ], [ 80.1903716269792, 13.011863423161559 ], [ 80.191130347688258, 13.012631337353227 ], [ 80.191480183687446, 13.013091756702275 ], [ 80.191748910820507, 13.014489720124265 ], [ 80.192705365676218, 13.014473558922377 ], [ 80.193146140768562, 13.014940913146742 ], [ 80.193621103621467, 13.017462473659604 ], [ 80.1938689247242, 13.019593460888796 ], [ 80.19400419169871, 13.021068347360673 ], [ 80.194083648171031, 13.021943263599693 ], [ 80.194181557200181, 13.023021369565196 ], [ 80.194557802783578, 13.027056030415368 ], [ 80.194559132118499, 13.027172009442186 ], [ 80.194560141034131, 13.02726015743991 ], [ 80.194431669652204, 13.027437698087345 ], [ 80.196925691045664, 13.028498347288906 ], [ 80.200267727930495, 13.028330839867436 ], [ 80.200221775543099, 13.028078606280303 ], [ 80.200148432976476, 13.02767601720435 ], [ 80.199087861839303, 13.021769636352831 ], [ 80.198890893548565, 13.020668239595263 ], [ 80.198866967638253, 13.020552499855668 ], [ 80.198659183053721, 13.019264645361917 ], [ 80.198535166431427, 13.018504545165872 ], [ 80.198452817825924, 13.018053885449005 ], [ 80.198349078112187, 13.017841191336391 ], [ 80.197972705817364, 13.014901825001498 ], [ 80.198863460182039, 13.014490651211034 ], [ 80.199267982751337, 13.01436766867254 ], [ 80.199602552746228, 13.016019428815202 ], [ 80.199500124437222, 13.016045670667788 ], [ 80.199710345538918, 13.017220210189691 ], [ 80.199818828360463, 13.019460576790181 ], [ 80.200039344561986, 13.023056571564569 ], [ 80.200284541731207, 13.024603573894762 ], [ 80.201125247880057, 13.028528003585279 ], [ 80.200801010910453, 13.028600662081612 ], [ 80.200206890374247, 13.028753300405681 ], [ 80.19988367200429, 13.028818177598254 ] ] ] } },
{ "type": "Feature", "properties": { "objectid": 8, "zone": "11", "st_area(shape)": 22710631.703207627, "st_perimeter(shape)": 37506.476412938136 }, "geometry": { "type": "Polygon", "coordinates": [ [ [ 80.163147039779261, 13.083567415099729 ], [ 80.163028694779754, 13.083605752927122 ], [ 80.163013524385036, 13.083611779827743 ], [ 80.162681471336114, 13.083743683398726 ], [ 80.162470584246023, 13.083455970592007 ], [ 80.162390876103515, 13.083347225954544 ], [ 80.162288655059257, 13.083207767448403 ], [ 80.162247010679053, 13.083150950277092 ], [ 80.162246743299377, 13.083148186239864 ], [ 80.162246669344199, 13.08314741563977 ], [ 80.162211115869269, 13.083123247317921 ], [ 80.161719250281394, 13.082788886916441 ], [ 80.161626870806145, 13.082416537428218 ], [ 80.161373505321521, 13.082266613802782 ], [ 80.161116994255735, 13.08183177492144 ], [ 80.161116868613675, 13.08183156112716 ], [ 80.161267189429282, 13.081241836111255 ], [ 80.161267289448077, 13.081241444022659 ], [ 80.161098780310823, 13.080678773406825 ], [ 80.161018803610318, 13.080411720351833 ], [ 80.161018783538594, 13.080411655185783 ], [ 80.161029356142279, 13.080096410631672 ], [ 80.16102937874804, 13.080095726241987 ], [ 80.160716773696464, 13.079588167100981 ], [ 80.1607162710023, 13.079587350802504 ], [ 80.160964232743538, 13.079465345568464 ], [ 80.160800499036625, 13.079050625667103 ], [ 80.160134411202364, 13.078962172871725 ], [ 80.159997181639483, 13.078767830943809 ], [ 80.160076571279959, 13.077635536935579 ], [ 80.159990403243086, 13.076944827835785 ], [ 80.159955018936643, 13.076342245958676 ], [ 80.160088655862424, 13.075002257429118 ], [ 80.160149605978418, 13.074196385701965 ], [ 80.160107154032673, 13.073832181939828 ], [ 80.160238715253357, 13.072777246672025 ], [ 80.160661120623573, 13.072716473170606 ], [ 80.160735558669103, 13.072777083381464 ], [ 80.161167254632787, 13.072619396762775 ], [ 80.16155929177954, 13.072627694683341 ], [ 80.161789638251705, 13.072544584856454 ], [ 80.161732905132922, 13.071770879121022 ], [ 80.162370551393849, 13.07163966456155 ], [ 80.162447613821897, 13.071016266561873 ], [ 80.162713839545575, 13.070645211349795 ], [ 80.162740400545076, 13.069208914148311 ], [ 80.162334501066468, 13.068391499068101 ], [ 80.161799349291272, 13.068087191275209 ], [ 80.161728149853857, 13.067087961364551 ], [ 80.162461227577126, 13.067350793921873 ], [ 80.162662941555055, 13.067389822646653 ], [ 80.162789142273937, 13.065930306588141 ], [ 80.162809511129339, 13.065571056905901 ], [ 80.162868415784004, 13.064532125223897 ], [ 80.162875757377535, 13.064402632450792 ], [ 80.16268032305355, 13.064073464880293 ], [ 80.162648639002938, 13.063913657865209 ], [ 80.162614343141371, 13.063740678431452 ], [ 80.162599959579566, 13.063736366828071 ], [ 80.16260019905387, 13.063742210414551 ], [ 80.162427925326071, 13.063684810204778 ], [ 80.161942763630066, 13.063539411965463 ], [ 80.161414158572995, 13.063501095001911 ], [ 80.16144095919762, 13.062979521753917 ], [ 80.161368423735681, 13.06248299217093 ], [ 80.16136437313169, 13.061609733025598 ], [ 80.161435054574426, 13.061132913334264 ], [ 80.161430722206248, 13.061017937333403 ], [ 80.161424945895206, 13.060906679157942 ], [ 80.161417355358765, 13.060705237619722 ], [ 80.161386149252849, 13.059877081208544 ], [ 80.161256274872002, 13.058180038613054 ], [ 80.161248487610791, 13.057782980662205 ], [ 80.161247310407632, 13.057722951946301 ], [ 80.1611275253766, 13.056381707800103 ], [ 80.161257343567584, 13.055381226584247 ], [ 80.161275027594243, 13.055011181239001 ], [ 80.161288332425713, 13.0547327865764 ], [ 80.161186328091205, 13.0543645964501 ], [ 80.161127242025927, 13.053875758715094 ], [ 80.161150534994761, 13.053792588163381 ], [ 80.161155401727953, 13.052583808824526 ], [ 80.161153248935932, 13.052228408305668 ], [ 80.161113884433306, 13.051469511442313 ], [ 80.161105134350805, 13.050988702278998 ], [ 80.161097473441373, 13.050567775986663 ], [ 80.161836803808228, 13.050472281381108 ], [ 80.161938932145674, 13.049313884601881 ], [ 80.162103453688147, 13.049228630423285 ], [ 80.162042278687096, 13.048936850319661 ], [ 80.162141171957956, 13.048544573336876 ], [ 80.162055626880843, 13.048510935740802 ], [ 80.162275990973058, 13.047696262311959 ], [ 80.162046203415201, 13.04623974644783 ], [ 80.161186999303311, 13.046195979963516 ], [ 80.161054925548868, 13.045493231302792 ], [ 80.160940359574568, 13.044883637404224 ], [ 80.160827370268294, 13.044139450390567 ], [ 80.160958536967513, 13.044036715686698 ], [ 80.16096266726845, 13.043764368969862 ], [ 80.160962027959854, 13.043764429286602 ], [ 80.16097936170398, 13.042621594327757 ], [ 80.160762990998236, 13.041317420302468 ], [ 80.160715198886166, 13.041029357875571 ], [ 80.160442136078132, 13.040973314087863 ], [ 80.160252213452466, 13.040978464252971 ], [ 80.15994756759649, 13.04098828115297 ], [ 80.159720465990475, 13.041000721889747 ], [ 80.159281127764828, 13.041049702230499 ], [ 80.159291513728419, 13.041221480570472 ], [ 80.158727102432849, 13.041161648024314 ], [ 80.158550461249931, 13.04110712708307 ], [ 80.158246710541846, 13.041013373703391 ], [ 80.157880148768854, 13.041088888095917 ], [ 80.157075124569957, 13.041093437317645 ], [ 80.157042679288452, 13.041088467215271 ], [ 80.156723969287043, 13.041171322128427 ], [ 80.156137245290623, 13.041133725579659 ], [ 80.155977684422993, 13.041123501011619 ], [ 80.15587370225569, 13.041151824593559 ], [ 80.1550763154479, 13.041135618043171 ], [ 80.154862043714218, 13.041058937891517 ], [ 80.154003797628391, 13.041056263923112 ], [ 80.151901928436942, 13.040986570992544 ], [ 80.151872401746587, 13.040951397561701 ], [ 80.150536892443554, 13.040957165101208 ], [ 80.150072745053663, 13.040922086282622 ], [ 80.150025548865386, 13.040510160180228 ], [ 80.150047406681523, 13.040116496362355 ], [ 80.150002037787345, 13.039791192060397 ], [ 80.149966395348372, 13.039535632773923 ], [ 80.149365934561871, 13.03958191370393 ], [ 80.149329543139885, 13.039707691128303 ], [ 80.149218252803507, 13.039731862258073 ], [ 80.149201448986773, 13.040821268287953 ], [ 80.149133088453539, 13.040931983700684 ], [ 80.148397275147289, 13.040941856426587 ], [ 80.14832335117184, 13.041225423191397 ], [ 80.147443532191389, 13.041019799569849 ], [ 80.146852765774156, 13.040992875145418 ], [ 80.146783802078573, 13.040674671074216 ], [ 80.146640512729547, 13.040404610987631 ], [ 80.146260302091463, 13.040362166211199 ], [ 80.145643968085523, 13.040293361923636 ], [ 80.145631583574541, 13.040813074202978 ], [ 80.145622525453732, 13.041193314428378 ], [ 80.14554548644584, 13.04201830157464 ], [ 80.145446683560223, 13.043076332801988 ], [ 80.145742671248286, 13.043081196571132 ], [ 80.146154978540878, 13.04316955654801 ], [ 80.146118534180189, 13.043625417782506 ], [ 80.146432661564702, 13.043766963715331 ], [ 80.146545035237324, 13.044481123846101 ], [ 80.14677116439303, 13.044510072297367 ], [ 80.146996366261035, 13.044538900859921 ], [ 80.147026872348903, 13.04571692641556 ], [ 80.147206730128346, 13.0457365709028 ], [ 80.148820929847389, 13.045913697173548 ], [ 80.149263448784581, 13.045962779406628 ], [ 80.149260203820717, 13.046113184236772 ], [ 80.149240232684889, 13.047038917627841 ], [ 80.149293297547061, 13.047079340621798 ], [ 80.14927308582898, 13.047651662438501 ], [ 80.149256672650552, 13.048116375993574 ], [ 80.14933073061907, 13.048229936441375 ], [ 80.149692136648397, 13.048275852783535 ], [ 80.149941054804088, 13.048307477578794 ], [ 80.150032913810179, 13.04831914839041 ], [ 80.150127988607494, 13.048242023136584 ], [ 80.150489191613872, 13.048274000701538 ], [ 80.150918745615797, 13.048312027623437 ], [ 80.151164012251016, 13.048149755351774 ], [ 80.15138821943728, 13.048175310246554 ], [ 80.152061115144775, 13.04825200542121 ], [ 80.152673424185409, 13.048335288204584 ], [ 80.153129167576751, 13.048428933700734 ], [ 80.153130572448887, 13.049527143225866 ], [ 80.152873563150166, 13.049566018163759 ], [ 80.152134636624737, 13.049561665301873 ], [ 80.151513721594043, 13.0495712771143 ], [ 80.150918643967245, 13.049551276268646 ], [ 80.149713797571977, 13.049463861366622 ], [ 80.149312630240175, 13.0494620620329 ], [ 80.149324087606146, 13.050699280246009 ], [ 80.14959443621099, 13.050769339325887 ], [ 80.149699770777886, 13.050877159680793 ], [ 80.149913012563104, 13.050816681759253 ], [ 80.150172532731659, 13.050839402596607 ], [ 80.150458596715737, 13.050864447254424 ], [ 80.150444165371141, 13.0513893332237 ], [ 80.150566069942698, 13.051553830012354 ], [ 80.150468979969332, 13.051969747920801 ], [ 80.150784909725758, 13.052003205166542 ], [ 80.151414939545631, 13.052069924445526 ], [ 80.152243152964871, 13.052084464953436 ], [ 80.152493465999314, 13.052028441018239 ], [ 80.152777667249254, 13.052078840217671 ], [ 80.153195633703376, 13.052079221919122 ], [ 80.153617655870434, 13.052046665220974 ], [ 80.154054195368289, 13.052012987993706 ], [ 80.154709020821926, 13.052098905559786 ], [ 80.154642547563839, 13.052325614743546 ], [ 80.154674011757052, 13.052589521722616 ], [ 80.154638240588952, 13.053037032246975 ], [ 80.154580535756637, 13.053103431968845 ], [ 80.154588709916453, 13.05325721612332 ], [ 80.154486147262617, 13.053449953029615 ], [ 80.154512358638343, 13.054163727912364 ], [ 80.154520375177029, 13.054382030130579 ], [ 80.154521175428556, 13.054403811702834 ], [ 80.154528032907322, 13.054590581412295 ], [ 80.154540732629584, 13.054936400807946 ], [ 80.154504371638708, 13.05505263623188 ], [ 80.154483403623914, 13.055118873850232 ], [ 80.154560163052864, 13.055347872917558 ], [ 80.154549872342059, 13.055763409819155 ], [ 80.154425258934637, 13.055912440676247 ], [ 80.154490585400453, 13.056590181568257 ], [ 80.154521764103492, 13.056913656672394 ], [ 80.154573802758819, 13.057116228975287 ], [ 80.154629271007707, 13.057507701740397 ], [ 80.154595934389974, 13.057636770082031 ], [ 80.154548292957415, 13.05782122233221 ], [ 80.154582421826916, 13.058065879856315 ], [ 80.154695693573203, 13.05829428574109 ], [ 80.154709627544406, 13.058662304867454 ], [ 80.154731634400562, 13.059261641971723 ], [ 80.154564316858284, 13.059436576241477 ], [ 80.154617715453398, 13.059926032553104 ], [ 80.154683164846446, 13.06052829828762 ], [ 80.154655470540874, 13.060684149616897 ], [ 80.154610694293552, 13.061354670383233 ], [ 80.154093216940581, 13.061516862230301 ], [ 80.153390684019385, 13.061737054205608 ], [ 80.152798295626184, 13.062076402333609 ], [ 80.152187418106777, 13.062766682079861 ], [ 80.149837248608506, 13.063519529412694 ], [ 80.149840221442489, 13.062744680933314 ], [ 80.149658046811979, 13.062143766905407 ], [ 80.149597169768342, 13.061987443302687 ], [ 80.149538221437282, 13.061367786677447 ], [ 80.149548065137907, 13.060393943134775 ], [ 80.14956470596529, 13.059713865626485 ], [ 80.149495682047529, 13.059040266014181 ], [ 80.14942888697567, 13.058196208202276 ], [ 80.149171697561286, 13.056595028590602 ], [ 80.148933032995785, 13.053528922037618 ], [ 80.148768014006023, 13.053539499656628 ], [ 80.14802365213886, 13.053572169684772 ], [ 80.147136615742099, 13.053568629683019 ], [ 80.145262815101987, 13.053381648799622 ], [ 80.143913770243103, 13.053140713902994 ], [ 80.143772222110769, 13.053069858985248 ], [ 80.143382226271342, 13.052999832601049 ], [ 80.143085042387526, 13.053099480678503 ], [ 80.142743305656609, 13.05305520135774 ], [ 80.142669457121258, 13.053124869405595 ], [ 80.142263436866429, 13.053289220389795 ], [ 80.142042056202044, 13.053226453569387 ], [ 80.141999625353279, 13.053019931908532 ], [ 80.141960585090203, 13.052654271982041 ], [ 80.142017985589177, 13.052346290081749 ], [ 80.141885357227181, 13.052024828784985 ], [ 80.141960422921045, 13.051060137918656 ], [ 80.141857413851483, 13.050872717718821 ], [ 80.141879217041861, 13.050661195548409 ], [ 80.141843646595902, 13.0500113689254 ], [ 80.141985071040494, 13.048913915219931 ], [ 80.141934436290825, 13.048879638195125 ], [ 80.14190421645678, 13.048816189583688 ], [ 80.141459311754716, 13.048674603859148 ], [ 80.141151442580295, 13.048576625786293 ], [ 80.141032949792447, 13.048560387777796 ], [ 80.141020302383438, 13.048479386750561 ], [ 80.140878349836029, 13.048483655295717 ], [ 80.140780038584225, 13.048415071770672 ], [ 80.140328950605493, 13.048340262388036 ], [ 80.1403339756028, 13.048173539022182 ], [ 80.140295224084255, 13.048105971418142 ], [ 80.140118882426364, 13.048086989270892 ], [ 80.139943872899948, 13.048060960665246 ], [ 80.139824223184732, 13.048077227932838 ], [ 80.138820158080193, 13.048213629572189 ], [ 80.137908237935392, 13.048383555405142 ], [ 80.137348181047599, 13.048490645252091 ], [ 80.136473550561249, 13.048625623553107 ], [ 80.135665237425471, 13.048806096893856 ], [ 80.135451320432551, 13.048818822984334 ], [ 80.135209960355866, 13.04842957574937 ], [ 80.134802161991786, 13.047806042750349 ], [ 80.134675996079366, 13.047568431443949 ], [ 80.134570901179288, 13.047186462121648 ], [ 80.134137922751023, 13.045089366793322 ], [ 80.134094790882273, 13.044880292964436 ], [ 80.134347649796879, 13.04490903237931 ], [ 80.134908403737043, 13.045035205565449 ], [ 80.135655797129203, 13.04520337313115 ], [ 80.137199582175285, 13.045567522197999 ], [ 80.13763004269407, 13.045568383252185 ], [ 80.138039851081373, 13.045669803286351 ], [ 80.138230556449344, 13.045716998738106 ], [ 80.138263231358877, 13.045671661811841 ], [ 80.138588723017634, 13.045649813377658 ], [ 80.139121002692193, 13.045786674247234 ], [ 80.139161875304822, 13.04574983207007 ], [ 80.139477627541908, 13.04575086557649 ], [ 80.13953178961134, 13.045657441662813 ], [ 80.140044881834456, 13.045656641127827 ], [ 80.140670862790387, 13.0453177331208 ], [ 80.140625559356224, 13.045085327805726 ], [ 80.140176794684592, 13.044080911586747 ], [ 80.139563271892996, 13.042472263874711 ], [ 80.139810711384712, 13.042133518856881 ], [ 80.139836210750403, 13.041893870174111 ], [ 80.139830667025805, 13.041766384554149 ], [ 80.139818574143192, 13.041488259432409 ], [ 80.139830930427749, 13.041197237870815 ], [ 80.140054740259018, 13.041131552231763 ], [ 80.140527826186968, 13.041103927842579 ], [ 80.140674878965399, 13.041061459320735 ], [ 80.140726747918791, 13.040958906091612 ], [ 80.140744819300295, 13.040761297614321 ], [ 80.140770293229835, 13.040482737415175 ], [ 80.14073946045589, 13.040436636018205 ], [ 80.140782695939251, 13.040288259364761 ], [ 80.14089405146045, 13.040277513743963 ], [ 80.141093037243294, 13.040293024875259 ], [ 80.141120231141642, 13.040236179037432 ], [ 80.141487540858677, 13.040204131358509 ], [ 80.1415380367105, 13.040170135320215 ], [ 80.141514071913619, 13.039366012748751 ], [ 80.141510763433942, 13.039204626050116 ], [ 80.141564443102197, 13.038538168590222 ], [ 80.142333545432706, 13.038454980594283 ], [ 80.142385968673153, 13.037826737303771 ], [ 80.142842442331741, 13.037805764095593 ], [ 80.142862504707836, 13.037753841180304 ], [ 80.143647860024856, 13.037739046067596 ], [ 80.143730648570241, 13.037458402583004 ], [ 80.145874974687132, 13.037207450547877 ], [ 80.146624689563964, 13.036273852746804 ], [ 80.146640289772904, 13.036166660433603 ], [ 80.146634227448772, 13.035956689316857 ], [ 80.146265256579753, 13.034245328549874 ], [ 80.146304411097489, 13.033958217224797 ], [ 80.146719266456572, 13.033894502848279 ], [ 80.147413708432964, 13.033884678372809 ], [ 80.147538223311798, 13.033894430956991 ], [ 80.147499934438841, 13.033541062204353 ], [ 80.146968787064097, 13.031693373402202 ], [ 80.144997353623296, 13.031469939423314 ], [ 80.145024168436962, 13.029738149918739 ], [ 80.144817730555545, 13.025889381226389 ], [ 80.144889240248105, 13.024646022193684 ], [ 80.146395764934766, 13.024893803080021 ], [ 80.146456555238146, 13.024903800908522 ], [ 80.146558820427444, 13.024345808697232 ], [ 80.14780062162616, 13.024389592273236 ], [ 80.147947046418111, 13.024327706830476 ], [ 80.149274909941397, 13.025528190424618 ], [ 80.149297544743206, 13.025517539319532 ], [ 80.149541040985241, 13.025402964872994 ], [ 80.150524384574965, 13.025194966935357 ], [ 80.150934261599758, 13.02524165967554 ], [ 80.151063217938216, 13.025769120442808 ], [ 80.151552832199229, 13.025711632411673 ], [ 80.152349405588851, 13.0255414619657 ], [ 80.152654879338343, 13.02546367933261 ], [ 80.152906809902845, 13.025255280682309 ], [ 80.153542903450798, 13.02507258444988 ], [ 80.153680197451038, 13.025012505907803 ], [ 80.154325940226983, 13.024936646448367 ], [ 80.154749215562802, 13.024886919756588 ], [ 80.154841220373555, 13.025086770628727 ], [ 80.15520509675089, 13.025032454335285 ], [ 80.155385436572885, 13.024965084566141 ], [ 80.155722120255405, 13.02493222286409 ], [ 80.155960378722725, 13.024899469794303 ], [ 80.156003263145948, 13.02475067267291 ], [ 80.156379041130819, 13.024720616447709 ], [ 80.156901561015033, 13.024625997323994 ], [ 80.156961156757845, 13.024520649632063 ], [ 80.157670744601475, 13.024284774644199 ], [ 80.157787097876763, 13.024329226059173 ], [ 80.158695110207461, 13.024273203307027 ], [ 80.158847426308881, 13.024221367079326 ], [ 80.158984754111458, 13.024304946671164 ], [ 80.159251347401479, 13.024468055897231 ], [ 80.159489475774151, 13.024456715562026 ], [ 80.159660396441168, 13.024384622196584 ], [ 80.159493698880965, 13.023820165231561 ], [ 80.159540632673611, 13.023265015773122 ], [ 80.161949201159217, 13.02296207485438 ], [ 80.162065454973572, 13.023334131098412 ], [ 80.162196516565331, 13.02333044600525 ], [ 80.162423053977236, 13.024545936392121 ], [ 80.162881363426422, 13.024444582075574 ], [ 80.162936256964187, 13.024432440722899 ], [ 80.163054956665647, 13.024456775723873 ], [ 80.163073855406296, 13.024569922863442 ], [ 80.163546137755063, 13.024579163280295 ], [ 80.163871167592731, 13.024521976894468 ], [ 80.164591771023211, 13.024290147145265 ], [ 80.164666341074664, 13.02430426842742 ], [ 80.164918773356689, 13.0242292206381 ], [ 80.165135082438653, 13.024129753644027 ], [ 80.165158520601807, 13.02391233327211 ], [ 80.165120160718175, 13.023674443933484 ], [ 80.165158889358594, 13.023626006762635 ], [ 80.165018595281978, 13.02293966693906 ], [ 80.165253089648999, 13.022457190221754 ], [ 80.165339289456071, 13.022090088961878 ], [ 80.165198970548047, 13.022033873575005 ], [ 80.165154640232515, 13.021610270155096 ], [ 80.166088395567925, 13.021561350907817 ], [ 80.166338293752332, 13.022678065199715 ], [ 80.166692531738889, 13.023196601196629 ], [ 80.166988336714326, 13.023186721367109 ], [ 80.167181919666533, 13.023953899247806 ], [ 80.167177752866664, 13.024004279633305 ], [ 80.167209577262355, 13.024225979173627 ], [ 80.167165100563082, 13.024264636636273 ], [ 80.167185074260274, 13.024436941439628 ], [ 80.167286048173381, 13.025308014439739 ], [ 80.168332565217455, 13.025138740614405 ], [ 80.16851563807333, 13.025268768973646 ], [ 80.169436958200393, 13.025014459257125 ], [ 80.169575503079798, 13.024976216644772 ], [ 80.170419745373636, 13.02474317780668 ], [ 80.17310063917374, 13.024559938325314 ], [ 80.173163340990968, 13.02455565263605 ], [ 80.173163758197717, 13.024555813103118 ], [ 80.173462120759311, 13.02467065286023 ], [ 80.173799068370471, 13.024800344423777 ], [ 80.17418810924579, 13.024893600999002 ], [ 80.174814710177813, 13.024795947686769 ], [ 80.175290315917252, 13.024039950878233 ], [ 80.176365205569581, 13.023567238034033 ], [ 80.176636862458921, 13.023572785408932 ], [ 80.176851874312248, 13.023630445348443 ], [ 80.176854884131075, 13.023636621449683 ], [ 80.177259042247499, 13.024465865232443 ], [ 80.177262006223685, 13.024464423420049 ], [ 80.177266270009298, 13.024473172287932 ], [ 80.177721768789908, 13.024251589044299 ], [ 80.177731360062054, 13.024244358850833 ], [ 80.178264879422528, 13.024246791755507 ], [ 80.178852082926269, 13.024299475550091 ], [ 80.179292398371132, 13.024256932594653 ], [ 80.1794892179242, 13.024302636447475 ], [ 80.17977579860829, 13.024369181713016 ], [ 80.179851546450195, 13.024358368563869 ], [ 80.180062696345345, 13.024410039741646 ], [ 80.180441522967442, 13.024384631813348 ], [ 80.180952461792273, 13.024350361946489 ], [ 80.181594966713973, 13.024307267414011 ], [ 80.181705709105657, 13.024194361254679 ], [ 80.182774212458369, 13.023792982967965 ], [ 80.182954146381419, 13.024126330583455 ], [ 80.183074062877438, 13.024348485589258 ], [ 80.183711496428103, 13.024688172737278 ], [ 80.184293261891654, 13.024534924817353 ], [ 80.184453675322317, 13.024267917557383 ], [ 80.184600354563685, 13.024109186798015 ], [ 80.184673195761917, 13.024030361875441 ], [ 80.184819374985963, 13.023872171913618 ], [ 80.185096853999255, 13.023857285985164 ], [ 80.18520606734414, 13.024165371172616 ], [ 80.185522438740136, 13.02419145097701 ], [ 80.185582220341814, 13.024046484140701 ], [ 80.185654943668041, 13.023978803567168 ], [ 80.18569960383816, 13.023629364177033 ], [ 80.185871038570596, 13.023145531091378 ], [ 80.186056669456732, 13.02294207671239 ], [ 80.186247985604538, 13.022896398154565 ], [ 80.18638705025127, 13.022863194240204 ], [ 80.186828397334267, 13.0227279025827 ], [ 80.186868526603547, 13.022671718325279 ], [ 80.187003840612178, 13.022637676783027 ], [ 80.18763308002228, 13.02215433143969 ], [ 80.188715631857463, 13.022420610555979 ], [ 80.189042037647241, 13.022524035395504 ], [ 80.189768833603054, 13.023612508777223 ], [ 80.189818477242227, 13.024272731270708 ], [ 80.189932454663946, 13.024254054241245 ], [ 80.189997690987042, 13.024243362586869 ], [ 80.190229224613319, 13.024505786850641 ], [ 80.190623997944613, 13.024873501548555 ], [ 80.191160230819094, 13.025477442286871 ], [ 80.191226917804102, 13.025545246558112 ], [ 80.191013504760164, 13.026274016566669 ], [ 80.191088926741784, 13.027045554397578 ], [ 80.190548890545102, 13.02734194240538 ], [ 80.190451987315186, 13.027879914736497 ], [ 80.188611547452709, 13.028587265913087 ], [ 80.188612075225194, 13.029090419975292 ], [ 80.188612093400181, 13.02910862675482 ], [ 80.188614289273389, 13.031205451868063 ], [ 80.188482568283106, 13.031670614584934 ], [ 80.188556557274651, 13.032232941640963 ], [ 80.1885613924225, 13.032236877338697 ], [ 80.188884390961078, 13.032223423397028 ], [ 80.188911698866505, 13.032975115618724 ], [ 80.188914474811142, 13.033051541710375 ], [ 80.188923675423439, 13.033435902613302 ], [ 80.188923673184533, 13.033436023767402 ], [ 80.188923653421753, 13.033436428781506 ], [ 80.188922486046451, 13.033458480066818 ], [ 80.188916159978817, 13.033578494760198 ], [ 80.188880669191107, 13.034430302673298 ], [ 80.188894882930384, 13.034486982754656 ], [ 80.18890322367595, 13.034551437639919 ], [ 80.188909598574071, 13.034607310153584 ], [ 80.188911356291328, 13.034632229634266 ], [ 80.188916916439908, 13.034674647097773 ], [ 80.18884442441896, 13.034692635900859 ], [ 80.18883666403012, 13.0346949190898 ], [ 80.188834519340304, 13.034695094116566 ], [ 80.188833298281111, 13.034695396813005 ], [ 80.188808247132698, 13.034697234351029 ], [ 80.188709365445092, 13.034705289366437 ], [ 80.188700924212739, 13.034705952828149 ], [ 80.188700887242561, 13.034736553122796 ], [ 80.188701377679948, 13.034868248632272 ], [ 80.188701414562317, 13.034871647587755 ], [ 80.188714535162845, 13.034921060916687 ], [ 80.188714660074098, 13.035221303019529 ], [ 80.1887087784485, 13.035484236719666 ], [ 80.188706771967134, 13.035684872295395 ], [ 80.188706479169454, 13.035714170661242 ], [ 80.188707036951243, 13.035739128879531 ], [ 80.188707347663495, 13.035753021785029 ], [ 80.188706893563761, 13.035754269045491 ], [ 80.188702226033953, 13.035767083036564 ], [ 80.18869759657764, 13.035782080758871 ], [ 80.188696830570677, 13.035785371409798 ], [ 80.188695618407635, 13.035790584773894 ], [ 80.188694906787958, 13.035810867081267 ], [ 80.18869487124438, 13.035811869713571 ], [ 80.188694744804536, 13.035821241218056 ], [ 80.188694735819951, 13.035823432939722 ], [ 80.188694714725159, 13.035824529652755 ], [ 80.188694707754735, 13.03582525388488 ], [ 80.18869464637018, 13.035831640871105 ], [ 80.188694618448011, 13.035831719447952 ], [ 80.188694265301265, 13.035857178445481 ], [ 80.18868442141715, 13.036048045948194 ], [ 80.188678522909939, 13.036162426142553 ], [ 80.188669462560497, 13.036406884553891 ], [ 80.188668439029499, 13.036431473430806 ], [ 80.188668218418002, 13.036432102054118 ], [ 80.188667214937254, 13.036434968801318 ], [ 80.188663952739262, 13.036441302361338 ], [ 80.188660752561461, 13.036448130705914 ], [ 80.188656404119627, 13.036456692397609 ], [ 80.188653743957659, 13.036462227637418 ], [ 80.188650061549112, 13.036470162100734 ], [ 80.188640630741148, 13.03648950206013 ], [ 80.188639663234085, 13.036491517175536 ], [ 80.188639645559107, 13.036491564137913 ], [ 80.188640139560377, 13.036491657008069 ], [ 80.188640952454037, 13.036491808745003 ], [ 80.188639738078919, 13.036553175740353 ], [ 80.188625475577282, 13.037386577301039 ], [ 80.188639092270833, 13.037627357052088 ], [ 80.188652045708594, 13.037905838418309 ], [ 80.188651958918513, 13.037909265919589 ], [ 80.18865154722765, 13.037925515584071 ], [ 80.188619834580408, 13.037929057407849 ], [ 80.188601289311322, 13.037930332990253 ], [ 80.188594360089951, 13.037930808586838 ], [ 80.188528578405794, 13.037897749779919 ], [ 80.188512198627194, 13.037973689054978 ], [ 80.18850298994434, 13.038209794069981 ], [ 80.188452765172144, 13.039227219572773 ], [ 80.188404163373022, 13.039243329080033 ], [ 80.18838995477482, 13.03936666357227 ], [ 80.188374799924048, 13.039498213251179 ], [ 80.188132631886887, 13.041600275308054 ], [ 80.188126708246713, 13.041630583158257 ], [ 80.188078757112436, 13.041761180019869 ], [ 80.187304435559511, 13.043870049908325 ], [ 80.187302958841599, 13.043874070710828 ], [ 80.187381210746395, 13.043905078553612 ], [ 80.187392386694057, 13.043909507976156 ], [ 80.187589927150498, 13.043998130551444 ], [ 80.187231571342124, 13.044880489925411 ], [ 80.187188453887842, 13.044986654315299 ], [ 80.186935293191326, 13.045500475145081 ], [ 80.186864589675153, 13.045601470391244 ], [ 80.186859138065216, 13.045609445369367 ], [ 80.186755216921881, 13.045514388252441 ], [ 80.18675307818053, 13.045512432108476 ], [ 80.186753248945351, 13.045513514955744 ], [ 80.186753428746343, 13.045514654795127 ], [ 80.186754549106226, 13.045521759792697 ], [ 80.186757283099041, 13.045532904337936 ], [ 80.18676035394121, 13.045553290723863 ], [ 80.186761555699562, 13.045573867446649 ], [ 80.186760858847421, 13.045594638934478 ], [ 80.18676048189981, 13.045597666773967 ], [ 80.186760500283839, 13.045601918314999 ], [ 80.186758449454899, 13.045613980045145 ], [ 80.186758332021938, 13.045614920934026 ], [ 80.186758140086141, 13.045615801008379 ], [ 80.186726141041859, 13.045804018948715 ], [ 80.186699366366099, 13.045961506444334 ], [ 80.186693346428299, 13.045996916255948 ], [ 80.18669333139475, 13.045997001202201 ], [ 80.186692096381535, 13.045997040723062 ], [ 80.186689025101359, 13.045999362065684 ], [ 80.186237688571495, 13.04593838856969 ], [ 80.186235459568437, 13.045938088606576 ], [ 80.186229923435107, 13.045977822838024 ], [ 80.186263846406462, 13.04598343415779 ], [ 80.186679661262573, 13.046052217587974 ], [ 80.186680304612651, 13.046052332632522 ], [ 80.18668214093519, 13.046053137702371 ], [ 80.186683562158109, 13.046054534614161 ], [ 80.186684380751487, 13.046056337420533 ], [ 80.18668446692223, 13.046057907358353 ], [ 80.186684488674786, 13.046058306172768 ], [ 80.186644965126902, 13.04635564475174 ], [ 80.186602033553555, 13.046670257024477 ], [ 80.186571745288646, 13.046866560098666 ], [ 80.186541518397433, 13.047111774394519 ], [ 80.186528001367989, 13.047228729967566 ], [ 80.186527820541073, 13.04722931440763 ], [ 80.186527416023793, 13.047230617876775 ], [ 80.186526359982736, 13.047234023339209 ], [ 80.186526216438523, 13.047234487639685 ], [ 80.186410049419479, 13.047218047922648 ], [ 80.186141979442638, 13.047181164362526 ], [ 80.1860342790294, 13.047166320766159 ], [ 80.186033961918469, 13.047166277272259 ], [ 80.186025001725014, 13.047219445969397 ], [ 80.186024010429179, 13.047225329102353 ], [ 80.185954863390677, 13.047635637353974 ], [ 80.185939278209787, 13.047728116388958 ], [ 80.18593146532028, 13.047780699157505 ], [ 80.185910831909609, 13.047934845868488 ], [ 80.185880483909358, 13.048161573564171 ], [ 80.185841400193851, 13.048402133130347 ], [ 80.185814819441887, 13.048565739691764 ], [ 80.185790643937807, 13.048728484890489 ], [ 80.185784669068639, 13.048768655342291 ], [ 80.185740260051318, 13.049067535276629 ], [ 80.185741176817345, 13.04918304607647 ], [ 80.185661461541585, 13.049685705147571 ], [ 80.185618170916513, 13.05000878997433 ], [ 80.185580039932447, 13.050303222908767 ], [ 80.185554164455965, 13.050478599593783 ], [ 80.185531772443852, 13.050642951650479 ], [ 80.185522750872678, 13.050703232433692 ], [ 80.185519498773019, 13.050729771798693 ], [ 80.185511075146394, 13.050796430779165 ], [ 80.18550510842519, 13.050843653885821 ], [ 80.185488554142296, 13.050946923063202 ], [ 80.185454360917433, 13.051160229441168 ], [ 80.185441406613023, 13.051322223227606 ], [ 80.185431869955437, 13.051441485112479 ], [ 80.185431847849344, 13.051441758106916 ], [ 80.185428458032035, 13.051484151927131 ], [ 80.185418197248893, 13.051612465139005 ], [ 80.185419087545796, 13.051652075786087 ], [ 80.185421363195289, 13.05165194641765 ], [ 80.185566018588361, 13.051643749588795 ], [ 80.18568425358319, 13.051637050053991 ], [ 80.18568425867268, 13.051637185697823 ], [ 80.185690922286511, 13.051817673959219 ], [ 80.185692246414192, 13.051853523656542 ], [ 80.185714690736106, 13.052223084266103 ], [ 80.185716943947199, 13.052222767658328 ], [ 80.185836958328252, 13.052205907910947 ], [ 80.185837024617058, 13.052206224584436 ], [ 80.185849896034583, 13.052267561627628 ], [ 80.185851962046101, 13.052276817945915 ], [ 80.185868062108639, 13.052348927667028 ], [ 80.185927979261663, 13.052646111283147 ], [ 80.185953337603735, 13.052801466840268 ], [ 80.185974071566449, 13.052947850984795 ], [ 80.185976091349488, 13.052961653401393 ], [ 80.185976333268599, 13.052963820590932 ], [ 80.186014731827726, 13.053234926687928 ], [ 80.186016960873744, 13.053234669678289 ], [ 80.186017552292981, 13.053238821750224 ], [ 80.186425696098325, 13.053201743553178 ], [ 80.186427124691818, 13.053203154053772 ], [ 80.18643275540353, 13.053208715320483 ], [ 80.186432908993211, 13.05321110194914 ], [ 80.186445301311068, 13.053403442196068 ], [ 80.186449806574743, 13.053531725028916 ], [ 80.186453251599261, 13.053577855653536 ], [ 80.18646287000017, 13.053695407413144 ], [ 80.186467996547478, 13.053749083327768 ], [ 80.186471940737476, 13.053790356428204 ], [ 80.186471197949558, 13.053793003356263 ], [ 80.186469396957307, 13.053799424644112 ], [ 80.186464099598069, 13.053807265359616 ], [ 80.186462757981104, 13.053808304571195 ], [ 80.186455937430381, 13.053817431673954 ], [ 80.186450817172883, 13.053823290971346 ], [ 80.186450686081827, 13.053824457862662 ], [ 80.186442879920662, 13.053834902880904 ], [ 80.186439832338891, 13.05384742711766 ], [ 80.186439538462253, 13.053860294561963 ], [ 80.18644193928408, 13.053889004576538 ], [ 80.186442225965536, 13.053894405273946 ], [ 80.186440001857207, 13.053899353216943 ], [ 80.186439641219081, 13.053899644134857 ], [ 80.186325029563804, 13.053912015551342 ], [ 80.186325056945179, 13.053914076276206 ], [ 80.186322940364931, 13.053914347204651 ], [ 80.186318408219392, 13.053945663882898 ], [ 80.186323547349446, 13.053972090399302 ], [ 80.186338885596143, 13.054038353044715 ], [ 80.186351590946643, 13.054078062331604 ], [ 80.186379451069115, 13.054165137111793 ], [ 80.186426932189903, 13.05429349088632 ], [ 80.186489896981158, 13.054457219868263 ], [ 80.186523196874546, 13.054551873443756 ], [ 80.186550249725002, 13.054620176587923 ], [ 80.186583044283651, 13.054702979217215 ], [ 80.186602544304279, 13.054752214654927 ], [ 80.186604096860464, 13.054750411165235 ], [ 80.186604604196788, 13.054749821422998 ], [ 80.186606049035007, 13.054753881237566 ], [ 80.186632678552201, 13.054801053132673 ], [ 80.186745379693164, 13.054745807257063 ], [ 80.186828944580554, 13.054704843588915 ], [ 80.186869531296765, 13.0546932420611 ], [ 80.187127176770403, 13.054658716138039 ], [ 80.187142936399866, 13.054854019110595 ], [ 80.187143882705982, 13.054877702704689 ], [ 80.187165557359933, 13.055134375059597 ], [ 80.187165631023404, 13.055135257776172 ], [ 80.186995381774295, 13.055163905394023 ], [ 80.18680194140984, 13.055197472912722 ], [ 80.186725100661775, 13.055210806803339 ], [ 80.1867091846824, 13.055411923570524 ], [ 80.186662027143754, 13.055871657594889 ], [ 80.186596973275385, 13.05654314977919 ], [ 80.186608062238889, 13.056743476173819 ], [ 80.186645829134562, 13.056820907297528 ], [ 80.186915039777745, 13.056842140315103 ], [ 80.18717887864338, 13.056862949291856 ], [ 80.18787321187537, 13.056917710354771 ], [ 80.188332038694242, 13.057021508828193 ], [ 80.188504394351, 13.057060500097045 ], [ 80.18881030326412, 13.057108580352963 ], [ 80.188991381358477, 13.057137039576302 ], [ 80.189405689363355, 13.057161960097122 ], [ 80.189405588861391, 13.057318943632735 ], [ 80.189403693843062, 13.057450107035985 ], [ 80.189402977997943, 13.05749965417869 ], [ 80.189405272946544, 13.05759686677699 ], [ 80.189404268539988, 13.05772472997748 ], [ 80.189401865651092, 13.05788492700086 ], [ 80.189400387989508, 13.057983407196364 ], [ 80.18940019616393, 13.057996415116881 ], [ 80.189399167055868, 13.058020689281493 ], [ 80.189399656424555, 13.058032964233719 ], [ 80.189400039214533, 13.058042568791135 ], [ 80.189400020560626, 13.058062714897295 ], [ 80.189398951041966, 13.058095139266225 ], [ 80.189398475251608, 13.058128198425873 ], [ 80.18939331854574, 13.058155409108457 ], [ 80.189389270343682, 13.058172746843137 ], [ 80.189372863975436, 13.058261202557684 ], [ 80.189358641236637, 13.05833788357279 ], [ 80.18940778418569, 13.058529473619753 ], [ 80.189413783701866, 13.058606967583014 ], [ 80.189420935110164, 13.058744722809896 ], [ 80.189421077442717, 13.058747459322181 ], [ 80.189427543540091, 13.058898523823176 ], [ 80.189425818980325, 13.058903293423452 ], [ 80.189377079203553, 13.059038019865335 ], [ 80.189377641167511, 13.059038497228396 ], [ 80.189432215001588, 13.059084899290353 ], [ 80.189554924693596, 13.059187147604964 ], [ 80.189677223656091, 13.059438619595763 ], [ 80.189693999551423, 13.05947446163978 ], [ 80.189800544382138, 13.05970209057169 ], [ 80.189866650041807, 13.059940303775942 ], [ 80.189888353326239, 13.060056946629361 ], [ 80.189953475181369, 13.060247577572289 ], [ 80.190027166066358, 13.06041589019685 ], [ 80.190159886726136, 13.060687008236382 ], [ 80.190271365770542, 13.060910408209857 ], [ 80.190326035452586, 13.060990979591006 ], [ 80.190561080138536, 13.061349703394912 ], [ 80.19068335016874, 13.061591407877881 ], [ 80.190775553605505, 13.061810938906126 ], [ 80.190793544146416, 13.061856512826866 ], [ 80.190831339205062, 13.06194376025878 ], [ 80.190849536189987, 13.061982304777235 ], [ 80.190862234815029, 13.061990129554147 ], [ 80.190873541259506, 13.061999784567259 ], [ 80.190883179579941, 13.062011040194298 ], [ 80.190912191690529, 13.062062844981304 ], [ 80.190942866035272, 13.062113729080153 ], [ 80.190975168657843, 13.062163640845498 ], [ 80.191009064691187, 13.062212525012306 ], [ 80.19105254738804, 13.062277209977504 ], [ 80.19109629560235, 13.062345901310445 ], [ 80.191139238972127, 13.062411382067701 ], [ 80.191164754561143, 13.062442832614057 ], [ 80.191195245549167, 13.062472153088175 ], [ 80.191227575573819, 13.062499504569326 ], [ 80.191262294891231, 13.062525281194571 ], [ 80.191276971730943, 13.062534009092825 ], [ 80.19129453481645, 13.062540645593582 ], [ 80.191313018431288, 13.062544143830342 ], [ 80.191315005015056, 13.062544446616489 ], [ 80.191316750540835, 13.062545419554651 ], [ 80.191318024834686, 13.062546938955647 ], [ 80.191318657919055, 13.062548805367021 ], [ 80.191318566671143, 13.062550770781813 ], [ 80.191317763928211, 13.062552574834653 ], [ 80.191282361134114, 13.062603897819368 ], [ 80.191210269806675, 13.062707110290722 ], [ 80.19101424685789, 13.062943846742861 ], [ 80.190760059046596, 13.063170401590623 ], [ 80.190572267658453, 13.063330456824458 ], [ 80.19042928071201, 13.063480091313151 ], [ 80.190349035671005, 13.063603081446681 ], [ 80.190253553827219, 13.063775367047265 ], [ 80.190243814836734, 13.063789332434309 ], [ 80.190232661660161, 13.063801969663908 ], [ 80.19022012009539, 13.063813286954352 ], [ 80.190206349258531, 13.063823137421577 ], [ 80.190191527566313, 13.063831395038248 ], [ 80.190176186149472, 13.063837813720951 ], [ 80.190010365195533, 13.063882706090689 ], [ 80.189980803323479, 13.063894581274567 ], [ 80.189952975824511, 13.063907738598896 ], [ 80.189923875632061, 13.06392369490756 ], [ 80.189897613131649, 13.063945387215396 ], [ 80.189790307630062, 13.064035391758175 ], [ 80.189781643280199, 13.064094840119761 ], [ 80.189767554362732, 13.064113413146409 ], [ 80.189755120148021, 13.064133093560033 ], [ 80.189744435173964, 13.064153739700014 ], [ 80.189736313738734, 13.064175666062614 ], [ 80.189729961341357, 13.06419814409716 ], [ 80.189725411621509, 13.064221040089739 ], [ 80.189722696392025, 13.064244214895666 ], [ 80.18972182903147, 13.064267525695605 ], [ 80.189722816459437, 13.064290830554208 ], [ 80.189724091242567, 13.064301249861984 ], [ 80.189725650820932, 13.064313992914823 ], [ 80.189728908864765, 13.064337050813565 ], [ 80.189730032039847, 13.064360304558928 ], [ 80.189729011747659, 13.064383562436646 ], [ 80.189725855985188, 13.06440663459278 ], [ 80.189720591186742, 13.06442933394367 ], [ 80.189713259453953, 13.064451477071476 ], [ 80.189708086282565, 13.064463331004504 ], [ 80.189627429579829, 13.065280150773782 ], [ 80.189637660570341, 13.06534470280133 ], [ 80.189651327439549, 13.065343856827846 ], [ 80.18967679122855, 13.065344837214459 ], [ 80.189699085434242, 13.065347952391509 ], [ 80.189709874235788, 13.065348373199406 ], [ 80.189724723429578, 13.065352078076296 ], [ 80.189750495322457, 13.065368032731749 ], [ 80.189760290461066, 13.065379584562333 ], [ 80.189767421792411, 13.065392882163447 ], [ 80.189771717175077, 13.065407823727011 ], [ 80.189772731450333, 13.065440431831693 ], [ 80.189775387282594, 13.065468565746739 ], [ 80.189779811897353, 13.065496484584141 ], [ 80.189785859027012, 13.065523506129619 ], [ 80.189798217456783, 13.065560178838169 ], [ 80.189812556434262, 13.065597033165327 ], [ 80.189828582688904, 13.065633212832351 ], [ 80.189846266021092, 13.06566864540944 ], [ 80.189867790631837, 13.065707243822256 ], [ 80.189871793611346, 13.065724177292722 ], [ 80.189872277224282, 13.065740484887915 ], [ 80.189870781902627, 13.06574904555014 ], [ 80.189869468905101, 13.065756565162125 ], [ 80.189863477701834, 13.065771786431409 ], [ 80.189854541685548, 13.065785548158267 ], [ 80.189846398206882, 13.065793853801319 ], [ 80.189778723005816, 13.065885248338553 ], [ 80.189738715279518, 13.06595407340496 ], [ 80.189869356929989, 13.065951561434034 ], [ 80.190244292095016, 13.065958103419526 ], [ 80.190634837329043, 13.065963297674479 ], [ 80.191119311284083, 13.065972250106677 ], [ 80.191258534705611, 13.06597213958184 ], [ 80.191231158115258, 13.066005956373104 ], [ 80.191257869927568, 13.0660140067236 ], [ 80.191251260416962, 13.066378413551631 ], [ 80.19124453918937, 13.066686178215145 ], [ 80.191278686871044, 13.067359721584268 ], [ 80.191269579780439, 13.068060618634671 ], [ 80.191268313780242, 13.068307818994541 ], [ 80.191263041267263, 13.068794072551025 ], [ 80.191279260214088, 13.069231226448064 ], [ 80.19128050841492, 13.069264847064742 ], [ 80.190449913786878, 13.072699416126291 ], [ 80.190472553457369, 13.07276227457306 ], [ 80.19045909935727, 13.072832396274796 ], [ 80.190450952217603, 13.072874854786471 ], [ 80.190439095987244, 13.072905536420489 ], [ 80.190403359056205, 13.073003347682764 ], [ 80.190361832219338, 13.073151323062113 ], [ 80.190337668107802, 13.073254440164581 ], [ 80.190313047197364, 13.073378270709069 ], [ 80.190270002574493, 13.073457358688156 ], [ 80.190238773256041, 13.073480143925385 ], [ 80.19023776827558, 13.073480876782163 ], [ 80.190160873549729, 13.073488119709056 ], [ 80.190156909931474, 13.073488493372196 ], [ 80.190151709067294, 13.073488983413727 ], [ 80.188477560656025, 13.073779610318638 ], [ 80.187791736194583, 13.073454382869834 ], [ 80.187294050855144, 13.073178965728179 ], [ 80.186729008917482, 13.072911692150543 ], [ 80.186219523881562, 13.072879356573683 ], [ 80.185875781647169, 13.072918086736044 ], [ 80.185079698807897, 13.073007782178756 ], [ 80.181256234954532, 13.072626425292778 ], [ 80.181209567849706, 13.07262177005974 ], [ 80.181199569270717, 13.072620772707261 ], [ 80.181178690549075, 13.072619558230112 ], [ 80.180853224693578, 13.072600625595737 ], [ 80.179528094914005, 13.07232730197922 ], [ 80.177732110667478, 13.072256851572297 ], [ 80.177122298581992, 13.072098557227822 ], [ 80.177121514345473, 13.072098354001842 ], [ 80.177171629344116, 13.072682118104504 ], [ 80.177133250255963, 13.072884330187312 ], [ 80.177114128060353, 13.072939501264276 ], [ 80.177077434169988, 13.073045369031048 ], [ 80.177031155845455, 13.073178889610851 ], [ 80.176976543717174, 13.073336455675856 ], [ 80.176976426385281, 13.073336792562083 ], [ 80.176889514625373, 13.073356639173429 ], [ 80.176763371729081, 13.073385443266053 ], [ 80.176549953321413, 13.073434176719028 ], [ 80.176399898941227, 13.073468440726401 ], [ 80.176230914765824, 13.073507026860009 ], [ 80.176194201663776, 13.073515410017688 ], [ 80.176193324774772, 13.073515609758498 ], [ 80.176254601581718, 13.073712996399729 ], [ 80.176255802552788, 13.073716864703076 ], [ 80.176228103902119, 13.07380880042453 ], [ 80.176226844872559, 13.07381297915645 ], [ 80.176309477128527, 13.074065322250327 ], [ 80.176310838556702, 13.074069478594947 ], [ 80.176263839343576, 13.07419768914593 ], [ 80.176263452144852, 13.074198744900213 ], [ 80.176261116199228, 13.074197247360187 ], [ 80.176254862359841, 13.074214305610912 ], [ 80.176241613772561, 13.074250446925435 ], [ 80.176221814420487, 13.074304456593049 ], [ 80.176143120422054, 13.074351529640266 ], [ 80.176096880867732, 13.074379189395659 ], [ 80.176080322312401, 13.074389094344653 ], [ 80.176024418580354, 13.074422534442947 ], [ 80.175929185353482, 13.074479499767024 ], [ 80.17592903101405, 13.074479592405471 ], [ 80.175928372073116, 13.074479986335302 ], [ 80.175577275066502, 13.074690004401418 ], [ 80.175324366569853, 13.074841287816794 ], [ 80.175296230693689, 13.074858117954285 ], [ 80.175201462890499, 13.07499977014152 ], [ 80.17510797059964, 13.075073130798323 ], [ 80.174501627402293, 13.075548906584709 ], [ 80.174414219258409, 13.07565394270752 ], [ 80.174381728866862, 13.075673806815084 ], [ 80.174170274094735, 13.07580308711348 ], [ 80.174173854903415, 13.075813550899259 ], [ 80.174224667692371, 13.075962038890461 ], [ 80.174223204149868, 13.075970565164582 ], [ 80.174181207192319, 13.076215232625426 ], [ 80.174167914870736, 13.076292673058886 ], [ 80.174167426708266, 13.076295516957364 ], [ 80.174160441930354, 13.076336210823241 ], [ 80.174146547630954, 13.076417154841142 ], [ 80.174137549069385, 13.076469575830235 ], [ 80.174135780769291, 13.076479877845395 ], [ 80.174111526828653, 13.076621178112822 ], [ 80.174083206789533, 13.07695218705075 ], [ 80.174071066849734, 13.077094082111012 ], [ 80.174071084618461, 13.077094563192331 ], [ 80.174090643608693, 13.077621117901771 ], [ 80.174090614967739, 13.077621132277084 ], [ 80.174010467309813, 13.077662508110627 ], [ 80.173803441417746, 13.078348244353329 ], [ 80.173699559299422, 13.078359970186797 ], [ 80.173622569423003, 13.078741548741307 ], [ 80.173622569838813, 13.078742254908155 ], [ 80.173624401203313, 13.079301395564112 ], [ 80.17362490798611, 13.079455564594948 ], [ 80.173626307266318, 13.079579922010693 ], [ 80.173625324457433, 13.079583116050387 ], [ 80.17353991478609, 13.079861056556593 ], [ 80.173539791446331, 13.079845192304244 ], [ 80.173529480450085, 13.079878386153791 ], [ 80.173501303740892, 13.079968471768067 ], [ 80.173469320436041, 13.080070731746938 ], [ 80.173469825324759, 13.080070902444728 ], [ 80.173468376026719, 13.080073749593295 ], [ 80.173465594394429, 13.080079220027811 ], [ 80.173466571102551, 13.080079520629424 ], [ 80.173331667726231, 13.080510843409302 ], [ 80.173314303652518, 13.080566362405033 ], [ 80.173152884995318, 13.081082460253782 ], [ 80.173061250566391, 13.081362726928239 ], [ 80.172815101455839, 13.081444446844147 ], [ 80.172424100162331, 13.081574255915658 ], [ 80.172423279265075, 13.081574528155672 ], [ 80.171875029697986, 13.081756540650179 ], [ 80.171871764569929, 13.081757624237047 ], [ 80.171827897302435, 13.081749093652796 ], [ 80.171809073976476, 13.081743427360028 ], [ 80.171742874444604, 13.081723499366223 ], [ 80.171736320191656, 13.081721526216565 ], [ 80.171695983846121, 13.081709383884748 ], [ 80.171631566412216, 13.081689992334008 ], [ 80.171577259102961, 13.081673644125196 ], [ 80.170310111657557, 13.081292187983097 ], [ 80.170253191325088, 13.08127505260995 ], [ 80.170205815550887, 13.081433658162609 ], [ 80.17002154398125, 13.082050563185943 ], [ 80.170008344619234, 13.082095014563039 ], [ 80.169994836446989, 13.082140511987063 ], [ 80.16999460043624, 13.082141304194463 ], [ 80.169994376552339, 13.082142055752742 ], [ 80.169973186069853, 13.082213426010007 ], [ 80.169927150366675, 13.082367544724756 ], [ 80.169909512568807, 13.082426587047593 ], [ 80.16974414483694, 13.082377152771336 ], [ 80.169743881300718, 13.082377074164432 ], [ 80.169331379132032, 13.082253761777954 ], [ 80.169251578607884, 13.082229905940229 ], [ 80.169249743071262, 13.082229358430709 ], [ 80.169248554398763, 13.082229002880229 ], [ 80.169215561808997, 13.082219139720484 ], [ 80.169189256195992, 13.082211276418937 ], [ 80.169175085187263, 13.082207039946891 ], [ 80.169174683436054, 13.082206919302415 ], [ 80.169169398908224, 13.082205339875275 ], [ 80.169143300627525, 13.082197537816398 ], [ 80.169087271749589, 13.082180789325164 ], [ 80.169079730590639, 13.082178534445296 ], [ 80.168950152727518, 13.082141349848811 ], [ 80.168298853731059, 13.081954691595676 ], [ 80.168057814670362, 13.081885612441276 ], [ 80.167811105851527, 13.081814907164503 ], [ 80.167809327380837, 13.08181439780455 ], [ 80.16780787419485, 13.081813981719291 ], [ 80.167727162868431, 13.081790894659941 ], [ 80.167701153942204, 13.081783430911319 ], [ 80.167444325916222, 13.081709726968205 ], [ 80.167188025144625, 13.081636174572193 ], [ 80.167045949816384, 13.081595402550189 ], [ 80.166916292454474, 13.081558193200609 ], [ 80.166913761138019, 13.081557467115207 ], [ 80.166848246987357, 13.081538224566202 ], [ 80.166847181824522, 13.081537897433092 ], [ 80.166838388131964, 13.081574374407323 ], [ 80.166829743177743, 13.081610230689533 ], [ 80.166813977004438, 13.081675629762012 ], [ 80.166783926894979, 13.081769617204468 ], [ 80.166752936201547, 13.081866548327437 ], [ 80.166752862563669, 13.081866777751415 ], [ 80.166752630451143, 13.08186750486694 ], [ 80.166749297968579, 13.08187792744112 ], [ 80.166755669765209, 13.081877638773472 ], [ 80.166735601242053, 13.081926391570937 ], [ 80.166733961079089, 13.08192589711685 ], [ 80.166565145924267, 13.081875565444305 ], [ 80.166563042254069, 13.081874938387068 ], [ 80.16656238065076, 13.081874741852985 ], [ 80.166531395982801, 13.081865504202643 ], [ 80.166499205141648, 13.081855906408467 ], [ 80.166486331570013, 13.081852068202815 ], [ 80.166458209945304, 13.081843656260032 ], [ 80.166400793701413, 13.081826481373806 ], [ 80.16623468369707, 13.081776792055368 ], [ 80.165994461913058, 13.081704933303033 ], [ 80.16598841882815, 13.081725426903073 ], [ 80.165982258175177, 13.081746321578798 ], [ 80.165971174789163, 13.08177765357218 ], [ 80.165953286979359, 13.081828218086695 ], [ 80.165938683574907, 13.081869499148413 ], [ 80.165938020072204, 13.081871514229443 ], [ 80.165877165735836, 13.081852277444055 ], [ 80.165872617304657, 13.081861120996344 ], [ 80.16587555109264, 13.081861752549063 ], [ 80.165816477442007, 13.082048957407459 ], [ 80.165838605165263, 13.082044843447349 ], [ 80.165820534690226, 13.082109395917833 ], [ 80.165807282434955, 13.082156738431664 ], [ 80.16580129257315, 13.082178128238796 ], [ 80.165789017576117, 13.082185001936409 ], [ 80.165781243444016, 13.082250404141435 ], [ 80.165778015598519, 13.082262063051378 ], [ 80.165765496354609, 13.0823072876293 ], [ 80.165736984401235, 13.082410292747614 ], [ 80.165731233647065, 13.082431066674291 ], [ 80.165731222423631, 13.082431112751163 ], [ 80.165731022617649, 13.082431831832322 ], [ 80.165727071133077, 13.082446106002191 ], [ 80.165695236341961, 13.082511652886231 ], [ 80.165650311863303, 13.082604153548264 ], [ 80.165614744690174, 13.082724676925382 ], [ 80.16561472512285, 13.082724735633803 ], [ 80.165613219586589, 13.08272918927652 ], [ 80.165562468020241, 13.082712919117274 ], [ 80.165469947455918, 13.082683259584398 ], [ 80.16542392557642, 13.082614696108241 ], [ 80.165319060824089, 13.082533794762272 ], [ 80.165312749734213, 13.082530290557765 ], [ 80.165257380589992, 13.082499559342969 ], [ 80.165192849328619, 13.082460385106899 ], [ 80.165181175620972, 13.08245329838245 ], [ 80.164889109437155, 13.082268331746816 ], [ 80.164858992891112, 13.082294128221582 ], [ 80.164826735727218, 13.082280674585263 ], [ 80.164826482430257, 13.082280568881192 ], [ 80.164822320066975, 13.082278832956518 ], [ 80.164811926594197, 13.082274498157771 ], [ 80.164717366695825, 13.082426286958647 ], [ 80.164711915227571, 13.082435946752089 ], [ 80.164684128975395, 13.082485181639759 ], [ 80.16464561421671, 13.082553425633806 ], [ 80.164628283629753, 13.082584135160898 ], [ 80.164624461568422, 13.082590906850676 ], [ 80.164623742437243, 13.082592181224864 ], [ 80.164584454689532, 13.082661796154387 ], [ 80.16458400201212, 13.082662282042234 ], [ 80.164583724422585, 13.082663090384344 ], [ 80.164583276241203, 13.082663884611794 ], [ 80.164567420841408, 13.082658612580001 ], [ 80.164546939369032, 13.082651804749458 ], [ 80.164546294429059, 13.082651590180529 ], [ 80.164501535555701, 13.082636711751846 ], [ 80.164265624933819, 13.082861077983546 ], [ 80.164239304561235, 13.082886109070767 ], [ 80.164196074943945, 13.082908201087093 ], [ 80.163880863664232, 13.083052837405024 ], [ 80.163572329144941, 13.08331100736283 ], [ 80.163572375750277, 13.083311683839581 ], [ 80.163581494666815, 13.083444562565848 ], [ 80.163440527411055, 13.08347965724969 ], [ 80.163365670795386, 13.083498293037296 ], [ 80.16330333576424, 13.083517929619745 ], [ 80.163293421872055, 13.08351360535479 ], [ 80.163217983161061, 13.083546478218389 ], [ 80.163214607702031, 13.083545526028214 ], [ 80.163147039779261, 13.083567415099729 ] ] ] } },
{ "type": "Feature", "properties": { "objectid": 9, "zone": "04", "st_area(shape)": 20852647.510523994, "st_perimeter(shape)": 27295.731064407315 }, "geometry": { "type": "Polygon", "coordinates": [ [ [ 80.25853028722733, 13.146907192577251 ], [ 80.255389962447538, 13.147382868153235 ], [ 80.255129536850632, 13.147422313941371 ], [ 80.254608087309492, 13.147501295205133 ], [ 80.25276594715173, 13.147780306354401 ], [ 80.250949938111845, 13.147869897847983 ], [ 80.250037147250083, 13.147809751963056 ], [ 80.249997472655991, 13.147807137908574 ], [ 80.248918666795788, 13.147711964363593 ], [ 80.248853938295667, 13.147706253301401 ], [ 80.248402682743517, 13.147666441752051 ], [ 80.247916327882876, 13.145966984283932 ], [ 80.247904500170762, 13.14582603329092 ], [ 80.247730939139501, 13.145852400685396 ], [ 80.247641758916785, 13.145856028603784 ], [ 80.247278113767962, 13.145870819881504 ], [ 80.24722079781003, 13.145874918008101 ], [ 80.247110068644332, 13.145971743607792 ], [ 80.246026672453823, 13.146170160099958 ], [ 80.245923069074721, 13.145546280088219 ], [ 80.245857803998817, 13.145549420565324 ], [ 80.245845265560519, 13.145530074784949 ], [ 80.245837783280379, 13.145518527112724 ], [ 80.24582780223507, 13.145506472091652 ], [ 80.245811080452199, 13.14548627404298 ], [ 80.245792797347292, 13.145420852829863 ], [ 80.245117064448721, 13.145509351688416 ], [ 80.244945018860591, 13.145540695601213 ], [ 80.244431928097939, 13.145651701819311 ], [ 80.243771738254082, 13.14576774643178 ], [ 80.243134588435353, 13.145877535058329 ], [ 80.243098650202214, 13.145722882321797 ], [ 80.24308982272882, 13.145684895707788 ], [ 80.243080372599323, 13.145654997050528 ], [ 80.243041993662018, 13.145535989343086 ], [ 80.242932186103644, 13.145408846044832 ], [ 80.242919641428784, 13.145394321257823 ], [ 80.242807122223425, 13.145310555686283 ], [ 80.242666363330059, 13.145290883582618 ], [ 80.242566287052071, 13.145317094154517 ], [ 80.24239865142934, 13.14536500145292 ], [ 80.242225633117997, 13.145406307554053 ], [ 80.241785522021544, 13.145511384118439 ], [ 80.241767493627847, 13.14551568823253 ], [ 80.241730355898525, 13.145521470386903 ], [ 80.241245464395931, 13.145596961724694 ], [ 80.240876846297184, 13.145629913427941 ], [ 80.240845425434259, 13.145632593784505 ], [ 80.240631850117893, 13.145634555252956 ], [ 80.240595226791882, 13.145636263577043 ], [ 80.240393881841001, 13.145635513146432 ], [ 80.240073189218307, 13.145648142589497 ], [ 80.23982164226571, 13.145658523962295 ], [ 80.239803499204825, 13.145659005587408 ], [ 80.239789907332693, 13.145631960862188 ], [ 80.239758182289037, 13.145539868450014 ], [ 80.239629045581239, 13.145165010016582 ], [ 80.239576484967003, 13.145012436191822 ], [ 80.239283207123634, 13.144240186205458 ], [ 80.239166089723199, 13.143927913172687 ], [ 80.239094594566055, 13.143738866987833 ], [ 80.239037442384543, 13.143584591357168 ], [ 80.239244171417951, 13.143489053450264 ], [ 80.239286850629611, 13.143469328253293 ], [ 80.239381228450696, 13.143425711793595 ], [ 80.239444584309169, 13.14339643168312 ], [ 80.239663946114419, 13.143362119124248 ], [ 80.239664762100915, 13.143361991334148 ], [ 80.239891152861105, 13.1431752538608 ], [ 80.239951125948423, 13.143106518334092 ], [ 80.239965331901374, 13.143089888877352 ], [ 80.239971763562977, 13.143082359713484 ], [ 80.240036846830634, 13.143006175182883 ], [ 80.240162961290068, 13.142858548319891 ], [ 80.24031064089499, 13.142646706241866 ], [ 80.240310853356092, 13.142631626789266 ], [ 80.240268788849619, 13.142554781976122 ], [ 80.240250616778809, 13.142521584291041 ], [ 80.240244494696825, 13.142413504648344 ], [ 80.240243668195035, 13.142224528308036 ], [ 80.240240806717367, 13.142197987301461 ], [ 80.240236225553133, 13.142190018700784 ], [ 80.240009718685997, 13.142193026621378 ], [ 80.239835468868705, 13.142195340716599 ], [ 80.239825757682439, 13.142185675148953 ], [ 80.239820251060138, 13.142173240723961 ], [ 80.23981986622384, 13.142163984298222 ], [ 80.239788194806465, 13.141866072198884 ], [ 80.239750355926873, 13.141523762406612 ], [ 80.239702246163461, 13.141144148813471 ], [ 80.239686486131788, 13.141019790560494 ], [ 80.239647312345312, 13.14098258575809 ], [ 80.239646181296706, 13.140974772020677 ], [ 80.239550270445704, 13.140312042656101 ], [ 80.239546814072284, 13.140288166339955 ], [ 80.239546412277207, 13.140284420901004 ], [ 80.239546566547915, 13.140283458394867 ], [ 80.23954620131866, 13.140276526698509 ], [ 80.239538127399868, 13.140123172090735 ], [ 80.239542409875966, 13.140096585293559 ], [ 80.239554082426821, 13.140024145365775 ], [ 80.23962238042833, 13.139600254167542 ], [ 80.239622830037632, 13.139597458837118 ], [ 80.239531756446809, 13.138932136044845 ], [ 80.239247735735262, 13.137957677735953 ], [ 80.239139822302491, 13.137611440703429 ], [ 80.239022626772737, 13.137354809438264 ], [ 80.239004154655703, 13.137314357379667 ], [ 80.238988373745798, 13.137244855325594 ], [ 80.238962101379428, 13.137129145239733 ], [ 80.238916107450919, 13.136905402934778 ], [ 80.238888369709514, 13.136745188789781 ], [ 80.23887547886045, 13.13667703981187 ], [ 80.238919632675263, 13.136180343300168 ], [ 80.238918736919175, 13.13614946978945 ], [ 80.23931189901451, 13.136137889130941 ], [ 80.239317238746324, 13.136131966200601 ], [ 80.239308636330549, 13.136055317871831 ], [ 80.239305167010542, 13.136032669401034 ], [ 80.239304606449096, 13.135978311442781 ], [ 80.239310275155859, 13.135977308280159 ], [ 80.239320325765533, 13.135975534142787 ], [ 80.239323051687322, 13.135970546552839 ], [ 80.239300391453199, 13.135579369332959 ], [ 80.239311737973551, 13.135579493305945 ], [ 80.23932351276062, 13.13575755866853 ], [ 80.239530012204668, 13.135739192998267 ], [ 80.239798477939914, 13.135736794749132 ], [ 80.239914477044096, 13.13572531344008 ], [ 80.239955347884347, 13.135725251558322 ], [ 80.240078305616009, 13.135727413267977 ], [ 80.240256259922845, 13.135729819640762 ], [ 80.24057188760878, 13.13572227216766 ], [ 80.24083740095341, 13.135717516837389 ], [ 80.241135369928287, 13.135723909808426 ], [ 80.241358134777357, 13.13571898080539 ], [ 80.241383205971331, 13.135718426332966 ], [ 80.241399107863543, 13.135718073577374 ], [ 80.2414005398131, 13.135718043441086 ], [ 80.241630569426889, 13.135707004308687 ], [ 80.241693909010593, 13.135703630335122 ], [ 80.241881091252012, 13.135693660906425 ], [ 80.241951350455039, 13.135689917556391 ], [ 80.242202752254698, 13.135685047795908 ], [ 80.242369109232854, 13.135677976979766 ], [ 80.242372791436267, 13.135662883316966 ], [ 80.242375665437862, 13.135651103845703 ], [ 80.242380013398872, 13.135612655989791 ], [ 80.242385165142807, 13.135588581710328 ], [ 80.242403186413313, 13.135542428825431 ], [ 80.242422665543856, 13.135510961579335 ], [ 80.24243132692817, 13.135481129800999 ], [ 80.242436361906201, 13.135454213304101 ], [ 80.242453726299203, 13.135340046146004 ], [ 80.242456798248824, 13.13531124495853 ], [ 80.242467416013525, 13.135211734755787 ], [ 80.242472683234013, 13.135089803848878 ], [ 80.242469638704264, 13.135019987728853 ], [ 80.242463887159758, 13.134949618409802 ], [ 80.242455515342343, 13.134879894200056 ], [ 80.242443601768301, 13.134815873142401 ], [ 80.242434205584843, 13.1347498594273 ], [ 80.242427631663901, 13.134683521280753 ], [ 80.242424256560142, 13.134623432375603 ], [ 80.242423950366245, 13.13461798191519 ], [ 80.242421428315112, 13.134587493307754 ], [ 80.242409474578366, 13.134442993711938 ], [ 80.242393930880993, 13.134238075449812 ], [ 80.242389075972284, 13.134174071559158 ], [ 80.242373701659005, 13.13398101677755 ], [ 80.242365965777793, 13.133873602330995 ], [ 80.242381766379282, 13.133843357560853 ], [ 80.242359406678091, 13.133746470039954 ], [ 80.242332414453998, 13.133632816928218 ], [ 80.242281773810006, 13.133444224440161 ], [ 80.242266031369994, 13.133308676014842 ], [ 80.242173419644018, 13.132511248562258 ], [ 80.24215219942181, 13.13236925700236 ], [ 80.242011198021174, 13.13142574417776 ], [ 80.241912900927588, 13.1308448409573 ], [ 80.241902134110532, 13.130781210244344 ], [ 80.241880864168976, 13.130655510227731 ], [ 80.2418738372468, 13.130618719690052 ], [ 80.241921158807628, 13.130607821643009 ], [ 80.242056292549066, 13.130576702321237 ], [ 80.242066675551115, 13.130576569245246 ], [ 80.242074974388302, 13.130576462581013 ], [ 80.242078448918932, 13.130576418563399 ], [ 80.242088344789494, 13.130577493859469 ], [ 80.242099616677436, 13.130578717878562 ], [ 80.242117186447771, 13.130582812264814 ], [ 80.242151760300075, 13.130585334610258 ], [ 80.242178174766622, 13.130584907863479 ], [ 80.242189151578557, 13.130583978130527 ], [ 80.242200386776801, 13.130583026553234 ], [ 80.242213821969443, 13.13058067905364 ], [ 80.242222103696164, 13.130579232322988 ], [ 80.242243380847384, 13.130573535281838 ], [ 80.242274748821984, 13.130558586430267 ], [ 80.242303907789903, 13.130544962943855 ], [ 80.242318601874544, 13.130535526669767 ], [ 80.242319981062522, 13.13053464100657 ], [ 80.242327460299421, 13.130529835551833 ], [ 80.242321377294715, 13.130522777608345 ], [ 80.242367078703623, 13.130501072334571 ], [ 80.24236692974489, 13.130500910045781 ], [ 80.24232123480499, 13.130522611721819 ], [ 80.242320890185411, 13.130522775269897 ], [ 80.242172360085675, 13.130350409557316 ], [ 80.242131658861808, 13.130311382344361 ], [ 80.242099312775409, 13.130280365549861 ], [ 80.242094211207615, 13.130275475125721 ], [ 80.241991725561434, 13.13017720505211 ], [ 80.241971894236116, 13.130158190268089 ], [ 80.241966180968262, 13.130152712123872 ], [ 80.24192160534875, 13.130109969900609 ], [ 80.241890981935157, 13.130085509925935 ], [ 80.241887648562724, 13.130082847208968 ], [ 80.241885290720788, 13.130080964066103 ], [ 80.241850187109748, 13.130050559394258 ], [ 80.241824627155111, 13.130026571850708 ], [ 80.241816351564637, 13.13001880487996 ], [ 80.241783837441304, 13.129985750411437 ], [ 80.241752696242074, 13.129951448583999 ], [ 80.241722977612994, 13.129915955604288 ], [ 80.241694730280173, 13.129879326772006 ], [ 80.241667998345818, 13.12984162099 ], [ 80.241637899950561, 13.129796706115194 ], [ 80.241631303424199, 13.129792253426594 ], [ 80.241623822782543, 13.129790002550276 ], [ 80.241623648579989, 13.129789949593825 ], [ 80.241608564641254, 13.129792349169769 ], [ 80.24160802929137, 13.129792434394417 ], [ 80.24167573761531, 13.12966814579584 ], [ 80.241693618917168, 13.129635322097624 ], [ 80.241711186573639, 13.12962083356568 ], [ 80.24167244829539, 13.129537749933817 ], [ 80.241664418569954, 13.129530440300002 ], [ 80.241638739868264, 13.129458875661893 ], [ 80.241625295586914, 13.129416390598866 ], [ 80.241570318814397, 13.129242657340241 ], [ 80.241562556781162, 13.12922507959393 ], [ 80.241552007670478, 13.129201191421327 ], [ 80.241510478226985, 13.129067764126416 ], [ 80.241512694920544, 13.129028148099806 ], [ 80.241595711583884, 13.128706745739006 ], [ 80.241573679302164, 13.12865160200646 ], [ 80.241469087203726, 13.12838982156549 ], [ 80.241467534861911, 13.128375883404271 ], [ 80.241467452737695, 13.128374686013123 ], [ 80.241468022894992, 13.128375883938459 ], [ 80.241464975878756, 13.128331618416702 ], [ 80.24145997502383, 13.128259042335527 ], [ 80.241457024424818, 13.128186360177029 ], [ 80.241456129448764, 13.128113626208465 ], [ 80.241457288071217, 13.128040898292035 ], [ 80.241459625773984, 13.127970559106583 ], [ 80.241461621177891, 13.127898123900829 ], [ 80.241468257207487, 13.127657249738963 ], [ 80.241470353584646, 13.127336598962541 ], [ 80.241472960413219, 13.127070577301895 ], [ 80.241474167895859, 13.126947332356691 ], [ 80.241474607556682, 13.126941147175657 ], [ 80.241476270825871, 13.126917723577105 ], [ 80.24147658100874, 13.126914349145155 ], [ 80.241476741455443, 13.126914073839641 ], [ 80.241510739167538, 13.126949357014215 ], [ 80.241639516575475, 13.126980729432855 ], [ 80.241679864895929, 13.126987534804282 ], [ 80.241720575338761, 13.126991777853902 ], [ 80.24176147821224, 13.126993439093631 ], [ 80.241772842141444, 13.126993175091066 ], [ 80.241773330188451, 13.126993170199423 ], [ 80.241818775055847, 13.126989033572203 ], [ 80.24196035589452, 13.126958978426901 ], [ 80.241961537237501, 13.126958824576759 ], [ 80.242183058382551, 13.126929983060117 ], [ 80.242229722337697, 13.126923907745455 ], [ 80.24226528997724, 13.126919277204838 ], [ 80.242311005180355, 13.126911212573598 ], [ 80.242443541961435, 13.126887832400744 ], [ 80.242448793219197, 13.126886905688666 ], [ 80.242508489106172, 13.126873929008021 ], [ 80.242510499569136, 13.126873858972594 ], [ 80.242512405454818, 13.126874498419706 ], [ 80.242513948704854, 13.126875763404286 ], [ 80.24251493056434, 13.126877485161822 ], [ 80.242515217956424, 13.126879437252784 ], [ 80.242514958912281, 13.126880879580042 ], [ 80.24248282968675, 13.126979142972058 ], [ 80.242471244189389, 13.127015891383513 ], [ 80.242436557547663, 13.127125914387547 ], [ 80.242434385960465, 13.127132803359917 ], [ 80.242416225423995, 13.127188808872612 ], [ 80.242442791834335, 13.127197086273849 ], [ 80.242442942068422, 13.127197132829798 ], [ 80.242629845624649, 13.127172126800263 ], [ 80.242726561812788, 13.127159186667654 ], [ 80.242727063889504, 13.127159119426285 ], [ 80.242701629752517, 13.12729019576075 ], [ 80.242698300106056, 13.127342949153585 ], [ 80.242697953676839, 13.127395810784744 ], [ 80.242700590998524, 13.127448607051139 ], [ 80.242712990039095, 13.12764502758993 ], [ 80.24273291111021, 13.127643434245241 ], [ 80.242733285759712, 13.127643404605035 ], [ 80.242720918327819, 13.127447502261084 ], [ 80.242718315821079, 13.127395386049102 ], [ 80.24272136322034, 13.127353456806015 ], [ 80.242727368865687, 13.127290270586846 ], [ 80.24275485384284, 13.12716913101808 ], [ 80.242762922621054, 13.127135362407596 ], [ 80.242777191109582, 13.127075644559966 ], [ 80.242778472587275, 13.127075930437737 ], [ 80.242904240314246, 13.127103871015553 ], [ 80.24304870664244, 13.127135967033324 ], [ 80.24323478537147, 13.127196553430061 ], [ 80.243375761229245, 13.127236966611063 ], [ 80.243377538942454, 13.127237888687192 ], [ 80.243378861040625, 13.127239371831159 ], [ 80.243379554676707, 13.127241222037862 ], [ 80.243379531428829, 13.127243090933575 ], [ 80.243379530188065, 13.127243194911973 ], [ 80.243379507728676, 13.127243298827979 ], [ 80.243397804310106, 13.127235922870049 ], [ 80.243398386418761, 13.127234423623115 ], [ 80.243399673415496, 13.127232906556003 ], [ 80.243415679113482, 13.127219859102029 ], [ 80.243423128560394, 13.127210578676062 ], [ 80.243463970720072, 13.127098839371024 ], [ 80.243478856233637, 13.127058114930403 ], [ 80.243572057241167, 13.126779264881652 ], [ 80.243661677089193, 13.126464688686738 ], [ 80.24371044009348, 13.126334234128885 ], [ 80.243711658153615, 13.126332329863159 ], [ 80.243713298267025, 13.126331184550166 ], [ 80.243715246369959, 13.126330689351757 ], [ 80.243727350396526, 13.126296264359084 ], [ 80.244650610751435, 13.12367047468687 ], [ 80.244678037165599, 13.123632078162373 ], [ 80.244677641828659, 13.123631935948554 ], [ 80.244674380543302, 13.123630758164243 ], [ 80.244672515453303, 13.123627339367147 ], [ 80.244672631246857, 13.123625371280648 ], [ 80.24468736545731, 13.123566381613808 ], [ 80.244694472913679, 13.123537927647405 ], [ 80.244712674034616, 13.123481957300564 ], [ 80.244737864451693, 13.123404499437163 ], [ 80.244765137622764, 13.123340442382068 ], [ 80.244766951275039, 13.123337141071625 ], [ 80.244777170308694, 13.12332293273454 ], [ 80.244782833183464, 13.123317695989511 ], [ 80.244790810934191, 13.123312388274146 ], [ 80.244799801659099, 13.123308281584459 ], [ 80.244863827234681, 13.123288276058956 ], [ 80.244864150245917, 13.123288236317718 ], [ 80.244875743090674, 13.123284553185774 ], [ 80.244905707259321, 13.123275190452276 ], [ 80.244900583577959, 13.123259438864512 ], [ 80.244898456854898, 13.123257711949332 ], [ 80.24485959890967, 13.123216770086666 ], [ 80.245069142896767, 13.123148001414332 ], [ 80.245174769551497, 13.123113779107436 ], [ 80.245178689617362, 13.123112509359848 ], [ 80.245196520132154, 13.123105377827134 ], [ 80.245214972687322, 13.123099978740674 ], [ 80.245233872761588, 13.123096364936087 ], [ 80.245253039436619, 13.123094569338038 ], [ 80.245253527456924, 13.123094570768666 ], [ 80.245272289998766, 13.12309460859054 ], [ 80.245272778941612, 13.123094610023836 ], [ 80.245279552637058, 13.123093876688115 ], [ 80.245286373755448, 13.123095137235154 ], [ 80.245292681432375, 13.123098378266377 ], [ 80.245297725713314, 13.123103273882652 ], [ 80.245297372101277, 13.123102458168878 ], [ 80.245298214656174, 13.123103275315898 ], [ 80.245286107648312, 13.123075320177586 ], [ 80.245195429871018, 13.122794567586734 ], [ 80.245206180997812, 13.122783133947186 ], [ 80.245398722851377, 13.122578355355744 ], [ 80.245424363720204, 13.122561187555702 ], [ 80.245425795656871, 13.122560229691668 ], [ 80.245588043353976, 13.122514364379345 ], [ 80.245628065955032, 13.122509808779176 ], [ 80.245731889569257, 13.122497990445293 ], [ 80.245849455579858, 13.122501217394502 ], [ 80.245849943557701, 13.122501232386711 ], [ 80.245807833219118, 13.12225105643882 ], [ 80.245808985223846, 13.122250834669329 ], [ 80.245810766669564, 13.122249919419579 ], [ 80.245812099635231, 13.122248440448464 ], [ 80.245812784118087, 13.122246638589546 ], [ 80.245812801789526, 13.122246591623316 ], [ 80.245738951182162, 13.121871004334247 ], [ 80.245729984328094, 13.121829792102012 ], [ 80.245729855237002, 13.121829166022701 ], [ 80.24564753070814, 13.121500980587204 ], [ 80.24564041077268, 13.121486395900812 ], [ 80.245623145438302, 13.121453750989961 ], [ 80.245604582343859, 13.121425563561417 ], [ 80.245598734452699, 13.121419795764451 ], [ 80.24558746784443, 13.12140063456442 ], [ 80.245578557959888, 13.121380682771136 ], [ 80.245571438855492, 13.121362198303565 ], [ 80.245484623113768, 13.120995512713426 ], [ 80.245395091927293, 13.120565232709755 ], [ 80.24514578629217, 13.120571429942 ], [ 80.245145834266651, 13.120539987695922 ], [ 80.245143567844679, 13.120539606716509 ], [ 80.245141864370197, 13.120538554668146 ], [ 80.245140105558548, 13.120535079221916 ], [ 80.245118964414914, 13.120387075094609 ], [ 80.245114686145925, 13.120272658703477 ], [ 80.245071850768923, 13.119902168679927 ], [ 80.245068446889675, 13.119887574077312 ], [ 80.245068363358669, 13.11988713439492 ], [ 80.245068445023392, 13.119885162590617 ], [ 80.245069240234244, 13.11988335201597 ], [ 80.245070643103546, 13.119881938354792 ], [ 80.245072470395343, 13.119881110046128 ], [ 80.245299086006753, 13.119824314652373 ], [ 80.245603174417766, 13.119756396592514 ], [ 80.245654608246952, 13.119743978983173 ], [ 80.24582182355249, 13.119703608279199 ], [ 80.245882071097682, 13.119692437094752 ], [ 80.245941931277557, 13.119679416591973 ], [ 80.246001343171301, 13.119664557443 ], [ 80.246040510666731, 13.119653465554038 ], [ 80.246060250454292, 13.119647875758631 ], [ 80.246065630363375, 13.119644638223907 ], [ 80.246069768316815, 13.119639963003575 ], [ 80.246072281996319, 13.119634281182508 ], [ 80.246072937317464, 13.119628120123975 ], [ 80.246071675348105, 13.119622049296805 ], [ 80.246023675772861, 13.119419369617349 ], [ 80.246021076096369, 13.119406653578485 ], [ 80.246000031459488, 13.119258914699694 ], [ 80.24598987286906, 13.119220077008459 ], [ 80.245984486853388, 13.119215332311507 ], [ 80.245977834737815, 13.119212532442621 ], [ 80.245970616741275, 13.119211973314519 ], [ 80.245949208628161, 13.119215585271718 ], [ 80.24590979643213, 13.119222235039752 ], [ 80.245877895219664, 13.119228659047099 ], [ 80.245849322683355, 13.119234412845197 ], [ 80.245789302566479, 13.119248487152355 ], [ 80.245724561991594, 13.119265849731008 ], [ 80.245720932784209, 13.119266449431514 ], [ 80.245717252270595, 13.11926632743601 ], [ 80.24571367171913, 13.119265492325274 ], [ 80.245710329416809, 13.119263974342697 ], [ 80.245707359858514, 13.119261837175689 ], [ 80.245704882723643, 13.119259162552144 ], [ 80.245702997313515, 13.119256059266041 ], [ 80.245702030700429, 13.119253574426182 ], [ 80.245618591982421, 13.118980004358111 ], [ 80.24561820062948, 13.118978860312291 ], [ 80.24561657394662, 13.118975620346246 ], [ 80.245614320632896, 13.118972760113913 ], [ 80.245611534426743, 13.118970397434916 ], [ 80.245608323909607, 13.118968623046547 ], [ 80.245604818013504, 13.118967509661866 ], [ 80.245601156823341, 13.118967102900864 ], [ 80.24559748421332, 13.118967415843674 ], [ 80.2454037806164, 13.119003334333357 ], [ 80.245335087413039, 13.119015439109653 ], [ 80.244899201754393, 13.119136076435034 ], [ 80.244897196549744, 13.119136257723513 ], [ 80.244895259949402, 13.1191357239969 ], [ 80.244893645422508, 13.119134549237966 ], [ 80.244892565612787, 13.119132884166151 ], [ 80.244892270564534, 13.119131924857056 ], [ 80.244817014982999, 13.11916591702486 ], [ 80.244750868051199, 13.118843738313334 ], [ 80.244718448293781, 13.118710889703166 ], [ 80.244657750844567, 13.118462167270499 ], [ 80.244653497976842, 13.11844525544042 ], [ 80.244653439625907, 13.118445029221167 ], [ 80.244641226142505, 13.118396440073878 ], [ 80.244590941211996, 13.118196409995639 ], [ 80.244495178611615, 13.117738716219003 ], [ 80.244495074692992, 13.117738307219179 ], [ 80.244484282832488, 13.117679761650932 ], [ 80.244426937341331, 13.117343728420481 ], [ 80.244372366281468, 13.116967423348145 ], [ 80.244338009959122, 13.116783717226173 ], [ 80.244337895191862, 13.116783235859067 ], [ 80.244337011298839, 13.116781462857007 ], [ 80.244335538449889, 13.116780119426938 ], [ 80.244333672612242, 13.116779378844527 ], [ 80.244331659789509, 13.116779342196851 ], [ 80.244250548454701, 13.116710727377628 ], [ 80.244207117125924, 13.116462490425254 ], [ 80.24420522058621, 13.116455190739469 ], [ 80.244205614406212, 13.116447670821691 ], [ 80.244208259639009, 13.116440600564294 ], [ 80.244212920028559, 13.116434614017086 ], [ 80.244219180650589, 13.116430247052916 ], [ 80.244226477576348, 13.116427890436581 ], [ 80.244234160705503, 13.116427756554193 ], [ 80.244242483458805, 13.116427215853239 ], [ 80.24425040830593, 13.116424659443622 ], [ 80.244257432916029, 13.116420244989424 ], [ 80.244263114543088, 13.116414254203971 ], [ 80.244267091323664, 13.116407066690728 ], [ 80.244269113711326, 13.116399137430644 ], [ 80.244269051942183, 13.116390968774141 ], [ 80.24426704798438, 13.116366886056024 ], [ 80.244263699429098, 13.116333298137807 ], [ 80.244255110450581, 13.116213796553607 ], [ 80.244252863607528, 13.11614207483443 ], [ 80.244249982326195, 13.116050032238583 ], [ 80.244248089540662, 13.115793507257104 ], [ 80.244247849539306, 13.11579264937841 ], [ 80.244245653908379, 13.115784810820683 ], [ 80.244198397970067, 13.115662524799742 ], [ 80.244151616547185, 13.115495741230786 ], [ 80.244141147290605, 13.115461195673095 ], [ 80.24406754555379, 13.11521836313335 ], [ 80.243989699446416, 13.115006644044616 ], [ 80.243900600444917, 13.114730081193491 ], [ 80.243888631810151, 13.114692936193636 ], [ 80.243871813423468, 13.114640733002782 ], [ 80.243780884441037, 13.1142687534399 ], [ 80.243758570443404, 13.114181316714026 ], [ 80.243747714248642, 13.114138785986235 ], [ 80.243713152116143, 13.114003354023611 ], [ 80.243676189348363, 13.113826361934636 ], [ 80.243676152945753, 13.113826199073094 ], [ 80.243670375445632, 13.113798976765338 ], [ 80.243670261338707, 13.113797978201744 ], [ 80.243625852289625, 13.113585320973749 ], [ 80.243564839436786, 13.113240051311642 ], [ 80.24355376702006, 13.113163549425117 ], [ 80.24354626855542, 13.113111745202378 ], [ 80.243610036078053, 13.113085071568468 ], [ 80.243612039214327, 13.113085249245868 ], [ 80.243815275792343, 13.113066638964206 ], [ 80.244320249927554, 13.113037359927375 ], [ 80.244357701005683, 13.113035187587132 ], [ 80.244400621652503, 13.113032699443393 ], [ 80.24476540937016, 13.113015158001918 ], [ 80.244988332037565, 13.113006243188339 ], [ 80.245328585235242, 13.112995214284698 ], [ 80.245720782946194, 13.112981714847164 ], [ 80.246032059011128, 13.112974127433656 ], [ 80.246138204140948, 13.112974147785682 ], [ 80.246364205573059, 13.112974194105812 ], [ 80.246671089438209, 13.112970299358944 ], [ 80.247008047231674, 13.11295084959745 ], [ 80.247230381606983, 13.112927275951611 ], [ 80.247276715448663, 13.112920253727006 ], [ 80.247315302748675, 13.112914230601957 ], [ 80.247353460456239, 13.112905986421426 ], [ 80.247391054728652, 13.112895547016194 ], [ 80.247394875910359, 13.112894277840349 ], [ 80.247451573925602, 13.112891553650591 ], [ 80.247453441349066, 13.112891463260533 ], [ 80.247454329021195, 13.112891389901042 ], [ 80.247481855558348, 13.112886860722142 ], [ 80.247551066298513, 13.112874465636052 ], [ 80.247647985379459, 13.112860853021157 ], [ 80.247687196349531, 13.112856323579733 ], [ 80.247689974062794, 13.112856002564017 ], [ 80.247709294904567, 13.112852995571107 ], [ 80.247826094882484, 13.112834821412109 ], [ 80.247895465789227, 13.112824961153644 ], [ 80.247922736451258, 13.112821147301119 ], [ 80.24802765862465, 13.112809831044464 ], [ 80.248033749146757, 13.11280917429179 ], [ 80.248120225349751, 13.112796805930904 ], [ 80.248305710785402, 13.112770275598411 ], [ 80.248312282139466, 13.112823317583249 ], [ 80.248313891584814, 13.112823120643629 ], [ 80.24831590045163, 13.11282323500766 ], [ 80.248317735619878, 13.112824045093966 ], [ 80.248319153869133, 13.112825445306457 ], [ 80.248319963880391, 13.112827250631538 ], [ 80.248320054757087, 13.112827702993441 ], [ 80.248332067552269, 13.112906703069539 ], [ 80.248376832288812, 13.113307334430463 ], [ 80.248376782454343, 13.113308859659533 ], [ 80.248376080350695, 13.113310707591188 ], [ 80.248374752980283, 13.113312188404539 ], [ 80.248372971609243, 13.113313103676653 ], [ 80.248332641212002, 13.11332534634065 ], [ 80.24811842916526, 13.113388105246861 ], [ 80.24808482002048, 13.113397953289168 ], [ 80.247997534361431, 13.113427696053453 ], [ 80.247911011732754, 13.113459518850906 ], [ 80.247825305697788, 13.113493401946309 ], [ 80.247818517927954, 13.11349521221665 ], [ 80.247811497073656, 13.113494795682165 ], [ 80.247804982857858, 13.113492194287041 ], [ 80.247799662629177, 13.113487684912934 ], [ 80.24779609767171, 13.113481742995978 ], [ 80.247835570958046, 13.113606456089732 ], [ 80.247844807585651, 13.113784789991223 ], [ 80.247871288281189, 13.114117158364243 ], [ 80.247888265722636, 13.114341326718971 ], [ 80.247898254929609, 13.114471771304665 ], [ 80.247925282844122, 13.114857239108375 ], [ 80.247926372173495, 13.114872772713007 ], [ 80.247959986728858, 13.115229755945773 ], [ 80.247962720942454, 13.115263794146893 ], [ 80.247971671379929, 13.11535115359414 ], [ 80.248053164700195, 13.115345583853657 ], [ 80.248112465210312, 13.115351215560946 ], [ 80.248241603824596, 13.115363485311503 ], [ 80.248308533877733, 13.115366574042588 ], [ 80.248487764675616, 13.115374701246962 ], [ 80.248595640045338, 13.115382500845779 ], [ 80.248645241679611, 13.115385567877921 ], [ 80.24888276542184, 13.115411568934537 ], [ 80.248888837745369, 13.115412065862717 ], [ 80.249160681057703, 13.115434372735933 ], [ 80.249211557956571, 13.115438548301402 ], [ 80.249380891246886, 13.115452443730534 ], [ 80.249469764859654, 13.115455948737292 ], [ 80.249509473425192, 13.1154575147531 ], [ 80.249606142276875, 13.115461328148548 ], [ 80.249715320077584, 13.11546799540884 ], [ 80.249792238068295, 13.115472060442174 ], [ 80.249824572553038, 13.115473768593128 ], [ 80.249902994986954, 13.115479415792636 ], [ 80.249981543677094, 13.115483584979433 ], [ 80.250078673606438, 13.115486553215566 ], [ 80.250138815070628, 13.115487473346736 ], [ 80.2502493706846, 13.11548698498688 ], [ 80.250359902570779, 13.115484585044939 ], [ 80.250470378433391, 13.115480275235248 ], [ 80.250580756751631, 13.115474057245335 ], [ 80.250691005229697, 13.11546593278962 ], [ 80.250757915323234, 13.11546345642037 ], [ 80.250824434834541, 13.115458965258096 ], [ 80.250891313967571, 13.115452088052598 ], [ 80.250957656720601, 13.115443208288893 ], [ 80.251023670086468, 13.115432209928136 ], [ 80.251089280224676, 13.115419105414542 ], [ 80.251226044201374, 13.115382725801616 ], [ 80.251315773016685, 13.11533927244191 ], [ 80.251377770803998, 13.115306872705748 ], [ 80.251423645974654, 13.11527655005489 ], [ 80.25144326001174, 13.115263585753828 ], [ 80.251452502084476, 13.115257377288129 ], [ 80.251541391577106, 13.115203776349841 ], [ 80.251813282922129, 13.115044862901112 ], [ 80.252161364101866, 13.114843561090556 ], [ 80.252253127688348, 13.114790623773594 ], [ 80.252316989198832, 13.114753783283737 ], [ 80.252321399113271, 13.114751239021716 ], [ 80.252346515842348, 13.11473674987049 ], [ 80.252352240782045, 13.114733447188723 ], [ 80.252355601815438, 13.114731508404693 ], [ 80.252391174061302, 13.114710987874806 ], [ 80.252517396799789, 13.114635533848121 ], [ 80.252556814933399, 13.114611970988966 ], [ 80.252627413042077, 13.114569769102483 ], [ 80.252601878129241, 13.114465839274484 ], [ 80.252590960695272, 13.114212439720356 ], [ 80.252632215145425, 13.114016989420682 ], [ 80.25261552656589, 13.113703371862119 ], [ 80.252600783926525, 13.113178534728748 ], [ 80.252599261931607, 13.113132662344707 ], [ 80.252588510008067, 13.112808558868378 ], [ 80.25258715196432, 13.112790877929692 ], [ 80.252587146620442, 13.112790814620574 ], [ 80.252582005389201, 13.112723945385865 ], [ 80.25254156839182, 13.112197854612003 ], [ 80.252539945014703, 13.112134234403921 ], [ 80.252532412625627, 13.111838862885078 ], [ 80.252514315238074, 13.111477675144208 ], [ 80.252513766750155, 13.111460739800224 ], [ 80.252510880706978, 13.11137168455407 ], [ 80.252498282153496, 13.110982763026319 ], [ 80.252493049718467, 13.110893561724843 ], [ 80.252490452384421, 13.110889756573661 ], [ 80.252490209917383, 13.110889401426068 ], [ 80.252489584332849, 13.110889444821039 ], [ 80.252174769245656, 13.11091076191272 ], [ 80.252171877132653, 13.110870173275528 ], [ 80.252487055181859, 13.110848394290061 ], [ 80.252490067288349, 13.110844983364395 ], [ 80.252490191333337, 13.110844840861498 ], [ 80.252490150889102, 13.110844181586431 ], [ 80.252490136951067, 13.110843909383464 ], [ 80.252482983166161, 13.110721948967731 ], [ 80.252477576995489, 13.110629795870029 ], [ 80.252473402352706, 13.110286815563782 ], [ 80.252473013373276, 13.110284878555044 ], [ 80.252471942784553, 13.110283209019032 ], [ 80.252470335689807, 13.110282022574937 ], [ 80.252467767329819, 13.110281455428185 ], [ 80.252129385148947, 13.110287488355574 ], [ 80.252128406421448, 13.110234644393287 ], [ 80.252467061567074, 13.110228618584655 ], [ 80.252469126555141, 13.110228166148218 ], [ 80.252470731951348, 13.110227165340898 ], [ 80.252471930443889, 13.110225581051981 ], [ 80.252472044177665, 13.110225187153102 ], [ 80.252472473070156, 13.11022368200922 ], [ 80.252465300209039, 13.10992411784129 ], [ 80.252192261698212, 13.109929794281658 ], [ 80.252187356418645, 13.109895407999316 ], [ 80.252465409411982, 13.109887950377791 ], [ 80.252441173068789, 13.10953862770759 ], [ 80.252440684388404, 13.109536714822797 ], [ 80.252439528773223, 13.10953509838756 ], [ 80.252437860545399, 13.109533995856212 ], [ 80.252435898830399, 13.109533548918748 ], [ 80.252435693072371, 13.109533868406743 ], [ 80.252435328718533, 13.109533552690138 ], [ 80.252083132446685, 13.10955358858091 ], [ 80.252081033007997, 13.109518113651854 ], [ 80.252185488189326, 13.109512170602798 ], [ 80.252187443447994, 13.109511700670209 ], [ 80.252188345655384, 13.109511086627567 ], [ 80.252189098103514, 13.109510577036907 ], [ 80.252189457589608, 13.109510060880805 ], [ 80.252190232156693, 13.109508947352412 ], [ 80.252190484384528, 13.109507902835496 ], [ 80.252190698867551, 13.109506527273867 ], [ 80.252189581799996, 13.109480542908123 ], [ 80.252187249422249, 13.109426282662577 ], [ 80.252184487808819, 13.109362035247326 ], [ 80.252181620971911, 13.109295364285231 ], [ 80.252179716172023, 13.109251029718568 ], [ 80.252212283560254, 13.10924958708797 ], [ 80.252212825715702, 13.109269529766689 ], [ 80.252214302078244, 13.109323773061925 ], [ 80.252216275566525, 13.109396374756086 ], [ 80.252219295850239, 13.109505400441369 ], [ 80.252219983965716, 13.109507254228348 ], [ 80.252221302318901, 13.109508744549467 ], [ 80.252223078078032, 13.109509673788827 ], [ 80.252225073608045, 13.109509920094828 ], [ 80.252225624429599, 13.109509889142105 ], [ 80.252432986569374, 13.109498092428577 ], [ 80.252434942752785, 13.109497621592567 ], [ 80.252436595564944, 13.109496497048072 ], [ 80.252437731455984, 13.109494869176118 ], [ 80.252438191128547, 13.109492335148062 ], [ 80.252434969553903, 13.109442305761469 ], [ 80.252409048441237, 13.108841348080992 ], [ 80.252407022282867, 13.108774865818672 ], [ 80.252404818410113, 13.108690249418279 ], [ 80.252391707752622, 13.108369829927266 ], [ 80.252391691437623, 13.108369428417548 ], [ 80.252396310353191, 13.108370034063231 ], [ 80.253383136166249, 13.108497832696358 ], [ 80.254541662380348, 13.108648349404612 ], [ 80.255514208457924, 13.108776274999546 ], [ 80.255953204957734, 13.10883433706713 ], [ 80.256722018058539, 13.108933897549242 ], [ 80.257067798240698, 13.108978477687842 ], [ 80.257206036886714, 13.108993062980103 ], [ 80.258616816115335, 13.109181701423227 ], [ 80.258947423926585, 13.109222592420817 ], [ 80.25941258489199, 13.10928012442524 ], [ 80.259681642123098, 13.109313402406498 ], [ 80.261483939917611, 13.109559802155951 ], [ 80.26168492340507, 13.109565812254617 ], [ 80.261866581449183, 13.109571244220062 ], [ 80.262563503790034, 13.109592081056842 ], [ 80.264109931908266, 13.109617228442472 ], [ 80.264754341728505, 13.109640274791703 ], [ 80.264753402951982, 13.109643893421495 ], [ 80.264757733103266, 13.109634899071251 ], [ 80.265223883540116, 13.109665478444789 ], [ 80.265268811010131, 13.109494165382753 ], [ 80.265877703448027, 13.109318518859522 ], [ 80.266336438456207, 13.109138669311436 ], [ 80.266691269220303, 13.108939653594856 ], [ 80.267080964829063, 13.108669028239916 ], [ 80.267416787772262, 13.108386927668162 ], [ 80.267495975676297, 13.108315405584595 ], [ 80.267733368907713, 13.108100997826194 ], [ 80.268169768354284, 13.107660669753811 ], [ 80.268676691421604, 13.10721030724814 ], [ 80.268951907670413, 13.10694733259214 ], [ 80.269172448274801, 13.106737280811972 ], [ 80.269439610181607, 13.106483687299097 ], [ 80.269636189034571, 13.106296894562821 ], [ 80.269685422915074, 13.106250287025023 ], [ 80.270028540676805, 13.105914806844266 ], [ 80.270180566919137, 13.105757906848801 ], [ 80.270329507172292, 13.105583818253439 ], [ 80.270408588211382, 13.105481596440562 ], [ 80.270611994226712, 13.105187822094091 ], [ 80.270832346949859, 13.10489236485515 ], [ 80.271251850629554, 13.105239447607273 ], [ 80.27129447616727, 13.10527470886503 ], [ 80.271390294442583, 13.105400683158603 ], [ 80.271431551434176, 13.105475331022067 ], [ 80.271440610866193, 13.105491724423894 ], [ 80.271444517995803, 13.105498793638253 ], [ 80.271480360216017, 13.105668093944359 ], [ 80.271480717861451, 13.105672265117628 ], [ 80.27148240670401, 13.105679866964525 ], [ 80.271489320149186, 13.105765042993188 ], [ 80.271498179746189, 13.105874151416248 ], [ 80.271533771857762, 13.106042262891227 ], [ 80.271636443808802, 13.106261972105989 ], [ 80.271642112768802, 13.106274104381271 ], [ 80.272003898435855, 13.106827248879952 ], [ 80.272063471765108, 13.106880883277945 ], [ 80.272096379928286, 13.106910595036192 ], [ 80.272105155933062, 13.106893828856546 ], [ 80.272107328225673, 13.106888549047598 ], [ 80.272121640104672, 13.106857334039576 ], [ 80.272108793122129, 13.106888553184367 ], [ 80.272074811062652, 13.106954601134047 ], [ 80.272032892159487, 13.107034684233437 ], [ 80.272011153429972, 13.107076215054008 ], [ 80.271956053755233, 13.107181477191933 ], [ 80.27192585160843, 13.107239175576042 ], [ 80.271896578996405, 13.107295099831882 ], [ 80.271809146090462, 13.107462131314845 ], [ 80.27177770167701, 13.107522204208596 ], [ 80.2714464841889, 13.108096198057456 ], [ 80.271168906803922, 13.108577233283325 ], [ 80.270920054106966, 13.108981116429318 ], [ 80.270907135568365, 13.10900208259309 ], [ 80.270888157720975, 13.109032883754674 ], [ 80.270847734544958, 13.109098488305253 ], [ 80.270833841794754, 13.109121035863032 ], [ 80.270781387091006, 13.109206168681808 ], [ 80.270759444902453, 13.109241780818985 ], [ 80.270717009297272, 13.109310651942346 ], [ 80.270695672374615, 13.109345281114164 ], [ 80.270652177247115, 13.109415874435737 ], [ 80.270629000360884, 13.109453487671775 ], [ 80.270621165965395, 13.109466203838485 ], [ 80.270596210260834, 13.109507654877415 ], [ 80.270587959670181, 13.109521359961603 ], [ 80.270535996697475, 13.10960767228099 ], [ 80.270495494609136, 13.109674946594161 ], [ 80.270423045032814, 13.109795288246385 ], [ 80.27038346528029, 13.109861030725467 ], [ 80.27034961365473, 13.109917260075035 ], [ 80.270302085454915, 13.109996204830596 ], [ 80.270264454265302, 13.110058711255679 ], [ 80.270227450660556, 13.110120175102869 ], [ 80.270207268129028, 13.110153699852098 ], [ 80.270191980111477, 13.110237695407513 ], [ 80.270176305325052, 13.11032364654948 ], [ 80.270163518295348, 13.110393833947128 ], [ 80.270224398116341, 13.110396825651117 ], [ 80.270301376908975, 13.110400608891016 ], [ 80.270569326006182, 13.110413776699456 ], [ 80.270573267997719, 13.110414038320451 ], [ 80.270812505564692, 13.110429923097342 ], [ 80.270839113550721, 13.110431689237735 ], [ 80.271136011121982, 13.110450379832853 ], [ 80.272136955763315, 13.11044248066796 ], [ 80.273108200539937, 13.110359214810464 ], [ 80.273133360670755, 13.110357057835035 ], [ 80.273152692247237, 13.110353712576368 ], [ 80.273509729600946, 13.11029193907944 ], [ 80.273989749553863, 13.110248494284971 ], [ 80.273989810053862, 13.110248625564186 ], [ 80.274027119917548, 13.110329688985463 ], [ 80.274026984255542, 13.110329707591445 ], [ 80.274058258849152, 13.110397344743621 ], [ 80.274353134822064, 13.111035053775748 ], [ 80.274741625263275, 13.111917100835702 ], [ 80.275157326444784, 13.11287992094004 ], [ 80.275539178207012, 13.113687974898861 ], [ 80.275796208084358, 13.11427394724252 ], [ 80.275804985378741, 13.114293957415109 ], [ 80.275979173005638, 13.114688059080368 ], [ 80.275981594718672, 13.114690229633473 ], [ 80.276011351875269, 13.114757553983209 ], [ 80.276052297081691, 13.114850192968953 ], [ 80.276067140849761, 13.114883776829654 ], [ 80.276078538758028, 13.114909565857403 ], [ 80.276081067248967, 13.114915286592975 ], [ 80.276096269356017, 13.114949681621038 ], [ 80.276100538194086, 13.11495933870194 ], [ 80.276111326673202, 13.114983747113214 ], [ 80.276117398166789, 13.114997485386116 ], [ 80.276131594021493, 13.115029602621412 ], [ 80.276132949458841, 13.115032668046181 ], [ 80.276134204081288, 13.115035507138035 ], [ 80.27644091355161, 13.11477360688122 ], [ 80.276751508030358, 13.114512331983933 ], [ 80.277027823914963, 13.114279183234636 ], [ 80.277030208039704, 13.114277169945327 ], [ 80.277060507308761, 13.114275842614084 ], [ 80.277060629099196, 13.114279626123221 ], [ 80.277061247882372, 13.11428191367397 ], [ 80.277062256407405, 13.114284050413012 ], [ 80.277063638164265, 13.114286003742878 ], [ 80.277065293923627, 13.114287635946887 ], [ 80.277066689610976, 13.114288610068629 ], [ 80.277067386604784, 13.11428907226164 ], [ 80.277069486173289, 13.114290045645976 ], [ 80.277133409876413, 13.114301777060492 ], [ 80.277558951433605, 13.114379174804457 ], [ 80.277578472567413, 13.114382725178777 ], [ 80.277611453771911, 13.1143851324113 ], [ 80.277617014445326, 13.114385534096629 ], [ 80.277656608832118, 13.114388371277453 ], [ 80.277651943250675, 13.114386934986715 ], [ 80.277648661545854, 13.114385147226034 ], [ 80.27764704854475, 13.114384035059762 ], [ 80.277644600776298, 13.114381621219184 ], [ 80.277642618143062, 13.114378827110878 ], [ 80.277641159437451, 13.114375737894434 ], [ 80.277640203444122, 13.114371720571196 ], [ 80.277638250446032, 13.114222230235779 ], [ 80.277637945005125, 13.114196658636924 ], [ 80.277637378380163, 13.114149000345405 ], [ 80.277636614414149, 13.114084879656675 ], [ 80.277635403393234, 13.114003249712287 ], [ 80.277635182675027, 13.113990687963314 ], [ 80.277635254275751, 13.113991125796304 ], [ 80.277635261552874, 13.113991161080452 ], [ 80.27763553626373, 13.113992177266006 ], [ 80.277635693230039, 13.113992761818569 ], [ 80.277635799103379, 13.113993151825115 ], [ 80.277635882156844, 13.11399345858139 ], [ 80.277636131314608, 13.113994379754411 ], [ 80.27763756525826, 13.113997418266299 ], [ 80.277637997060282, 13.113998028002825 ], [ 80.277638301164316, 13.113998455637345 ], [ 80.277639384350138, 13.113999983153702 ], [ 80.277639514810346, 13.114000167071865 ], [ 80.277640526656697, 13.114001167240257 ], [ 80.277641726150748, 13.114002354199764 ], [ 80.277641790552039, 13.11400241405746 ], [ 80.277641923028796, 13.114002539208336 ], [ 80.277642460542836, 13.114002962072121 ], [ 80.277642567323994, 13.11400304103682 ], [ 80.277642594023902, 13.114003059195646 ], [ 80.27764378174821, 13.114003853699845 ], [ 80.277644364565361, 13.114004242331083 ], [ 80.277644440068386, 13.114004291369522 ], [ 80.277644540436867, 13.114004354944869 ], [ 80.277644721843416, 13.114004467574158 ], [ 80.277644843434828, 13.114004529400599 ], [ 80.277647561182022, 13.114005786623556 ], [ 80.277647703073853, 13.114005846698522 ], [ 80.277647809952668, 13.114005892208143 ], [ 80.277648913345871, 13.114006185549709 ], [ 80.277650876775297, 13.114006708256584 ], [ 80.27765104361967, 13.114006753030141 ], [ 80.277651089713331, 13.114006764009764 ], [ 80.277651122905098, 13.114006770432209 ], [ 80.277651930664561, 13.114006894763888 ], [ 80.277654327243056, 13.114007249600036 ], [ 80.277657406186094, 13.114007705811256 ], [ 80.277658168777052, 13.114007818261671 ], [ 80.277658888948537, 13.11400792516797 ], [ 80.277663580672069, 13.114008620088525 ], [ 80.277664536907608, 13.114008761112029 ], [ 80.277667540236834, 13.114009206260739 ], [ 80.277669143797524, 13.114009443135867 ], [ 80.277672692101191, 13.114009967573603 ], [ 80.277682149319958, 13.114011367567175 ], [ 80.277685669953783, 13.114011890118764 ], [ 80.277687404452394, 13.114012147253247 ], [ 80.277698989914043, 13.114013862449168 ], [ 80.277707403293761, 13.114015109418256 ], [ 80.277718555364999, 13.114016759200139 ], [ 80.277728902425906, 13.114018290987193 ], [ 80.277740065557012, 13.114019944415951 ], [ 80.277798071247602, 13.11402853325724 ], [ 80.277801730202597, 13.114029075183177 ], [ 80.277819971917438, 13.114030999818796 ], [ 80.277885312854465, 13.114037894841617 ], [ 80.277901330149547, 13.114039585378507 ], [ 80.277908480201972, 13.114040339628584 ], [ 80.277982811045121, 13.114048183915358 ], [ 80.278007525897152, 13.114050792169481 ], [ 80.278032115325828, 13.11405338741098 ], [ 80.278046429267675, 13.11405489684674 ], [ 80.278046613713656, 13.114054916351794 ], [ 80.278065977003109, 13.114057228397696 ], [ 80.278071048143147, 13.114057833954273 ], [ 80.278082214980273, 13.114059167292359 ], [ 80.278083522649212, 13.114059323766298 ], [ 80.278109815332371, 13.114062451825436 ], [ 80.278108649104951, 13.114062193573485 ], [ 80.278108617758178, 13.114062187156252 ], [ 80.278108575346593, 13.114062178899633 ], [ 80.278108186386291, 13.114062062072273 ], [ 80.278108117261567, 13.114062040177812 ], [ 80.278107523715718, 13.114061850441276 ], [ 80.278107441694374, 13.114061822181277 ], [ 80.278105270249441, 13.114060820573721 ], [ 80.278105240781983, 13.11406080240717 ], [ 80.278103298190516, 13.114059460557867 ], [ 80.27810325403415, 13.114059417936794 ], [ 80.278101624942607, 13.114057812939848 ], [ 80.278101596434581, 13.114057782117204 ], [ 80.278100980876275, 13.114056915978196 ], [ 80.278100309279807, 13.11405596920846 ], [ 80.278100220163239, 13.114055843275093 ], [ 80.278100202738457, 13.114055807962503 ], [ 80.278099205214488, 13.114053692054494 ], [ 80.278098751605029, 13.114052018919663 ], [ 80.278098615641596, 13.114051507666289 ], [ 80.278098591935972, 13.114051411754774 ], [ 80.278098585557544, 13.114051384610946 ], [ 80.278098388387633, 13.114049085584831 ], [ 80.278098386624379, 13.114049057549721 ], [ 80.278098392265477, 13.114048704927947 ], [ 80.278098394561468, 13.11404855031638 ], [ 80.278098532460973, 13.11404523500539 ], [ 80.278098577265169, 13.114044106690711 ], [ 80.278098831431905, 13.114037934436972 ], [ 80.278098846403552, 13.114037545673396 ], [ 80.278098917877159, 13.114035813428563 ], [ 80.2780989456827, 13.114035136261501 ], [ 80.278099005078758, 13.114033749386808 ], [ 80.278099102122127, 13.114030208815814 ], [ 80.278100918443627, 13.113985966931685 ], [ 80.278110821291889, 13.113921244995829 ], [ 80.278126648877972, 13.113817811011586 ], [ 80.278126764542975, 13.113817058137966 ], [ 80.278101351939128, 13.113716205823634 ], [ 80.278073410940067, 13.113562152398902 ], [ 80.278039229007845, 13.1133736839466 ], [ 80.278038056127244, 13.113368433593468 ], [ 80.277992363795903, 13.113163930367451 ], [ 80.27798840714037, 13.113146222297685 ], [ 80.277978313099354, 13.113104136100482 ], [ 80.277973656341842, 13.113076280052113 ], [ 80.277967590656829, 13.113062426097029 ], [ 80.27794275644969, 13.112919563593097 ], [ 80.277923959288984, 13.112811445575247 ], [ 80.277914205076783, 13.112755334393762 ], [ 80.277870593123978, 13.112640342728884 ], [ 80.277870504321911, 13.112640109196658 ], [ 80.277880968364357, 13.112528792750622 ], [ 80.277884171098933, 13.112483646934187 ], [ 80.27788787970438, 13.112431744552078 ], [ 80.277888656284361, 13.112436230651264 ], [ 80.277891009558644, 13.112440356777112 ], [ 80.277894673983027, 13.112443443131914 ], [ 80.277897185399183, 13.112444588556873 ], [ 80.277899452902716, 13.11244491228555 ], [ 80.277902267230289, 13.112445312595217 ], [ 80.278014990092686, 13.112434020375606 ], [ 80.278512584633958, 13.112381479639852 ], [ 80.27880199037881, 13.112350395142354 ], [ 80.278851461248948, 13.112345174420241 ], [ 80.278878269118351, 13.112342082040366 ], [ 80.278926932809782, 13.112332104765246 ], [ 80.278930281927245, 13.112401949960931 ], [ 80.278931557724263, 13.11242856230445 ], [ 80.279143916601541, 13.112400300805632 ], [ 80.279483946543976, 13.112355047308817 ], [ 80.279512722755399, 13.112350785811971 ], [ 80.279529705385386, 13.112347872951226 ], [ 80.279544337216166, 13.112345362214198 ], [ 80.279789107711451, 13.112302401717985 ], [ 80.279898029041419, 13.112284687267358 ], [ 80.279922661230671, 13.112280461160672 ], [ 80.279951386784361, 13.112275533077488 ], [ 80.279977448648665, 13.112271062305961 ], [ 80.280117996190512, 13.112242599307489 ], [ 80.280167313294328, 13.112232506978421 ], [ 80.280177206622611, 13.112230482084765 ], [ 80.280191785389405, 13.112227498265755 ], [ 80.280207137676598, 13.112224356563489 ], [ 80.280249451541309, 13.11221569679851 ], [ 80.280329281209248, 13.112199360273703 ], [ 80.280412791218012, 13.112184132604277 ], [ 80.280550073835784, 13.11216268045157 ], [ 80.280627200143314, 13.112149966645132 ], [ 80.280749137202434, 13.112131238391033 ], [ 80.280812354702988, 13.112122066332311 ], [ 80.280865670440349, 13.112114331425611 ], [ 80.280911475324643, 13.112116369835926 ], [ 80.281008142571807, 13.112120665093968 ], [ 80.281009920362933, 13.112120306566558 ], [ 80.281012324904623, 13.112119821391675 ], [ 80.281014697031367, 13.112118744779817 ], [ 80.281016842421963, 13.112117281442039 ], [ 80.281018696375341, 13.112115474599372 ], [ 80.281020202456148, 13.112113380154732 ], [ 80.281021313433044, 13.112111061270307 ], [ 80.281021996813692, 13.112108588382986 ], [ 80.281022176841532, 13.112106634910074 ], [ 80.281022232087736, 13.112106035579927 ], [ 80.281021942600333, 13.112103115111749 ], [ 80.281021385004308, 13.112101347654097 ], [ 80.281057033367503, 13.112093123062811 ], [ 80.281485693157208, 13.112077223970719 ], [ 80.281486504454747, 13.112077081561145 ], [ 80.281560830961595, 13.11207515038276 ], [ 80.281562239753129, 13.112075108196688 ], [ 80.281562248896776, 13.112075136252358 ], [ 80.28156265043917, 13.11207632096934 ], [ 80.281562722411323, 13.112076633118891 ], [ 80.28156369829523, 13.112080173973204 ], [ 80.281574188341295, 13.112125554260368 ], [ 80.281573776402695, 13.112122230178031 ], [ 80.281573887954224, 13.112121619250102 ], [ 80.281574623807899, 13.11211759309233 ], [ 80.281577038758996, 13.112113520981096 ], [ 80.281580729246059, 13.11211050310629 ], [ 80.281582917548917, 13.112109510067111 ], [ 80.281587203294592, 13.112108634092515 ], [ 80.281602286634978, 13.112106610050963 ], [ 80.28160559579679, 13.112106248555422 ], [ 80.281903717796112, 13.112066254962945 ], [ 80.281999819618079, 13.112053356723242 ], [ 80.282013343342285, 13.112050576017092 ], [ 80.282083477298315, 13.112036153239606 ], [ 80.282225650377185, 13.112006916893785 ], [ 80.282425875220881, 13.111970274894519 ], [ 80.282425993361159, 13.111970254426932 ], [ 80.282507515539763, 13.111955544063854 ], [ 80.282509598948081, 13.111955728896831 ], [ 80.282511573443742, 13.111956251597274 ], [ 80.282511615842054, 13.111956264374129 ], [ 80.28251350814611, 13.11195713586681 ], [ 80.282514454586405, 13.111957790430315 ], [ 80.282515216898901, 13.111958316084728 ], [ 80.282516690545265, 13.111959768716313 ], [ 80.282519703809896, 13.111966011564782 ], [ 80.282554892432671, 13.112067373599517 ], [ 80.282581455667014, 13.112143895849657 ], [ 80.282610722964904, 13.112134094433539 ], [ 80.282613054566468, 13.112133311558754 ], [ 80.282678672592397, 13.112111335018605 ], [ 80.283275598450061, 13.11191140656196 ], [ 80.283421319687946, 13.111862600772273 ], [ 80.283460181371026, 13.111847252449225 ], [ 80.283465693195907, 13.111845075091749 ], [ 80.283559335075779, 13.111808090574176 ], [ 80.283570744766564, 13.111803585022415 ], [ 80.28360502094425, 13.111790047698362 ], [ 80.28360437705939, 13.111786213908365 ], [ 80.283604564700397, 13.111784172746352 ], [ 80.283605111935628, 13.11178219497393 ], [ 80.283606128885296, 13.111780162447038 ], [ 80.283606348794635, 13.111779721808816 ], [ 80.283606765212056, 13.111779276291751 ], [ 80.283607204248312, 13.111778665368957 ], [ 80.283608686284424, 13.111777220960949 ], [ 80.283610402767607, 13.11177605027318 ], [ 80.283612299163138, 13.111775190226195 ], [ 80.283612772863279, 13.111775033308193 ], [ 80.283813043119238, 13.111713330431717 ], [ 80.284107748624166, 13.111622530403334 ], [ 80.28411101813208, 13.111621523166026 ], [ 80.284111349604686, 13.111621421912341 ], [ 80.284167162072023, 13.111604226272686 ], [ 80.284273139921098, 13.111581780030299 ], [ 80.284440926611367, 13.111546241680951 ], [ 80.284443829673307, 13.111545625844579 ], [ 80.284443913675588, 13.111545607089646 ], [ 80.284471501545511, 13.111539750337421 ], [ 80.284498052818392, 13.111534108616056 ], [ 80.284500570040422, 13.111533573085657 ], [ 80.284573337773807, 13.111518095397782 ], [ 80.284671373734213, 13.111497234605325 ], [ 80.284748167911104, 13.111480894587256 ], [ 80.284830468212505, 13.111463382612918 ], [ 80.28483328727836, 13.11146278281454 ], [ 80.284833379585677, 13.111462763178327 ], [ 80.284848876139918, 13.111459466072002 ], [ 80.284858309026731, 13.11145745870537 ], [ 80.284858596101387, 13.111457398016491 ], [ 80.284868045603474, 13.111455387078792 ], [ 80.284872496662572, 13.11145444007537 ], [ 80.284878569562338, 13.111453147647392 ], [ 80.284878586836442, 13.111453235402763 ], [ 80.284879936203168, 13.111460350682982 ], [ 80.284880080802637, 13.111462028375831 ], [ 80.284880520750519, 13.111463655348942 ], [ 80.284880747910691, 13.111464216583547 ], [ 80.284881876260926, 13.111470559967517 ], [ 80.284891738160141, 13.111526018431736 ], [ 80.284913967399874, 13.111651020710566 ], [ 80.284944988312375, 13.111825468260134 ], [ 80.284970743724998, 13.111949727120523 ], [ 80.285072461811637, 13.112440472919864 ], [ 80.285192468151024, 13.112919707410409 ], [ 80.285227859924206, 13.113061038964087 ], [ 80.285260195633612, 13.113190167086708 ], [ 80.285272233561173, 13.113199090578153 ], [ 80.285272450807625, 13.113199252128455 ], [ 80.285273549324941, 13.113199000191367 ], [ 80.285303704686697, 13.113194751819869 ], [ 80.285360626564625, 13.113186732126071 ], [ 80.28541600813908, 13.113178929676511 ], [ 80.28543392692832, 13.113176405116041 ], [ 80.28546289268327, 13.113172324320161 ], [ 80.285463157551831, 13.113172287078319 ], [ 80.285472294138842, 13.113171000422472 ], [ 80.285560444679305, 13.113158581551188 ], [ 80.285631264307824, 13.113148603860084 ], [ 80.285729322957664, 13.113134788286596 ], [ 80.285730599363859, 13.113134590188514 ], [ 80.285738117937285, 13.113132638067038 ], [ 80.285745176096555, 13.11312943506409 ], [ 80.285751560455935, 13.113125080050192 ], [ 80.285757075066002, 13.113119703591222 ], [ 80.285761555235581, 13.113113473411945 ], [ 80.285764862061896, 13.113106571775836 ], [ 80.285766896216089, 13.113099213607253 ], [ 80.28576759617107, 13.113091621168964 ], [ 80.285766940044013, 13.113084024971403 ], [ 80.285766454228437, 13.113081666374368 ], [ 80.285769657089958, 13.113087455805962 ], [ 80.285775576419312, 13.113098155342167 ], [ 80.285782394203338, 13.113110478600079 ], [ 80.285825027168258, 13.11318753699533 ], [ 80.285833180246769, 13.11320227455154 ], [ 80.285831621996707, 13.113200080258954 ], [ 80.285825915458133, 13.113192044183737 ], [ 80.285818822138467, 13.113185052232502 ], [ 80.285816949229854, 13.113183206088941 ], [ 80.285806552931319, 13.113176027758318 ], [ 80.285795043272813, 13.113170728886116 ], [ 80.285782769427001, 13.11316746867517 ], [ 80.285770103801255, 13.113166346715598 ], [ 80.285759517716983, 13.113167074184783 ], [ 80.285337721070761, 13.11322650042073 ], [ 80.285327622394661, 13.113236061452056 ], [ 80.285325498881079, 13.113238579184577 ], [ 80.285327610604512, 13.113240144787701 ], [ 80.285366630413904, 13.11346050716098 ], [ 80.285432089376613, 13.113681565854176 ], [ 80.285516097448038, 13.113965262907518 ], [ 80.285529933143366, 13.114011986040143 ], [ 80.285541084659783, 13.114049644354576 ], [ 80.285583563863767, 13.114193097785378 ], [ 80.285594356349094, 13.114229542569628 ], [ 80.28568622822398, 13.114539795136441 ], [ 80.285817650710413, 13.114983610947457 ], [ 80.285826562574329, 13.115023776718505 ], [ 80.285837295801656, 13.115072147730368 ], [ 80.285841595104429, 13.115091523096826 ], [ 80.285848915127872, 13.115124509625435 ], [ 80.285959965369258, 13.11545380528538 ], [ 80.286006377929368, 13.115591432945056 ], [ 80.286029797809746, 13.115660879852232 ], [ 80.286033866380222, 13.11567294411763 ], [ 80.2860494866555, 13.11571926256916 ], [ 80.286182421843023, 13.116104722615015 ], [ 80.286219798034281, 13.116193581575223 ], [ 80.286301651369627, 13.116388180681856 ], [ 80.286301804386852, 13.116388542785899 ], [ 80.28630199680893, 13.116388996323359 ], [ 80.286302201145503, 13.116389477019824 ], [ 80.286303205342236, 13.116391865986531 ], [ 80.286308882357886, 13.116405369670412 ], [ 80.286322007353348, 13.116438873197913 ], [ 80.286349761076821, 13.116509716417838 ], [ 80.286355253002171, 13.116524704284775 ], [ 80.28635533996335, 13.116524939617763 ], [ 80.286444221327727, 13.116767517839653 ], [ 80.286614125921417, 13.117203262311007 ], [ 80.286724370320883, 13.117498471625122 ], [ 80.286756880278688, 13.117589986240421 ], [ 80.286836728613167, 13.117814760041391 ], [ 80.286843672437257, 13.117834304567495 ], [ 80.286782084329715, 13.117857668551292 ], [ 80.286781883045137, 13.117857728575316 ], [ 80.286776935617496, 13.117859293608642 ], [ 80.285169333002514, 13.118469512858169 ], [ 80.285153908879096, 13.118475367239101 ], [ 80.285153844221384, 13.118475395089835 ], [ 80.285153699223031, 13.118475450747763 ], [ 80.285152649766744, 13.118475955995233 ], [ 80.28515215624769, 13.118476262957573 ], [ 80.285152034265437, 13.118476334954984 ], [ 80.28515077857702, 13.118477335131537 ], [ 80.285149857621391, 13.118478385968178 ], [ 80.285149783558154, 13.118478476182592 ], [ 80.285149664035202, 13.118478654882415 ], [ 80.285149545419088, 13.118478839009946 ], [ 80.285149518543079, 13.118478881432752 ], [ 80.285149049566769, 13.118479634233742 ], [ 80.285148906633225, 13.118479933127164 ], [ 80.285148652223413, 13.11848049935433 ], [ 80.285148572363781, 13.11848067997264 ], [ 80.285148246962009, 13.118481869900663 ], [ 80.285148196657147, 13.118482038846411 ], [ 80.285148145163262, 13.118482300017254 ], [ 80.285148140420034, 13.118482345214073 ], [ 80.28514803486128, 13.118483438098725 ], [ 80.28514802136597, 13.118483638793633 ], [ 80.285148018274441, 13.118483750905828 ], [ 80.28514802014854, 13.118484060147379 ], [ 80.28514802076802, 13.118484165036291 ], [ 80.285148124917598, 13.118485156328417 ], [ 80.285148131244654, 13.118485201555961 ], [ 80.285148150225794, 13.11848533723863 ], [ 80.285148560957282, 13.118486862859632 ], [ 80.285149210107704, 13.118488248087196 ], [ 80.285158203093744, 13.11850384427389 ], [ 80.285221024642965, 13.118612777600958 ], [ 80.285356188398524, 13.118849185029859 ], [ 80.285541031222579, 13.119177477574874 ], [ 80.285613428665101, 13.119320397322156 ], [ 80.285667357135509, 13.119426853693783 ], [ 80.285714597375716, 13.119524324554671 ], [ 80.285940052796107, 13.119989511423199 ], [ 80.286112102152998, 13.120304814565584 ], [ 80.286220266798679, 13.120543113381089 ], [ 80.286222063566612, 13.12054706790666 ], [ 80.286351617194015, 13.120832488661309 ], [ 80.286513889614426, 13.121161537245417 ], [ 80.286519390848468, 13.121172692231363 ], [ 80.286772854424726, 13.121686650848048 ], [ 80.286814826193307, 13.121770908332513 ], [ 80.286996002448248, 13.122122787613883 ], [ 80.287069089776253, 13.122306983831601 ], [ 80.287118047971759, 13.122430367264794 ], [ 80.287155596418131, 13.122496038378467 ], [ 80.287155782755619, 13.12249636440634 ], [ 80.287210344880734, 13.122591794626631 ], [ 80.287251298860653, 13.12266342298309 ], [ 80.287337501108155, 13.122817330381801 ], [ 80.287350000193072, 13.122830000268616 ], [ 80.287390229272674, 13.122909262567671 ], [ 80.287593717190546, 13.1232303817679 ], [ 80.287664453410102, 13.123323062679001 ], [ 80.287668823607405, 13.123328481886219 ], [ 80.287685150681483, 13.123344576608602 ], [ 80.287704083451828, 13.123357645852357 ], [ 80.287725042768486, 13.123367295591846 ], [ 80.287747392914397, 13.123373232915483 ], [ 80.287747648396447, 13.123373255323065 ], [ 80.287770455419988, 13.123375274201733 ], [ 80.287791920923482, 13.123373494439992 ], [ 80.287793530237764, 13.123373360549243 ], [ 80.28781591514435, 13.123367547884223 ], [ 80.287821063953587, 13.123365607246473 ], [ 80.287962978382126, 13.123308793746716 ], [ 80.288203811938047, 13.123237681575793 ], [ 80.288554802597034, 13.123149529226154 ], [ 80.288559829321059, 13.123148013209804 ], [ 80.288568553272697, 13.123144054314716 ], [ 80.28857644456636, 13.123138671715884 ], [ 80.28858326195278, 13.123132026598583 ], [ 80.288588799114478, 13.123124323646246 ], [ 80.288592886557751, 13.123115794770039 ], [ 80.288595400838119, 13.123106699134413 ], [ 80.288596266426055, 13.123097315928547 ], [ 80.288595837847097, 13.123090439206369 ], [ 80.28858887786231, 13.123036008826455 ], [ 80.288579918438231, 13.122965959193145 ], [ 80.288558353094658, 13.122878664180721 ], [ 80.288588322992936, 13.122864563708914 ], [ 80.288589587731536, 13.122868438988638 ], [ 80.288593736995011, 13.122877224811901 ], [ 80.288599380432871, 13.122885172049068 ], [ 80.2886063462295, 13.122892036995472 ], [ 80.288614421870676, 13.12289761290617 ], [ 80.288623363371727, 13.1229017291173 ], [ 80.288632898013788, 13.122904261904061 ], [ 80.288642736342197, 13.122905132705414 ], [ 80.288652580445955, 13.122904316284819 ], [ 80.288654635158153, 13.122903927730436 ], [ 80.288723105191821, 13.122889718410773 ], [ 80.288730336756146, 13.122888218428027 ], [ 80.289059060027498, 13.122819996611501 ], [ 80.289201262458931, 13.122792459389748 ], [ 80.289741949651713, 13.122702941929724 ], [ 80.289818529246801, 13.122689214017429 ], [ 80.289827022012716, 13.122725917236211 ], [ 80.289830024959997, 13.122736180960056 ], [ 80.28983598254176, 13.122748794712491 ], [ 80.289844082977098, 13.122760202746752 ], [ 80.289854082786974, 13.122770058082303 ], [ 80.289865676541737, 13.122778062394591 ], [ 80.289878513453843, 13.122783970581811 ], [ 80.289892200098762, 13.122787607047963 ], [ 80.28990632442455, 13.12278885763148 ], [ 80.289911767929723, 13.122788695421205 ], [ 80.290490402056392, 13.122748087059868 ], [ 80.291425193414881, 13.122681095784843 ], [ 80.29141428325191, 13.122721382259085 ], [ 80.291600671596697, 13.122681688963466 ], [ 80.291611475672312, 13.122672311385067 ], [ 80.291646395956576, 13.122648487734065 ], [ 80.291685008668438, 13.122630969281495 ], [ 80.291704768602727, 13.122624896776884 ], [ 80.291889044305165, 13.122577755882279 ], [ 80.29192976905702, 13.12283757061811 ], [ 80.29193262787264, 13.122851485087892 ], [ 80.291952918619543, 13.123058950075219 ], [ 80.291955090704349, 13.123072344549113 ], [ 80.292052647066214, 13.12326238014373 ], [ 80.292055256663531, 13.123275698962891 ], [ 80.292091041661763, 13.123479663885821 ], [ 80.292093527574551, 13.123493005873708 ], [ 80.292124117131237, 13.12369041190105 ], [ 80.292126527357183, 13.123703768147694 ], [ 80.29216490607574, 13.123909877721632 ], [ 80.29216699510657, 13.123923286432632 ], [ 80.292664215350939, 13.123848862001619 ], [ 80.292676531176966, 13.123847018717781 ], [ 80.292676765658882, 13.123846965109962 ], [ 80.292783970074552, 13.123821799136101 ], [ 80.292678569359907, 13.123299527091568 ], [ 80.29254143763022, 13.122495796779191 ], [ 80.292541366866871, 13.122495378843945 ], [ 80.292536918457358, 13.122485016233483 ], [ 80.292536309940175, 13.122483598582859 ], [ 80.292530527096432, 13.122477901599067 ], [ 80.29257587364738, 13.122433526851786 ], [ 80.292575368040062, 13.122411611249548 ], [ 80.292579296846384, 13.12235527857303 ], [ 80.292590694543563, 13.122299932103246 ], [ 80.292609365613544, 13.122246516191789 ], [ 80.292634991006622, 13.122195944107521 ], [ 80.292667130028207, 13.122149083574696 ], [ 80.292705236079257, 13.122106736923936 ], [ 80.292726230865838, 13.122087567666172 ], [ 80.292786788615061, 13.122055974849753 ], [ 80.292971524187536, 13.121996206339762 ], [ 80.292971586977075, 13.121996186619755 ], [ 80.292973167837772, 13.12199567556609 ], [ 80.292973666065251, 13.121996948240783 ], [ 80.292972731304715, 13.121998316442747 ], [ 80.293066143165859, 13.122425886566031 ], [ 80.293084195550378, 13.122421381670234 ], [ 80.292991451862818, 13.121991454326192 ], [ 80.292991425455497, 13.121991333090753 ], [ 80.292991059647292, 13.121989887173092 ], [ 80.292992492756881, 13.121989426348858 ], [ 80.292992679290762, 13.121989363566986 ], [ 80.293146168752301, 13.121939704899305 ], [ 80.293745859567636, 13.121791546059827 ], [ 80.293765049376418, 13.121789309256934 ], [ 80.293778933872986, 13.121790539076008 ], [ 80.293792389155527, 13.121794111406555 ], [ 80.293805005916582, 13.121799920238717 ], [ 80.293816402726151, 13.12180778911152 ], [ 80.293826233396416, 13.121817476558151 ], [ 80.293834196165804, 13.121828690598443 ], [ 80.293840052144688, 13.121841090597753 ], [ 80.293842624110823, 13.121849524806247 ], [ 80.293802979345813, 13.121670254041847 ], [ 80.29378626643053, 13.121594671238343 ], [ 80.293739412594007, 13.121389685103527 ], [ 80.293740172851656, 13.121389333646123 ], [ 80.293739625372112, 13.121386892609708 ], [ 80.29373857614253, 13.12138602712394 ], [ 80.293672171701303, 13.121088038184574 ], [ 80.293621529361516, 13.120873932714911 ], [ 80.293618380913642, 13.120860620565994 ], [ 80.293618482457077, 13.120860598239522 ], [ 80.293629181877023, 13.120860678225043 ], [ 80.293735514549098, 13.120834359246997 ], [ 80.296099373204044, 13.120296855960381 ], [ 80.296228807432399, 13.120869552205962 ], [ 80.296231481454328, 13.120880079900379 ], [ 80.296254273933116, 13.120969857984141 ], [ 80.296366850258948, 13.121464373314861 ], [ 80.296374694586291, 13.121550667340678 ], [ 80.296312431057899, 13.121644062165748 ], [ 80.296309919746776, 13.121648975967805 ], [ 80.296308390348685, 13.121657342886639 ], [ 80.296309872119863, 13.121665717130469 ], [ 80.296349393096392, 13.121727972719153 ], [ 80.296350824843529, 13.121728961307298 ], [ 80.296351582615003, 13.121730131606578 ], [ 80.296356933020078, 13.121733178015786 ], [ 80.296366119266708, 13.121733991582852 ], [ 80.296369259347216, 13.121732463925127 ], [ 80.296371144421286, 13.121732354242789 ], [ 80.296431660960536, 13.121702095934735 ], [ 80.296439607743395, 13.121699511739482 ], [ 80.296469946308974, 13.121714857558059 ], [ 80.296496793115821, 13.121769100725393 ], [ 80.296499223603178, 13.121781250793878 ], [ 80.296500384684094, 13.121794692210837 ], [ 80.296579986354189, 13.122185032904444 ], [ 80.297165976574064, 13.122124431281456 ], [ 80.297288483995331, 13.122091803884103 ], [ 80.298055141653549, 13.121887620406824 ], [ 80.298633919957936, 13.121493339759937 ], [ 80.298666919152311, 13.121440723705273 ], [ 80.298683733234569, 13.121428441610417 ], [ 80.298733249754676, 13.121341624783703 ], [ 80.298765501076105, 13.121293439979778 ], [ 80.298780990741022, 13.121257920798811 ], [ 80.298794160026617, 13.121234829884802 ], [ 80.298817628440005, 13.121174042800282 ], [ 80.298825205970857, 13.121142887450523 ], [ 80.298838563038004, 13.121096832120189 ], [ 80.298849785189574, 13.121045294223496 ], [ 80.298855485654869, 13.120988313365926 ], [ 80.298856783396985, 13.120918108318731 ], [ 80.299082635128912, 13.12091676467832 ], [ 80.300237463551596, 13.12090989598059 ], [ 80.300033416710278, 13.121564689140502 ], [ 80.299350015573665, 13.122834203733328 ], [ 80.298683037601847, 13.122941077414092 ], [ 80.298292792721199, 13.123026992014486 ], [ 80.297919366568067, 13.123193528007501 ], [ 80.297521248990776, 13.123443772159121 ], [ 80.297186664980956, 13.123770981133296 ], [ 80.296940937720137, 13.124120621402838 ], [ 80.296807196214814, 13.124373545582499 ], [ 80.296793081775689, 13.124400237937962 ], [ 80.296722286544224, 13.124552744287215 ], [ 80.296694319689564, 13.124705369429313 ], [ 80.296706154339461, 13.124846124443369 ], [ 80.296746121857709, 13.124982211062646 ], [ 80.297156240358532, 13.124914467122677 ], [ 80.297201522045327, 13.12512717214544 ], [ 80.297338037936029, 13.125566371899335 ], [ 80.297359265076409, 13.1256323009219 ], [ 80.297489645950677, 13.126061931873787 ], [ 80.297509085046954, 13.126135722558731 ], [ 80.297504729261433, 13.126136825551827 ], [ 80.297640944322438, 13.12660823471264 ], [ 80.298035068577022, 13.127972990414914 ], [ 80.298396529257943, 13.129193779996918 ], [ 80.298232886452425, 13.129227011702705 ], [ 80.298268648452677, 13.12936570159639 ], [ 80.298220316860352, 13.129409802431823 ], [ 80.298154166138801, 13.129362441708187 ], [ 80.298051637624681, 13.129394599391569 ], [ 80.297578118672618, 13.129567286558816 ], [ 80.297514639424634, 13.129640832815017 ], [ 80.297541250047843, 13.129988914435737 ], [ 80.2974896300193, 13.130266782850329 ], [ 80.297411001095398, 13.130552205342733 ], [ 80.296596720646178, 13.131644365123238 ], [ 80.296513447739329, 13.131756054939402 ], [ 80.296771315416265, 13.132673002038519 ], [ 80.297050541679909, 13.133679214823399 ], [ 80.297344563211226, 13.134724900853387 ], [ 80.298038724572919, 13.134564484625711 ], [ 80.298003393438407, 13.134867930302219 ], [ 80.298037640060429, 13.135104396360473 ], [ 80.298093682093608, 13.13540454689057 ], [ 80.298140271948327, 13.135486211239167 ], [ 80.298212615436398, 13.135673048355374 ], [ 80.298237800994769, 13.135893769228396 ], [ 80.298219015330162, 13.136024886793649 ], [ 80.298222179331844, 13.136117315613163 ], [ 80.298146705303026, 13.136258193969548 ], [ 80.298109014816447, 13.136392782701998 ], [ 80.298092858090158, 13.13641166444312 ], [ 80.298051691219896, 13.136482594263422 ], [ 80.297993921700822, 13.136516975270334 ], [ 80.297949609183462, 13.136541634857371 ], [ 80.297852363434828, 13.136575334818446 ], [ 80.297932975287509, 13.136870952755572 ], [ 80.297934000691626, 13.136874710700514 ], [ 80.297934207039958, 13.136875470792461 ], [ 80.298290213649665, 13.138181891303871 ], [ 80.298376389642399, 13.138530507751732 ], [ 80.298531332814164, 13.139037282863839 ], [ 80.298670116589264, 13.139549077348802 ], [ 80.298782141758352, 13.139964537587103 ], [ 80.299734646724971, 13.143236513550224 ], [ 80.299734728048392, 13.143236792265547 ], [ 80.299625705309467, 13.143270473347251 ], [ 80.299210428272161, 13.143360435420261 ], [ 80.298459543384922, 13.14352309762732 ], [ 80.298283581643048, 13.14356724241598 ], [ 80.298189349179765, 13.143590882309585 ], [ 80.298145773747294, 13.143601813586347 ], [ 80.298145786448089, 13.143601889573862 ], [ 80.297903346436101, 13.143666160943004 ], [ 80.297652630154118, 13.143711680765845 ], [ 80.29726571980396, 13.143789348563638 ], [ 80.297225578199232, 13.1437974073806 ], [ 80.296847531110046, 13.143878384627572 ], [ 80.296819154762346, 13.143887444861004 ], [ 80.296791600783052, 13.143898664762219 ], [ 80.296755556792874, 13.143919594246885 ], [ 80.296747406539026, 13.143928575977194 ], [ 80.296740793823716, 13.143938699396934 ], [ 80.296736087856829, 13.143949261144343 ], [ 80.296735885429825, 13.143949715403272 ], [ 80.296735758585726, 13.143950195186553 ], [ 80.296732798395951, 13.143961347631203 ], [ 80.296731611036364, 13.143973310567809 ], [ 80.296732359255714, 13.143985307733688 ], [ 80.296790470013008, 13.144153489684578 ], [ 80.296825571867672, 13.144255078547769 ], [ 80.296713373905305, 13.144272767929055 ], [ 80.296711920062577, 13.144268802651084 ], [ 80.2943623698811, 13.144480974438139 ], [ 80.293358835939216, 13.144560754141249 ], [ 80.293168388379115, 13.144574584736416 ], [ 80.293109801771919, 13.1445744236437 ], [ 80.292941580177882, 13.144148860688968 ], [ 80.292939688652609, 13.144144074984059 ], [ 80.292883700178095, 13.144147813569099 ], [ 80.29285499759844, 13.144149599982764 ], [ 80.292849556427981, 13.144150070570927 ], [ 80.29250809105055, 13.144181073728886 ], [ 80.292367210098121, 13.144194292373793 ], [ 80.292295391577881, 13.144201094988905 ], [ 80.292101658752486, 13.144219444894905 ], [ 80.291797285634289, 13.144250796081087 ], [ 80.291737423014354, 13.144258070915503 ], [ 80.291737358404859, 13.144258079779478 ], [ 80.29167808831312, 13.144265283896406 ], [ 80.291458294805537, 13.144291997685485 ], [ 80.291440841789637, 13.14429411966009 ], [ 80.290984328424685, 13.144389519895837 ], [ 80.290590719156725, 13.144490879771364 ], [ 80.290589743021684, 13.14449087707767 ], [ 80.290385093260909, 13.14453878997913 ], [ 80.290237526242052, 13.144573339835027 ], [ 80.290098110582448, 13.144605979841003 ], [ 80.289809832188283, 13.144752466748898 ], [ 80.289748497360264, 13.144783633211388 ], [ 80.289620306866624, 13.144848771029936 ], [ 80.289351585883509, 13.144985318233564 ], [ 80.289149636328645, 13.145087935276752 ], [ 80.28738464516583, 13.145984779369781 ], [ 80.287076909305966, 13.146031465175126 ], [ 80.286652862388763, 13.146146427559 ], [ 80.286170692257159, 13.146089245715059 ], [ 80.284414415157244, 13.14587736080675 ], [ 80.284366720986682, 13.145804941029068 ], [ 80.284037115614211, 13.145304461142462 ], [ 80.283776030308786, 13.145131697549424 ], [ 80.283611698816145, 13.145028596014349 ], [ 80.28031963731145, 13.142963120452801 ], [ 80.279565600022096, 13.142490018655375 ], [ 80.278753863252106, 13.141930361411825 ], [ 80.278751875249981, 13.141930278978533 ], [ 80.278744480555005, 13.141925192923434 ], [ 80.278589362613602, 13.14192359404961 ], [ 80.278555908554466, 13.141923248817607 ], [ 80.278525874091159, 13.141923092207614 ], [ 80.273191133740667, 13.141701471561099 ], [ 80.26502008423374, 13.14136503988755 ], [ 80.264997404551011, 13.141364106127979 ], [ 80.265335830398215, 13.143008095341262 ], [ 80.265764202449333, 13.145237189444906 ], [ 80.265794093438174, 13.145392734792715 ], [ 80.263664178254729, 13.145544216418875 ], [ 80.260663976690537, 13.145757562605434 ], [ 80.260388996685663, 13.145777115001728 ], [ 80.260387923254157, 13.145772633442746 ], [ 80.25853028722733, 13.146907192577251 ] ] ] } },
{ "type": "Feature", "properties": { "objectid": 10, "zone": "05", "st_area(shape)": 21814579.253137555, "st_perimeter(shape)": 28706.589852874771 }, "geometry": { "type": "Polygon", "coordinates": [ [ [ 80.292678569359907, 13.123299527091568 ], [ 80.292783970074552, 13.123821799136101 ], [ 80.292676765658882, 13.123846965109962 ], [ 80.292676531176966, 13.123847018717781 ], [ 80.292664215350939, 13.123848862001619 ], [ 80.29216699510657, 13.123923286432632 ], [ 80.29216490607574, 13.123909877721632 ], [ 80.292126527357183, 13.123703768147694 ], [ 80.292124117131237, 13.12369041190105 ], [ 80.292093527574551, 13.123493005873708 ], [ 80.292091041661763, 13.123479663885821 ], [ 80.292055256663531, 13.123275698962891 ], [ 80.292052647066214, 13.12326238014373 ], [ 80.291955090704349, 13.123072344549113 ], [ 80.291952918619543, 13.123058950075219 ], [ 80.29193262787264, 13.122851485087892 ], [ 80.29192976905702, 13.12283757061811 ], [ 80.291889044305165, 13.122577755882279 ], [ 80.291704768602727, 13.122624896776884 ], [ 80.291685008668438, 13.122630969281495 ], [ 80.291646395956576, 13.122648487734065 ], [ 80.291611475672312, 13.122672311385067 ], [ 80.291600671596697, 13.122681688963466 ], [ 80.29141428325191, 13.122721382259085 ], [ 80.291425193414881, 13.122681095784843 ], [ 80.290490402056392, 13.122748087059868 ], [ 80.289911767929723, 13.122788695421205 ], [ 80.28990632442455, 13.12278885763148 ], [ 80.289892200098762, 13.122787607047963 ], [ 80.289878513453843, 13.122783970581811 ], [ 80.289865676541737, 13.122778062394591 ], [ 80.289854082786974, 13.122770058082303 ], [ 80.289844082977098, 13.122760202746752 ], [ 80.28983598254176, 13.122748794712491 ], [ 80.289830024959997, 13.122736180960056 ], [ 80.289827022012716, 13.122725917236211 ], [ 80.289818529246801, 13.122689214017429 ], [ 80.289741949651713, 13.122702941929724 ], [ 80.289201262458931, 13.122792459389748 ], [ 80.289059060027498, 13.122819996611501 ], [ 80.288730336756146, 13.122888218428027 ], [ 80.288723105191821, 13.122889718410773 ], [ 80.288654635158153, 13.122903927730436 ], [ 80.288652580445955, 13.122904316284819 ], [ 80.288642736342197, 13.122905132705414 ], [ 80.288632898013788, 13.122904261904061 ], [ 80.288623363371727, 13.1229017291173 ], [ 80.288614421870676, 13.12289761290617 ], [ 80.2886063462295, 13.122892036995472 ], [ 80.288599380432871, 13.122885172049068 ], [ 80.288593736995011, 13.122877224811901 ], [ 80.288589587731536, 13.122868438988638 ], [ 80.288588322992936, 13.122864563708914 ], [ 80.288558353094658, 13.122878664180721 ], [ 80.288579918438231, 13.122965959193145 ], [ 80.28858887786231, 13.123036008826455 ], [ 80.288595837847097, 13.123090439206369 ], [ 80.288596266426055, 13.123097315928547 ], [ 80.288595400838119, 13.123106699134413 ], [ 80.288592886557751, 13.123115794770039 ], [ 80.288588799114478, 13.123124323646246 ], [ 80.28858326195278, 13.123132026598583 ], [ 80.28857644456636, 13.123138671715884 ], [ 80.288568553272697, 13.123144054314716 ], [ 80.288559829321059, 13.123148013209804 ], [ 80.288554802597034, 13.123149529226154 ], [ 80.288203811938047, 13.123237681575793 ], [ 80.287962978382126, 13.123308793746716 ], [ 80.287821063953587, 13.123365607246473 ], [ 80.28781591514435, 13.123367547884223 ], [ 80.287793530237764, 13.123373360549243 ], [ 80.287791920923482, 13.123373494439992 ], [ 80.287770455419988, 13.123375274201733 ], [ 80.287747648396447, 13.123373255323065 ], [ 80.287747392914397, 13.123373232915483 ], [ 80.287725042768486, 13.123367295591846 ], [ 80.287704083451828, 13.123357645852357 ], [ 80.287685150681483, 13.123344576608602 ], [ 80.287668823607405, 13.123328481886219 ], [ 80.287664453410102, 13.123323062679001 ], [ 80.287593717190546, 13.1232303817679 ], [ 80.287390229272674, 13.122909262567671 ], [ 80.287350000193072, 13.122830000268616 ], [ 80.287337501108155, 13.122817330381801 ], [ 80.287251298860653, 13.12266342298309 ], [ 80.287210344880734, 13.122591794626631 ], [ 80.287155782755619, 13.12249636440634 ], [ 80.287155596418131, 13.122496038378467 ], [ 80.287118047971759, 13.122430367264794 ], [ 80.287069089776253, 13.122306983831601 ], [ 80.286996002448248, 13.122122787613883 ], [ 80.286814826193307, 13.121770908332513 ], [ 80.286772854424726, 13.121686650848048 ], [ 80.286519390848468, 13.121172692231363 ], [ 80.286513889614426, 13.121161537245417 ], [ 80.286351617194015, 13.120832488661309 ], [ 80.286222063566612, 13.12054706790666 ], [ 80.286220266798679, 13.120543113381089 ], [ 80.286112102152998, 13.120304814565584 ], [ 80.285940052796107, 13.119989511423199 ], [ 80.285714597375716, 13.119524324554671 ], [ 80.285667357135509, 13.119426853693783 ], [ 80.285613428665101, 13.119320397322156 ], [ 80.285541031222579, 13.119177477574874 ], [ 80.285356188398524, 13.118849185029859 ], [ 80.285221024642965, 13.118612777600958 ], [ 80.285158203093744, 13.11850384427389 ], [ 80.285149210107704, 13.118488248087196 ], [ 80.285148560957282, 13.118486862859632 ], [ 80.285148150225794, 13.11848533723863 ], [ 80.285148131244654, 13.118485201555961 ], [ 80.285148124917598, 13.118485156328417 ], [ 80.28514802076802, 13.118484165036291 ], [ 80.28514802014854, 13.118484060147379 ], [ 80.285148018274441, 13.118483750905828 ], [ 80.28514802136597, 13.118483638793633 ], [ 80.28514803486128, 13.118483438098725 ], [ 80.285148140420034, 13.118482345214073 ], [ 80.285148145163262, 13.118482300017254 ], [ 80.285148196657147, 13.118482038846411 ], [ 80.285148246962009, 13.118481869900663 ], [ 80.285148572363781, 13.11848067997264 ], [ 80.285148652223413, 13.11848049935433 ], [ 80.285148906633225, 13.118479933127164 ], [ 80.285149049566769, 13.118479634233742 ], [ 80.285149518543079, 13.118478881432752 ], [ 80.285149545419088, 13.118478839009946 ], [ 80.285149664035202, 13.118478654882415 ], [ 80.285149783558154, 13.118478476182592 ], [ 80.285149857621391, 13.118478385968178 ], [ 80.28515077857702, 13.118477335131537 ], [ 80.285152034265437, 13.118476334954984 ], [ 80.28515215624769, 13.118476262957573 ], [ 80.285152649766744, 13.118475955995233 ], [ 80.285153699223031, 13.118475450747763 ], [ 80.285153844221384, 13.118475395089835 ], [ 80.285153908879096, 13.118475367239101 ], [ 80.285169333002514, 13.118469512858169 ], [ 80.286776935617496, 13.117859293608642 ], [ 80.286781883045137, 13.117857728575316 ], [ 80.286782084329715, 13.117857668551292 ], [ 80.286843672437257, 13.117834304567495 ], [ 80.286836728613167, 13.117814760041391 ], [ 80.286756880278688, 13.117589986240421 ], [ 80.286724370320883, 13.117498471625122 ], [ 80.286614125921417, 13.117203262311007 ], [ 80.286444221327727, 13.116767517839653 ], [ 80.28635533996335, 13.116524939617763 ], [ 80.286355253002171, 13.116524704284775 ], [ 80.286349761076821, 13.116509716417838 ], [ 80.286322007353348, 13.116438873197913 ], [ 80.286308882357886, 13.116405369670412 ], [ 80.286303205342236, 13.116391865986531 ], [ 80.286302201145503, 13.116389477019824 ], [ 80.28630199680893, 13.116388996323359 ], [ 80.286301804386852, 13.116388542785899 ], [ 80.286301651369627, 13.116388180681856 ], [ 80.286219798034281, 13.116193581575223 ], [ 80.286182421843023, 13.116104722615015 ], [ 80.2860494866555, 13.11571926256916 ], [ 80.286033866380222, 13.11567294411763 ], [ 80.286029797809746, 13.115660879852232 ], [ 80.286006377929368, 13.115591432945056 ], [ 80.285959965369258, 13.11545380528538 ], [ 80.285848915127872, 13.115124509625435 ], [ 80.285841595104429, 13.115091523096826 ], [ 80.285837295801656, 13.115072147730368 ], [ 80.285826562574329, 13.115023776718505 ], [ 80.285817650710413, 13.114983610947457 ], [ 80.28568622822398, 13.114539795136441 ], [ 80.285594356349094, 13.114229542569628 ], [ 80.285583563863767, 13.114193097785378 ], [ 80.285541084659783, 13.114049644354576 ], [ 80.285529933143366, 13.114011986040143 ], [ 80.285516097448038, 13.113965262907518 ], [ 80.285432089376613, 13.113681565854176 ], [ 80.285366630413904, 13.11346050716098 ], [ 80.285327610604512, 13.113240144787701 ], [ 80.285325498881079, 13.113238579184577 ], [ 80.285327622394661, 13.113236061452056 ], [ 80.285337721070761, 13.11322650042073 ], [ 80.285759517716983, 13.113167074184783 ], [ 80.285770103801255, 13.113166346715598 ], [ 80.285782769427001, 13.11316746867517 ], [ 80.285795043272813, 13.113170728886116 ], [ 80.285806552931319, 13.113176027758318 ], [ 80.285816949229854, 13.113183206088941 ], [ 80.285818822138467, 13.113185052232502 ], [ 80.285825915458133, 13.113192044183737 ], [ 80.285831621996707, 13.113200080258954 ], [ 80.285833180246769, 13.11320227455154 ], [ 80.285825027168258, 13.11318753699533 ], [ 80.285782394203338, 13.113110478600079 ], [ 80.285775576419312, 13.113098155342167 ], [ 80.285769657089958, 13.113087455805962 ], [ 80.285766454228437, 13.113081666374368 ], [ 80.285766940044013, 13.113084024971403 ], [ 80.28576759617107, 13.113091621168964 ], [ 80.285766896216089, 13.113099213607253 ], [ 80.285764862061896, 13.113106571775836 ], [ 80.285761555235581, 13.113113473411945 ], [ 80.285757075066002, 13.113119703591222 ], [ 80.285751560455935, 13.113125080050192 ], [ 80.285745176096555, 13.11312943506409 ], [ 80.285738117937285, 13.113132638067038 ], [ 80.285730599363859, 13.113134590188514 ], [ 80.285729322957664, 13.113134788286596 ], [ 80.285631264307824, 13.113148603860084 ], [ 80.285560444679305, 13.113158581551188 ], [ 80.285472294138842, 13.113171000422472 ], [ 80.285463157551831, 13.113172287078319 ], [ 80.28546289268327, 13.113172324320161 ], [ 80.28543392692832, 13.113176405116041 ], [ 80.28541600813908, 13.113178929676511 ], [ 80.285360626564625, 13.113186732126071 ], [ 80.285303704686697, 13.113194751819869 ], [ 80.285273549324941, 13.113199000191367 ], [ 80.285272450807625, 13.113199252128455 ], [ 80.285272233561173, 13.113199090578153 ], [ 80.285260195633612, 13.113190167086708 ], [ 80.285227859924206, 13.113061038964087 ], [ 80.285192468151024, 13.112919707410409 ], [ 80.285072461811637, 13.112440472919864 ], [ 80.284970743724998, 13.111949727120523 ], [ 80.284944988312375, 13.111825468260134 ], [ 80.284913967399874, 13.111651020710566 ], [ 80.284891738160141, 13.111526018431736 ], [ 80.284881876260926, 13.111470559967517 ], [ 80.284880747910691, 13.111464216583547 ], [ 80.284880520750519, 13.111463655348942 ], [ 80.284880080802637, 13.111462028375831 ], [ 80.284879936203168, 13.111460350682982 ], [ 80.284878586836442, 13.111453235402763 ], [ 80.284878569562338, 13.111453147647392 ], [ 80.284872496662572, 13.11145444007537 ], [ 80.284868045603474, 13.111455387078792 ], [ 80.284858596101387, 13.111457398016491 ], [ 80.284858309026731, 13.11145745870537 ], [ 80.284848876139918, 13.111459466072002 ], [ 80.284833379585677, 13.111462763178327 ], [ 80.28483328727836, 13.11146278281454 ], [ 80.284830468212505, 13.111463382612918 ], [ 80.284748167911104, 13.111480894587256 ], [ 80.284671373734213, 13.111497234605325 ], [ 80.284573337773807, 13.111518095397782 ], [ 80.284500570040422, 13.111533573085657 ], [ 80.284498052818392, 13.111534108616056 ], [ 80.284471501545511, 13.111539750337421 ], [ 80.284443913675588, 13.111545607089646 ], [ 80.284443829673307, 13.111545625844579 ], [ 80.284440926611367, 13.111546241680951 ], [ 80.284273139921098, 13.111581780030299 ], [ 80.284167162072023, 13.111604226272686 ], [ 80.284111349604686, 13.111621421912341 ], [ 80.28411101813208, 13.111621523166026 ], [ 80.284107748624166, 13.111622530403334 ], [ 80.283813043119238, 13.111713330431717 ], [ 80.283612772863279, 13.111775033308193 ], [ 80.283612299163138, 13.111775190226195 ], [ 80.283610402767607, 13.11177605027318 ], [ 80.283608686284424, 13.111777220960949 ], [ 80.283607204248312, 13.111778665368957 ], [ 80.283606765212056, 13.111779276291751 ], [ 80.283606348794635, 13.111779721808816 ], [ 80.283606128885296, 13.111780162447038 ], [ 80.283605111935628, 13.11178219497393 ], [ 80.283604564700397, 13.111784172746352 ], [ 80.28360437705939, 13.111786213908365 ], [ 80.28360502094425, 13.111790047698362 ], [ 80.283570744766564, 13.111803585022415 ], [ 80.283559335075779, 13.111808090574176 ], [ 80.283465693195907, 13.111845075091749 ], [ 80.283460181371026, 13.111847252449225 ], [ 80.283421319687946, 13.111862600772273 ], [ 80.283275598450061, 13.11191140656196 ], [ 80.282678672592397, 13.112111335018605 ], [ 80.282613054566468, 13.112133311558754 ], [ 80.282610722964904, 13.112134094433539 ], [ 80.282581455667014, 13.112143895849657 ], [ 80.282554892432671, 13.112067373599517 ], [ 80.282519703809896, 13.111966011564782 ], [ 80.282516690545265, 13.111959768716313 ], [ 80.282515216898901, 13.111958316084728 ], [ 80.282514454586405, 13.111957790430315 ], [ 80.28251350814611, 13.11195713586681 ], [ 80.282511615842054, 13.111956264374129 ], [ 80.282511573443742, 13.111956251597274 ], [ 80.282509598948081, 13.111955728896831 ], [ 80.282507515539763, 13.111955544063854 ], [ 80.282425993361159, 13.111970254426932 ], [ 80.282425875220881, 13.111970274894519 ], [ 80.282225650377185, 13.112006916893785 ], [ 80.282083477298315, 13.112036153239606 ], [ 80.282013343342285, 13.112050576017092 ], [ 80.281999819618079, 13.112053356723242 ], [ 80.281903717796112, 13.112066254962945 ], [ 80.28160559579679, 13.112106248555422 ], [ 80.281602286634978, 13.112106610050963 ], [ 80.281587203294592, 13.112108634092515 ], [ 80.281582917548917, 13.112109510067111 ], [ 80.281580729246059, 13.11211050310629 ], [ 80.281577038758996, 13.112113520981096 ], [ 80.281574623807899, 13.11211759309233 ], [ 80.281573887954224, 13.112121619250102 ], [ 80.281573776402695, 13.112122230178031 ], [ 80.281574188341295, 13.112125554260368 ], [ 80.28156369829523, 13.112080173973204 ], [ 80.281562722411323, 13.112076633118891 ], [ 80.28156265043917, 13.11207632096934 ], [ 80.281562248896776, 13.112075136252358 ], [ 80.281562239753129, 13.112075108196688 ], [ 80.281560830961595, 13.11207515038276 ], [ 80.281486504454747, 13.112077081561145 ], [ 80.281485693157208, 13.112077223970719 ], [ 80.281057033367503, 13.112093123062811 ], [ 80.281021385004308, 13.112101347654097 ], [ 80.281021942600333, 13.112103115111749 ], [ 80.281022232087736, 13.112106035579927 ], [ 80.281022176841532, 13.112106634910074 ], [ 80.281021996813692, 13.112108588382986 ], [ 80.281021313433044, 13.112111061270307 ], [ 80.281020202456148, 13.112113380154732 ], [ 80.281018696375341, 13.112115474599372 ], [ 80.281016842421963, 13.112117281442039 ], [ 80.281014697031367, 13.112118744779817 ], [ 80.281012324904623, 13.112119821391675 ], [ 80.281009920362933, 13.112120306566558 ], [ 80.281008142571807, 13.112120665093968 ], [ 80.280911475324643, 13.112116369835926 ], [ 80.280865670440349, 13.112114331425611 ], [ 80.280812354702988, 13.112122066332311 ], [ 80.280749137202434, 13.112131238391033 ], [ 80.280627200143314, 13.112149966645132 ], [ 80.280550073835784, 13.11216268045157 ], [ 80.280412791218012, 13.112184132604277 ], [ 80.280329281209248, 13.112199360273703 ], [ 80.280249451541309, 13.11221569679851 ], [ 80.280207137676598, 13.112224356563489 ], [ 80.280191785389405, 13.112227498265755 ], [ 80.280177206622611, 13.112230482084765 ], [ 80.280167313294328, 13.112232506978421 ], [ 80.280117996190512, 13.112242599307489 ], [ 80.279977448648665, 13.112271062305961 ], [ 80.279951386784361, 13.112275533077488 ], [ 80.279922661230671, 13.112280461160672 ], [ 80.279898029041419, 13.112284687267358 ], [ 80.279789107711451, 13.112302401717985 ], [ 80.279544337216166, 13.112345362214198 ], [ 80.279529705385386, 13.112347872951226 ], [ 80.279512722755399, 13.112350785811971 ], [ 80.279483946543976, 13.112355047308817 ], [ 80.279143916601541, 13.112400300805632 ], [ 80.278931557724263, 13.11242856230445 ], [ 80.278930281927245, 13.112401949960931 ], [ 80.278926932809782, 13.112332104765246 ], [ 80.278878269118351, 13.112342082040366 ], [ 80.278851461248948, 13.112345174420241 ], [ 80.27880199037881, 13.112350395142354 ], [ 80.278512584633958, 13.112381479639852 ], [ 80.278014990092686, 13.112434020375606 ], [ 80.277902267230289, 13.112445312595217 ], [ 80.277899452902716, 13.11244491228555 ], [ 80.277897185399183, 13.112444588556873 ], [ 80.277894673983027, 13.112443443131914 ], [ 80.277891009558644, 13.112440356777112 ], [ 80.277888656284361, 13.112436230651264 ], [ 80.27788787970438, 13.112431744552078 ], [ 80.277884171098933, 13.112483646934187 ], [ 80.277880968364357, 13.112528792750622 ], [ 80.277870504321911, 13.112640109196658 ], [ 80.277870593123978, 13.112640342728884 ], [ 80.277914205076783, 13.112755334393762 ], [ 80.277923959288984, 13.112811445575247 ], [ 80.27794275644969, 13.112919563593097 ], [ 80.277967590656829, 13.113062426097029 ], [ 80.277973656341842, 13.113076280052113 ], [ 80.277978313099354, 13.113104136100482 ], [ 80.27798840714037, 13.113146222297685 ], [ 80.277992363795903, 13.113163930367451 ], [ 80.278038056127244, 13.113368433593468 ], [ 80.278039229007845, 13.1133736839466 ], [ 80.278073410940067, 13.113562152398902 ], [ 80.278101351939128, 13.113716205823634 ], [ 80.278126764542975, 13.113817058137966 ], [ 80.278126648877972, 13.113817811011586 ], [ 80.278110821291889, 13.113921244995829 ], [ 80.278100918443627, 13.113985966931685 ], [ 80.278099102122127, 13.114030208815814 ], [ 80.278099005078758, 13.114033749386808 ], [ 80.2780989456827, 13.114035136261501 ], [ 80.278098917877159, 13.114035813428563 ], [ 80.278098846403552, 13.114037545673396 ], [ 80.278098831431905, 13.114037934436972 ], [ 80.278098577265169, 13.114044106690711 ], [ 80.278098532460973, 13.11404523500539 ], [ 80.278098394561468, 13.11404855031638 ], [ 80.278098392265477, 13.114048704927947 ], [ 80.278098386624379, 13.114049057549721 ], [ 80.278098388387633, 13.114049085584831 ], [ 80.278098585557544, 13.114051384610946 ], [ 80.278098591935972, 13.114051411754774 ], [ 80.278098615641596, 13.114051507666289 ], [ 80.278098751605029, 13.114052018919663 ], [ 80.278099205214488, 13.114053692054494 ], [ 80.278100202738457, 13.114055807962503 ], [ 80.278100220163239, 13.114055843275093 ], [ 80.278100309279807, 13.11405596920846 ], [ 80.278100980876275, 13.114056915978196 ], [ 80.278101596434581, 13.114057782117204 ], [ 80.278101624942607, 13.114057812939848 ], [ 80.27810325403415, 13.114059417936794 ], [ 80.278103298190516, 13.114059460557867 ], [ 80.278105240781983, 13.11406080240717 ], [ 80.278105270249441, 13.114060820573721 ], [ 80.278107441694374, 13.114061822181277 ], [ 80.278107523715718, 13.114061850441276 ], [ 80.278108117261567, 13.114062040177812 ], [ 80.278108186386291, 13.114062062072273 ], [ 80.278108575346593, 13.114062178899633 ], [ 80.278108617758178, 13.114062187156252 ], [ 80.278108649104951, 13.114062193573485 ], [ 80.278109815332371, 13.114062451825436 ], [ 80.278083522649212, 13.114059323766298 ], [ 80.278082214980273, 13.114059167292359 ], [ 80.278071048143147, 13.114057833954273 ], [ 80.278065977003109, 13.114057228397696 ], [ 80.278046613713656, 13.114054916351794 ], [ 80.278046429267675, 13.11405489684674 ], [ 80.278032115325828, 13.11405338741098 ], [ 80.278007525897152, 13.114050792169481 ], [ 80.277982811045121, 13.114048183915358 ], [ 80.277908480201972, 13.114040339628584 ], [ 80.277901330149547, 13.114039585378507 ], [ 80.277885312854465, 13.114037894841617 ], [ 80.277819971917438, 13.114030999818796 ], [ 80.277801730202597, 13.114029075183177 ], [ 80.277798071247602, 13.11402853325724 ], [ 80.277740065557012, 13.114019944415951 ], [ 80.277728902425906, 13.114018290987193 ], [ 80.277718555364999, 13.114016759200139 ], [ 80.277707403293761, 13.114015109418256 ], [ 80.277698989914043, 13.114013862449168 ], [ 80.277687404452394, 13.114012147253247 ], [ 80.277685669953783, 13.114011890118764 ], [ 80.277682149319958, 13.114011367567175 ], [ 80.277672692101191, 13.114009967573603 ], [ 80.277669143797524, 13.114009443135867 ], [ 80.277667540236834, 13.114009206260739 ], [ 80.277664536907608, 13.114008761112029 ], [ 80.277663580672069, 13.114008620088525 ], [ 80.277658888948537, 13.11400792516797 ], [ 80.277658168777052, 13.114007818261671 ], [ 80.277657406186094, 13.114007705811256 ], [ 80.277654327243056, 13.114007249600036 ], [ 80.277651930664561, 13.114006894763888 ], [ 80.277651122905098, 13.114006770432209 ], [ 80.277651089713331, 13.114006764009764 ], [ 80.27765104361967, 13.114006753030141 ], [ 80.277650876775297, 13.114006708256584 ], [ 80.277648913345871, 13.114006185549709 ], [ 80.277647809952668, 13.114005892208143 ], [ 80.277647703073853, 13.114005846698522 ], [ 80.277647561182022, 13.114005786623556 ], [ 80.277644843434828, 13.114004529400599 ], [ 80.277644721843416, 13.114004467574158 ], [ 80.277644540436867, 13.114004354944869 ], [ 80.277644440068386, 13.114004291369522 ], [ 80.277644364565361, 13.114004242331083 ], [ 80.27764378174821, 13.114003853699845 ], [ 80.277642594023902, 13.114003059195646 ], [ 80.277642567323994, 13.11400304103682 ], [ 80.277642460542836, 13.114002962072121 ], [ 80.277641923028796, 13.114002539208336 ], [ 80.277641790552039, 13.11400241405746 ], [ 80.277641726150748, 13.114002354199764 ], [ 80.277640526656697, 13.114001167240257 ], [ 80.277639514810346, 13.114000167071865 ], [ 80.277639384350138, 13.113999983153702 ], [ 80.277638301164316, 13.113998455637345 ], [ 80.277637997060282, 13.113998028002825 ], [ 80.27763756525826, 13.113997418266299 ], [ 80.277636131314608, 13.113994379754411 ], [ 80.277635882156844, 13.11399345858139 ], [ 80.277635799103379, 13.113993151825115 ], [ 80.277635693230039, 13.113992761818569 ], [ 80.27763553626373, 13.113992177266006 ], [ 80.277635261552874, 13.113991161080452 ], [ 80.277635254275751, 13.113991125796304 ], [ 80.277635182675027, 13.113990687963314 ], [ 80.277635403393234, 13.114003249712287 ], [ 80.277636614414149, 13.114084879656675 ], [ 80.277637378380163, 13.114149000345405 ], [ 80.277637945005125, 13.114196658636924 ], [ 80.277638250446032, 13.114222230235779 ], [ 80.277640203444122, 13.114371720571196 ], [ 80.277641159437451, 13.114375737894434 ], [ 80.277642618143062, 13.114378827110878 ], [ 80.277644600776298, 13.114381621219184 ], [ 80.27764704854475, 13.114384035059762 ], [ 80.277648661545854, 13.114385147226034 ], [ 80.277651943250675, 13.114386934986715 ], [ 80.277656608832118, 13.114388371277453 ], [ 80.277617014445326, 13.114385534096629 ], [ 80.277611453771911, 13.1143851324113 ], [ 80.277578472567413, 13.114382725178777 ], [ 80.277558951433605, 13.114379174804457 ], [ 80.277133409876413, 13.114301777060492 ], [ 80.277069486173289, 13.114290045645976 ], [ 80.277067386604784, 13.11428907226164 ], [ 80.277066689610976, 13.114288610068629 ], [ 80.277065293923627, 13.114287635946887 ], [ 80.277063638164265, 13.114286003742878 ], [ 80.277062256407405, 13.114284050413012 ], [ 80.277061247882372, 13.11428191367397 ], [ 80.277060629099196, 13.114279626123221 ], [ 80.277060507308761, 13.114275842614084 ], [ 80.277030208039704, 13.114277169945327 ], [ 80.277027823914963, 13.114279183234636 ], [ 80.276751508030358, 13.114512331983933 ], [ 80.27644091355161, 13.11477360688122 ], [ 80.276134204081288, 13.115035507138035 ], [ 80.276132949458841, 13.115032668046181 ], [ 80.276131594021493, 13.115029602621412 ], [ 80.276117398166789, 13.114997485386116 ], [ 80.276111326673202, 13.114983747113214 ], [ 80.276100538194086, 13.11495933870194 ], [ 80.276096269356017, 13.114949681621038 ], [ 80.276081067248967, 13.114915286592975 ], [ 80.276078538758028, 13.114909565857403 ], [ 80.276067140849761, 13.114883776829654 ], [ 80.276052297081691, 13.114850192968953 ], [ 80.276011351875269, 13.114757553983209 ], [ 80.275981594718672, 13.114690229633473 ], [ 80.275979173005638, 13.114688059080368 ], [ 80.275804985378741, 13.114293957415109 ], [ 80.275796208084358, 13.11427394724252 ], [ 80.275539178207012, 13.113687974898861 ], [ 80.275157326444784, 13.11287992094004 ], [ 80.274741625263275, 13.111917100835702 ], [ 80.274353134822064, 13.111035053775748 ], [ 80.274058258849152, 13.110397344743621 ], [ 80.274026984255542, 13.110329707591445 ], [ 80.274027119917548, 13.110329688985463 ], [ 80.273989810053862, 13.110248625564186 ], [ 80.273989749553863, 13.110248494284971 ], [ 80.273509729600946, 13.11029193907944 ], [ 80.273152692247237, 13.110353712576368 ], [ 80.273133360670755, 13.110357057835035 ], [ 80.273108200539937, 13.110359214810464 ], [ 80.272136955763315, 13.11044248066796 ], [ 80.271136011121982, 13.110450379832853 ], [ 80.270839113550721, 13.110431689237735 ], [ 80.270812505564692, 13.110429923097342 ], [ 80.270573267997719, 13.110414038320451 ], [ 80.270569326006182, 13.110413776699456 ], [ 80.270301376908975, 13.110400608891016 ], [ 80.270224398116341, 13.110396825651117 ], [ 80.270163518295348, 13.110393833947128 ], [ 80.270176305325052, 13.11032364654948 ], [ 80.270191980111477, 13.110237695407513 ], [ 80.270207268129028, 13.110153699852098 ], [ 80.270227450660556, 13.110120175102869 ], [ 80.270264454265302, 13.110058711255679 ], [ 80.270302085454915, 13.109996204830596 ], [ 80.27034961365473, 13.109917260075035 ], [ 80.27038346528029, 13.109861030725467 ], [ 80.270423045032814, 13.109795288246385 ], [ 80.270495494609136, 13.109674946594161 ], [ 80.270535996697475, 13.10960767228099 ], [ 80.270587959670181, 13.109521359961603 ], [ 80.270596210260834, 13.109507654877415 ], [ 80.270621165965395, 13.109466203838485 ], [ 80.270629000360884, 13.109453487671775 ], [ 80.270652177247115, 13.109415874435737 ], [ 80.270695672374615, 13.109345281114164 ], [ 80.270717009297272, 13.109310651942346 ], [ 80.270759444902453, 13.109241780818985 ], [ 80.270781387091006, 13.109206168681808 ], [ 80.270833841794754, 13.109121035863032 ], [ 80.270847734544958, 13.109098488305253 ], [ 80.270888157720975, 13.109032883754674 ], [ 80.270907135568365, 13.10900208259309 ], [ 80.270920054106966, 13.108981116429318 ], [ 80.271168906803922, 13.108577233283325 ], [ 80.2714464841889, 13.108096198057456 ], [ 80.27177770167701, 13.107522204208596 ], [ 80.271809146090462, 13.107462131314845 ], [ 80.271896578996405, 13.107295099831882 ], [ 80.27192585160843, 13.107239175576042 ], [ 80.271956053755233, 13.107181477191933 ], [ 80.272011153429972, 13.107076215054008 ], [ 80.272032892159487, 13.107034684233437 ], [ 80.272074811062652, 13.106954601134047 ], [ 80.272108793122129, 13.106888553184367 ], [ 80.272121640104672, 13.106857334039576 ], [ 80.272277067252602, 13.106479626292558 ], [ 80.27234073793872, 13.106324898770366 ], [ 80.272350637695794, 13.106300841583506 ], [ 80.272367071052827, 13.106254299149272 ], [ 80.27237939560834, 13.106219391191035 ], [ 80.272402162849787, 13.106154910156071 ], [ 80.272440531795368, 13.106046238862493 ], [ 80.272477364903366, 13.105941918749988 ], [ 80.272575239080112, 13.105664715437667 ], [ 80.272623689777916, 13.105523339664163 ], [ 80.272640312362299, 13.105474834723605 ], [ 80.272643895548114, 13.105464377831838 ], [ 80.272654174274493, 13.105434387442976 ], [ 80.272702637723214, 13.105233976561045 ], [ 80.272720359324708, 13.105162723269286 ], [ 80.272771361133437, 13.104957662903461 ], [ 80.272824952228078, 13.104750095247541 ], [ 80.272905350824345, 13.104438693578949 ], [ 80.272953050103851, 13.104250511554998 ], [ 80.27295680031223, 13.104024746437563 ], [ 80.272957996032488, 13.103952711397081 ], [ 80.27296082862722, 13.103782167621327 ], [ 80.272964014317054, 13.103590321013245 ], [ 80.272975474129979, 13.103543520357164 ], [ 80.273010635022217, 13.103399925148786 ], [ 80.273084890064027, 13.103147324165095 ], [ 80.273147470758047, 13.102934438815172 ], [ 80.273224447662685, 13.102661415973621 ], [ 80.273364956291545, 13.102163051385316 ], [ 80.27353353510432, 13.101522768548543 ], [ 80.273542556718425, 13.101490089089229 ], [ 80.273630345071837, 13.101188997623073 ], [ 80.273677744025434, 13.101026981129278 ], [ 80.273905360673012, 13.100247214257754 ], [ 80.273905453581861, 13.10024541425893 ], [ 80.273931434732077, 13.09974111157649 ], [ 80.273978694962565, 13.098823751007739 ], [ 80.273990816317394, 13.0985884645693 ], [ 80.27399835086581, 13.098420354451251 ], [ 80.273999692144372, 13.098390432848566 ], [ 80.274020042306546, 13.097936422960629 ], [ 80.274019967593063, 13.097569893811702 ], [ 80.274019952614879, 13.097498488245865 ], [ 80.274021976411504, 13.097404986169881 ], [ 80.274024902739384, 13.097269788577226 ], [ 80.274026229950991, 13.097208449621744 ], [ 80.274030831596548, 13.097130195982905 ], [ 80.274033095557201, 13.097091686175549 ], [ 80.274033415802919, 13.096971652805214 ], [ 80.274025352769229, 13.096816368232236 ], [ 80.274022926199194, 13.096769626954497 ], [ 80.274015541574613, 13.096389986200883 ], [ 80.274012713451327, 13.09618714461643 ], [ 80.274008048887723, 13.095924099880259 ], [ 80.274006906316416, 13.095847772287337 ], [ 80.27400385389717, 13.095687490731232 ], [ 80.273855091745048, 13.095701147693042 ], [ 80.273818589072491, 13.095704498980028 ], [ 80.273797061709956, 13.095706476443693 ], [ 80.273750585353611, 13.095710842185284 ], [ 80.273747513077396, 13.095711024321865 ], [ 80.272006741449957, 13.095813954174158 ], [ 80.271987974302476, 13.095815838004917 ], [ 80.272111768745205, 13.095373419131437 ], [ 80.272219946374648, 13.095113011180516 ], [ 80.272234882049375, 13.095077057147414 ], [ 80.272315932411317, 13.09488194892316 ], [ 80.272926108033701, 13.093600179174246 ], [ 80.272725536103621, 13.093492317048167 ], [ 80.272650577447678, 13.093448794590966 ], [ 80.272509649698179, 13.09334748861316 ], [ 80.272443095838653, 13.093300373000481 ], [ 80.272367043914045, 13.093252235966236 ], [ 80.272229075331893, 13.093148496852198 ], [ 80.272158310269774, 13.0930905189007 ], [ 80.272093157445838, 13.093037529860577 ], [ 80.271893284241443, 13.092874210033942 ], [ 80.271669918974453, 13.092692920606808 ], [ 80.271514796767079, 13.092580618775315 ], [ 80.271396706252645, 13.092508326451986 ], [ 80.271242825781542, 13.092420536291884 ], [ 80.271137236020977, 13.092379377284312 ], [ 80.271074930638548, 13.092356996858941 ], [ 80.271011778768525, 13.092337026430759 ], [ 80.270947878111883, 13.092319491592695 ], [ 80.270883326348226, 13.092304425171285 ], [ 80.270739496565724, 13.092288287447053 ], [ 80.270739424643239, 13.092288278201785 ], [ 80.270736389918483, 13.092287938687802 ], [ 80.270583595764364, 13.092270929210878 ], [ 80.270534748439346, 13.09226558202829 ], [ 80.270509680279488, 13.092262499269765 ], [ 80.270492062647534, 13.092260968382563 ], [ 80.270481246666918, 13.092259873560378 ], [ 80.270478362109259, 13.092259598666105 ], [ 80.270400008754251, 13.09225244282179 ], [ 80.27030671787189, 13.092243922772289 ], [ 80.27021098697162, 13.09223452866132 ], [ 80.270170030389906, 13.092232231890454 ], [ 80.270126970771713, 13.092228958958822 ], [ 80.270010258916642, 13.092221221594409 ], [ 80.269982173588431, 13.092219360863968 ], [ 80.269915912588075, 13.09221496795813 ], [ 80.269887553355218, 13.092213088358465 ], [ 80.269876325082379, 13.092212297059566 ], [ 80.269859038614143, 13.092211079015195 ], [ 80.269831016228622, 13.092207266281054 ], [ 80.269830719325356, 13.092207225656116 ], [ 80.269802723655786, 13.09220154582378 ], [ 80.269799266919946, 13.092200423876783 ], [ 80.269799053120039, 13.092200354552622 ], [ 80.269774397037182, 13.092192352239115 ], [ 80.269746724035315, 13.092181411780579 ], [ 80.269719817058544, 13.092168768168117 ], [ 80.269709555925147, 13.092163133997422 ], [ 80.269709475802145, 13.092163090369111 ], [ 80.269708945354438, 13.092162794098948 ], [ 80.269708919561182, 13.092162782271362 ], [ 80.269698726570468, 13.092157188077891 ], [ 80.269698492655763, 13.092157058115378 ], [ 80.269693784801404, 13.092154473248929 ], [ 80.269681808188039, 13.092146878439582 ], [ 80.269681577091234, 13.092146731305281 ], [ 80.269680967581508, 13.0921463443914 ], [ 80.26966873317248, 13.092138585191826 ], [ 80.269628933325009, 13.092109366375686 ], [ 80.269614287078184, 13.092096176961851 ], [ 80.26960095167054, 13.092081713624802 ], [ 80.269589042039968, 13.092066100565329 ], [ 80.269589019795248, 13.092066136670324 ], [ 80.269578832563042, 13.092049823210964 ], [ 80.269578658336215, 13.092049471888592 ], [ 80.269570067545715, 13.092032316617916 ], [ 80.269562997274875, 13.092014102313431 ], [ 80.269557679460576, 13.091995316995018 ], [ 80.269543697977909, 13.091908345926354 ], [ 80.269539571937287, 13.091882675794235 ], [ 80.269524644806836, 13.091789813000052 ], [ 80.269521354844571, 13.091769345282293 ], [ 80.269508721961884, 13.09170116366551 ], [ 80.269497906238925, 13.091632679764837 ], [ 80.269488914909743, 13.09156394242768 ], [ 80.26948175429655, 13.091494996881973 ], [ 80.26948016758908, 13.091473751853519 ], [ 80.269477012815543, 13.091431509599776 ], [ 80.269476429783168, 13.091425893778183 ], [ 80.269467523279431, 13.09130238483093 ], [ 80.269462428437237, 13.091231722633305 ], [ 80.269466585766381, 13.091150027371594 ], [ 80.269466626860364, 13.091149229080274 ], [ 80.269468602685905, 13.091110411988794 ], [ 80.269468628136693, 13.091109913847241 ], [ 80.269468713312961, 13.091108242224569 ], [ 80.269469868680062, 13.091085534730933 ], [ 80.269475653081514, 13.091057091445121 ], [ 80.269475993786543, 13.091055414216433 ], [ 80.269476549783505, 13.091052673355088 ], [ 80.269476684577896, 13.091052006437865 ], [ 80.269478192450734, 13.091044592658548 ], [ 80.269489023554911, 13.091004215574401 ], [ 80.269502324641834, 13.090964557086236 ], [ 80.269511664776488, 13.090941509273639 ], [ 80.269513099438896, 13.090937967066624 ], [ 80.269513724779316, 13.090936423560835 ], [ 80.269514928070492, 13.090933453960961 ], [ 80.269515260717881, 13.090932632985769 ], [ 80.269518044553891, 13.090925760816406 ], [ 80.269536128433259, 13.090887973993601 ], [ 80.269541443019065, 13.090879667694537 ], [ 80.269541616310477, 13.090879396925386 ], [ 80.26954138463077, 13.090879134956067 ], [ 80.269459095721061, 13.090786207150698 ], [ 80.269178756343734, 13.090614165325629 ], [ 80.268924903362759, 13.090591216552818 ], [ 80.268889025996543, 13.09058702612224 ], [ 80.268752642957395, 13.090569722132969 ], [ 80.26864853688933, 13.090554793555981 ], [ 80.268359727556714, 13.090522871354731 ], [ 80.268257553886187, 13.090512364207466 ], [ 80.268070615971283, 13.090499627380021 ], [ 80.267942197328722, 13.090492615445456 ], [ 80.267942098648788, 13.090492608836124 ], [ 80.26788924254177, 13.090498004339198 ], [ 80.267864084863874, 13.090497823557527 ], [ 80.267687449827207, 13.090496551084314 ], [ 80.267453928443402, 13.090484495392881 ], [ 80.26712344985269, 13.090444133999402 ], [ 80.267063933628251, 13.090436807333246 ], [ 80.267008817613572, 13.09043002301226 ], [ 80.266723019743225, 13.090394595643168 ], [ 80.266636864631238, 13.090383916368642 ], [ 80.266565958982412, 13.090374192743001 ], [ 80.266366052710012, 13.090348759054333 ], [ 80.266295775438763, 13.090340220737545 ], [ 80.266225755451359, 13.090329838568701 ], [ 80.266171311804712, 13.090320294561053 ], [ 80.266156044388524, 13.090317618120114 ], [ 80.266086692035458, 13.090303568575692 ], [ 80.265937768308063, 13.090279980343894 ], [ 80.265934059861493, 13.090279459827251 ], [ 80.265930964783394, 13.090278330721429 ], [ 80.265930677297504, 13.09027822592086 ], [ 80.265928341090302, 13.090276881061852 ], [ 80.265926277192236, 13.090275159022505 ], [ 80.265903764143417, 13.090265316980892 ], [ 80.265820732660458, 13.090229020438713 ], [ 80.265728713220085, 13.090214804137755 ], [ 80.265675301674904, 13.090206553255197 ], [ 80.265489529243538, 13.090174196789448 ], [ 80.265465277306504, 13.090169076005852 ], [ 80.265441665087451, 13.090161614263238 ], [ 80.265418929433366, 13.090151884571858 ], [ 80.26539729420503, 13.090139984318428 ], [ 80.265376977664289, 13.090126032574529 ], [ 80.265358181413077, 13.090110167352503 ], [ 80.265325402910221, 13.090090000837794 ], [ 80.265263778311748, 13.090200618611155 ], [ 80.265242092711958, 13.090194512303702 ], [ 80.265230167431938, 13.090191153612905 ], [ 80.265195901449417, 13.090183930060851 ], [ 80.265161329251271, 13.090179187656442 ], [ 80.265126443068041, 13.090176746441976 ], [ 80.265091475114247, 13.090176685743803 ], [ 80.26508395639317, 13.090177014256719 ], [ 80.265064945561946, 13.090177844422611 ], [ 80.26499572166783, 13.090180868025623 ], [ 80.264862808210424, 13.090186673244734 ], [ 80.26474597625824, 13.090193416657293 ], [ 80.264692787401302, 13.090196561816542 ], [ 80.26464295582393, 13.090199510374275 ], [ 80.264642686430435, 13.090199525882184 ], [ 80.264621237254829, 13.090200794836768 ], [ 80.264578092275471, 13.090202203598452 ], [ 80.264493605831291, 13.090204961138072 ], [ 80.264467823457196, 13.090205802702798 ], [ 80.26438061836798, 13.090208649205767 ], [ 80.264281770253092, 13.090211874800334 ], [ 80.264154325779941, 13.090213344243512 ], [ 80.264126075611046, 13.090213669673775 ], [ 80.26407103161479, 13.090214065173289 ], [ 80.264068789156497, 13.090214081383328 ], [ 80.264007902406163, 13.090214519884281 ], [ 80.264006699541937, 13.09021452820831 ], [ 80.263976920326016, 13.090214742566026 ], [ 80.263945606706329, 13.090216339583538 ], [ 80.263945488618418, 13.090216345576099 ], [ 80.263900009051596, 13.090218664422016 ], [ 80.263837893925313, 13.090223665578669 ], [ 80.26382229158672, 13.09022537973523 ], [ 80.263817142224156, 13.090225824378102 ], [ 80.263803429652981, 13.090227010447718 ], [ 80.263785250588711, 13.090229169350147 ], [ 80.263756064057972, 13.090232635964727 ], [ 80.263744912643887, 13.090233960446785 ], [ 80.263738119367034, 13.090234768406511 ], [ 80.263722014640194, 13.090236680951362 ], [ 80.263669399362328, 13.090244538406184 ], [ 80.26364500983496, 13.090248178738348 ], [ 80.263603667183673, 13.090255205739792 ], [ 80.263603464147593, 13.090255240424144 ], [ 80.263592424551092, 13.090257116779307 ], [ 80.263555816081308, 13.090264039736674 ], [ 80.263505697593232, 13.090273517371809 ], [ 80.263493119649709, 13.090275618094347 ], [ 80.263450642210572, 13.090282712359576 ], [ 80.263426133351928, 13.090285533126796 ], [ 80.263421499357463, 13.090286066939875 ], [ 80.263408021838089, 13.090287618050841 ], [ 80.263268100203334, 13.090310348915981 ], [ 80.263223069753494, 13.090317663712417 ], [ 80.263216806434158, 13.09031830679886 ], [ 80.26320502257083, 13.090319517331015 ], [ 80.263129098650481, 13.090327031439296 ], [ 80.263008097610737, 13.090335833671729 ], [ 80.262967148415981, 13.090338337087406 ], [ 80.26290043402679, 13.090342415257131 ], [ 80.262765768051722, 13.090350646675226 ], [ 80.262765673024134, 13.090350652733138 ], [ 80.262744731133338, 13.090351932925943 ], [ 80.262678975312369, 13.090355952291111 ], [ 80.262558594281813, 13.090366871905324 ], [ 80.26252858806096, 13.090369593690648 ], [ 80.262377139724208, 13.090383331430457 ], [ 80.262286732604579, 13.090391532673504 ], [ 80.262286701234387, 13.090391535296416 ], [ 80.262221471071669, 13.090397452149251 ], [ 80.262194609311777, 13.090399889020926 ], [ 80.262186248822601, 13.090400389552347 ], [ 80.262186115967864, 13.090400398214481 ], [ 80.262129526267557, 13.090403792622777 ], [ 80.262024668609754, 13.0904100816694 ], [ 80.261995157671024, 13.090410961149539 ], [ 80.26195949192433, 13.090411974929008 ], [ 80.261880175106626, 13.090414280730844 ], [ 80.261818944232431, 13.090415970041892 ], [ 80.261789820864166, 13.090416798163664 ], [ 80.261758178824394, 13.090418089259591 ], [ 80.26175610436421, 13.090417756005555 ], [ 80.261752545354412, 13.090417857040372 ], [ 80.261744954089934, 13.090418073127362 ], [ 80.261742704108769, 13.090418137218016 ], [ 80.261738428314871, 13.090418258807004 ], [ 80.261727220845472, 13.090418577572805 ], [ 80.261724731937164, 13.090418648213349 ], [ 80.26172455297241, 13.090418653126545 ], [ 80.261718364833698, 13.090418828921228 ], [ 80.26168211329923, 13.090419859070325 ], [ 80.261656313703256, 13.090420592703687 ], [ 80.261640885152673, 13.090421865071562 ], [ 80.261604897193223, 13.090424833659227 ], [ 80.261552871728938, 13.090429126209528 ], [ 80.261516939126409, 13.090432090422226 ], [ 80.261509156573069, 13.090432732736065 ], [ 80.261444004568176, 13.090438107095984 ], [ 80.261389216688031, 13.090442626798387 ], [ 80.261388967571207, 13.090442647786105 ], [ 80.261328309790443, 13.09044765160006 ], [ 80.261327739573403, 13.090447705123896 ], [ 80.261319454195217, 13.09044838216057 ], [ 80.261292824706274, 13.090451185802477 ], [ 80.261292746276723, 13.090451193715733 ], [ 80.261292684453338, 13.090451200772343 ], [ 80.261210097051119, 13.090459895106191 ], [ 80.261209734425989, 13.090459932948534 ], [ 80.261138449329223, 13.090467437141122 ], [ 80.261090344620115, 13.090472501253053 ], [ 80.261084775775117, 13.090472869591371 ], [ 80.261084343993062, 13.090472899097733 ], [ 80.261070528892859, 13.090473816180491 ], [ 80.261017207812984, 13.090477354428021 ], [ 80.261017088797118, 13.090477362224966 ], [ 80.261002627873737, 13.090478321760347 ], [ 80.260910130178743, 13.090484460385243 ], [ 80.260907186144522, 13.090484655397793 ], [ 80.260807401705051, 13.090491277657978 ], [ 80.260784924257393, 13.09049276939523 ], [ 80.260718073159254, 13.090497204667196 ], [ 80.260696632205452, 13.090497872025457 ], [ 80.260664772434254, 13.090498863977562 ], [ 80.260664394206145, 13.090498875552697 ], [ 80.260654336088265, 13.090499189426765 ], [ 80.260600522448897, 13.090500864434032 ], [ 80.260562542755821, 13.090502045899482 ], [ 80.260523575053227, 13.090503258887637 ], [ 80.260490288162174, 13.090504294651103 ], [ 80.26049007506262, 13.090504301274009 ], [ 80.260368249446529, 13.090508093355695 ], [ 80.260345011443718, 13.09050881701941 ], [ 80.260250836190778, 13.090511747931449 ], [ 80.260232390198979, 13.090510918347896 ], [ 80.26018006076616, 13.09050856480212 ], [ 80.260106380100154, 13.090505251257026 ], [ 80.260046176998628, 13.090502544172768 ], [ 80.260045843127429, 13.090502528748278 ], [ 80.26001562859642, 13.090501169903801 ], [ 80.259965169590998, 13.090498901247473 ], [ 80.259965081972339, 13.090498897379426 ], [ 80.25992093426845, 13.090496910838997 ], [ 80.25983380279834, 13.090492992613264 ], [ 80.259802769268816, 13.090491597035419 ], [ 80.259602094969225, 13.090492905701971 ], [ 80.25957731912429, 13.090493066994615 ], [ 80.259443211609948, 13.090495572894707 ], [ 80.259363908311641, 13.090497055139812 ], [ 80.259242493122898, 13.090499325199239 ], [ 80.259114410291318, 13.090501718921761 ], [ 80.258938410047477, 13.090505139586694 ], [ 80.25889583313058, 13.090505969434798 ], [ 80.258721149880827, 13.090510391966923 ], [ 80.25870227383038, 13.090510870316121 ], [ 80.25870037170894, 13.090511515873906 ], [ 80.258698831159293, 13.090512784557855 ], [ 80.258697855610109, 13.090514510580118 ], [ 80.258697573966444, 13.090516463740764 ], [ 80.258698287341204, 13.09053301078664 ], [ 80.258704237683176, 13.090671000202686 ], [ 80.258712856907238, 13.090893427580966 ], [ 80.25863667194416, 13.090897774007656 ], [ 80.258636550163544, 13.090897780891369 ], [ 80.258636449760189, 13.090897425253509 ], [ 80.258636020728389, 13.090895917628792 ], [ 80.258635902196261, 13.09089576357478 ], [ 80.258635847440615, 13.09089556630253 ], [ 80.258634633624297, 13.090893992225174 ], [ 80.258634011206183, 13.090893610674282 ], [ 80.258632926575757, 13.090892946590206 ], [ 80.258630951870671, 13.090892569292015 ], [ 80.258629331217278, 13.09089255378557 ], [ 80.258609127019298, 13.09089235739658 ], [ 80.2586000478573, 13.090892269826158 ], [ 80.258571808648725, 13.090891997001235 ], [ 80.258563148255803, 13.090891913345304 ], [ 80.258536961383712, 13.090891659976357 ], [ 80.258508702804932, 13.090891387088893 ], [ 80.258498602549764, 13.090891289347272 ], [ 80.258477572803301, 13.090891086054821 ], [ 80.258454059963185, 13.09089085844538 ], [ 80.258419005161088, 13.090890518999787 ], [ 80.25840012829191, 13.090890336355068 ], [ 80.258386836540978, 13.090890207736431 ], [ 80.258339402220997, 13.090890063272358 ], [ 80.25832373165035, 13.090890205401941 ], [ 80.25830703070811, 13.090890355419432 ], [ 80.258289921119172, 13.090890509686471 ], [ 80.258238314694466, 13.090890975299402 ], [ 80.258235686640759, 13.090890997583582 ], [ 80.258153258591136, 13.090891683816345 ], [ 80.258015627683776, 13.090891570225612 ], [ 80.257962212067937, 13.090891526039377 ], [ 80.25776520512909, 13.090889425037798 ], [ 80.257725899352877, 13.090888619364117 ], [ 80.257666242458427, 13.090887396175042 ], [ 80.257568228909108, 13.090885386280638 ], [ 80.257511413545615, 13.090881852870682 ], [ 80.257493473891543, 13.090880737012693 ], [ 80.257384203576848, 13.09087394310467 ], [ 80.257295808455339, 13.090868446174191 ], [ 80.257241303343676, 13.090865056792223 ], [ 80.257156701874507, 13.090854421333677 ], [ 80.257005831243276, 13.090835603760519 ], [ 80.256986248642775, 13.090831448653097 ], [ 80.256980487382066, 13.090830766575749 ], [ 80.256980454234693, 13.090830746587978 ], [ 80.256936252558361, 13.090803982583081 ], [ 80.256964428921066, 13.09075596135783 ], [ 80.256971073255485, 13.090751920646397 ], [ 80.256974044596134, 13.090739536282525 ], [ 80.256992570366464, 13.090662332348252 ], [ 80.257008993409158, 13.090599460204178 ], [ 80.257015525300631, 13.090574453559151 ], [ 80.257021697407609, 13.09055130671476 ], [ 80.257026746295281, 13.090532372001201 ], [ 80.257047166115768, 13.090462747064811 ], [ 80.257049180681335, 13.090455975910547 ], [ 80.257053379398329, 13.090441864446237 ], [ 80.257065668052945, 13.090400562664268 ], [ 80.257103424390465, 13.090277185214248 ], [ 80.257108282380045, 13.090261310654451 ], [ 80.257126853719598, 13.090197194178394 ], [ 80.257142542170826, 13.090143034553824 ], [ 80.257142550564652, 13.090143003835298 ], [ 80.257156681841096, 13.090093811000525 ], [ 80.257164108443035, 13.090066651319747 ], [ 80.257164138296133, 13.090066539285271 ], [ 80.257175968814437, 13.090023274069312 ], [ 80.257198630057914, 13.089940397328661 ], [ 80.25720229400568, 13.089925585377179 ], [ 80.25721874812848, 13.089859074812741 ], [ 80.25723667568559, 13.089790295336543 ], [ 80.257246555051481, 13.089753258032033 ], [ 80.257250561844302, 13.089738234579873 ], [ 80.25726145326098, 13.089699911706763 ], [ 80.257265211783874, 13.089686781831967 ], [ 80.2572810633838, 13.089631407422743 ], [ 80.257298879460606, 13.089585670169768 ], [ 80.257301249861968, 13.089579582705007 ], [ 80.257319674808571, 13.089532278420807 ], [ 80.257329338917629, 13.089500888105089 ], [ 80.25735981162677, 13.089390420554142 ], [ 80.257364505147137, 13.089372778712848 ], [ 80.257364512610351, 13.089372750704234 ], [ 80.257401476746651, 13.089233808774033 ], [ 80.257419008420584, 13.089168746195366 ], [ 80.257426038999142, 13.089143208396139 ], [ 80.257452295258958, 13.089047830591106 ], [ 80.257477552726854, 13.088956080258567 ], [ 80.257490822902597, 13.088906076564838 ], [ 80.257515597190078, 13.088812719886551 ], [ 80.257534632000926, 13.088740991358677 ], [ 80.257539453434134, 13.088722825445846 ], [ 80.25753959768852, 13.088720857424176 ], [ 80.257539014841598, 13.088718968688536 ], [ 80.257538907328595, 13.088718831845512 ], [ 80.257537781625828, 13.088717409922198 ], [ 80.257535418356483, 13.088716190595576 ], [ 80.257531628115558, 13.088715277303402 ], [ 80.257515486402909, 13.088711389838309 ], [ 80.257505011619884, 13.088708866832956 ], [ 80.257475644619845, 13.088701793808092 ], [ 80.257468669727984, 13.088700113635765 ], [ 80.25745018769102, 13.088695662448231 ], [ 80.257438923891257, 13.088692949097217 ], [ 80.257417711629401, 13.088687839934602 ], [ 80.257406953869648, 13.088685249200603 ], [ 80.257391710870181, 13.088681577704239 ], [ 80.257384521210128, 13.088679846276715 ], [ 80.257362939327763, 13.088674648339081 ], [ 80.257336898015424, 13.088668376040475 ], [ 80.257330835662387, 13.088666914593439 ], [ 80.257330709381847, 13.088666884391564 ], [ 80.257311402382825, 13.088662234609718 ], [ 80.257271627545109, 13.088652466944009 ], [ 80.257247786793343, 13.0886466123789 ], [ 80.257243427894892, 13.088645541924214 ], [ 80.25721232845828, 13.088637905090703 ], [ 80.257191773707518, 13.08863285657508 ], [ 80.25716603694292, 13.088626537213729 ], [ 80.257146105286864, 13.088621642392997 ], [ 80.257112182575028, 13.088613312040394 ], [ 80.257073597718872, 13.088603836208906 ], [ 80.257070340297474, 13.088603036564262 ], [ 80.257038674003653, 13.088595260640695 ], [ 80.257009650220226, 13.088587555614335 ], [ 80.256992360377524, 13.088582965867959 ], [ 80.256987441459572, 13.088581626154586 ], [ 80.256959179569293, 13.088573929645452 ], [ 80.256959101229668, 13.088573907719194 ], [ 80.256928061445564, 13.08856545543849 ], [ 80.256875203133447, 13.088551059437226 ], [ 80.256868851958032, 13.088549327697363 ], [ 80.256861340403816, 13.088547281572495 ], [ 80.256820294132552, 13.088536103247868 ], [ 80.256773257979717, 13.088523292772553 ], [ 80.256726337960643, 13.088510514270249 ], [ 80.25670833511856, 13.08850561140833 ], [ 80.256651133947784, 13.088490036441446 ], [ 80.256608818583373, 13.088478507217348 ], [ 80.25658354658421, 13.088471627631868 ], [ 80.25657440091922, 13.088469139160766 ], [ 80.256539630219962, 13.088459688705074 ], [ 80.256489979236846, 13.088388358268414 ], [ 80.256490007090676, 13.088388297767473 ], [ 80.25648980503135, 13.08838800693823 ], [ 80.256490766062811, 13.088385894790562 ], [ 80.256499442114546, 13.088353956429277 ], [ 80.256499989609438, 13.088351942551926 ], [ 80.256509659783916, 13.08831639117108 ], [ 80.256522463798433, 13.08826932121268 ], [ 80.256522476858493, 13.088269272423675 ], [ 80.256542424360802, 13.088195941658325 ], [ 80.256560675291965, 13.088128844961261 ], [ 80.256568385852049, 13.088100500709846 ], [ 80.256588712933805, 13.088025773143711 ], [ 80.256606737191504, 13.087959510361998 ], [ 80.256606753981799, 13.087959448020785 ], [ 80.256610594793727, 13.087945331008319 ], [ 80.256610619047279, 13.087945240658497 ], [ 80.256620610964376, 13.087908506603869 ], [ 80.256620635193528, 13.087908424391735 ], [ 80.25663337043143, 13.087870744309871 ], [ 80.256633420734531, 13.087870579890925 ], [ 80.256634139650572, 13.087867691244318 ], [ 80.256634159251433, 13.08786761444404 ], [ 80.256641030144195, 13.087839970331661 ], [ 80.256646963623766, 13.087816099445019 ], [ 80.256659865082881, 13.087764196824088 ], [ 80.256666659938148, 13.087741300428974 ], [ 80.256668646590626, 13.087734604243625 ], [ 80.256677665715586, 13.087704209420243 ], [ 80.25669154988897, 13.087657419242985 ], [ 80.256691563865928, 13.087657372264998 ], [ 80.256701118015613, 13.087624196767466 ], [ 80.256701516066073, 13.087622801833861 ], [ 80.256716407974167, 13.087569698741685 ], [ 80.256730044901659, 13.087521069616949 ], [ 80.256730071010765, 13.087520975655657 ], [ 80.256730802923201, 13.08751836644284 ], [ 80.256741066756859, 13.087479530001746 ], [ 80.256746097448129, 13.087460493060519 ], [ 80.256756464836542, 13.087421265399364 ], [ 80.256756484429189, 13.087421191311631 ], [ 80.256763484662031, 13.087394701321346 ], [ 80.256769697389046, 13.087369672053672 ], [ 80.256777465625575, 13.087338377563684 ], [ 80.256785480351965, 13.087306090070678 ], [ 80.256794296175585, 13.087270575092663 ], [ 80.256799006808947, 13.087250297574229 ], [ 80.256799295554075, 13.087249056039127 ], [ 80.256823231848017, 13.087146015771534 ], [ 80.25684237091312, 13.087077372709254 ], [ 80.256854820712874, 13.087032722238721 ], [ 80.256861795290973, 13.087007706010986 ], [ 80.256866480754098, 13.086990899629816 ], [ 80.256878176848929, 13.086945970303271 ], [ 80.256882297630511, 13.086930142445359 ], [ 80.256895359856259, 13.086879962762264 ], [ 80.256907952629717, 13.08683191834389 ], [ 80.256925123239256, 13.086772198549268 ], [ 80.256930831548061, 13.086752345254435 ], [ 80.256945829374004, 13.08670018190587 ], [ 80.25694932224242, 13.086690426633652 ], [ 80.256956137765158, 13.086671387589845 ], [ 80.256956596581361, 13.086666334449701 ], [ 80.256957242445111, 13.086659193153055 ], [ 80.256955797869082, 13.08665645018219 ], [ 80.256955619046536, 13.086656100647417 ], [ 80.25695276039005, 13.086653367168921 ], [ 80.256949997392411, 13.086650724385455 ], [ 80.256934658622669, 13.086643656428839 ], [ 80.256914081232011, 13.086635753284108 ], [ 80.25688272130688, 13.086623708617289 ], [ 80.256849681767378, 13.086611018939795 ], [ 80.256838190717346, 13.086606605022807 ], [ 80.256805604629108, 13.086595888698847 ], [ 80.25678272562422, 13.086588365009382 ], [ 80.256739059424092, 13.086574005412212 ], [ 80.256708699690449, 13.086564020652933 ], [ 80.25665398287758, 13.086546025996405 ], [ 80.256604476942513, 13.086533508589019 ], [ 80.256534776358208, 13.086515886685914 ], [ 80.256511370959004, 13.086510114694731 ], [ 80.256480880882748, 13.086491922139118 ], [ 80.256481189115675, 13.086486949040022 ], [ 80.256481013063848, 13.086486598608726 ], [ 80.25647881866287, 13.086482288310908 ], [ 80.256474384961777, 13.086479414661161 ], [ 80.256468212835429, 13.086477359727235 ], [ 80.25644118282851, 13.08646836106122 ], [ 80.256411085191388, 13.086458340855211 ], [ 80.256370327786797, 13.086444771707283 ], [ 80.256343858053341, 13.086435959101602 ], [ 80.256321335971904, 13.086428461718386 ], [ 80.25630727038515, 13.086423779048463 ], [ 80.25628382774272, 13.086415974295537 ], [ 80.25626660133851, 13.086409663100161 ], [ 80.256230733270286, 13.086396522140223 ], [ 80.25620953566083, 13.086388754592178 ], [ 80.256183264845788, 13.086379130575027 ], [ 80.256145367876627, 13.086365245932715 ], [ 80.256107889225603, 13.086351514395613 ], [ 80.256069512218886, 13.086337453849195 ], [ 80.256015907830843, 13.086312112052212 ], [ 80.255912810037913, 13.08626057857701 ], [ 80.255912635834576, 13.08626022724652 ], [ 80.25595387828163, 13.086091166386957 ], [ 80.256419983254403, 13.084396163657907 ], [ 80.256421380391359, 13.084392878213286 ], [ 80.256422769784351, 13.084390945425033 ], [ 80.256426459204235, 13.084387927895516 ], [ 80.256430980064295, 13.084386329637299 ], [ 80.256435784806271, 13.084386342571486 ], [ 80.256437011702261, 13.08438661555582 ], [ 80.256465955269718, 13.084395371973304 ], [ 80.256799513559471, 13.084509589425949 ], [ 80.256815066442059, 13.084485168434373 ], [ 80.25644537760364, 13.084351312673771 ], [ 80.256441223754223, 13.084348945277066 ], [ 80.256438144557862, 13.084345327758379 ], [ 80.256437132657595, 13.08434318280128 ], [ 80.256436515044086, 13.084340897020837 ], [ 80.256436311798566, 13.084338541002284 ], [ 80.256435951567923, 13.084338090578852 ], [ 80.256436788992403, 13.08433505127204 ], [ 80.256561051079373, 13.083883162323955 ], [ 80.256572113991552, 13.083821401352832 ], [ 80.256221954948316, 13.08373041799789 ], [ 80.256140201858713, 13.083704606351645 ], [ 80.256118265813697, 13.083679860380375 ], [ 80.2561185654437, 13.083620229452135 ], [ 80.256122794827888, 13.083325139765979 ], [ 80.256096513412984, 13.083124118916274 ], [ 80.256050446967393, 13.082884855007505 ], [ 80.255974812309603, 13.082551482960625 ], [ 80.255909176971514, 13.082241348638947 ], [ 80.255850135370352, 13.081950782948844 ], [ 80.255760532790319, 13.081485393985776 ], [ 80.255759467423729, 13.081479860845912 ], [ 80.255759806866521, 13.081470633588921 ], [ 80.255759846639791, 13.081457372749254 ], [ 80.255759867559348, 13.08145009040631 ], [ 80.255764619539718, 13.081444302773773 ], [ 80.255769766819213, 13.081438035247615 ], [ 80.255772353541005, 13.081432999995727 ], [ 80.255774726862214, 13.081428381867829 ], [ 80.2557883157763, 13.081418753356838 ], [ 80.255799093726409, 13.081416039276775 ], [ 80.255803016857158, 13.081415046020233 ], [ 80.255803316847832, 13.081414974549041 ], [ 80.255803498686987, 13.081414931671645 ], [ 80.255793833735751, 13.081367930778631 ], [ 80.255784900649147, 13.08132448458489 ], [ 80.25491071706395, 13.081509807873777 ], [ 80.254903050840454, 13.081509276690221 ], [ 80.254895818832992, 13.081503292643596 ], [ 80.254894202586414, 13.081494151070087 ], [ 80.254897778725237, 13.081479394045109 ], [ 80.254869463867877, 13.081062659303136 ], [ 80.254830088457254, 13.080815882564925 ], [ 80.254821737189829, 13.080480758553016 ], [ 80.254733715865228, 13.080082082810105 ], [ 80.254609038698845, 13.079476014988122 ], [ 80.254614162426009, 13.07931665872489 ], [ 80.254672202541727, 13.079036469996069 ], [ 80.254667242877048, 13.078821787549737 ], [ 80.25426672162439, 13.078764517833516 ], [ 80.254130476610058, 13.078745035902886 ], [ 80.253660043975529, 13.078689614069635 ], [ 80.253335723252761, 13.078655778371189 ], [ 80.253189107025065, 13.078655353561617 ], [ 80.253149368884465, 13.078656971095079 ], [ 80.25310479320477, 13.078658784406578 ], [ 80.253033062163354, 13.078661701863828 ], [ 80.253033468587148, 13.078658445218343 ], [ 80.253042844589203, 13.078583347146672 ], [ 80.25307134809826, 13.078430034404802 ], [ 80.253112816952353, 13.078206988611141 ], [ 80.253179608741064, 13.077725475403989 ], [ 80.253226181418555, 13.07738972081359 ], [ 80.253233962035551, 13.077320299178925 ], [ 80.253242037429203, 13.07724824356589 ], [ 80.253249332782175, 13.077183142587826 ], [ 80.253303828272195, 13.076696872019316 ], [ 80.252130045274242, 13.076507692808429 ], [ 80.251911649302372, 13.076466386935563 ], [ 80.251622557936784, 13.076423404043998 ], [ 80.251224033159247, 13.0763801054526 ], [ 80.250902633083143, 13.076322528416178 ], [ 80.250953858842692, 13.076206010290491 ], [ 80.251189709347699, 13.075728688734436 ], [ 80.251368959640899, 13.075696160778296 ], [ 80.251569441762982, 13.075736475713279 ], [ 80.251897364906242, 13.07578527023515 ], [ 80.251988825620671, 13.075802504145621 ], [ 80.252016108879047, 13.075783643840154 ], [ 80.252128134336289, 13.075046265649915 ], [ 80.252148609233998, 13.074949728668582 ], [ 80.252159486399165, 13.074690156194528 ], [ 80.252179612049019, 13.074263691215975 ], [ 80.25218831799701, 13.074217523708203 ], [ 80.25218837330911, 13.074217227291717 ], [ 80.252212157838073, 13.074122118559199 ], [ 80.25223186155246, 13.074043331425157 ], [ 80.252258170846503, 13.073980586680275 ], [ 80.252262435108108, 13.073970416860071 ], [ 80.250421828215025, 13.073866647012929 ], [ 80.250634161681106, 13.072447093661481 ], [ 80.250677250824481, 13.072159018564989 ], [ 80.25076737678009, 13.071991784686222 ], [ 80.250107888046884, 13.071788413893117 ], [ 80.249785235758708, 13.071702251378612 ], [ 80.249559862146072, 13.071639314990165 ], [ 80.249557162186548, 13.071638478000786 ], [ 80.249555003409668, 13.071569045708216 ], [ 80.249554320758207, 13.071547107011961 ], [ 80.249546944280183, 13.071546031296226 ], [ 80.249555525390733, 13.071078573907148 ], [ 80.249954292018614, 13.070990600446418 ], [ 80.250184504936684, 13.07090164274269 ], [ 80.250887172397768, 13.070485725557058 ], [ 80.251823101194447, 13.069888673917172 ], [ 80.252449330013363, 13.06943213133224 ], [ 80.253138462110968, 13.068683878568345 ], [ 80.253829098604939, 13.067931756280595 ], [ 80.254083655124631, 13.06763890164776 ], [ 80.254443161456351, 13.067237684778489 ], [ 80.25444191527346, 13.067236491259751 ], [ 80.254445128384916, 13.067232905436978 ], [ 80.254145910431745, 13.066946376306925 ], [ 80.254088923108185, 13.066819189261048 ], [ 80.254094801276935, 13.06681115795883 ], [ 80.254095486610836, 13.066810223187547 ], [ 80.254099503970977, 13.066802959604734 ], [ 80.254099663455534, 13.066801450054665 ], [ 80.2541014709021, 13.066798180265849 ], [ 80.254102057693487, 13.06679258859165 ], [ 80.254102256215759, 13.066790364837981 ], [ 80.254102260013653, 13.066790328681025 ], [ 80.254102647851212, 13.066785875721923 ], [ 80.254102670449356, 13.066778349244851 ], [ 80.254102798810834, 13.066777989744537 ], [ 80.254120869455591, 13.066728131074655 ], [ 80.254137066755831, 13.066709018764371 ], [ 80.254150022556402, 13.066693731802834 ], [ 80.254195430311697, 13.066640157988564 ], [ 80.254195489169533, 13.066640215122828 ], [ 80.254238981934975, 13.066682264639274 ], [ 80.254316160365875, 13.066757441671577 ], [ 80.254341333816939, 13.066779809999021 ], [ 80.254433599694622, 13.066861801153905 ], [ 80.254635978677968, 13.067058721416959 ], [ 80.254648175743426, 13.067043623028107 ], [ 80.254822334569525, 13.066819831636151 ], [ 80.254978577331684, 13.066583851421885 ], [ 80.255189942916701, 13.066250064590182 ], [ 80.255473404066464, 13.065826614238889 ], [ 80.255594304172448, 13.065542152659988 ], [ 80.25559431670446, 13.065541971856449 ], [ 80.255656580371692, 13.064643002907102 ], [ 80.255622723898355, 13.063734669947575 ], [ 80.255630043153786, 13.063371761201712 ], [ 80.255789131785733, 13.062654442101655 ], [ 80.25579092942138, 13.062650426305435 ], [ 80.256045643449255, 13.062081386787227 ], [ 80.25637961402569, 13.061635482572413 ], [ 80.256910470329871, 13.061205405657967 ], [ 80.257193029998348, 13.061087652589853 ], [ 80.257519680954644, 13.06103831631415 ], [ 80.258326339929795, 13.061208609578811 ], [ 80.258699373876752, 13.061451243201423 ], [ 80.25907301788223, 13.061741632434527 ], [ 80.259580953874604, 13.062195215824449 ], [ 80.260246492557982, 13.062932176779247 ], [ 80.260537076845523, 13.063478397436615 ], [ 80.260541079791551, 13.063477445912881 ], [ 80.2606255466725, 13.063701993977286 ], [ 80.260640241310142, 13.063697285336632 ], [ 80.260933585582876, 13.063603284380193 ], [ 80.261076161720908, 13.063560586905608 ], [ 80.261076305731194, 13.063560543915617 ], [ 80.261166567192873, 13.063533511317699 ], [ 80.261230463162008, 13.063522592138352 ], [ 80.261231205090681, 13.063522464053586 ], [ 80.261557031845769, 13.063466776589085 ], [ 80.261710288567997, 13.063437963402309 ], [ 80.261901248851942, 13.06331507905613 ], [ 80.262661104081971, 13.062435471619338 ], [ 80.262923633234479, 13.06212382995713 ], [ 80.262925290911781, 13.06212218361364 ], [ 80.262927294653764, 13.062120782390506 ], [ 80.262929509438365, 13.062119748874013 ], [ 80.262931870607318, 13.062119115431052 ], [ 80.262934306156069, 13.062118903557135 ], [ 80.2629367422944, 13.062119114850367 ], [ 80.262939103392881, 13.062119749095139 ], [ 80.26294131942565, 13.062120782582683 ], [ 80.262943129019661, 13.062122024686024 ], [ 80.263332264095283, 13.06244010534828 ], [ 80.263743249674832, 13.062778827274672 ], [ 80.26383413238085, 13.062650874121513 ], [ 80.264007062638271, 13.062438868584834 ], [ 80.264173581551631, 13.062251162222934 ], [ 80.264173600979063, 13.062251142385819 ], [ 80.264191763031079, 13.062230668729882 ], [ 80.264378004841362, 13.062020729811621 ], [ 80.264378023346453, 13.062020709971865 ], [ 80.264409123450989, 13.061985655807753 ], [ 80.26462155908284, 13.0617447301229 ], [ 80.264621583143153, 13.061744703065319 ], [ 80.264631751687816, 13.061733170880947 ], [ 80.264634594587037, 13.06172994645037 ], [ 80.264639783991441, 13.061724184273718 ], [ 80.264874624834178, 13.061463359136615 ], [ 80.26488661929838, 13.061450038198492 ], [ 80.264891466187208, 13.061445321201942 ], [ 80.264891683576906, 13.061445103003496 ], [ 80.265139853097907, 13.061203336237662 ], [ 80.265311544430929, 13.060791625415606 ], [ 80.26534850170043, 13.060725109837172 ], [ 80.265387276544828, 13.060659626586766 ], [ 80.265416743878276, 13.060602714027269 ], [ 80.265425560294574, 13.060584293384707 ], [ 80.265447714289138, 13.060546832000199 ], [ 80.265471544191442, 13.060504040591686 ], [ 80.26549556522626, 13.060458989222507 ], [ 80.265514127553715, 13.060419709229143 ], [ 80.265548555865706, 13.060348465602258 ], [ 80.265578365689535, 13.060279559774507 ], [ 80.265602069012999, 13.060223403910122 ], [ 80.265607517164071, 13.060209650218592 ], [ 80.265619138707095, 13.060175171701403 ], [ 80.265632073825287, 13.060132506666674 ], [ 80.265638812457112, 13.060106208146102 ], [ 80.265647795332413, 13.060062651196121 ], [ 80.265653519689266, 13.060029392877142 ], [ 80.26565588288139, 13.060009959279522 ], [ 80.265659497571221, 13.059972445228011 ], [ 80.265662323608694, 13.059925903208795 ], [ 80.265662122401636, 13.059919707960695 ], [ 80.265660477136578, 13.059869087056075 ], [ 80.265656457380558, 13.059812379565637 ], [ 80.265652631572223, 13.059777436728979 ], [ 80.265648946454164, 13.059742325206241 ], [ 80.265643078911168, 13.059682320274939 ], [ 80.265638959797556, 13.059646133329547 ], [ 80.265634720189823, 13.059608898977862 ], [ 80.265625198859453, 13.05953564798557 ], [ 80.265614520299962, 13.059462619756911 ], [ 80.26556533602664, 13.059090313013536 ], [ 80.265558277160054, 13.059029592186247 ], [ 80.26551349557711, 13.058599092740604 ], [ 80.265483057671659, 13.058412108071142 ], [ 80.265443334565546, 13.058268957983779 ], [ 80.265432942457963, 13.058219499448496 ], [ 80.265434519216939, 13.058219940655308 ], [ 80.26543609781784, 13.058220382771538 ], [ 80.265530711655202, 13.058246859707138 ], [ 80.265580204017795, 13.05826071063418 ], [ 80.265627346455332, 13.058273902951418 ], [ 80.265664031967034, 13.058281421552579 ], [ 80.26570450156926, 13.058288046691061 ], [ 80.265733541903103, 13.058292198036204 ], [ 80.265773142801692, 13.058293479585606 ], [ 80.26585912167856, 13.05829042692454 ], [ 80.265946055674448, 13.058289379749654 ], [ 80.266034043913407, 13.058292377313597 ], [ 80.266121366979007, 13.058298252839188 ], [ 80.266207899572578, 13.058306961665966 ], [ 80.266250326187347, 13.058312072310841 ], [ 80.266290503554785, 13.058315222590915 ], [ 80.266332882561287, 13.058316777770543 ], [ 80.266409535574596, 13.058320441097228 ], [ 80.266484098638074, 13.05831848157994 ], [ 80.266560289971736, 13.058315447946942 ], [ 80.266567925823438, 13.058314792353238 ], [ 80.266728097868466, 13.058301046020979 ], [ 80.266731449707009, 13.058300984091588 ], [ 80.266906033017193, 13.058297781699155 ], [ 80.267050336764612, 13.058291238262631 ], [ 80.267132979630262, 13.058286322112162 ], [ 80.267217622999951, 13.05828327425635 ], [ 80.267302595331969, 13.058282205695944 ], [ 80.267388202301134, 13.058283610085953 ], [ 80.267473594263336, 13.058287243597963 ], [ 80.267535572592124, 13.058291504300257 ], [ 80.267558676264173, 13.058293092400405 ], [ 80.267603698443267, 13.05829720922427 ], [ 80.267649724651008, 13.058303640924818 ], [ 80.267695379196653, 13.058312256114281 ], [ 80.267740552386556, 13.058323034589936 ], [ 80.267785139154441, 13.058335950737035 ], [ 80.267861608691447, 13.058374997208476 ], [ 80.267882230345847, 13.058387895232778 ], [ 80.267906637950034, 13.058399266830078 ], [ 80.267938693705261, 13.058413010994569 ], [ 80.268052859647952, 13.058449592555849 ], [ 80.268130710768915, 13.0584717596213 ], [ 80.268203639172455, 13.058495624388351 ], [ 80.268278421556332, 13.058517564815675 ], [ 80.268325134965536, 13.058530883833232 ], [ 80.268345947789371, 13.058535875125656 ], [ 80.268407836686748, 13.058548929628323 ], [ 80.268416655836148, 13.058550790101686 ], [ 80.268460901229361, 13.058557506872541 ], [ 80.268616104016857, 13.058567893815086 ], [ 80.268869173563075, 13.058578001248504 ], [ 80.269106075676859, 13.058581015405291 ], [ 80.269295651053994, 13.058586063919352 ], [ 80.269365457609979, 13.058591728827524 ], [ 80.269434015108075, 13.058599678722024 ], [ 80.269502244719305, 13.058609986733337 ], [ 80.269568230016901, 13.058622296619609 ], [ 80.269690774197826, 13.058644876070035 ], [ 80.269695855200624, 13.05864581270205 ], [ 80.269758039431323, 13.058657269996729 ], [ 80.269782422171332, 13.058661762189319 ], [ 80.269965363187239, 13.05868984228778 ], [ 80.270017253037693, 13.058698656418578 ], [ 80.270069924722577, 13.058709766704228 ], [ 80.270099558742132, 13.058717518865734 ], [ 80.270169248004308, 13.058741481549889 ], [ 80.270211252425455, 13.058759775424317 ], [ 80.270289200278484, 13.05878648845094 ], [ 80.270344201326068, 13.058807168087103 ], [ 80.270458907440144, 13.058848451982524 ], [ 80.270545240182784, 13.058878262870163 ], [ 80.270785792723615, 13.058972609233804 ], [ 80.270831075770573, 13.058993510025919 ], [ 80.270873339009384, 13.059010384026291 ], [ 80.270886247689958, 13.059014767817436 ], [ 80.270895078994144, 13.059127271749277 ], [ 80.270854977055791, 13.059131658906507 ], [ 80.270815340320155, 13.05913906740159 ], [ 80.270776405030162, 13.059149451786498 ], [ 80.270746213166717, 13.059157340809728 ], [ 80.270698336299461, 13.059165766787849 ], [ 80.270457581213719, 13.059185009149958 ], [ 80.270258955574889, 13.059205423553765 ], [ 80.270258484994216, 13.0592054927537 ], [ 80.270256612438487, 13.05920621263961 ], [ 80.270255123620856, 13.059207541231505 ], [ 80.270254220117977, 13.059209303683085 ], [ 80.270254017905017, 13.059211266133468 ], [ 80.270266286085089, 13.059356855450496 ], [ 80.270280239788377, 13.059510458936431 ], [ 80.270280780217121, 13.05951235928387 ], [ 80.270281977334548, 13.059513944109542 ], [ 80.270283674037501, 13.059515005003851 ], [ 80.27028564477331, 13.059515401179235 ], [ 80.270286221270695, 13.059515382913393 ], [ 80.270258383743325, 13.059517706831118 ], [ 80.270179887913812, 13.05952425870645 ], [ 80.27018102955482, 13.059534371801979 ], [ 80.270406244540425, 13.059518737946139 ], [ 80.270534653664356, 13.059511337592472 ], [ 80.270740444021897, 13.059506962926095 ], [ 80.270807626674397, 13.059507051084283 ], [ 80.270809603968104, 13.059507412914543 ], [ 80.270811320131983, 13.059508443117526 ], [ 80.270812545905315, 13.059510007225075 ], [ 80.270813121414861, 13.059511897724297 ], [ 80.270813141053011, 13.059512120213205 ], [ 80.270808922222656, 13.059569403940484 ], [ 80.270816124442419, 13.059665645736336 ], [ 80.270834912434253, 13.059836505051905 ], [ 80.270834677952394, 13.05983846469926 ], [ 80.270833743137757, 13.059840211693173 ], [ 80.270832234099998, 13.059841515817839 ], [ 80.270847759260135, 13.059839036868073 ], [ 80.270854011254826, 13.059837899829716 ], [ 80.270886499354617, 13.059834549129009 ], [ 80.270918545625321, 13.059833728038159 ], [ 80.27108440306877, 13.059831512790637 ], [ 80.271258346704656, 13.059829199963204 ], [ 80.271338505919829, 13.059825981720181 ], [ 80.271415246647209, 13.05982290030234 ], [ 80.271415711602259, 13.059822862731545 ], [ 80.271417628997597, 13.059822264126648 ], [ 80.271419201456638, 13.059821033417384 ], [ 80.271420220983984, 13.059819332774069 ], [ 80.271421052315361, 13.059845966560825 ], [ 80.27142518829676, 13.060082788565268 ], [ 80.271432015197746, 13.060325405939869 ], [ 80.271431954248627, 13.060326375976265 ], [ 80.271431293024207, 13.06032823857673 ], [ 80.271429996439906, 13.060329747652879 ], [ 80.27142823479096, 13.060330702047581 ], [ 80.271426242716743, 13.060330974929444 ], [ 80.271337036699748, 13.060327158332289 ], [ 80.271295933433095, 13.060325399582755 ], [ 80.271075757012412, 13.060316268743128 ], [ 80.270940941936232, 13.060307028449122 ], [ 80.270940001218264, 13.060320220806855 ], [ 80.271074816298849, 13.060329462005907 ], [ 80.271295408998867, 13.060337859808371 ], [ 80.2713370001116, 13.060339638920855 ], [ 80.271427382857311, 13.060343505851877 ], [ 80.271429343318729, 13.06034394900845 ], [ 80.271431013168964, 13.060345049604901 ], [ 80.271432170553794, 13.060346663248225 ], [ 80.271432663918247, 13.060348576119907 ], [ 80.271432672555576, 13.060348775972745 ], [ 80.271433875431427, 13.06039150739851 ], [ 80.271426419312675, 13.060512378118595 ], [ 80.271414422594972, 13.060647419347299 ], [ 80.271412192776481, 13.060652652912038 ], [ 80.271408200029569, 13.060656759396027 ], [ 80.271402974439681, 13.060659193250784 ], [ 80.27139720498873, 13.060659635425919 ], [ 80.271336085920396, 13.060651474601043 ], [ 80.271331683591271, 13.060650887124659 ], [ 80.271179018189457, 13.060618568448859 ], [ 80.271096041179831, 13.060595952889114 ], [ 80.270982922553884, 13.060559955151257 ], [ 80.270833009059558, 13.060510163110283 ], [ 80.270775457322046, 13.060491395986805 ], [ 80.270715277147502, 13.060471321197245 ], [ 80.270655727353258, 13.060449528381193 ], [ 80.270596866904214, 13.060426039406256 ], [ 80.270529390272927, 13.060395617113029 ], [ 80.270462933403294, 13.060363108974853 ], [ 80.27042201944839, 13.060341476277767 ], [ 80.270399396712264, 13.060344071710707 ], [ 80.270354826600098, 13.060349184906331 ], [ 80.270354995244006, 13.060355201936943 ], [ 80.270363789924673, 13.060369824174327 ], [ 80.270361258758413, 13.060765497281423 ], [ 80.27028796965439, 13.060775910331646 ], [ 80.270206600115841, 13.060777852606138 ], [ 80.269992499009334, 13.060772688425748 ], [ 80.269835323337901, 13.060766213668074 ], [ 80.269835079139142, 13.060795338199513 ], [ 80.269992177562003, 13.060792949760943 ], [ 80.270206290678573, 13.060798113072156 ], [ 80.270289512394356, 13.060796115442988 ], [ 80.270362541543406, 13.060796339585977 ], [ 80.270390236457004, 13.061242918588077 ], [ 80.270376657831221, 13.061258723688887 ], [ 80.270382209433109, 13.061257091898151 ], [ 80.270386725407391, 13.061253529428495 ], [ 80.270389539224468, 13.061248560644431 ], [ 80.270363032324752, 13.061329139692754 ], [ 80.270360946270429, 13.061381842403529 ], [ 80.270359823835918, 13.061430843320965 ], [ 80.270358201445561, 13.061670558735869 ], [ 80.270357457912482, 13.061894599587502 ], [ 80.270357915016675, 13.061901635561849 ], [ 80.270355867951707, 13.061908382359425 ], [ 80.270355574448146, 13.061908766720913 ], [ 80.270351571894167, 13.06191400160159 ], [ 80.27034555644488, 13.061917800356195 ], [ 80.270338568222485, 13.061919306928536 ], [ 80.270340650040922, 13.061942818414503 ], [ 80.270419874170145, 13.062837669347827 ], [ 80.270422999442346, 13.062858880776469 ], [ 80.270425009878949, 13.062858957881081 ], [ 80.270426859620088, 13.062859735288034 ], [ 80.270428303635342, 13.062861108322878 ], [ 80.270428418215928, 13.06286135006787 ], [ 80.270429308391897, 13.062863817431637 ], [ 80.270433949659591, 13.06292063243694 ], [ 80.270445997423025, 13.063058104988423 ], [ 80.270452309076077, 13.063138778433421 ], [ 80.270460211325798, 13.063236243762173 ], [ 80.270463286160734, 13.063258615137705 ], [ 80.270472068016588, 13.063444776024948 ], [ 80.270494782802373, 13.063587486866593 ], [ 80.270496206453942, 13.06359642619776 ], [ 80.270496791421607, 13.063605464433097 ], [ 80.270511901741102, 13.063838941925804 ], [ 80.270951402916936, 13.063677096277814 ], [ 80.27117374829902, 13.06359521840657 ], [ 80.271416876118252, 13.063603681579306 ], [ 80.271427751988639, 13.063604061248311 ], [ 80.271512350108821, 13.063607006801956 ], [ 80.271526313613521, 13.06360749282018 ], [ 80.271531283573395, 13.063675604023107 ], [ 80.271538003963059, 13.06376767606371 ], [ 80.271544036270271, 13.06385031986779 ], [ 80.271544337755429, 13.063854449299793 ], [ 80.271544408699356, 13.063855418803346 ], [ 80.271547195567621, 13.063893624634026 ], [ 80.271547608409037, 13.063899096214319 ], [ 80.271551615581942, 13.06395238122926 ], [ 80.271553119735614, 13.063972571758354 ], [ 80.271553803043133, 13.063981742283424 ], [ 80.271575398762863, 13.064271702680356 ], [ 80.271581109192724, 13.064348368805152 ], [ 80.271289485206026, 13.064375243586456 ], [ 80.271291210656969, 13.064393246572585 ], [ 80.271582360396351, 13.064365178717148 ], [ 80.271601856556231, 13.064626952858651 ], [ 80.27160658495751, 13.064656972095221 ], [ 80.271606729838567, 13.064657890267554 ], [ 80.271606661586759, 13.06465789007526 ], [ 80.271240959722817, 13.06465824923788 ], [ 80.271225534563982, 13.064676215633243 ], [ 80.271541028060966, 13.06467601612662 ], [ 80.271552761038478, 13.064676007592857 ], [ 80.27160816270154, 13.064675972901997 ], [ 80.271608161641936, 13.064674446607494 ], [ 80.271608154159949, 13.064666930866601 ], [ 80.271676200776724, 13.064663496726682 ], [ 80.27174859036198, 13.064659843326883 ], [ 80.271799996900796, 13.064656836986309 ], [ 80.271869808909898, 13.064652754030231 ], [ 80.272021678022369, 13.06464387205431 ], [ 80.272229340579074, 13.064629355644538 ], [ 80.272514125606762, 13.064612609324495 ], [ 80.272563230766679, 13.064608711142224 ], [ 80.272586096934447, 13.06460689654965 ], [ 80.272586421673751, 13.064606869433101 ], [ 80.272611038834143, 13.064604914188507 ], [ 80.272639114878174, 13.064602908091361 ], [ 80.272779074406756, 13.064592913448418 ], [ 80.273041901865966, 13.064573202291712 ], [ 80.273288943073538, 13.064551474429328 ], [ 80.273310027409195, 13.064549620403969 ], [ 80.273328895740889, 13.06454796088102 ], [ 80.273533211100244, 13.064531223235047 ], [ 80.273593957344744, 13.064526245397975 ], [ 80.273686923968, 13.064518835344469 ], [ 80.273799905990955, 13.064519967410845 ], [ 80.273884695339362, 13.064528303591569 ], [ 80.27388662692708, 13.064528856058523 ], [ 80.273888231989446, 13.064530046878884 ], [ 80.273889295149687, 13.064531722637724 ], [ 80.27388967687024, 13.064533658701135 ], [ 80.273889629446344, 13.064534421714058 ], [ 80.273881782820098, 13.064591990081444 ], [ 80.273861019888599, 13.064704786968639 ], [ 80.273860789329547, 13.064706041352791 ], [ 80.27383145567083, 13.064877046549187 ], [ 80.273827285775226, 13.064901359665788 ], [ 80.273803927246092, 13.065037542753821 ], [ 80.273775737156939, 13.065215500840637 ], [ 80.273758459806899, 13.06532033967739 ], [ 80.273747328593956, 13.065400659366722 ], [ 80.273745834239293, 13.065411447717393 ], [ 80.273734744379837, 13.065509800915335 ], [ 80.273731519285121, 13.065538409831053 ], [ 80.273727652222135, 13.06557270617863 ], [ 80.273724055926195, 13.065604614386464 ], [ 80.273713458290146, 13.065686657170021 ], [ 80.273708700221192, 13.065723486394283 ], [ 80.2737081075595, 13.065728082593514 ], [ 80.273692014597771, 13.065869455388068 ], [ 80.273676145158589, 13.066060558980778 ], [ 80.273674367355568, 13.066081855162521 ], [ 80.273668594161421, 13.066151048325565 ], [ 80.273663493815747, 13.066223550947219 ], [ 80.273660388750784, 13.066307632952411 ], [ 80.273657890046408, 13.066562881981929 ], [ 80.273657155344452, 13.066579464779112 ], [ 80.273655626767038, 13.066613941299103 ], [ 80.273655323459579, 13.066620833173884 ], [ 80.273653030427013, 13.06663758791149 ], [ 80.273648804318498, 13.066653978249306 ], [ 80.273645516186704, 13.066662495628776 ], [ 80.273642700182961, 13.066669788237807 ], [ 80.273634794248608, 13.066684813741492 ], [ 80.273625194087089, 13.066698856138212 ], [ 80.27361402197981, 13.066711733122698 ], [ 80.273841022349359, 13.066577863716754 ], [ 80.273985002573809, 13.066544812687113 ], [ 80.274098186768654, 13.066515897718002 ], [ 80.274317725746613, 13.066439245584643 ], [ 80.274504243045996, 13.066367670807111 ], [ 80.274729759198877, 13.06627878044115 ], [ 80.274968269780175, 13.066185851983281 ], [ 80.274989769886631, 13.066177476082871 ], [ 80.275248267871106, 13.066076760366997 ], [ 80.275443757881533, 13.066000501859953 ], [ 80.27573592759903, 13.065894267629911 ], [ 80.275932585919179, 13.065825291739735 ], [ 80.276016234918615, 13.065795953194437 ], [ 80.276109219589614, 13.065764776298893 ], [ 80.27611037087712, 13.065764386194934 ], [ 80.276110565698829, 13.065764314404332 ], [ 80.276110911052115, 13.065764177028509 ], [ 80.276112552434469, 13.065763038713566 ], [ 80.276113671378923, 13.065761403433054 ], [ 80.276114119675626, 13.065759489588796 ], [ 80.276113836640988, 13.065757548379034 ], [ 80.276187828694916, 13.065896340775215 ], [ 80.276311997071176, 13.06584062065852 ], [ 80.276437122181136, 13.065787005426522 ], [ 80.276499389640904, 13.065760806845029 ], [ 80.276560911103402, 13.065732961416858 ], [ 80.276621640395987, 13.06570348800147 ], [ 80.276681528571174, 13.065672408163282 ], [ 80.276740537744288, 13.06563974530609 ], [ 80.276836144817963, 13.065587852976309 ], [ 80.276848690575861, 13.065581455578045 ], [ 80.276933093167784, 13.065538412939633 ], [ 80.277031319988353, 13.065491455761906 ], [ 80.277325429633891, 13.06534064340735 ], [ 80.277612800968484, 13.065191529854154 ], [ 80.277876158685586, 13.065053651415923 ], [ 80.278202775432604, 13.064888371147164 ], [ 80.278250419312698, 13.06486299480628 ], [ 80.278298995169223, 13.064839375210278 ], [ 80.27834843464862, 13.064817547431783 ], [ 80.278398671263105, 13.064797539315027 ], [ 80.278449631143729, 13.064779379587911 ], [ 80.278604431140707, 13.064746466408421 ], [ 80.278759666090224, 13.064715580665158 ], [ 80.278915308294813, 13.064686733130717 ], [ 80.279310410378855, 13.064599766407303 ], [ 80.279682126417811, 13.064516974619893 ], [ 80.279682334996465, 13.064516929086704 ], [ 80.279736172974708, 13.064504937449247 ], [ 80.28051775430113, 13.06780940369651 ], [ 80.280537861929318, 13.068034357438291 ], [ 80.280691232552826, 13.068867377594 ], [ 80.281202196634879, 13.068795135582787 ], [ 80.281713845777034, 13.068785407405967 ], [ 80.282118441608361, 13.06879842178251 ], [ 80.283656327843858, 13.068914119162102 ], [ 80.284049601602888, 13.068943703934202 ], [ 80.284948968871618, 13.068628140241204 ], [ 80.285629936689247, 13.068403882034106 ], [ 80.286391613435157, 13.068258511424229 ], [ 80.286894798659333, 13.068113734773247 ], [ 80.287305491591013, 13.067898220319959 ], [ 80.287571329635853, 13.067730997333243 ], [ 80.288096151674623, 13.067366939722426 ], [ 80.288033673022952, 13.066983680857062 ], [ 80.288195271870777, 13.066612490841578 ], [ 80.288420432008948, 13.066478385257101 ], [ 80.288550955436847, 13.066431530601902 ], [ 80.288758358816438, 13.066468019037215 ], [ 80.288950200599871, 13.066582477426671 ], [ 80.289176310360048, 13.06675041412783 ], [ 80.289309220868162, 13.066905696877322 ], [ 80.28961242854669, 13.067256273801094 ], [ 80.289782045842003, 13.068570083790696 ], [ 80.290226863735981, 13.069958867562221 ], [ 80.29436796929788, 13.078608639567944 ], [ 80.296057568985816, 13.0815288148554 ], [ 80.302041543781414, 13.091870446821561 ], [ 80.304096216255644, 13.096761977572827 ], [ 80.303685892100361, 13.098253738192694 ], [ 80.298604167379651, 13.100031407552997 ], [ 80.297585725552182, 13.101123405134588 ], [ 80.297742655187037, 13.101975384050792 ], [ 80.297798529558577, 13.102064815437869 ], [ 80.297888830424498, 13.102209345050301 ], [ 80.297906719570122, 13.102247564701173 ], [ 80.29795626456594, 13.102353411812818 ], [ 80.298053475915196, 13.102561087138421 ], [ 80.298084010897696, 13.102668802097929 ], [ 80.298167347454594, 13.102962776554937 ], [ 80.29828851426393, 13.103390200417239 ], [ 80.298354759685694, 13.10362388485955 ], [ 80.298503105764667, 13.104085641049739 ], [ 80.298521746215272, 13.104143663853769 ], [ 80.299232967124482, 13.10635746456488 ], [ 80.299759719974006, 13.108075959859397 ], [ 80.299757733434916, 13.108076755586209 ], [ 80.300239431251512, 13.109640966388163 ], [ 80.301095046326921, 13.112271398184399 ], [ 80.301699505565352, 13.114024759753383 ], [ 80.301508886636668, 13.1146192954056 ], [ 80.301585950408608, 13.114924589667979 ], [ 80.301804905932158, 13.115573488606234 ], [ 80.302023645551003, 13.116298658125414 ], [ 80.302074124273233, 13.116750402690792 ], [ 80.302020991036386, 13.11716975010428 ], [ 80.301772937644614, 13.117626706619815 ], [ 80.301446817628275, 13.118134296241855 ], [ 80.300881308681014, 13.119183400044015 ], [ 80.300237463551596, 13.12090989598059 ], [ 80.299082635128912, 13.12091676467832 ], [ 80.298856783396985, 13.120918108318731 ], [ 80.298855485654869, 13.120988313365926 ], [ 80.298849785189574, 13.121045294223496 ], [ 80.298838563038004, 13.121096832120189 ], [ 80.298825205970857, 13.121142887450523 ], [ 80.298817628440005, 13.121174042800282 ], [ 80.298794160026617, 13.121234829884802 ], [ 80.298780990741022, 13.121257920798811 ], [ 80.298765501076105, 13.121293439979778 ], [ 80.298733249754676, 13.121341624783703 ], [ 80.298683733234569, 13.121428441610417 ], [ 80.298666919152311, 13.121440723705273 ], [ 80.298633919957936, 13.121493339759937 ], [ 80.298055141653549, 13.121887620406824 ], [ 80.297288483995331, 13.122091803884103 ], [ 80.297165976574064, 13.122124431281456 ], [ 80.296579986354189, 13.122185032904444 ], [ 80.296500384684094, 13.121794692210837 ], [ 80.296499223603178, 13.121781250793878 ], [ 80.296496793115821, 13.121769100725393 ], [ 80.296469946308974, 13.121714857558059 ], [ 80.296439607743395, 13.121699511739482 ], [ 80.296431660960536, 13.121702095934735 ], [ 80.296371144421286, 13.121732354242789 ], [ 80.296369259347216, 13.121732463925127 ], [ 80.296366119266708, 13.121733991582852 ], [ 80.296356933020078, 13.121733178015786 ], [ 80.296351582615003, 13.121730131606578 ], [ 80.296350824843529, 13.121728961307298 ], [ 80.296349393096392, 13.121727972719153 ], [ 80.296309872119863, 13.121665717130469 ], [ 80.296308390348685, 13.121657342886639 ], [ 80.296309919746776, 13.121648975967805 ], [ 80.296312431057899, 13.121644062165748 ], [ 80.296374694586291, 13.121550667340678 ], [ 80.296366850258948, 13.121464373314861 ], [ 80.296254273933116, 13.120969857984141 ], [ 80.296231481454328, 13.120880079900379 ], [ 80.296228807432399, 13.120869552205962 ], [ 80.296099373204044, 13.120296855960381 ], [ 80.293735514549098, 13.120834359246997 ], [ 80.293629181877023, 13.120860678225043 ], [ 80.293618482457077, 13.120860598239522 ], [ 80.293618380913642, 13.120860620565994 ], [ 80.293621529361516, 13.120873932714911 ], [ 80.293672171701303, 13.121088038184574 ], [ 80.29373857614253, 13.12138602712394 ], [ 80.293739625372112, 13.121386892609708 ], [ 80.293740172851656, 13.121389333646123 ], [ 80.293739412594007, 13.121389685103527 ], [ 80.29378626643053, 13.121594671238343 ], [ 80.293802979345813, 13.121670254041847 ], [ 80.293842624110823, 13.121849524806247 ], [ 80.293840052144688, 13.121841090597753 ], [ 80.293834196165804, 13.121828690598443 ], [ 80.293826233396416, 13.121817476558151 ], [ 80.293816402726151, 13.12180778911152 ], [ 80.293805005916582, 13.121799920238717 ], [ 80.293792389155527, 13.121794111406555 ], [ 80.293778933872986, 13.121790539076008 ], [ 80.293765049376418, 13.121789309256934 ], [ 80.293745859567636, 13.121791546059827 ], [ 80.293146168752301, 13.121939704899305 ], [ 80.292992679290762, 13.121989363566986 ], [ 80.292992492756881, 13.121989426348858 ], [ 80.292991059647292, 13.121989887173092 ], [ 80.292991425455497, 13.121991333090753 ], [ 80.292991451862818, 13.121991454326192 ], [ 80.293084195550378, 13.122421381670234 ], [ 80.293066143165859, 13.122425886566031 ], [ 80.292972731304715, 13.121998316442747 ], [ 80.292973666065251, 13.121996948240783 ], [ 80.292973167837772, 13.12199567556609 ], [ 80.292971586977075, 13.121996186619755 ], [ 80.292971524187536, 13.121996206339762 ], [ 80.292786788615061, 13.122055974849753 ], [ 80.292726230865838, 13.122087567666172 ], [ 80.292705236079257, 13.122106736923936 ], [ 80.292667130028207, 13.122149083574696 ], [ 80.292634991006622, 13.122195944107521 ], [ 80.292609365613544, 13.122246516191789 ], [ 80.292590694543563, 13.122299932103246 ], [ 80.292579296846384, 13.12235527857303 ], [ 80.292575368040062, 13.122411611249548 ], [ 80.29257587364738, 13.122433526851786 ], [ 80.292530527096432, 13.122477901599067 ], [ 80.292536309940175, 13.122483598582859 ], [ 80.292536918457358, 13.122485016233483 ], [ 80.292541366866871, 13.122495378843945 ], [ 80.29254143763022, 13.122495796779191 ], [ 80.292678569359907, 13.123299527091568 ] ] ] } },
{ "type": "Feature", "properties": { "objectid": 11, "zone": "09", "st_area(shape)": 25193100.260063708, "st_perimeter(shape)": 31535.752947764653 }, "geometry": { "type": "Polygon", "coordinates": [ [ [ 80.249492430840618, 13.071088147855535 ], [ 80.249035764714364, 13.071085417845905 ], [ 80.248433233297789, 13.070954231335543 ], [ 80.247722329237845, 13.070687934021905 ], [ 80.247243731134319, 13.070444329687017 ], [ 80.24652666996451, 13.070055394145825 ], [ 80.245998223304625, 13.06977084042944 ], [ 80.245663181557674, 13.069585139990913 ], [ 80.245238659648066, 13.069365943212077 ], [ 80.244882603953769, 13.069169174571568 ], [ 80.244273269229097, 13.068842477111021 ], [ 80.243215600847151, 13.06838606020797 ], [ 80.242942038305372, 13.068295848589388 ], [ 80.242831590581247, 13.06825942685772 ], [ 80.242745382449215, 13.068230997756201 ], [ 80.242745344195455, 13.068231141411223 ], [ 80.242702024187409, 13.068398031158321 ], [ 80.242667878428065, 13.068530496117889 ], [ 80.242667814959759, 13.068530741873102 ], [ 80.242645383995537, 13.068617762831687 ], [ 80.242637043319519, 13.068650119440386 ], [ 80.242621887257542, 13.068697370781731 ], [ 80.242619952243018, 13.068703403328897 ], [ 80.24258073231583, 13.068825677584016 ], [ 80.242578997557771, 13.068829858925236 ], [ 80.242576057641372, 13.068836953669239 ], [ 80.242571745347405, 13.068847354650913 ], [ 80.242497528450357, 13.069026373091898 ], [ 80.242496034335375, 13.069029977356774 ], [ 80.242376841426037, 13.06931748220927 ], [ 80.242369671869412, 13.069334177956527 ], [ 80.242365060159273, 13.069345669419578 ], [ 80.242346279844909, 13.06939119575828 ], [ 80.24216630945854, 13.069400686579311 ], [ 80.242137546279878, 13.069349286436385 ], [ 80.242122948611993, 13.069335005265515 ], [ 80.242116712380081, 13.069328145835927 ], [ 80.24209462329955, 13.069313312836618 ], [ 80.242093016410465, 13.069312159796233 ], [ 80.242040062978617, 13.069293114052433 ], [ 80.24201195845562, 13.069290351592015 ], [ 80.238982227929981, 13.069309622733385 ], [ 80.238224848220327, 13.069333647447086 ], [ 80.237407241923179, 13.069361140653783 ], [ 80.237088252546073, 13.069345167885546 ], [ 80.236863620709727, 13.069333920189852 ], [ 80.236087208348223, 13.069295040924384 ], [ 80.235688284717156, 13.069270656239764 ], [ 80.235648022918951, 13.069269101308587 ], [ 80.235362921213664, 13.069267924317231 ], [ 80.234956213891806, 13.069340937862131 ], [ 80.234715715969799, 13.069409680585817 ], [ 80.23460117019971, 13.069442423118534 ], [ 80.23440614009489, 13.069521837672031 ], [ 80.234042207207892, 13.069670028152899 ], [ 80.233588723797837, 13.069854681795624 ], [ 80.233382768970003, 13.069938544325352 ], [ 80.233270409180719, 13.069984295937942 ], [ 80.232670276830774, 13.070228660628093 ], [ 80.232570451079241, 13.070268854892563 ], [ 80.232308299440831, 13.07031231935906 ], [ 80.232322473086938, 13.070246373426766 ], [ 80.232417411377682, 13.069814926558506 ], [ 80.232426986893856, 13.069367325869162 ], [ 80.232417083388228, 13.069312224741374 ], [ 80.232406526025358, 13.069275900866408 ], [ 80.232350740804776, 13.0690859015565 ], [ 80.232321269229615, 13.069028039669028 ], [ 80.232270290060214, 13.068941404843004 ], [ 80.232248986294891, 13.068909647768445 ], [ 80.232219605014407, 13.068877789840329 ], [ 80.232183797892006, 13.068848592848854 ], [ 80.232139575699364, 13.068825853919321 ], [ 80.231964045340021, 13.068768992068277 ], [ 80.231968163928798, 13.068774545204796 ], [ 80.231960185252362, 13.068774395812104 ], [ 80.23196227539384, 13.068774951772907 ], [ 80.231723284939619, 13.068770479117088 ], [ 80.231661148080107, 13.068395055941359 ], [ 80.231659842442141, 13.068387177439419 ], [ 80.231630911671829, 13.068212705975565 ], [ 80.231510188790253, 13.068176135018229 ], [ 80.23138336519655, 13.068178750785835 ], [ 80.231218321048175, 13.068146474821011 ], [ 80.231116347318945, 13.068140052814041 ], [ 80.231002706716055, 13.068120311647373 ], [ 80.230853859546244, 13.068116707690631 ], [ 80.230706086867954, 13.068060402324766 ], [ 80.230504214682128, 13.067992212956643 ], [ 80.23033708510502, 13.067952591800337 ], [ 80.230107285132334, 13.067903957139457 ], [ 80.230006922266881, 13.067863511998526 ], [ 80.229857126901393, 13.067836482432961 ], [ 80.229753403445059, 13.067824192799108 ], [ 80.229749873425718, 13.067823678644068 ], [ 80.229659714624404, 13.067810532436042 ], [ 80.229649767381119, 13.067807817336027 ], [ 80.229582506394678, 13.067785464132514 ], [ 80.229517502030944, 13.067764112251236 ], [ 80.22950627242885, 13.067762094977107 ], [ 80.229460955576741, 13.067741536877664 ], [ 80.229408461944004, 13.06774599176746 ], [ 80.229318252692053, 13.067778852441979 ], [ 80.22920275794759, 13.067781598580378 ], [ 80.229202311597987, 13.067781876644945 ], [ 80.229094936056299, 13.067848550786405 ], [ 80.229088470616929, 13.067852377035544 ], [ 80.228930523299752, 13.067945850640088 ], [ 80.228844644271604, 13.067971879319135 ], [ 80.228758683620697, 13.068024191708636 ], [ 80.228694271391547, 13.068045027411497 ], [ 80.228651257934899, 13.068081696987274 ], [ 80.228554508023606, 13.068155005014411 ], [ 80.228485163938842, 13.0681978430377 ], [ 80.228483580833668, 13.068195589584557 ], [ 80.228453970154419, 13.068153442665537 ], [ 80.228453469720748, 13.068151534229006 ], [ 80.228390491983376, 13.067911569658653 ], [ 80.228363912440514, 13.067849431938376 ], [ 80.228351142245899, 13.067749234564783 ], [ 80.228335424441298, 13.067687288406553 ], [ 80.228309217427494, 13.067536121349155 ], [ 80.228259961735858, 13.067425811050837 ], [ 80.228193368963076, 13.067346989936782 ], [ 80.228160976423524, 13.06727702080703 ], [ 80.228123255669487, 13.067195748723691 ], [ 80.228073301593525, 13.067071888788103 ], [ 80.228040985954451, 13.067022605998877 ], [ 80.228005278280122, 13.066977684847878 ], [ 80.227941648739829, 13.066957459700665 ], [ 80.227864949153542, 13.066958215267052 ], [ 80.227863202047644, 13.066958580767272 ], [ 80.227758968177838, 13.066980395887938 ], [ 80.227690248076442, 13.067000301630578 ], [ 80.227572535875055, 13.067029035070556 ], [ 80.22747303796541, 13.067044078258753 ], [ 80.227275906915949, 13.067108905558975 ], [ 80.22717830020872, 13.067126169556609 ], [ 80.227039588293664, 13.067147194108122 ], [ 80.227035241740722, 13.067147365565653 ], [ 80.226948968299197, 13.067150795763254 ], [ 80.226885931179382, 13.067141166555068 ], [ 80.22680670390838, 13.067115695371447 ], [ 80.226748158544439, 13.067081178102606 ], [ 80.226684937163839, 13.067026159636724 ], [ 80.226649194453174, 13.067010647973969 ], [ 80.226643305044632, 13.067011051707482 ], [ 80.226619043645741, 13.067012675384891 ], [ 80.226427074679009, 13.067081068236037 ], [ 80.226344534699194, 13.067100540738869 ], [ 80.226339555364518, 13.067100732895568 ], [ 80.226255177884894, 13.067103984985549 ], [ 80.226170506943333, 13.067093964432242 ], [ 80.226123220090557, 13.067083579268571 ], [ 80.225921218867626, 13.067001870168582 ], [ 80.225916092182729, 13.067002583595004 ], [ 80.22565767975324, 13.067038597576552 ], [ 80.225623919426027, 13.067052009594191 ], [ 80.22562378945986, 13.067051687312361 ], [ 80.225580721211898, 13.067067095925855 ], [ 80.225573956949205, 13.067070909435753 ], [ 80.225442479355451, 13.067145004666596 ], [ 80.22531403281252, 13.067187341018018 ], [ 80.225163863933062, 13.067208251550387 ], [ 80.225035409910191, 13.067252962145274 ], [ 80.224800231414079, 13.067361435436576 ], [ 80.224799906336372, 13.067361569186291 ], [ 80.224669325614585, 13.067415629793308 ], [ 80.224663498061943, 13.06741601106175 ], [ 80.224565199982266, 13.067422437951908 ], [ 80.224461133623478, 13.067410259115803 ], [ 80.224381292128342, 13.067393405018118 ], [ 80.224325625458334, 13.067388490965037 ], [ 80.224323063804619, 13.067389191260158 ], [ 80.224042121026002, 13.067465962961609 ], [ 80.223845782380494, 13.067541323793394 ], [ 80.223799686071985, 13.067572039114404 ], [ 80.223634835451435, 13.067642747325788 ], [ 80.223448254223214, 13.06769440211076 ], [ 80.223324648381507, 13.067736751981688 ], [ 80.223319186442524, 13.067737012252012 ], [ 80.223184207989306, 13.067743450451371 ], [ 80.223152712323341, 13.067627802786923 ], [ 80.223152757652358, 13.067627464755391 ], [ 80.223152318160075, 13.067625843122711 ], [ 80.223152166721036, 13.067625899631651 ], [ 80.223151975579739, 13.067625969584137 ], [ 80.223142972724617, 13.067593816589472 ], [ 80.223098616098738, 13.067454876259136 ], [ 80.223057232409033, 13.067332084683008 ], [ 80.223016949248787, 13.067212782973195 ], [ 80.223011382902683, 13.067196297290668 ], [ 80.223011051165841, 13.067195316149512 ], [ 80.223006140974888, 13.067180773739173 ], [ 80.223005173316821, 13.067179047440748 ], [ 80.223003637942583, 13.067177770627518 ], [ 80.223001739061587, 13.067177118422347 ], [ 80.222999728210056, 13.067177173862794 ], [ 80.223002844717513, 13.067170110642303 ], [ 80.223000494439788, 13.067162502036492 ], [ 80.223008858396227, 13.067143541861903 ], [ 80.223005860186149, 13.067131951055936 ], [ 80.222973645367105, 13.067007419334479 ], [ 80.222962939577926, 13.066978623904859 ], [ 80.222952425762145, 13.0669509674295 ], [ 80.22294335961513, 13.066921371293226 ], [ 80.222936272555415, 13.066891259387461 ], [ 80.222931300594013, 13.066861378983686 ], [ 80.222923870119885, 13.06680541881668 ], [ 80.222914689784105, 13.066750999557007 ], [ 80.222910640744459, 13.066731250684617 ], [ 80.222895094547752, 13.066654115262665 ], [ 80.222895079122893, 13.066654033839029 ], [ 80.222884181875258, 13.066599175404667 ], [ 80.222866786775398, 13.066501584315192 ], [ 80.222851449627527, 13.066404509375799 ], [ 80.222846618865233, 13.066378145797085 ], [ 80.222840115623185, 13.066353058429957 ], [ 80.222831810383539, 13.066328488267972 ], [ 80.222821744263584, 13.066304559308895 ], [ 80.222809969456804, 13.06628139287116 ], [ 80.22279654554653, 13.066259106678647 ], [ 80.222782307171428, 13.066238901294808 ], [ 80.222773061193593, 13.066229063917758 ], [ 80.222762323549901, 13.066219901103498 ], [ 80.222750626593069, 13.066211947925705 ], [ 80.222738108370748, 13.066205300643695 ], [ 80.222724923580316, 13.066200040195531 ], [ 80.222711228820273, 13.066196229441246 ], [ 80.222697191810695, 13.066193914094661 ], [ 80.22268808543221, 13.066193406586164 ], [ 80.222686755107844, 13.06618879572838 ], [ 80.222676917259093, 13.066154704334343 ], [ 80.222671587736116, 13.066136237369207 ], [ 80.222669054213171, 13.066130897731391 ], [ 80.222666838870026, 13.06612733397896 ], [ 80.222651884155084, 13.066099077318714 ], [ 80.222640301311074, 13.06606880631187 ], [ 80.222638029973439, 13.066063094030998 ], [ 80.222634421712613, 13.066052522219461 ], [ 80.222632436805426, 13.066046057608069 ], [ 80.222602968460947, 13.065926993617088 ], [ 80.222590045612193, 13.065875461932135 ], [ 80.222572130915339, 13.065796003735777 ], [ 80.222556612420391, 13.065729516143415 ], [ 80.222538955293686, 13.065662660441669 ], [ 80.222516889384167, 13.065569895424323 ], [ 80.222509627195834, 13.065535647208247 ], [ 80.222497200426218, 13.065477095057135 ], [ 80.222487298202751, 13.065424096811277 ], [ 80.2224797381906, 13.065383634092147 ], [ 80.222464832384077, 13.065291434929017 ], [ 80.222427452658465, 13.065105719938432 ], [ 80.222433809440815, 13.06510449579422 ], [ 80.222396596625714, 13.064911436550574 ], [ 80.222361429127986, 13.064725884629983 ], [ 80.222361420057695, 13.064725835776336 ], [ 80.222359407087282, 13.064715081592364 ], [ 80.222358347460258, 13.064709739151903 ], [ 80.222356299040158, 13.064699408023092 ], [ 80.22235074670283, 13.064671402965878 ], [ 80.222291627660866, 13.064373251403836 ], [ 80.222290604323135, 13.064368102569356 ], [ 80.222284899223908, 13.064339402631898 ], [ 80.222283784165114, 13.064333796000376 ], [ 80.222281725686997, 13.064323438619182 ], [ 80.222268776169415, 13.064252475755499 ], [ 80.222253983559554, 13.06418308425744 ], [ 80.222237147546338, 13.064114139611609 ], [ 80.222236491840931, 13.06411176232689 ], [ 80.22221827900951, 13.064045702431303 ], [ 80.222197395296263, 13.063977829732437 ], [ 80.222157735553722, 13.063829658936797 ], [ 80.222157291218792, 13.063825757820259 ], [ 80.222154830452183, 13.063826060554767 ], [ 80.222152406246792, 13.063824406727948 ], [ 80.222142354380125, 13.063742350907878 ], [ 80.222117936821007, 13.06353675100357 ], [ 80.222097532684217, 13.063333969782761 ], [ 80.222086922436588, 13.063241732886613 ], [ 80.222086397370646, 13.063224730689909 ], [ 80.222090733633408, 13.063208378766234 ], [ 80.222096780047693, 13.063192558227376 ], [ 80.222101275948248, 13.063183252247409 ], [ 80.222111860458639, 13.06316350218032 ], [ 80.22211779856471, 13.063149575597102 ], [ 80.222123642442199, 13.06311890309509 ], [ 80.222127600164313, 13.063087942810435 ], [ 80.222129660318743, 13.063056805020345 ], [ 80.222129813329346, 13.06302560272008 ], [ 80.222128060693322, 13.062994447129793 ], [ 80.222119471455485, 13.062941914861472 ], [ 80.222107939258933, 13.06288992710439 ], [ 80.222103218771309, 13.062873160937949 ], [ 80.222092147388921, 13.062834248278364 ], [ 80.222048579415599, 13.062692750399368 ], [ 80.222003675358323, 13.062541434394339 ], [ 80.2219589994031, 13.062376195416762 ], [ 80.221956768597309, 13.062366389071606 ], [ 80.22194597757013, 13.062318955240849 ], [ 80.221939075005736, 13.062288608775901 ], [ 80.221906362102388, 13.062161471365881 ], [ 80.221892998253537, 13.06211037233461 ], [ 80.22187776699694, 13.062059777647557 ], [ 80.221861149033558, 13.062011103811463 ], [ 80.221846439082867, 13.061972525594724 ], [ 80.221841784445303, 13.06196036557634 ], [ 80.221792065406575, 13.06181518355554 ], [ 80.221741613678105, 13.061668371775925 ], [ 80.221713242785796, 13.061581410717062 ], [ 80.221700193795485, 13.061541411581635 ], [ 80.221687613839535, 13.061501842444388 ], [ 80.221669430986211, 13.06144132530213 ], [ 80.221649049655255, 13.061381597230358 ], [ 80.221626065618807, 13.061322446335192 ], [ 80.221600318457504, 13.061260319562825 ], [ 80.221576205863272, 13.061196647923625 ], [ 80.221565353270563, 13.061165077942446 ], [ 80.221550550334413, 13.061120879878388 ], [ 80.221534338823446, 13.061068506390336 ], [ 80.221504981052973, 13.060987479265915 ], [ 80.221475588803912, 13.060900092852645 ], [ 80.221451154921581, 13.060822117727499 ], [ 80.221415436354889, 13.060714205187955 ], [ 80.221400242217044, 13.060668302441119 ], [ 80.221338990630414, 13.060483251446502 ], [ 80.221305585222581, 13.060364468429363 ], [ 80.221288204259622, 13.060297690341088 ], [ 80.221288390176269, 13.060297520008627 ], [ 80.221286673366379, 13.060292055327812 ], [ 80.221275271213486, 13.060235442988514 ], [ 80.221274377559254, 13.060231008852599 ], [ 80.221274056779208, 13.060230950922572 ], [ 80.221258768787024, 13.060226206705611 ], [ 80.221226452039105, 13.060215956218315 ], [ 80.221194956652354, 13.060203482984155 ], [ 80.221166730100407, 13.060192421088294 ], [ 80.221145925544931, 13.060183937692868 ], [ 80.221073034965087, 13.060132153901344 ], [ 80.221038868358804, 13.060106222748173 ], [ 80.221005884029182, 13.060078859295231 ], [ 80.2209741454474, 13.060050117081502 ], [ 80.220944015777818, 13.060019772961821 ], [ 80.220916184448555, 13.059987383247053 ], [ 80.220890795732231, 13.059953116552219 ], [ 80.220813509931972, 13.059834434566612 ], [ 80.22073890632214, 13.059742796885338 ], [ 80.220684978813779, 13.059685314045955 ], [ 80.220677317959485, 13.059677147808674 ], [ 80.220664814078489, 13.059666635970402 ], [ 80.220651262881731, 13.059657461892142 ], [ 80.220642632438143, 13.059652612020589 ], [ 80.220612228877542, 13.059639640183992 ], [ 80.220217467372507, 13.059471213614524 ], [ 80.220178213339423, 13.059455930151096 ], [ 80.220137963332391, 13.059442377014401 ], [ 80.220097106095281, 13.059430702759514 ], [ 80.220055731938118, 13.059420931167438 ], [ 80.220013933940507, 13.059413085123388 ], [ 80.21997180611848, 13.059407182994525 ], [ 80.219929443430189, 13.059403236821526 ], [ 80.219886937153177, 13.059401255921467 ], [ 80.219871501554181, 13.059401251858567 ], [ 80.219785058456537, 13.059397309225922 ], [ 80.219767089202861, 13.059395573219676 ], [ 80.219727782356998, 13.059389782639753 ], [ 80.219688826578292, 13.059382040963191 ], [ 80.219650323262854, 13.059372366579968 ], [ 80.219613494225371, 13.059361127566303 ], [ 80.219595287789019, 13.059353272167233 ], [ 80.219577961102104, 13.059343694223797 ], [ 80.219561683579656, 13.05933248557079 ], [ 80.219546614428964, 13.059319757904449 ], [ 80.219532898988788, 13.059305633729446 ], [ 80.219520672404258, 13.059290250890959 ], [ 80.219510055021289, 13.059273760752397 ], [ 80.219501148711359, 13.059256323663309 ], [ 80.219494040558089, 13.059238109874698 ], [ 80.219488802862713, 13.059219297730662 ], [ 80.219470367867515, 13.059131499331482 ], [ 80.219448959176262, 13.05904435744165 ], [ 80.219424601375806, 13.058957973404276 ], [ 80.219418821109755, 13.058943946412485 ], [ 80.219411350559042, 13.058930709103656 ], [ 80.219402299790985, 13.058918455306884 ], [ 80.219391802889263, 13.058907367169233 ], [ 80.219380013370809, 13.058897606100002 ], [ 80.219367105096794, 13.058889316390271 ], [ 80.219353267678187, 13.058882619773854 ], [ 80.219284270446082, 13.058866508585272 ], [ 80.219214814058176, 13.058852408723316 ], [ 80.21914496119166, 13.058840332131252 ], [ 80.219074775448746, 13.058830289851015 ], [ 80.2190043149064, 13.058822290195364 ], [ 80.218933645939345, 13.058816342406322 ], [ 80.218801603706694, 13.058799798369082 ], [ 80.218669856844826, 13.058781132115769 ], [ 80.218538438542296, 13.058760349172445 ], [ 80.218407390291119, 13.058737454186124 ], [ 80.218299764868419, 13.058716859664141 ], [ 80.218276743432341, 13.058712453581581 ], [ 80.218168190772644, 13.058704580890353 ], [ 80.21814909435794, 13.058703195810661 ], [ 80.218050397905174, 13.058694568026713 ], [ 80.217977797345782, 13.058687567086006 ], [ 80.217894279821039, 13.058679018592672 ], [ 80.217893734865413, 13.058678979872916 ], [ 80.217781168109553, 13.058042777673334 ], [ 80.21776333700582, 13.057894879400854 ], [ 80.217743367223179, 13.057747241395111 ], [ 80.217721263277312, 13.057599895316173 ], [ 80.217716080246163, 13.057568452657392 ], [ 80.217697028761521, 13.057452872821273 ], [ 80.217670670038814, 13.05730620467177 ], [ 80.217659354950399, 13.057223392622044 ], [ 80.217645699867333, 13.057140920703828 ], [ 80.217629715660166, 13.057058852243156 ], [ 80.217611415046761, 13.056977249667417 ], [ 80.21757875321579, 13.056818942679053 ], [ 80.217578646449255, 13.056817993859212 ], [ 80.217578883445341, 13.056816538827732 ], [ 80.217578964312324, 13.056816046287954 ], [ 80.217579973132146, 13.05681434041742 ], [ 80.217581537552846, 13.056813099173462 ], [ 80.217583451379326, 13.056812489207838 ], [ 80.217594574127389, 13.056811045401851 ], [ 80.217611792218179, 13.05680845181603 ], [ 80.217630915706025, 13.056802944357575 ], [ 80.217649123669105, 13.056794993715751 ], [ 80.217666091936692, 13.056784741772594 ], [ 80.217681520192457, 13.056772370266749 ], [ 80.21769513474969, 13.056758098089299 ], [ 80.217706693171309, 13.056742178585184 ], [ 80.217715991665187, 13.056724894150321 ], [ 80.217722865098395, 13.056706551710686 ], [ 80.217727190703243, 13.05668747730841 ], [ 80.217728892714405, 13.056668007977954 ], [ 80.217728802615085, 13.056666158633757 ], [ 80.217728902122545, 13.056665017844946 ], [ 80.21772808159848, 13.056648210059437 ], [ 80.217718254575686, 13.056479673394726 ], [ 80.217711280401829, 13.056367351711817 ], [ 80.217707800785675, 13.05631130843755 ], [ 80.217701766658379, 13.056219725421656 ], [ 80.217701572129087, 13.056216770839502 ], [ 80.217989301733255, 13.05616551326046 ], [ 80.218129369117577, 13.056145119443027 ], [ 80.218364699332056, 13.056111888160574 ], [ 80.218368986920808, 13.05610635389953 ], [ 80.218369270289273, 13.056105988558089 ], [ 80.218338603245158, 13.055812052575176 ], [ 80.218327523540125, 13.055708288413305 ], [ 80.218306945458096, 13.055522013371275 ], [ 80.218303464556271, 13.055498020071493 ], [ 80.218302901077692, 13.05547424535958 ], [ 80.218298132438633, 13.055417467601099 ], [ 80.218295649545965, 13.055388163381879 ], [ 80.218286672994154, 13.055281070912661 ], [ 80.218272924040946, 13.0550864246967 ], [ 80.218257951822196, 13.054892177147282 ], [ 80.218257914561988, 13.05489170775917 ], [ 80.218259173216012, 13.054821970346532 ], [ 80.218259224304902, 13.054786064141148 ], [ 80.218259228171618, 13.054783073990604 ], [ 80.218259231009043, 13.054780997974856 ], [ 80.218259234875745, 13.054778007824309 ], [ 80.218259267353616, 13.05475506224759 ], [ 80.218259269920168, 13.05475483259062 ], [ 80.218259732148638, 13.05473571123529 ], [ 80.218259669445402, 13.054735707429046 ], [ 80.218259741548934, 13.054732721101454 ], [ 80.217665187253886, 13.054688596858986 ], [ 80.217676354670246, 13.05460315467657 ], [ 80.218265310593978, 13.054643732906202 ], [ 80.218267380026489, 13.054617382872628 ], [ 80.218268350193881, 13.054513258172451 ], [ 80.218282098374914, 13.054266608156802 ], [ 80.218282091355036, 13.054265907386942 ], [ 80.218281999279981, 13.054265565324222 ], [ 80.218282107774613, 13.054263618022858 ], [ 80.21828210075472, 13.054262917252981 ], [ 80.218281588429676, 13.054261009668652 ], [ 80.218280412944253, 13.05425940841001 ], [ 80.218278732269781, 13.054258323726851 ], [ 80.218276767299542, 13.054257900053106 ], [ 80.218261904435337, 13.0542574129949 ], [ 80.217830100657224, 13.054253127703696 ], [ 80.217828742179506, 13.054253114554804 ], [ 80.217847920380478, 13.054211380791818 ], [ 80.217840771173499, 13.054211282322406 ], [ 80.217832522308868, 13.054209226569959 ], [ 80.217824983816087, 13.05420534288079 ], [ 80.217818568201679, 13.05419984589135 ], [ 80.217813627751454, 13.054193036858409 ], [ 80.217810432441368, 13.054185289125247 ], [ 80.217810480289131, 13.054182392239589 ], [ 80.217814382941199, 13.053945613400252 ], [ 80.217820049182805, 13.053773569168035 ], [ 80.217822481123378, 13.053600893071463 ], [ 80.217822472746761, 13.05359915790212 ], [ 80.217822491450377, 13.053597902940485 ], [ 80.217821684369213, 13.05342873706828 ], [ 80.217821672819312, 13.05342625141013 ], [ 80.217823031205967, 13.053394036450571 ], [ 80.217823111913049, 13.053392127945671 ], [ 80.217822643678488, 13.053385000594659 ], [ 80.217821043236654, 13.053374829928115 ], [ 80.217818367652697, 13.05336487844251 ], [ 80.217816428459017, 13.053351570110529 ], [ 80.217815821204866, 13.053337914074486 ], [ 80.217815747105405, 13.053336255562733 ], [ 80.217816701821491, 13.053320956811172 ], [ 80.217817830006624, 13.053294196144567 ], [ 80.21782011216537, 13.053162684729251 ], [ 80.217820134626152, 13.053161408078317 ], [ 80.217819233949797, 13.053040470605049 ], [ 80.217819308335123, 13.053039692320757 ], [ 80.217820049157723, 13.053037858146686 ], [ 80.217821408552311, 13.053036404698915 ], [ 80.217823209760127, 13.053035524035961 ], [ 80.217833979294298, 13.053036072885337 ], [ 80.21788027657449, 13.053038434434287 ], [ 80.217898583564491, 13.053038787250371 ], [ 80.217940655150883, 13.053037574403932 ], [ 80.21798261412215, 13.053034339437296 ], [ 80.21802436085818, 13.053029086570339 ], [ 80.218065793851736, 13.053021833580203 ], [ 80.218076877445981, 13.053020761248352 ], [ 80.218087938977916, 13.053022012622462 ], [ 80.21808452057526, 13.053018635081681 ], [ 80.218087948381864, 13.053019021584188 ], [ 80.218004488073632, 13.05293656113839 ], [ 80.218004717438617, 13.052926678110385 ], [ 80.218004741046357, 13.052925622989822 ], [ 80.218002822371602, 13.052912532630716 ], [ 80.217994166843937, 13.052873807059752 ], [ 80.217982839233485, 13.052835748843997 ], [ 80.21796889154767, 13.052798537170311 ], [ 80.217953389019883, 13.052763930294324 ], [ 80.217940310458346, 13.052728372300541 ], [ 80.217929713450275, 13.052692027022033 ], [ 80.217918728019328, 13.052641651128221 ], [ 80.217909690677587, 13.052590904978395 ], [ 80.217902615033211, 13.05253986004494 ], [ 80.21788803805066, 13.052293352268634 ], [ 80.217886906219704, 13.052280512035477 ], [ 80.217885006164366, 13.052263263353264 ], [ 80.217879168922039, 13.052192932132174 ], [ 80.217873589994014, 13.052104100117106 ], [ 80.217872308383619, 13.052017178085098 ], [ 80.217872333781884, 13.052015260370847 ], [ 80.217873451424651, 13.051930256147655 ], [ 80.217881021736162, 13.051883819840727 ], [ 80.217885105207401, 13.051849908711022 ], [ 80.217886645963802, 13.051837118148203 ], [ 80.217890315558037, 13.051790230613312 ], [ 80.217892023819601, 13.051743234976438 ], [ 80.21789261300782, 13.051735948066169 ], [ 80.217893329708758, 13.05173063810482 ], [ 80.217893712685083, 13.051722351439205 ], [ 80.217893796809264, 13.05172052884255 ], [ 80.217893929385454, 13.051717669284216 ], [ 80.217894023389036, 13.051715637849089 ], [ 80.217893323549461, 13.051704147071334 ], [ 80.217892936071024, 13.051703306810102 ], [ 80.217892841683266, 13.051702234153208 ], [ 80.217892143702102, 13.051701590971552 ], [ 80.217891693014067, 13.051700614890478 ], [ 80.217889805178885, 13.05169942469322 ], [ 80.217890030885769, 13.051699504040101 ], [ 80.217947055307533, 13.051720786555322 ], [ 80.217954153999059, 13.051723435590766 ], [ 80.217954195432625, 13.051723457416587 ], [ 80.218177926375446, 13.05183144026792 ], [ 80.218177969667792, 13.051831457578356 ], [ 80.218220704817028, 13.051847935387714 ], [ 80.218220747187104, 13.051847952695375 ], [ 80.218472880343768, 13.051945175327026 ], [ 80.218472923644683, 13.051945189924885 ], [ 80.218777598558447, 13.052037226274177 ], [ 80.218777642787344, 13.052037239066392 ], [ 80.218960645164387, 13.052091420941675 ], [ 80.218980767045139, 13.05209737881728 ], [ 80.218980809435209, 13.052097389795533 ], [ 80.219082838763342, 13.052127597555973 ], [ 80.219151421058399, 13.052147495114559 ], [ 80.219229868236255, 13.052170254351378 ], [ 80.219339342879437, 13.052202014371966 ], [ 80.21938858431821, 13.052216299970414 ], [ 80.219515608122094, 13.052245676965686 ], [ 80.222509149052541, 13.053076926595391 ], [ 80.222650973287102, 13.053117592010555 ], [ 80.222651129931435, 13.053117637690811 ], [ 80.222727966086168, 13.053139666800043 ], [ 80.222756654556008, 13.053147893427315 ], [ 80.222920192731195, 13.053192770553625 ], [ 80.223080816573813, 13.05323262869625 ], [ 80.223248610234975, 13.053272199936291 ], [ 80.223429379859311, 13.053313718767361 ], [ 80.223598632921508, 13.053350260598958 ], [ 80.223749907769616, 13.053384238346096 ], [ 80.223994901716381, 13.053435399186142 ], [ 80.224125477568776, 13.053468326354514 ], [ 80.224125671087535, 13.053468377569626 ], [ 80.224200241386526, 13.053487179627639 ], [ 80.224409473795717, 13.053539941778617 ], [ 80.224525918567323, 13.053564600041552 ], [ 80.224568887776201, 13.053573698420029 ], [ 80.224630488559399, 13.053586743369886 ], [ 80.224890572460211, 13.053642010237697 ], [ 80.22509411505871, 13.053684004850606 ], [ 80.225242199888612, 13.053714528119659 ], [ 80.225415947327221, 13.053750340809339 ], [ 80.22563310584431, 13.053793193160772 ], [ 80.225693219101174, 13.053805057055584 ], [ 80.225693417276986, 13.053805093816408 ], [ 80.225699747607578, 13.053806343368315 ], [ 80.226020877588141, 13.053860487962632 ], [ 80.226358572449612, 13.053907931894067 ], [ 80.226644892009347, 13.053946707041838 ], [ 80.226741333409592, 13.053959062660546 ], [ 80.226841755999061, 13.053966771735993 ], [ 80.226967378393908, 13.053978535422493 ], [ 80.227054357397705, 13.053986680758586 ], [ 80.227311521577718, 13.054010762636167 ], [ 80.227597429649308, 13.054040188864793 ], [ 80.227815652220812, 13.054066428938182 ], [ 80.227939487084399, 13.054081547710537 ], [ 80.227983258590925, 13.054086891002047 ], [ 80.22812615904526, 13.054104337006311 ], [ 80.228327149549386, 13.054125913855202 ], [ 80.228465861549324, 13.05413933617792 ], [ 80.228501239813625, 13.054142760067446 ], [ 80.228575937924177, 13.054149987591456 ], [ 80.228846896897579, 13.054166395412006 ], [ 80.228898540632613, 13.054169790871684 ], [ 80.228906269628624, 13.054170298555066 ], [ 80.228958186300147, 13.054173713804431 ], [ 80.229103347633128, 13.054183652161308 ], [ 80.229209675994596, 13.054187136349066 ], [ 80.229412102234193, 13.054191898632613 ], [ 80.229846946380079, 13.054205621567126 ], [ 80.229852080374854, 13.054205735406853 ], [ 80.230090750797928, 13.054211008317992 ], [ 80.230378229714304, 13.054205143669904 ], [ 80.230438906840405, 13.054203904574031 ], [ 80.230501493204486, 13.054201436917324 ], [ 80.230599494338364, 13.054207006157297 ], [ 80.23061268592329, 13.054209036422286 ], [ 80.230615499392414, 13.05420946885603 ], [ 80.230617966058517, 13.05421080354844 ], [ 80.230629544363836, 13.054217074206882 ], [ 80.230637317918948, 13.054224347152381 ], [ 80.230643314308949, 13.054233086841139 ], [ 80.230715073836151, 13.054221633402879 ], [ 80.230725146947293, 13.054214200134922 ], [ 80.230737358123477, 13.05421266043229 ], [ 80.2307855953119, 13.054212079592363 ], [ 80.230785609437589, 13.054202146156443 ], [ 80.230785637889582, 13.054182512567282 ], [ 80.230714081337467, 13.054180232823331 ], [ 80.230709799601527, 13.05418009621739 ], [ 80.230708379600472, 13.054178205845988 ], [ 80.230705007780685, 13.054173719154541 ], [ 80.230702874642361, 13.054167127565234 ], [ 80.230701552316148, 13.054161986001789 ], [ 80.230700009738726, 13.054156191859393 ], [ 80.230698721422897, 13.054150789084938 ], [ 80.230696480918667, 13.054144022666865 ], [ 80.230696759439851, 13.054144025303421 ], [ 80.230697151397948, 13.054144029181469 ], [ 80.230720480725509, 13.054144265824979 ], [ 80.23082179306104, 13.054145291302945 ], [ 80.230939495543609, 13.054148320329766 ], [ 80.231016286985124, 13.054150296389714 ], [ 80.231149653868556, 13.054153811317155 ], [ 80.23113667771598, 13.054065099323401 ], [ 80.231136647015632, 13.054064886746513 ], [ 80.231124149569396, 13.053979444837074 ], [ 80.231067364748412, 13.053613134343557 ], [ 80.230989169963749, 13.053070055310346 ], [ 80.230961319364354, 13.052860561120811 ], [ 80.230920222890646, 13.052580138718451 ], [ 80.230884711733495, 13.052342682143403 ], [ 80.230841445300584, 13.052048238263678 ], [ 80.230817556611299, 13.051885684425287 ], [ 80.230789363798252, 13.051698643959877 ], [ 80.230768074614289, 13.051557404280597 ], [ 80.230743376662616, 13.051402171099356 ], [ 80.230704524157261, 13.051141828444317 ], [ 80.230652353668148, 13.050793374033759 ], [ 80.23063115390724, 13.050650994418332 ], [ 80.230583710723948, 13.050335470340938 ], [ 80.230550189425188, 13.050111130449213 ], [ 80.230504918629649, 13.049808633214646 ], [ 80.230432547835719, 13.049322865585046 ], [ 80.230393772977905, 13.049067405757885 ], [ 80.230365688615365, 13.048874095877673 ], [ 80.230319230842824, 13.048575003889836 ], [ 80.230297789935832, 13.048433460810235 ], [ 80.230255695847603, 13.048147971830149 ], [ 80.230229836714429, 13.047980709353681 ], [ 80.230212920175333, 13.047870865411298 ], [ 80.230212008839928, 13.047864950172725 ], [ 80.230384114282842, 13.047791344221121 ], [ 80.230402595395461, 13.047773167894814 ], [ 80.230778047433219, 13.047742898430547 ], [ 80.230973254077654, 13.047724862003919 ], [ 80.2311783085879, 13.04768324524974 ], [ 80.231267486839286, 13.047675041425569 ], [ 80.23221992923547, 13.047557009091832 ], [ 80.233067396696214, 13.047443175035577 ], [ 80.233152242971826, 13.04742869255055 ], [ 80.23336500514435, 13.047399664273824 ], [ 80.233469836589748, 13.047389117157413 ], [ 80.234470247181477, 13.047254734082474 ], [ 80.235004590295588, 13.04716269159254 ], [ 80.235202767632629, 13.047142930083595 ], [ 80.235563655051649, 13.047103985439232 ], [ 80.235651901682687, 13.047098140901486 ], [ 80.235682142543837, 13.047095125187536 ], [ 80.235784891785698, 13.047080534643515 ], [ 80.235785492230022, 13.047082918971823 ], [ 80.235835345706832, 13.047076034219433 ], [ 80.235980501222201, 13.047050639767276 ], [ 80.236031675259866, 13.047041685553278 ], [ 80.236032011133375, 13.047041629580217 ], [ 80.236061033929516, 13.047036431114737 ], [ 80.236180278910751, 13.047013035208368 ], [ 80.236292335977609, 13.046989882064464 ], [ 80.236323684010287, 13.046983404662665 ], [ 80.236480571800882, 13.046950989096581 ], [ 80.2365919562926, 13.046928803134021 ], [ 80.236861734330148, 13.046867947820171 ], [ 80.2369783925527, 13.046842646908503 ], [ 80.237896138125294, 13.046651893185748 ], [ 80.238226649271127, 13.046584301724959 ], [ 80.238325761201665, 13.046553319934768 ], [ 80.238675833916261, 13.046483977954914 ], [ 80.238717089279021, 13.046475806899773 ], [ 80.239098792192806, 13.046400199044301 ], [ 80.239142533597047, 13.04639153430238 ], [ 80.23938777241905, 13.046336313259843 ], [ 80.239421984892005, 13.046328609662138 ], [ 80.23931348135234, 13.046246922211644 ], [ 80.239305209319824, 13.046240694212653 ], [ 80.239330250562801, 13.046227060178076 ], [ 80.239354276867601, 13.046211764862459 ], [ 80.239377169042967, 13.046194880251571 ], [ 80.239398820781602, 13.046176487411044 ], [ 80.239410542554921, 13.046165049406721 ], [ 80.239412249201393, 13.046163385274403 ], [ 80.23941912667641, 13.046156674642704 ], [ 80.239437991454068, 13.04613553389501 ], [ 80.239455322569398, 13.046113169783164 ], [ 80.239465795554892, 13.046097523593692 ], [ 80.239471042238819, 13.046089685157366 ], [ 80.239546178765366, 13.045977875943924 ], [ 80.239687152440908, 13.045775114353484 ], [ 80.239714613849387, 13.045736046008123 ], [ 80.239732977327989, 13.04570992344858 ], [ 80.239733001411338, 13.045709889159847 ], [ 80.239809844556305, 13.045600571406922 ], [ 80.239966300111831, 13.045368665822393 ], [ 80.240058339731277, 13.045244908269204 ], [ 80.240162397810835, 13.045305771366397 ], [ 80.240164170901409, 13.045306808258799 ], [ 80.240231762691295, 13.045205625391368 ], [ 80.240418007397139, 13.044926824852366 ], [ 80.240419920603586, 13.044920631292971 ], [ 80.240436900847016, 13.044886864154325 ], [ 80.240458051931824, 13.044849631709999 ], [ 80.240482335197697, 13.044806885618732 ], [ 80.240562940788237, 13.044685687549245 ], [ 80.240596229306291, 13.04463644860154 ], [ 80.24097936282493, 13.044045338556364 ], [ 80.240986721933496, 13.044033986237661 ], [ 80.240993050766903, 13.043973080909335 ], [ 80.240993941232745, 13.043968381695972 ], [ 80.241005823853683, 13.043905654415514 ], [ 80.241011624092593, 13.043875035419545 ], [ 80.241015025456136, 13.043881649644511 ], [ 80.241020374197504, 13.043886885252547 ], [ 80.241027127814775, 13.043890209889705 ], [ 80.241036053793579, 13.043891263222644 ], [ 80.241041421434289, 13.043890906427883 ], [ 80.241184130205681, 13.043881418332703 ], [ 80.241469246321671, 13.043825773121293 ], [ 80.241473056544052, 13.043825029279432 ], [ 80.241628995439598, 13.043800835858763 ], [ 80.241662977836512, 13.043795563557675 ], [ 80.241780217559395, 13.043777373588121 ], [ 80.241803068815798, 13.043773793879094 ], [ 80.241833273881213, 13.043769062958258 ], [ 80.241853006456978, 13.043765971420877 ], [ 80.241884931409743, 13.043760970654104 ], [ 80.241944756554673, 13.043751599304786 ], [ 80.241965793806031, 13.043748303613141 ], [ 80.242089595248785, 13.0437289102374 ], [ 80.242117337285492, 13.043724686561088 ], [ 80.242156250130989, 13.043718763137084 ], [ 80.242188903559011, 13.043713791590321 ], [ 80.242623516033817, 13.043647630053549 ], [ 80.24271160827297, 13.043634218973109 ], [ 80.24279926869076, 13.043620874414129 ], [ 80.243052791582471, 13.043582278608643 ], [ 80.243080944180434, 13.043577992733779 ], [ 80.243641933798642, 13.043492588644169 ], [ 80.243672763729592, 13.043487065445014 ], [ 80.243674757754164, 13.043487326253365 ], [ 80.243675363861954, 13.043487262921641 ], [ 80.243718945311301, 13.043480343811671 ], [ 80.243955957766289, 13.043442711581861 ], [ 80.243985089862051, 13.043438089393058 ], [ 80.244070858545811, 13.043424472134259 ], [ 80.244453047771046, 13.043360485437814 ], [ 80.244494631884621, 13.043353472659438 ], [ 80.244502932262023, 13.043350682111665 ], [ 80.244507400859661, 13.043347842406886 ], [ 80.2445102921466, 13.043346003567464 ], [ 80.24451627354432, 13.043339716954382 ], [ 80.244520519335424, 13.043332195568322 ], [ 80.244522775452054, 13.04332389167107 ], [ 80.244522898604757, 13.043315829300463 ], [ 80.244522906671492, 13.043315298560003 ], [ 80.244520648191198, 13.043292479065002 ], [ 80.244514396016442, 13.043250337873424 ], [ 80.244506255015892, 13.043195459164068 ], [ 80.244498536059794, 13.043143429004104 ], [ 80.24447685414566, 13.042997275437063 ], [ 80.244457933560227, 13.042883897142501 ], [ 80.244416250558757, 13.042675002612748 ], [ 80.244381821769977, 13.042487744089598 ], [ 80.244355952546726, 13.042305887803803 ], [ 80.244343971172142, 13.042243181997563 ], [ 80.2443182616027, 13.042081657961427 ], [ 80.244315403433475, 13.042069251262404 ], [ 80.244293296800294, 13.041909036165674 ], [ 80.244283239744661, 13.04183614204805 ], [ 80.244277322781997, 13.041793269428231 ], [ 80.244226345250553, 13.041512548119648 ], [ 80.244195449057116, 13.041340724588789 ], [ 80.244188345125508, 13.041301216638766 ], [ 80.244181991427695, 13.04126793808755 ], [ 80.244179448667197, 13.041254623589014 ], [ 80.244267900457075, 13.041212701816141 ], [ 80.244509777943549, 13.041168179604437 ], [ 80.244715453947293, 13.04112606163401 ], [ 80.245054077755427, 13.041079673582356 ], [ 80.245336017139579, 13.041037835292945 ], [ 80.245508105201196, 13.041009062412552 ], [ 80.245523333152732, 13.041006939415846 ], [ 80.245538736454094, 13.041006600911649 ], [ 80.245554085451502, 13.041008052560251 ], [ 80.245569153340099, 13.041011272904392 ], [ 80.245583718008291, 13.041016213374606 ], [ 80.245584158203329, 13.041016422622503 ], [ 80.245545715437572, 13.040894481710087 ], [ 80.245540408910202, 13.040905429650662 ], [ 80.245532659639792, 13.04091720414503 ], [ 80.245527535230167, 13.040923138838224 ], [ 80.245523426075522, 13.040927898319222 ], [ 80.245512861844318, 13.04093733539788 ], [ 80.245501143574202, 13.040945356756591 ], [ 80.245488468108221, 13.040951828243255 ], [ 80.245326348983397, 13.040978933888715 ], [ 80.245090496124092, 13.041013934251838 ], [ 80.245053779187614, 13.041019384416213 ], [ 80.24504549377761, 13.041020612576229 ], [ 80.244970256397195, 13.041030471417752 ], [ 80.244702562084228, 13.04106554586115 ], [ 80.244497513640155, 13.041107535450372 ], [ 80.244286558576491, 13.041146365549748 ], [ 80.244279023719855, 13.041146728749506 ], [ 80.24426881935193, 13.041144541554729 ], [ 80.244261043089551, 13.041141186892753 ], [ 80.24425775962068, 13.041139768570529 ], [ 80.244247640231819, 13.041133284875515 ], [ 80.244238737324267, 13.041125265785848 ], [ 80.244231290018689, 13.041115929006933 ], [ 80.24422550136164, 13.041105527402658 ], [ 80.244221528200342, 13.041094342636333 ], [ 80.244124257287012, 13.041113422130046 ], [ 80.244115282362458, 13.041067163402509 ], [ 80.244115155120213, 13.041066547272493 ], [ 80.24409799982881, 13.040971130565412 ], [ 80.244056535363669, 13.040712008436328 ], [ 80.24398689986873, 13.040320351760473 ], [ 80.243968278020461, 13.040215616622952 ], [ 80.243967481067031, 13.040207160952122 ], [ 80.243963979053163, 13.040199361969817 ], [ 80.243958136578144, 13.040193026380479 ], [ 80.243934071134646, 13.040174728404024 ], [ 80.243799959122455, 13.040075117426328 ], [ 80.243737854062289, 13.040028988371137 ], [ 80.243599846273227, 13.03992648243449 ], [ 80.243176507834278, 13.03993608791243 ], [ 80.243172670160163, 13.039936175255281 ], [ 80.243169456881247, 13.039936248147173 ], [ 80.243022089049106, 13.039954659123486 ], [ 80.242273444248127, 13.040048190007354 ], [ 80.242204151062012, 13.04005465843086 ], [ 80.242009857075672, 13.040072793169431 ], [ 80.241931478045018, 13.040080472772877 ], [ 80.241539876383641, 13.04011666143178 ], [ 80.241452128326287, 13.040128593015691 ], [ 80.241371869124109, 13.040139507583774 ], [ 80.241136970392873, 13.040171450064252 ], [ 80.240876844935158, 13.040204576123509 ], [ 80.240771037294479, 13.04021844286593 ], [ 80.240544943661476, 13.040246842652575 ], [ 80.240420552378325, 13.040265446093004 ], [ 80.240235842258187, 13.040295286202038 ], [ 80.240133981189672, 13.040311742123693 ], [ 80.239997044180797, 13.040324479189026 ], [ 80.239986666111918, 13.040325444254053 ], [ 80.239983553611523, 13.040325734409111 ], [ 80.23998321692217, 13.040325758738545 ], [ 80.239892188975915, 13.040334166451212 ], [ 80.239894014759898, 13.040333338140352 ], [ 80.239895419023313, 13.040331925385297 ], [ 80.239896214908029, 13.040330113902192 ], [ 80.239896296548849, 13.040328142992527 ], [ 80.239857024390787, 13.040058353704822 ], [ 80.239854885414118, 13.040043658747489 ], [ 80.239844692746573, 13.039973638562637 ], [ 80.239809558615988, 13.039732276705074 ], [ 80.239775885563034, 13.039403863951231 ], [ 80.239739352797955, 13.039148822901019 ], [ 80.239739341074142, 13.03914873606371 ], [ 80.23972740222996, 13.039053495406298 ], [ 80.239715731043717, 13.038959093724428 ], [ 80.239685998023305, 13.038699501908505 ], [ 80.239662832124139, 13.038433599986162 ], [ 80.239657900410762, 13.038414761031488 ], [ 80.239639796171772, 13.038345611862557 ], [ 80.239636413255937, 13.038332689094185 ], [ 80.239634663906941, 13.038326008272273 ], [ 80.239625739664547, 13.038288819576961 ], [ 80.239619930599119, 13.038235357246581 ], [ 80.239619370852836, 13.03823020891396 ], [ 80.239596137658509, 13.038016569372866 ], [ 80.239572839325888, 13.037824268687141 ], [ 80.239557642696099, 13.037666712949564 ], [ 80.239548790776567, 13.037605852585274 ], [ 80.239548739182339, 13.037605534156448 ], [ 80.239540454636867, 13.0375485327621 ], [ 80.239520700451081, 13.03741270596344 ], [ 80.2394966367401, 13.037198973550673 ], [ 80.239478156448627, 13.037028938383282 ], [ 80.239475736277569, 13.037006679892071 ], [ 80.239467717370445, 13.036946957641426 ], [ 80.239455710198655, 13.036857534369947 ], [ 80.239448054557855, 13.036800863041805 ], [ 80.239436421755713, 13.036713875871074 ], [ 80.239408354370141, 13.036482771107124 ], [ 80.239384303854337, 13.036295260433384 ], [ 80.239358857153363, 13.036088116442031 ], [ 80.239346737902409, 13.036002497696273 ], [ 80.239344338267173, 13.035985598439865 ], [ 80.239332929355442, 13.035905038953517 ], [ 80.239319249330265, 13.035734106432843 ], [ 80.239300783763653, 13.035590103124765 ], [ 80.239300895725279, 13.035581225141838 ], [ 80.239298967129528, 13.035572549132525 ], [ 80.239295098055024, 13.035564522064067 ], [ 80.239289486441976, 13.035557555927285 ], [ 80.23928241801147, 13.035552006910532 ], [ 80.239274259854071, 13.035548160913732 ], [ 80.239139391333509, 13.035470908095713 ], [ 80.239132209032846, 13.035467315423247 ], [ 80.23904654723421, 13.035424462579643 ], [ 80.238900777766602, 13.03533168601637 ], [ 80.238750626900796, 13.035235010263021 ], [ 80.238712363006854, 13.03521037329053 ], [ 80.238698750254699, 13.035201608691748 ], [ 80.238620217852841, 13.035153157984496 ], [ 80.238590078655818, 13.035134564111832 ], [ 80.238533606870789, 13.035099586552032 ], [ 80.238218829090442, 13.034900457582694 ], [ 80.238024058119549, 13.034771332423716 ], [ 80.237990096437628, 13.034748822920823 ], [ 80.237989810229806, 13.034748626772487 ], [ 80.237920729129328, 13.034702827643519 ], [ 80.237913540053782, 13.034698147170298 ], [ 80.237725905354722, 13.034575992450014 ], [ 80.237411563809644, 13.034404398446314 ], [ 80.237411534348993, 13.034404382084052 ], [ 80.237369407166469, 13.034381386426009 ], [ 80.237367068806506, 13.034380062128193 ], [ 80.237367212553522, 13.034379799430038 ], [ 80.237369407196653, 13.034381075382388 ], [ 80.237419508725992, 13.034289917956729 ], [ 80.237430607572563, 13.034269721931322 ], [ 80.237537979320905, 13.034231247884543 ], [ 80.23760971687598, 13.034204513918153 ], [ 80.237627263803176, 13.034196969391958 ], [ 80.23764333601558, 13.034186745910809 ], [ 80.237654388423906, 13.034176893750599 ], [ 80.237657500150647, 13.034174119788302 ], [ 80.237665325652699, 13.034161586230935 ], [ 80.23771827544644, 13.034074741095875 ], [ 80.237878000690344, 13.033822647057564 ], [ 80.237909013082643, 13.033773700960914 ], [ 80.238068996015755, 13.033523157330555 ], [ 80.23807419357658, 13.033515017661452 ], [ 80.238151524685208, 13.03339249939483 ], [ 80.238228464868044, 13.033269624601242 ], [ 80.23825264057001, 13.033230705792727 ], [ 80.238260351279393, 13.033218295750892 ], [ 80.238305672115246, 13.033145339113057 ], [ 80.23832222736047, 13.033118864964882 ], [ 80.238457132435798, 13.032903139384926 ], [ 80.23851293299947, 13.032818146087155 ], [ 80.238539815026826, 13.032777198947075 ], [ 80.238656701783739, 13.032599160576387 ], [ 80.238726329000343, 13.032493283819706 ], [ 80.238793704664573, 13.03238693205205 ], [ 80.238807558251139, 13.032364216815417 ], [ 80.238849969833097, 13.032294678422796 ], [ 80.238859606254792, 13.032278878754896 ], [ 80.238954783853885, 13.032100852404565 ], [ 80.238956123167753, 13.032098347190477 ], [ 80.238996841696434, 13.032040516767678 ], [ 80.239069759317132, 13.031936957977313 ], [ 80.239078840145396, 13.031922496688363 ], [ 80.239141075224239, 13.03185748498991 ], [ 80.239143242860337, 13.031855220010605 ], [ 80.239145621259084, 13.031852791086214 ], [ 80.239160185379745, 13.031833836661244 ], [ 80.23918779459818, 13.031792051575476 ], [ 80.239260196703555, 13.031668210060472 ], [ 80.239376385161293, 13.031459682421291 ], [ 80.239519450006128, 13.031207648557311 ], [ 80.239853462561584, 13.030857864065663 ], [ 80.239626711295671, 13.029261567728378 ], [ 80.239812934429096, 13.028464071817424 ], [ 80.240007424951216, 13.027074066403218 ], [ 80.240794067431025, 13.026314229300631 ], [ 80.240825163773408, 13.026304717784337 ], [ 80.241248357686388, 13.026404593018258 ], [ 80.241700557110676, 13.026415144401422 ], [ 80.242319448369415, 13.026364737451035 ], [ 80.242857633850733, 13.02633434644998 ], [ 80.243369087395919, 13.026209070182551 ], [ 80.243992044172444, 13.025888918754804 ], [ 80.244034169571336, 13.025867267587902 ], [ 80.244071501364658, 13.025848083557513 ], [ 80.244339150163881, 13.025617598738336 ], [ 80.244507401118611, 13.025472710206625 ], [ 80.244751766366093, 13.025186397830218 ], [ 80.244817105001403, 13.025109843375034 ], [ 80.244874485546049, 13.0250426124264 ], [ 80.245570377227935, 13.024351931443666 ], [ 80.246180852840453, 13.023789214591703 ], [ 80.247155717377012, 13.022751543072276 ], [ 80.247786239930349, 13.02202467571691 ], [ 80.248213597775148, 13.021328053639817 ], [ 80.248815818422401, 13.020470627972292 ], [ 80.248850037355197, 13.020311047176383 ], [ 80.248928328424185, 13.019945937330199 ], [ 80.249090923039915, 13.019222498324904 ], [ 80.249174430549644, 13.018470357852017 ], [ 80.249790657008546, 13.018814666412901 ], [ 80.249889865674547, 13.01887461337852 ], [ 80.249958978121043, 13.01893543625337 ], [ 80.250116127984583, 13.019024144207057 ], [ 80.25029257861641, 13.019142326017572 ], [ 80.250404184713162, 13.019216485589496 ], [ 80.250480094423395, 13.019272766288978 ], [ 80.250597427943717, 13.019337484398044 ], [ 80.250999438816407, 13.019600285074841 ], [ 80.251093873289932, 13.019682296586453 ], [ 80.251134633328647, 13.019716174410204 ], [ 80.251242462134286, 13.019827707810036 ], [ 80.251319901430747, 13.019911849304329 ], [ 80.251391779910662, 13.019992385955174 ], [ 80.25151818598529, 13.020131837618178 ], [ 80.251603228705847, 13.020247003301307 ], [ 80.251656615649807, 13.020338167845713 ], [ 80.251700941577383, 13.020401027365933 ], [ 80.251764890991865, 13.020491590330355 ], [ 80.251813145955509, 13.020571469180808 ], [ 80.251847127665741, 13.020632617927815 ], [ 80.251882394797633, 13.020689800938667 ], [ 80.251929140562737, 13.020727468240349 ], [ 80.251971146139695, 13.020782443631489 ], [ 80.252004736056421, 13.020866626643008 ], [ 80.252004786655746, 13.020924763266189 ], [ 80.252030243659149, 13.020992780125455 ], [ 80.252058883744965, 13.021056881028334 ], [ 80.25208966506294, 13.021109315779094 ], [ 80.252101294844039, 13.021148851127251 ], [ 80.252122162899326, 13.02118960756582 ], [ 80.252147032228834, 13.021227291313673 ], [ 80.252181970045214, 13.021281483148211 ], [ 80.252213219703705, 13.021321983789582 ], [ 80.252235797163237, 13.021355468143323 ], [ 80.252247086082946, 13.021378912254495 ], [ 80.252262561928944, 13.02139979869974 ], [ 80.252287415437507, 13.021414789668961 ], [ 80.252317674269605, 13.021410853218772 ], [ 80.252352607041544, 13.021426770208711 ], [ 80.252381312867172, 13.021463762433241 ], [ 80.252586666732014, 13.021789364748212 ], [ 80.252732156080626, 13.021916432699477 ], [ 80.252757891628846, 13.021924839971689 ], [ 80.252813921822181, 13.021928150750105 ], [ 80.252865356844069, 13.021953929417187 ], [ 80.252879505377763, 13.021963871177503 ], [ 80.252902455735708, 13.022002521347448 ], [ 80.252907988252758, 13.02201622507561 ], [ 80.25292980497133, 13.022072825784985 ], [ 80.252980920905514, 13.022215881949588 ], [ 80.253062391700482, 13.022296534429604 ], [ 80.253132989352238, 13.022355605755864 ], [ 80.253275633708895, 13.022461974410062 ], [ 80.253468330967777, 13.022589230363314 ], [ 80.253665875652558, 13.022699753432731 ], [ 80.253775274343596, 13.022746660841291 ], [ 80.253919730675591, 13.022789445555743 ], [ 80.254048841104094, 13.022845826819067 ], [ 80.254213710883661, 13.022912912626422 ], [ 80.254382863775348, 13.022973063674279 ], [ 80.254551966853882, 13.023036949726208 ], [ 80.254729914688014, 13.023094321008561 ], [ 80.25488184289442, 13.023123207411127 ], [ 80.255054804553268, 13.023186179236568 ], [ 80.255303889289095, 13.023288226720462 ], [ 80.255598919294343, 13.023396272338934 ], [ 80.25602983909944, 13.023537128606295 ], [ 80.256240577829459, 13.023658653810683 ], [ 80.256755658023081, 13.023902819302618 ], [ 80.257039104395105, 13.024026565955165 ], [ 80.257285592437484, 13.024148951413528 ], [ 80.25756576456314, 13.024287304550763 ], [ 80.257758870688974, 13.024389061077841 ], [ 80.257984375092576, 13.024494791023885 ], [ 80.258116807682171, 13.02454049309714 ], [ 80.258169746836927, 13.024561982822046 ], [ 80.258241333893736, 13.024591043418582 ], [ 80.258335695703749, 13.024681262421277 ], [ 80.258498876213196, 13.024785088434326 ], [ 80.258632882315482, 13.024894654890071 ], [ 80.258814903362492, 13.025015182748309 ], [ 80.258906797131999, 13.025081430450255 ], [ 80.259031547431888, 13.025163771874452 ], [ 80.259153226875242, 13.025281198337954 ], [ 80.259317647448555, 13.025400882586416 ], [ 80.259428378277079, 13.025501792247749 ], [ 80.259450715436842, 13.025521322610166 ], [ 80.259551342599664, 13.025609310351594 ], [ 80.259557815819463, 13.025607616281826 ], [ 80.259717981353845, 13.025565708213493 ], [ 80.259784707901346, 13.025548249627043 ], [ 80.259783920218197, 13.025546433549541 ], [ 80.25978384768473, 13.025544463087037 ], [ 80.259784497832513, 13.025542596862721 ], [ 80.259785786013225, 13.025541080577725 ], [ 80.259787541939914, 13.025540118095448 ], [ 80.259793139587785, 13.025538254242402 ], [ 80.259953149743978, 13.025484980669603 ], [ 80.260188503830207, 13.02541092644282 ], [ 80.260497086820322, 13.025325533321798 ], [ 80.260736847436888, 13.025253751654025 ], [ 80.260916486755335, 13.025200798367679 ], [ 80.261046243150005, 13.025159746748765 ], [ 80.261048237660461, 13.025159492023448 ], [ 80.261050194080383, 13.02515995422166 ], [ 80.261051852539268, 13.025161071116989 ], [ 80.261052993066585, 13.025162697410179 ], [ 80.261053277559768, 13.025163474930483 ], [ 80.261036433547218, 13.025103258613035 ], [ 80.261014390062044, 13.025024456071266 ], [ 80.261074576356691, 13.025000130072666 ], [ 80.261246191331523, 13.024955336701439 ], [ 80.261475255847827, 13.024893242204941 ], [ 80.261686058146594, 13.024828408206632 ], [ 80.261833392392774, 13.024786257895405 ], [ 80.261949245312991, 13.024757158651843 ], [ 80.261988930301627, 13.024749714297865 ], [ 80.262017163939689, 13.024734077822753 ], [ 80.262092627117241, 13.024708433334023 ], [ 80.262219633941129, 13.024662440854977 ], [ 80.262323036258266, 13.024626542576682 ], [ 80.262397868747243, 13.024601785031978 ], [ 80.26255534385048, 13.024551567823787 ], [ 80.262670330167339, 13.024519519891781 ], [ 80.26272751776267, 13.02450936918718 ], [ 80.262820125005817, 13.024486229043113 ], [ 80.263244088749872, 13.024400323280606 ], [ 80.263282899745334, 13.024392459402636 ], [ 80.263294962609294, 13.024390015259755 ], [ 80.263539020786212, 13.024341972103747 ], [ 80.263829354795448, 13.024295148769298 ], [ 80.263879733413717, 13.024287023778365 ], [ 80.263947279175838, 13.024276130018325 ], [ 80.264069710912565, 13.024255004555755 ], [ 80.264192365287087, 13.024234677172728 ], [ 80.264315198937254, 13.024215154979615 ], [ 80.264387399170246, 13.024204169422124 ], [ 80.264390354094886, 13.024204079247614 ], [ 80.264400679733356, 13.024203763137393 ], [ 80.264413877966206, 13.024205318738028 ], [ 80.264426689656929, 13.024208800097107 ], [ 80.264438822712577, 13.024214126816229 ], [ 80.264449998067917, 13.024221178749061 ], [ 80.264459960762167, 13.024229792415968 ], [ 80.264479945444819, 13.024260365947381 ], [ 80.264551948277855, 13.024363796679065 ], [ 80.26462549363346, 13.024465467668685 ], [ 80.264700895555876, 13.024565833715378 ], [ 80.264777510046684, 13.024664064741753 ], [ 80.26490403385435, 13.024826417734474 ], [ 80.264919111229148, 13.02484683668942 ], [ 80.26496417309194, 13.024905480825398 ], [ 80.264964396334747, 13.024905768090548 ], [ 80.265028259716686, 13.024989719899647 ], [ 80.26512392977196, 13.025105999390082 ], [ 80.265270159558682, 13.025319539835158 ], [ 80.265397330619095, 13.025514065977967 ], [ 80.265449011929846, 13.025593121278151 ], [ 80.265506508171597, 13.025681071410043 ], [ 80.265555620777079, 13.025757163575282 ], [ 80.265623741209225, 13.025860887759338 ], [ 80.265651091799995, 13.02590518074703 ], [ 80.265692941402889, 13.025973747433319 ], [ 80.265828179132939, 13.026208771063772 ], [ 80.265841292766325, 13.026233764196402 ], [ 80.265843731872579, 13.026242555433257 ], [ 80.265908765635288, 13.026213652300052 ], [ 80.265987193444971, 13.026167447177659 ], [ 80.266005942949064, 13.026157554033762 ], [ 80.266034022425075, 13.026142262087037 ], [ 80.26607318294225, 13.026121937972754 ], [ 80.266107911941418, 13.026103319292298 ], [ 80.266173782553452, 13.026063913429919 ], [ 80.26624399697711, 13.026019380355477 ], [ 80.266315615820886, 13.025977054777513 ], [ 80.266383368565215, 13.025939836026149 ], [ 80.266527257771543, 13.025844023321497 ], [ 80.266528687549481, 13.025842636702659 ], [ 80.266529520034709, 13.025840840598448 ], [ 80.266529641102323, 13.025838871587116 ], [ 80.266529035231159, 13.025836990035192 ], [ 80.266451906794956, 13.025720639611066 ], [ 80.266367097718955, 13.025584497940685 ], [ 80.266215064208126, 13.025353495947348 ], [ 80.266238435961895, 13.025339727792693 ], [ 80.266419383002855, 13.025218138104853 ], [ 80.26647754286806, 13.025333561406926 ], [ 80.266545606785854, 13.02543653290882 ], [ 80.266723372301158, 13.025706735080449 ], [ 80.266723800378045, 13.025707299609667 ], [ 80.266725360739414, 13.025708544589465 ], [ 80.266727272459818, 13.02570916033363 ], [ 80.266729282177465, 13.025709065651462 ], [ 80.266731124268304, 13.025708272450494 ], [ 80.266827645606185, 13.025643999813184 ], [ 80.266870874647864, 13.025615214694652 ], [ 80.266973387556362, 13.025537385951361 ], [ 80.26706152058614, 13.025479072613271 ], [ 80.267109248818159, 13.025447494429521 ], [ 80.267679770090751, 13.025070010414112 ], [ 80.267690896917443, 13.025062866086994 ], [ 80.267930440382756, 13.025005944845667 ], [ 80.267948609690634, 13.025008291920757 ], [ 80.26796693342267, 13.025008612207067 ], [ 80.268092994884356, 13.025008877692416 ], [ 80.268661083659254, 13.025063286274117 ], [ 80.268843197275999, 13.025089002784744 ], [ 80.269025573628198, 13.025112877143558 ], [ 80.269208188748635, 13.025134904761192 ], [ 80.269257966417356, 13.025143990351703 ], [ 80.269308073459385, 13.025151137344753 ], [ 80.269358430598345, 13.025156334666283 ], [ 80.269408958549889, 13.025159573954829 ], [ 80.269459577099539, 13.025160849558963 ], [ 80.269510206016875, 13.025160161252531 ], [ 80.269560765071475, 13.025157508809427 ], [ 80.269678616372858, 13.025149306039635 ], [ 80.269796596325676, 13.025143145269746 ], [ 80.269914669884884, 13.025139028209466 ], [ 80.270032798316748, 13.025136956558127 ], [ 80.270101468264798, 13.025131731906344 ], [ 80.270169953097749, 13.025124533742879 ], [ 80.270238192848794, 13.025115370036852 ], [ 80.270306129398108, 13.025104247858428 ], [ 80.270373703698482, 13.025091176083629 ], [ 80.270440857614247, 13.025076167207889 ], [ 80.27088133092856, 13.024968268929756 ], [ 80.271049405316646, 13.024924040423681 ], [ 80.271217956747577, 13.024881591715296 ], [ 80.271238736131437, 13.024876592912403 ], [ 80.271440951228982, 13.024828326992559 ], [ 80.271500441194206, 13.024814435595705 ], [ 80.271600718958624, 13.024790228787962 ], [ 80.271700454215349, 13.024763897345712 ], [ 80.271800864342126, 13.024735091144997 ], [ 80.271865404365528, 13.024716700964271 ], [ 80.271927143834191, 13.024696691611153 ], [ 80.271988103078385, 13.024674489165813 ], [ 80.272029082141358, 13.024651405972511 ], [ 80.272055250686819, 13.024627156360008 ], [ 80.272086775754516, 13.024600209171364 ], [ 80.272105639052498, 13.024582810993481 ], [ 80.272129121135308, 13.024562713168809 ], [ 80.272145856564379, 13.024547659944297 ], [ 80.272192909364236, 13.024499210959313 ], [ 80.272225208540476, 13.02446832630819 ], [ 80.272258953851619, 13.024438964774378 ], [ 80.272294068564833, 13.024411192148868 ], [ 80.272330476888001, 13.024385067895855 ], [ 80.272368096571284, 13.024360652365692 ], [ 80.272406846310929, 13.024337997773539 ], [ 80.272446637428473, 13.024317155409729 ], [ 80.272542969456552, 13.024276329633619 ], [ 80.272641518747321, 13.024247069385291 ], [ 80.272841262323581, 13.024203953882751 ], [ 80.272993780971618, 13.024174136859154 ], [ 80.273145368540582, 13.024147677156533 ], [ 80.273273429350681, 13.024121564643634 ], [ 80.273421184834959, 13.024091437433748 ], [ 80.273478049001739, 13.024071248564868 ], [ 80.273573237434462, 13.02406043244002 ], [ 80.273683909797796, 13.024034869585263 ], [ 80.273920179404584, 13.023898443102743 ], [ 80.274124407738938, 13.023817099436231 ], [ 80.274358375661507, 13.023716297166388 ], [ 80.274505556447195, 13.023643655633229 ], [ 80.274683910950003, 13.023555626660496 ], [ 80.274878683552473, 13.023453091204594 ], [ 80.275054139835632, 13.023360153972877 ], [ 80.275241438972813, 13.023260422068365 ], [ 80.275412723563704, 13.023169218033843 ], [ 80.275689171000977, 13.0230355306349 ], [ 80.275940624429609, 13.022908512172814 ], [ 80.276165290953045, 13.022790469770428 ], [ 80.276322540655613, 13.022712177751329 ], [ 80.276478568646795, 13.022631570170731 ], [ 80.276668167679986, 13.02252034391304 ], [ 80.27686234719819, 13.022416992343214 ], [ 80.277060763634594, 13.02232169895178 ], [ 80.277196616008624, 13.022260122433224 ], [ 80.277306623455559, 13.022219556258754 ], [ 80.277460475971935, 13.022190947346845 ], [ 80.277641931234911, 13.022195336439097 ], [ 80.277796474906111, 13.022091748036761 ], [ 80.277913635887728, 13.021944698804669 ], [ 80.278220446262324, 13.021826528792207 ], [ 80.278225904968096, 13.021827993426577 ], [ 80.278308581703413, 13.021850175824037 ], [ 80.279055179895636, 13.027733791867323 ], [ 80.279057879598938, 13.027749896033542 ], [ 80.279077747446678, 13.027946222550632 ], [ 80.279112504424546, 13.028199519220284 ], [ 80.279258886222578, 13.029420038779973 ], [ 80.27928342795974, 13.029657189557437 ], [ 80.279323411169173, 13.029989957727556 ], [ 80.279354823109031, 13.030289065633085 ], [ 80.279394197708172, 13.03064100123704 ], [ 80.279439956387634, 13.031017639374348 ], [ 80.279487090629829, 13.031396993938705 ], [ 80.279524287787922, 13.031736626271487 ], [ 80.279570107356236, 13.032124205421603 ], [ 80.279615985262225, 13.032523539383657 ], [ 80.279656755753138, 13.03287131855843 ], [ 80.279703125903168, 13.033228066725069 ], [ 80.279746183196679, 13.033614281841457 ], [ 80.279786184137663, 13.03394252892801 ], [ 80.279798432028954, 13.034043020116972 ], [ 80.279848768865378, 13.034495171963913 ], [ 80.279861738937527, 13.034611277153711 ], [ 80.279876555910462, 13.034727172275201 ], [ 80.279893214342366, 13.034842826570078 ], [ 80.279911708791388, 13.034958209280068 ], [ 80.279946895083455, 13.035244374825998 ], [ 80.279999661868516, 13.03570116743032 ], [ 80.280039578814822, 13.036089272571077 ], [ 80.280058441980231, 13.036231556379457 ], [ 80.280075331123854, 13.036386764825881 ], [ 80.280094840399357, 13.036528869585185 ], [ 80.280110340969031, 13.036717801000082 ], [ 80.280123035443452, 13.0368249854249 ], [ 80.280129660821743, 13.036893541639332 ], [ 80.280141894894939, 13.036968262934876 ], [ 80.280152661259407, 13.037040268441681 ], [ 80.280163398620914, 13.037122308729639 ], [ 80.280173846249937, 13.037208870138887 ], [ 80.280186901781718, 13.037345258657044 ], [ 80.280204477901208, 13.037486819126753 ], [ 80.280219812281047, 13.037628633776441 ], [ 80.280232826213364, 13.037769854243718 ], [ 80.280243014381284, 13.037870894858813 ], [ 80.280255430872785, 13.037971226439184 ], [ 80.280270113229548, 13.038071262310392 ], [ 80.280287456877232, 13.038173310196683 ], [ 80.280303074887584, 13.038303806794517 ], [ 80.280320252326007, 13.038481234129121 ], [ 80.280348941567809, 13.038688816115156 ], [ 80.280361694994326, 13.038786507443177 ], [ 80.280364105176261, 13.038884969349214 ], [ 80.280862326920001, 13.043674251111902 ], [ 80.281222775903757, 13.04623888886834 ], [ 80.280763859255359, 13.046411058662716 ], [ 80.280804017111862, 13.046684602437882 ], [ 80.280827190454573, 13.046835667986818 ], [ 80.280887648216932, 13.047233414450943 ], [ 80.280928441121645, 13.047508766566791 ], [ 80.280953956848847, 13.047680998791195 ], [ 80.281014557343397, 13.048061384900588 ], [ 80.281057092629368, 13.048342167960392 ], [ 80.281135352003659, 13.048867185298702 ], [ 80.281215902548581, 13.049397001252553 ], [ 80.281238006353917, 13.04953565720618 ], [ 80.28129156454132, 13.049871858747553 ], [ 80.282514055071118, 13.057606215345462 ], [ 80.283196261187925, 13.057562717554919 ], [ 80.285903117410029, 13.057328119297109 ], [ 80.289679567252563, 13.066557401753043 ], [ 80.289672763689012, 13.066581407764188 ], [ 80.289671357920994, 13.066580805318063 ], [ 80.28959628815403, 13.067131244915194 ], [ 80.28961242854669, 13.067256273801094 ], [ 80.289309220868162, 13.066905696877322 ], [ 80.289176310360048, 13.06675041412783 ], [ 80.288950200599871, 13.066582477426671 ], [ 80.288758358816438, 13.066468019037215 ], [ 80.288550955436847, 13.066431530601902 ], [ 80.288420432008948, 13.066478385257101 ], [ 80.288195271870777, 13.066612490841578 ], [ 80.288033673022952, 13.066983680857062 ], [ 80.288096151674623, 13.067366939722426 ], [ 80.287571329635853, 13.067730997333243 ], [ 80.287305491591013, 13.067898220319959 ], [ 80.286894798659333, 13.068113734773247 ], [ 80.286391613435157, 13.068258511424229 ], [ 80.285629936689247, 13.068403882034106 ], [ 80.284948968871618, 13.068628140241204 ], [ 80.284049601602888, 13.068943703934202 ], [ 80.283656327843858, 13.068914119162102 ], [ 80.282118441608361, 13.06879842178251 ], [ 80.281713845777034, 13.068785407405967 ], [ 80.281202196634879, 13.068795135582787 ], [ 80.280691232552826, 13.068867377594 ], [ 80.280537861929318, 13.068034357438291 ], [ 80.28051775430113, 13.06780940369651 ], [ 80.279736172974708, 13.064504937449247 ], [ 80.279682334996465, 13.064516929086704 ], [ 80.279682126417811, 13.064516974619893 ], [ 80.279310410378855, 13.064599766407303 ], [ 80.278915308294813, 13.064686733130717 ], [ 80.278759666090224, 13.064715580665158 ], [ 80.278604431140707, 13.064746466408421 ], [ 80.278449631143729, 13.064779379587911 ], [ 80.278398671263105, 13.064797539315027 ], [ 80.27834843464862, 13.064817547431783 ], [ 80.278298995169223, 13.064839375210278 ], [ 80.278250419312698, 13.06486299480628 ], [ 80.278202775432604, 13.064888371147164 ], [ 80.277876158685586, 13.065053651415923 ], [ 80.277612800968484, 13.065191529854154 ], [ 80.277325429633891, 13.06534064340735 ], [ 80.277031319988353, 13.065491455761906 ], [ 80.276933093167784, 13.065538412939633 ], [ 80.276848690575861, 13.065581455578045 ], [ 80.276836144817963, 13.065587852976309 ], [ 80.276740537744288, 13.06563974530609 ], [ 80.276681528571174, 13.065672408163282 ], [ 80.276621640395987, 13.06570348800147 ], [ 80.276560911103402, 13.065732961416858 ], [ 80.276499389640904, 13.065760806845029 ], [ 80.276437122181136, 13.065787005426522 ], [ 80.276311997071176, 13.06584062065852 ], [ 80.276187828694916, 13.065896340775215 ], [ 80.276113836640988, 13.065757548379034 ], [ 80.276114119675626, 13.065759489588796 ], [ 80.276113671378923, 13.065761403433054 ], [ 80.276112552434469, 13.065763038713566 ], [ 80.276110911052115, 13.065764177028509 ], [ 80.276110565698829, 13.065764314404332 ], [ 80.27611037087712, 13.065764386194934 ], [ 80.276109219589614, 13.065764776298893 ], [ 80.276016234918615, 13.065795953194437 ], [ 80.275932585919179, 13.065825291739735 ], [ 80.27573592759903, 13.065894267629911 ], [ 80.275443757881533, 13.066000501859953 ], [ 80.275248267871106, 13.066076760366997 ], [ 80.274989769886631, 13.066177476082871 ], [ 80.274968269780175, 13.066185851983281 ], [ 80.274729759198877, 13.06627878044115 ], [ 80.274504243045996, 13.066367670807111 ], [ 80.274317725746613, 13.066439245584643 ], [ 80.274098186768654, 13.066515897718002 ], [ 80.273985002573809, 13.066544812687113 ], [ 80.273841022349359, 13.066577863716754 ], [ 80.27361402197981, 13.066711733122698 ], [ 80.273625194087089, 13.066698856138212 ], [ 80.273634794248608, 13.066684813741492 ], [ 80.273642700182961, 13.066669788237807 ], [ 80.273645516186704, 13.066662495628776 ], [ 80.273648804318498, 13.066653978249306 ], [ 80.273653030427013, 13.06663758791149 ], [ 80.273655323459579, 13.066620833173884 ], [ 80.273655626767038, 13.066613941299103 ], [ 80.273657155344452, 13.066579464779112 ], [ 80.273657890046408, 13.066562881981929 ], [ 80.273660388750784, 13.066307632952411 ], [ 80.273663493815747, 13.066223550947219 ], [ 80.273668594161421, 13.066151048325565 ], [ 80.273674367355568, 13.066081855162521 ], [ 80.273676145158589, 13.066060558980778 ], [ 80.273692014597771, 13.065869455388068 ], [ 80.2737081075595, 13.065728082593514 ], [ 80.273708700221192, 13.065723486394283 ], [ 80.273713458290146, 13.065686657170021 ], [ 80.273724055926195, 13.065604614386464 ], [ 80.273727652222135, 13.06557270617863 ], [ 80.273731519285121, 13.065538409831053 ], [ 80.273734744379837, 13.065509800915335 ], [ 80.273745834239293, 13.065411447717393 ], [ 80.273747328593956, 13.065400659366722 ], [ 80.273758459806899, 13.06532033967739 ], [ 80.273775737156939, 13.065215500840637 ], [ 80.273803927246092, 13.065037542753821 ], [ 80.273827285775226, 13.064901359665788 ], [ 80.27383145567083, 13.064877046549187 ], [ 80.273860789329547, 13.064706041352791 ], [ 80.273861019888599, 13.064704786968639 ], [ 80.273881782820098, 13.064591990081444 ], [ 80.273889629446344, 13.064534421714058 ], [ 80.27388967687024, 13.064533658701135 ], [ 80.273889295149687, 13.064531722637724 ], [ 80.273888231989446, 13.064530046878884 ], [ 80.27388662692708, 13.064528856058523 ], [ 80.273884695339362, 13.064528303591569 ], [ 80.273799905990955, 13.064519967410845 ], [ 80.273686923968, 13.064518835344469 ], [ 80.273593957344744, 13.064526245397975 ], [ 80.273533211100244, 13.064531223235047 ], [ 80.273328895740889, 13.06454796088102 ], [ 80.273310027409195, 13.064549620403969 ], [ 80.273288943073538, 13.064551474429328 ], [ 80.273041901865966, 13.064573202291712 ], [ 80.272779074406756, 13.064592913448418 ], [ 80.272639114878174, 13.064602908091361 ], [ 80.272611038834143, 13.064604914188507 ], [ 80.272586421673751, 13.064606869433101 ], [ 80.272586096934447, 13.06460689654965 ], [ 80.272563230766679, 13.064608711142224 ], [ 80.272514125606762, 13.064612609324495 ], [ 80.272229340579074, 13.064629355644538 ], [ 80.272021678022369, 13.06464387205431 ], [ 80.271869808909898, 13.064652754030231 ], [ 80.271799996900796, 13.064656836986309 ], [ 80.27174859036198, 13.064659843326883 ], [ 80.271676200776724, 13.064663496726682 ], [ 80.271608154159949, 13.064666930866601 ], [ 80.271608161641936, 13.064674446607494 ], [ 80.27160816270154, 13.064675972901997 ], [ 80.271552761038478, 13.064676007592857 ], [ 80.271541028060966, 13.06467601612662 ], [ 80.271225534563982, 13.064676215633243 ], [ 80.271240959722817, 13.06465824923788 ], [ 80.271606661586759, 13.06465789007526 ], [ 80.271606729838567, 13.064657890267554 ], [ 80.27160658495751, 13.064656972095221 ], [ 80.271601856556231, 13.064626952858651 ], [ 80.271582360396351, 13.064365178717148 ], [ 80.271291210656969, 13.064393246572585 ], [ 80.271289485206026, 13.064375243586456 ], [ 80.271581109192724, 13.064348368805152 ], [ 80.271575398762863, 13.064271702680356 ], [ 80.271553803043133, 13.063981742283424 ], [ 80.271553119735614, 13.063972571758354 ], [ 80.271551615581942, 13.06395238122926 ], [ 80.271547608409037, 13.063899096214319 ], [ 80.271547195567621, 13.063893624634026 ], [ 80.271544408699356, 13.063855418803346 ], [ 80.271544337755429, 13.063854449299793 ], [ 80.271544036270271, 13.06385031986779 ], [ 80.271538003963059, 13.06376767606371 ], [ 80.271531283573395, 13.063675604023107 ], [ 80.271526313613521, 13.06360749282018 ], [ 80.271512350108821, 13.063607006801956 ], [ 80.271427751988639, 13.063604061248311 ], [ 80.271416876118252, 13.063603681579306 ], [ 80.27117374829902, 13.06359521840657 ], [ 80.270951402916936, 13.063677096277814 ], [ 80.270511901741102, 13.063838941925804 ], [ 80.270496791421607, 13.063605464433097 ], [ 80.270496206453942, 13.06359642619776 ], [ 80.270494782802373, 13.063587486866593 ], [ 80.270472068016588, 13.063444776024948 ], [ 80.270463286160734, 13.063258615137705 ], [ 80.270460211325798, 13.063236243762173 ], [ 80.270452309076077, 13.063138778433421 ], [ 80.270445997423025, 13.063058104988423 ], [ 80.270433949659591, 13.06292063243694 ], [ 80.270429308391897, 13.062863817431637 ], [ 80.270428418215928, 13.06286135006787 ], [ 80.270428303635342, 13.062861108322878 ], [ 80.270426859620088, 13.062859735288034 ], [ 80.270425009878949, 13.062858957881081 ], [ 80.270422999442346, 13.062858880776469 ], [ 80.270419874170145, 13.062837669347827 ], [ 80.270340650040922, 13.061942818414503 ], [ 80.270338568222485, 13.061919306928536 ], [ 80.27034555644488, 13.061917800356195 ], [ 80.270351571894167, 13.06191400160159 ], [ 80.270355574448146, 13.061908766720913 ], [ 80.270355867951707, 13.061908382359425 ], [ 80.270357915016675, 13.061901635561849 ], [ 80.270357457912482, 13.061894599587502 ], [ 80.270358201445561, 13.061670558735869 ], [ 80.270359823835918, 13.061430843320965 ], [ 80.270360946270429, 13.061381842403529 ], [ 80.270363032324752, 13.061329139692754 ], [ 80.270389539224468, 13.061248560644431 ], [ 80.270386725407391, 13.061253529428495 ], [ 80.270382209433109, 13.061257091898151 ], [ 80.270376657831221, 13.061258723688887 ], [ 80.270390236457004, 13.061242918588077 ], [ 80.270362541543406, 13.060796339585977 ], [ 80.270289512394356, 13.060796115442988 ], [ 80.270206290678573, 13.060798113072156 ], [ 80.269992177562003, 13.060792949760943 ], [ 80.269835079139142, 13.060795338199513 ], [ 80.269835323337901, 13.060766213668074 ], [ 80.269992499009334, 13.060772688425748 ], [ 80.270206600115841, 13.060777852606138 ], [ 80.27028796965439, 13.060775910331646 ], [ 80.270361258758413, 13.060765497281423 ], [ 80.270363789924673, 13.060369824174327 ], [ 80.270354995244006, 13.060355201936943 ], [ 80.270354826600098, 13.060349184906331 ], [ 80.270399396712264, 13.060344071710707 ], [ 80.27042201944839, 13.060341476277767 ], [ 80.270462933403294, 13.060363108974853 ], [ 80.270529390272927, 13.060395617113029 ], [ 80.270596866904214, 13.060426039406256 ], [ 80.270655727353258, 13.060449528381193 ], [ 80.270715277147502, 13.060471321197245 ], [ 80.270775457322046, 13.060491395986805 ], [ 80.270833009059558, 13.060510163110283 ], [ 80.270982922553884, 13.060559955151257 ], [ 80.271096041179831, 13.060595952889114 ], [ 80.271179018189457, 13.060618568448859 ], [ 80.271331683591271, 13.060650887124659 ], [ 80.271336085920396, 13.060651474601043 ], [ 80.27139720498873, 13.060659635425919 ], [ 80.271402974439681, 13.060659193250784 ], [ 80.271408200029569, 13.060656759396027 ], [ 80.271412192776481, 13.060652652912038 ], [ 80.271414422594972, 13.060647419347299 ], [ 80.271426419312675, 13.060512378118595 ], [ 80.271433875431427, 13.06039150739851 ], [ 80.271432672555576, 13.060348775972745 ], [ 80.271432663918247, 13.060348576119907 ], [ 80.271432170553794, 13.060346663248225 ], [ 80.271431013168964, 13.060345049604901 ], [ 80.271429343318729, 13.06034394900845 ], [ 80.271427382857311, 13.060343505851877 ], [ 80.2713370001116, 13.060339638920855 ], [ 80.271295408998867, 13.060337859808371 ], [ 80.271074816298849, 13.060329462005907 ], [ 80.270940001218264, 13.060320220806855 ], [ 80.270940941936232, 13.060307028449122 ], [ 80.271075757012412, 13.060316268743128 ], [ 80.271295933433095, 13.060325399582755 ], [ 80.271337036699748, 13.060327158332289 ], [ 80.271426242716743, 13.060330974929444 ], [ 80.27142823479096, 13.060330702047581 ], [ 80.271429996439906, 13.060329747652879 ], [ 80.271431293024207, 13.06032823857673 ], [ 80.271431954248627, 13.060326375976265 ], [ 80.271432015197746, 13.060325405939869 ], [ 80.27142518829676, 13.060082788565268 ], [ 80.271421052315361, 13.059845966560825 ], [ 80.271420220983984, 13.059819332774069 ], [ 80.271419201456638, 13.059821033417384 ], [ 80.271417628997597, 13.059822264126648 ], [ 80.271415711602259, 13.059822862731545 ], [ 80.271415246647209, 13.05982290030234 ], [ 80.271338505919829, 13.059825981720181 ], [ 80.271258346704656, 13.059829199963204 ], [ 80.27108440306877, 13.059831512790637 ], [ 80.270918545625321, 13.059833728038159 ], [ 80.270886499354617, 13.059834549129009 ], [ 80.270854011254826, 13.059837899829716 ], [ 80.270847759260135, 13.059839036868073 ], [ 80.270832234099998, 13.059841515817839 ], [ 80.270833743137757, 13.059840211693173 ], [ 80.270834677952394, 13.05983846469926 ], [ 80.270834912434253, 13.059836505051905 ], [ 80.270816124442419, 13.059665645736336 ], [ 80.270808922222656, 13.059569403940484 ], [ 80.270813141053011, 13.059512120213205 ], [ 80.270813121414861, 13.059511897724297 ], [ 80.270812545905315, 13.059510007225075 ], [ 80.270811320131983, 13.059508443117526 ], [ 80.270809603968104, 13.059507412914543 ], [ 80.270807626674397, 13.059507051084283 ], [ 80.270740444021897, 13.059506962926095 ], [ 80.270534653664356, 13.059511337592472 ], [ 80.270406244540425, 13.059518737946139 ], [ 80.27018102955482, 13.059534371801979 ], [ 80.270179887913812, 13.05952425870645 ], [ 80.270258383743325, 13.059517706831118 ], [ 80.270286221270695, 13.059515382913393 ], [ 80.27028564477331, 13.059515401179235 ], [ 80.270283674037501, 13.059515005003851 ], [ 80.270281977334548, 13.059513944109542 ], [ 80.270280780217121, 13.05951235928387 ], [ 80.270280239788377, 13.059510458936431 ], [ 80.270266286085089, 13.059356855450496 ], [ 80.270254017905017, 13.059211266133468 ], [ 80.270254220117977, 13.059209303683085 ], [ 80.270255123620856, 13.059207541231505 ], [ 80.270256612438487, 13.05920621263961 ], [ 80.270258484994216, 13.0592054927537 ], [ 80.270258955574889, 13.059205423553765 ], [ 80.270457581213719, 13.059185009149958 ], [ 80.270698336299461, 13.059165766787849 ], [ 80.270746213166717, 13.059157340809728 ], [ 80.270776405030162, 13.059149451786498 ], [ 80.270815340320155, 13.05913906740159 ], [ 80.270854977055791, 13.059131658906507 ], [ 80.270895078994144, 13.059127271749277 ], [ 80.270886247689958, 13.059014767817436 ], [ 80.270873339009384, 13.059010384026291 ], [ 80.270831075770573, 13.058993510025919 ], [ 80.270785792723615, 13.058972609233804 ], [ 80.270545240182784, 13.058878262870163 ], [ 80.270458907440144, 13.058848451982524 ], [ 80.270344201326068, 13.058807168087103 ], [ 80.270289200278484, 13.05878648845094 ], [ 80.270211252425455, 13.058759775424317 ], [ 80.270169248004308, 13.058741481549889 ], [ 80.270099558742132, 13.058717518865734 ], [ 80.270069924722577, 13.058709766704228 ], [ 80.270017253037693, 13.058698656418578 ], [ 80.269965363187239, 13.05868984228778 ], [ 80.269782422171332, 13.058661762189319 ], [ 80.269758039431323, 13.058657269996729 ], [ 80.269695855200624, 13.05864581270205 ], [ 80.269690774197826, 13.058644876070035 ], [ 80.269568230016901, 13.058622296619609 ], [ 80.269502244719305, 13.058609986733337 ], [ 80.269434015108075, 13.058599678722024 ], [ 80.269365457609979, 13.058591728827524 ], [ 80.269295651053994, 13.058586063919352 ], [ 80.269106075676859, 13.058581015405291 ], [ 80.268869173563075, 13.058578001248504 ], [ 80.268616104016857, 13.058567893815086 ], [ 80.268460901229361, 13.058557506872541 ], [ 80.268416655836148, 13.058550790101686 ], [ 80.268407836686748, 13.058548929628323 ], [ 80.268345947789371, 13.058535875125656 ], [ 80.268325134965536, 13.058530883833232 ], [ 80.268278421556332, 13.058517564815675 ], [ 80.268203639172455, 13.058495624388351 ], [ 80.268130710768915, 13.0584717596213 ], [ 80.268052859647952, 13.058449592555849 ], [ 80.267938693705261, 13.058413010994569 ], [ 80.267906637950034, 13.058399266830078 ], [ 80.267882230345847, 13.058387895232778 ], [ 80.267861608691447, 13.058374997208476 ], [ 80.267785139154441, 13.058335950737035 ], [ 80.267740552386556, 13.058323034589936 ], [ 80.267695379196653, 13.058312256114281 ], [ 80.267649724651008, 13.058303640924818 ], [ 80.267603698443267, 13.05829720922427 ], [ 80.267558676264173, 13.058293092400405 ], [ 80.267535572592124, 13.058291504300257 ], [ 80.267473594263336, 13.058287243597963 ], [ 80.267388202301134, 13.058283610085953 ], [ 80.267302595331969, 13.058282205695944 ], [ 80.267217622999951, 13.05828327425635 ], [ 80.267132979630262, 13.058286322112162 ], [ 80.267050336764612, 13.058291238262631 ], [ 80.266906033017193, 13.058297781699155 ], [ 80.266731449707009, 13.058300984091588 ], [ 80.266728097868466, 13.058301046020979 ], [ 80.266567925823438, 13.058314792353238 ], [ 80.266560289971736, 13.058315447946942 ], [ 80.266484098638074, 13.05831848157994 ], [ 80.266409535574596, 13.058320441097228 ], [ 80.266332882561287, 13.058316777770543 ], [ 80.266290503554785, 13.058315222590915 ], [ 80.266250326187347, 13.058312072310841 ], [ 80.266207899572578, 13.058306961665966 ], [ 80.266121366979007, 13.058298252839188 ], [ 80.266034043913407, 13.058292377313597 ], [ 80.265946055674448, 13.058289379749654 ], [ 80.26585912167856, 13.05829042692454 ], [ 80.265773142801692, 13.058293479585606 ], [ 80.265733541903103, 13.058292198036204 ], [ 80.26570450156926, 13.058288046691061 ], [ 80.265664031967034, 13.058281421552579 ], [ 80.265627346455332, 13.058273902951418 ], [ 80.265580204017795, 13.05826071063418 ], [ 80.265530711655202, 13.058246859707138 ], [ 80.26543609781784, 13.058220382771538 ], [ 80.265434519216939, 13.058219940655308 ], [ 80.265432942457963, 13.058219499448496 ], [ 80.265443334565546, 13.058268957983779 ], [ 80.265483057671659, 13.058412108071142 ], [ 80.26551349557711, 13.058599092740604 ], [ 80.265558277160054, 13.059029592186247 ], [ 80.26556533602664, 13.059090313013536 ], [ 80.265614520299962, 13.059462619756911 ], [ 80.265625198859453, 13.05953564798557 ], [ 80.265634720189823, 13.059608898977862 ], [ 80.265638959797556, 13.059646133329547 ], [ 80.265643078911168, 13.059682320274939 ], [ 80.265648946454164, 13.059742325206241 ], [ 80.265652631572223, 13.059777436728979 ], [ 80.265656457380558, 13.059812379565637 ], [ 80.265660477136578, 13.059869087056075 ], [ 80.265662122401636, 13.059919707960695 ], [ 80.265662323608694, 13.059925903208795 ], [ 80.265659497571221, 13.059972445228011 ], [ 80.26565588288139, 13.060009959279522 ], [ 80.265653519689266, 13.060029392877142 ], [ 80.265647795332413, 13.060062651196121 ], [ 80.265638812457112, 13.060106208146102 ], [ 80.265632073825287, 13.060132506666674 ], [ 80.265619138707095, 13.060175171701403 ], [ 80.265607517164071, 13.060209650218592 ], [ 80.265602069012999, 13.060223403910122 ], [ 80.265578365689535, 13.060279559774507 ], [ 80.265548555865706, 13.060348465602258 ], [ 80.265514127553715, 13.060419709229143 ], [ 80.26549556522626, 13.060458989222507 ], [ 80.265471544191442, 13.060504040591686 ], [ 80.265447714289138, 13.060546832000199 ], [ 80.265425560294574, 13.060584293384707 ], [ 80.265416743878276, 13.060602714027269 ], [ 80.265387276544828, 13.060659626586766 ], [ 80.26534850170043, 13.060725109837172 ], [ 80.265311544430929, 13.060791625415606 ], [ 80.265139853097907, 13.061203336237662 ], [ 80.264891683576906, 13.061445103003496 ], [ 80.264891466187208, 13.061445321201942 ], [ 80.26488661929838, 13.061450038198492 ], [ 80.264874624834178, 13.061463359136615 ], [ 80.264639783991441, 13.061724184273718 ], [ 80.264634594587037, 13.06172994645037 ], [ 80.264631751687816, 13.061733170880947 ], [ 80.264621583143153, 13.061744703065319 ], [ 80.26462155908284, 13.0617447301229 ], [ 80.264409123450989, 13.061985655807753 ], [ 80.264378023346453, 13.062020709971865 ], [ 80.264378004841362, 13.062020729811621 ], [ 80.264191763031079, 13.062230668729882 ], [ 80.264173600979063, 13.062251142385819 ], [ 80.264173581551631, 13.062251162222934 ], [ 80.264007062638271, 13.062438868584834 ], [ 80.26383413238085, 13.062650874121513 ], [ 80.263743249674832, 13.062778827274672 ], [ 80.263332264095283, 13.06244010534828 ], [ 80.262943129019661, 13.062122024686024 ], [ 80.26294131942565, 13.062120782582683 ], [ 80.262939103392881, 13.062119749095139 ], [ 80.2629367422944, 13.062119114850367 ], [ 80.262934306156069, 13.062118903557135 ], [ 80.262931870607318, 13.062119115431052 ], [ 80.262929509438365, 13.062119748874013 ], [ 80.262927294653764, 13.062120782390506 ], [ 80.262925290911781, 13.06212218361364 ], [ 80.262923633234479, 13.06212382995713 ], [ 80.262661104081971, 13.062435471619338 ], [ 80.261901248851942, 13.06331507905613 ], [ 80.261710288567997, 13.063437963402309 ], [ 80.261557031845769, 13.063466776589085 ], [ 80.261231205090681, 13.063522464053586 ], [ 80.261230463162008, 13.063522592138352 ], [ 80.261166567192873, 13.063533511317699 ], [ 80.261076305731194, 13.063560543915617 ], [ 80.261076161720908, 13.063560586905608 ], [ 80.260933585582876, 13.063603284380193 ], [ 80.260640241310142, 13.063697285336632 ], [ 80.2606255466725, 13.063701993977286 ], [ 80.260541079791551, 13.063477445912881 ], [ 80.260537076845523, 13.063478397436615 ], [ 80.260246492557982, 13.062932176779247 ], [ 80.259580953874604, 13.062195215824449 ], [ 80.25907301788223, 13.061741632434527 ], [ 80.258699373876752, 13.061451243201423 ], [ 80.258326339929795, 13.061208609578811 ], [ 80.257519680954644, 13.06103831631415 ], [ 80.257193029998348, 13.061087652589853 ], [ 80.256910470329871, 13.061205405657967 ], [ 80.25637961402569, 13.061635482572413 ], [ 80.256045643449255, 13.062081386787227 ], [ 80.25579092942138, 13.062650426305435 ], [ 80.255789131785733, 13.062654442101655 ], [ 80.255630043153786, 13.063371761201712 ], [ 80.255622723898355, 13.063734669947575 ], [ 80.255656580371692, 13.064643002907102 ], [ 80.25559431670446, 13.065541971856449 ], [ 80.255594304172448, 13.065542152659988 ], [ 80.255473404066464, 13.065826614238889 ], [ 80.255189942916701, 13.066250064590182 ], [ 80.254978577331684, 13.066583851421885 ], [ 80.254822334569525, 13.066819831636151 ], [ 80.254648175743426, 13.067043623028107 ], [ 80.254635978677968, 13.067058721416959 ], [ 80.254433599694622, 13.066861801153905 ], [ 80.254341333816939, 13.066779809999021 ], [ 80.254316160365875, 13.066757441671577 ], [ 80.254238981934975, 13.066682264639274 ], [ 80.254195489169533, 13.066640215122828 ], [ 80.254195430311697, 13.066640157988564 ], [ 80.254150022556402, 13.066693731802834 ], [ 80.254137066755831, 13.066709018764371 ], [ 80.254120869455591, 13.066728131074655 ], [ 80.254102798810834, 13.066777989744537 ], [ 80.254102670449356, 13.066778349244851 ], [ 80.254102647851212, 13.066785875721923 ], [ 80.254102260013653, 13.066790328681025 ], [ 80.254102256215759, 13.066790364837981 ], [ 80.254102057693487, 13.06679258859165 ], [ 80.2541014709021, 13.066798180265849 ], [ 80.254099663455534, 13.066801450054665 ], [ 80.254099503970977, 13.066802959604734 ], [ 80.254095486610836, 13.066810223187547 ], [ 80.254094801276935, 13.06681115795883 ], [ 80.254088923108185, 13.066819189261048 ], [ 80.254145910431745, 13.066946376306925 ], [ 80.254445128384916, 13.067232905436978 ], [ 80.25444191527346, 13.067236491259751 ], [ 80.254443161456351, 13.067237684778489 ], [ 80.254083655124631, 13.06763890164776 ], [ 80.253829098604939, 13.067931756280595 ], [ 80.253138462110968, 13.068683878568345 ], [ 80.252449330013363, 13.06943213133224 ], [ 80.251823101194447, 13.069888673917172 ], [ 80.250887172397768, 13.070485725557058 ], [ 80.250184504936684, 13.07090164274269 ], [ 80.249954292018614, 13.070990600446418 ], [ 80.249555525390733, 13.071078573907148 ], [ 80.249557492445845, 13.071073794610969 ], [ 80.249492430840618, 13.071088147855535 ] ] ] } },
{ "type": "Feature", "properties": { "objectid": 12, "zone": "08", "st_area(shape)": 25289091.505549178, "st_perimeter(shape)": 27923.220141461483 }, "geometry": { "type": "Polygon", "coordinates": [ [ [ 80.206539024432914, 13.118741260427788 ], [ 80.206539306917506, 13.118743213433726 ], [ 80.206540282942896, 13.118744938913403 ], [ 80.206541824091488, 13.118746207712322 ], [ 80.206544252690051, 13.118746905087866 ], [ 80.206479978073133, 13.118743458318427 ], [ 80.206429391272565, 13.118740745412023 ], [ 80.206374207870809, 13.118743976910606 ], [ 80.206318940107352, 13.118745323815647 ], [ 80.206263657183186, 13.118744782723706 ], [ 80.206208426442743, 13.118742353842393 ], [ 80.20615331613844, 13.118738041903127 ], [ 80.206098395448052, 13.118731850736054 ], [ 80.205764514716336, 13.118684524303871 ], [ 80.205729497821835, 13.118680778775966 ], [ 80.205570090441157, 13.118664983774948 ], [ 80.205162441772913, 13.11863000170217 ], [ 80.205075526546068, 13.118619457384787 ], [ 80.204707084612039, 13.118574277958322 ], [ 80.204705166771006, 13.118573681603374 ], [ 80.204703592298273, 13.118572451571039 ], [ 80.204702571922041, 13.118570752169511 ], [ 80.204702237768473, 13.118568806236251 ], [ 80.204711069915305, 13.118309089259268 ], [ 80.204713992742199, 13.118237822303666 ], [ 80.204677180720054, 13.118236372243818 ], [ 80.204674253794394, 13.118307763059102 ], [ 80.204661843241524, 13.118562864873319 ], [ 80.204661740063472, 13.118563681033514 ], [ 80.204660988788277, 13.11856551059172 ], [ 80.204659620656486, 13.11856695758317 ], [ 80.204657814337054, 13.118567828159909 ], [ 80.204655810051193, 13.118568008232327 ], [ 80.204620545931078, 13.118564846799398 ], [ 80.204620438949235, 13.118564837427153 ], [ 80.204494962066903, 13.118553588814313 ], [ 80.204334046682817, 13.118541489226438 ], [ 80.204173502932463, 13.118531734333834 ], [ 80.204159697594946, 13.118533702580615 ], [ 80.204114038699913, 13.118531934856723 ], [ 80.204063851377029, 13.118532683942485 ], [ 80.204011001581975, 13.118529446377236 ], [ 80.203963223544136, 13.118526857406726 ], [ 80.20391714495554, 13.118520487859625 ], [ 80.203870803776752, 13.11851631104447 ], [ 80.203824309750019, 13.118514338150545 ], [ 80.203777773566316, 13.118514572232447 ], [ 80.203731303157724, 13.118517013623809 ], [ 80.203685009241411, 13.118521657241791 ], [ 80.203662537299053, 13.118525208113256 ], [ 80.203660525435353, 13.118525163012521 ], [ 80.203658663434155, 13.118524415823765 ], [ 80.203657196368141, 13.118523064956705 ], [ 80.203656319235563, 13.118521289138656 ], [ 80.203656210042197, 13.118520820433433 ], [ 80.203648480280009, 13.11847897438051 ], [ 80.203641988042847, 13.11843154971854 ], [ 80.203637714308897, 13.118383885073888 ], [ 80.203633143993372, 13.118352411648921 ], [ 80.20363068974045, 13.118320710583212 ], [ 80.203630359400805, 13.118288922049667 ], [ 80.203632156229986, 13.118257180781811 ], [ 80.203590366204224, 13.118254908641559 ], [ 80.203588493086315, 13.118287994195342 ], [ 80.203588850733794, 13.11832247457048 ], [ 80.203591514060406, 13.118356858094151 ], [ 80.203596118645905, 13.118388573947003 ], [ 80.20360037813559, 13.118436075794639 ], [ 80.203607125453345, 13.118485359345204 ], [ 80.203614843408104, 13.11852714568629 ], [ 80.203614836137902, 13.118529117690278 ], [ 80.203614108808452, 13.118530957265095 ], [ 80.203612759068847, 13.118532420582866 ], [ 80.20361096558878, 13.118533313796387 ], [ 80.203610277820076, 13.118533467189375 ], [ 80.203567317427414, 13.11854025587367 ], [ 80.20345001418174, 13.118561083563154 ], [ 80.203400735252629, 13.118570803030527 ], [ 80.203398723144176, 13.118570833878474 ], [ 80.203396832315818, 13.118570158029257 ], [ 80.203395313407242, 13.118568863964045 ], [ 80.203394366971935, 13.118567124098227 ], [ 80.203394108546817, 13.118565442419939 ], [ 80.203394455795106, 13.11852521180521 ], [ 80.203395100050628, 13.118472387723207 ], [ 80.203398544114748, 13.118418999047998 ], [ 80.203407368209653, 13.118318645586115 ], [ 80.203407375167927, 13.118318490087916 ], [ 80.203360552215685, 13.118305802412944 ], [ 80.203350911990952, 13.118415512561457 ], [ 80.203347357181315, 13.118470630597853 ], [ 80.203346683063089, 13.118525849771496 ], [ 80.203347044250961, 13.118534867416376 ], [ 80.203348707550262, 13.118576408988 ], [ 80.20334841897423, 13.118578361133826 ], [ 80.203347438328649, 13.118580083284387 ], [ 80.203345893656149, 13.118581347077084 ], [ 80.203344268118258, 13.118581939714744 ], [ 80.203343270244076, 13.118582136452781 ], [ 80.203338080555071, 13.118583161115764 ], [ 80.203337838700861, 13.118583209193591 ], [ 80.203333145635355, 13.118584137740765 ], [ 80.203236984584763, 13.118601818162929 ], [ 80.203140480927274, 13.118617599605214 ], [ 80.203043673445393, 13.118631471337157 ], [ 80.202946603674576, 13.118643427157808 ], [ 80.202807545075814, 13.118665546207254 ], [ 80.202783789847615, 13.118666247560105 ], [ 80.202763983442665, 13.118668240555523 ], [ 80.202744389281506, 13.118671644734013 ], [ 80.202735838572949, 13.11867333078902 ], [ 80.202727122005584, 13.118672666355167 ], [ 80.20271891192472, 13.118669704148184 ], [ 80.202711846899987, 13.118664672191073 ], [ 80.202693803554567, 13.118637998953631 ], [ 80.202677327880366, 13.118610370324649 ], [ 80.20266247309398, 13.118581875983441 ], [ 80.202659152911664, 13.118574161149525 ], [ 80.202655067752488, 13.118559641768448 ], [ 80.202639409341458, 13.118505708424236 ], [ 80.202624210449173, 13.118460617616421 ], [ 80.202607878564876, 13.118417862424847 ], [ 80.202605354588158, 13.11841871268123 ], [ 80.202570946117589, 13.118430306290902 ], [ 80.202552806702641, 13.11838794062832 ], [ 80.202532989663922, 13.118346301255182 ], [ 80.202511527085818, 13.118305451563403 ], [ 80.202465467093276, 13.118211492578595 ], [ 80.202441445563707, 13.11816603808456 ], [ 80.202417958813228, 13.118118383555894 ], [ 80.202401601559373, 13.118076074941792 ], [ 80.202376647425382, 13.118022025090859 ], [ 80.202372696568105, 13.11801478661417 ], [ 80.202324986562871, 13.117927327199949 ], [ 80.202271190125046, 13.117833771903898 ], [ 80.202215281015967, 13.117741409002535 ], [ 80.202094389735379, 13.117562774580028 ], [ 80.20206404528895, 13.117517936109252 ], [ 80.201980421376064, 13.117394368893853 ], [ 80.201959763305979, 13.117363843823009 ], [ 80.201829508449649, 13.117158465250524 ], [ 80.201804488782486, 13.117119075592885 ], [ 80.201716452242991, 13.116980513198879 ], [ 80.201688844190969, 13.116939363200228 ], [ 80.201661009705006, 13.116897773967782 ], [ 80.201636867432882, 13.116865521029197 ], [ 80.201599068775252, 13.116825982338304 ], [ 80.20157195008133, 13.116764126217827 ], [ 80.201556497580356, 13.116721957798942 ], [ 80.201543933621849, 13.116679739561429 ], [ 80.2015238871533, 13.116610375313229 ], [ 80.201517545978859, 13.116584026714724 ], [ 80.201506866289776, 13.116539654220668 ], [ 80.20149318955329, 13.116468925410349 ], [ 80.201485695116688, 13.116430039433896 ], [ 80.201476534822916, 13.116392237834978 ], [ 80.201465591689399, 13.116354894555291 ], [ 80.201452890367605, 13.116318089239332 ], [ 80.201438458267717, 13.116281904252602 ], [ 80.201421715542708, 13.116245069226668 ], [ 80.201403061461093, 13.1161979205735 ], [ 80.201382943901237, 13.116152893119033 ], [ 80.201360877931577, 13.116108748435414 ], [ 80.201336903883174, 13.116065567119614 ], [ 80.201311067619045, 13.116023430689944 ], [ 80.201282480379376, 13.115981029843843 ], [ 80.201262386930892, 13.115946549765336 ], [ 80.201246852175004, 13.115923035300961 ], [ 80.201231631554435, 13.11590165839721 ], [ 80.20121864088641, 13.115884204429641 ], [ 80.201194183857339, 13.115854912587077 ], [ 80.201167569239814, 13.115826432338185 ], [ 80.201138326083679, 13.115795480937198 ], [ 80.201110002231218, 13.115762666148072 ], [ 80.201082978437341, 13.115728348113135 ], [ 80.200992076835291, 13.115594837338941 ], [ 80.200984757543296, 13.115583450848812 ], [ 80.200959365842294, 13.115543945134936 ], [ 80.200929129109696, 13.11549188245046 ], [ 80.200914039836846, 13.115462984933387 ], [ 80.20089948824176, 13.11543470392875 ], [ 80.20078114990622, 13.115180022341034 ], [ 80.200776581660506, 13.115170884045193 ], [ 80.200758804546851, 13.115135324289746 ], [ 80.200734929440372, 13.115087559922836 ], [ 80.200696938975341, 13.11501156471914 ], [ 80.200646966281198, 13.114932385769389 ], [ 80.200611740965599, 13.114870272937313 ], [ 80.200595113866186, 13.114833691395933 ], [ 80.200584966639767, 13.114809895234348 ], [ 80.200558079371874, 13.114750500930954 ], [ 80.200544066419923, 13.114718276625151 ], [ 80.200526358617694, 13.114677557796169 ], [ 80.200516980930487, 13.114655996451253 ], [ 80.200502411243534, 13.11462249189932 ], [ 80.200491546715071, 13.114595149106503 ], [ 80.200475244616243, 13.114547354875009 ], [ 80.200410572731229, 13.114371162841682 ], [ 80.200371310730731, 13.114274202852995 ], [ 80.200305730170214, 13.114128605569823 ], [ 80.200302337449827, 13.114122537908571 ], [ 80.200297914624173, 13.114116083675579 ], [ 80.200262131615062, 13.114067319351111 ], [ 80.200259485331117, 13.114062352590288 ], [ 80.200254935449749, 13.114058962242396 ], [ 80.200175284327756, 13.113987239210868 ], [ 80.200093728829785, 13.113917633268326 ], [ 80.199981648095346, 13.113821426355376 ], [ 80.199949318197611, 13.113793179611095 ], [ 80.199917952821821, 13.113762779379336 ], [ 80.199888233591679, 13.113730828155584 ], [ 80.199860239560465, 13.113697412987625 ], [ 80.199834050689148, 13.113662625446906 ], [ 80.199809756055302, 13.11362659058805 ], [ 80.199702034543037, 13.113448161559727 ], [ 80.199692140667423, 13.113431073392913 ], [ 80.199673458342758, 13.113398810129034 ], [ 80.199572991303526, 13.1132253006505 ], [ 80.199553891607891, 13.113192315447737 ], [ 80.199552596695639, 13.113190805053952 ], [ 80.199550835977234, 13.113189848382008 ], [ 80.199548843354904, 13.113189572744369 ], [ 80.199547706975522, 13.113189816056062 ], [ 80.19950909377981, 13.113174215551682 ], [ 80.199430101398335, 13.113013921390779 ], [ 80.199358816906312, 13.112863786161139 ], [ 80.199343699892623, 13.112829592672668 ], [ 80.199342643180657, 13.112828022437855 ], [ 80.199341017818256, 13.112826859127107 ], [ 80.199339075794271, 13.112826342228106 ], [ 80.199337073340232, 13.112826540350884 ], [ 80.199332625578421, 13.112827809566205 ], [ 80.199331256079091, 13.112826828791517 ], [ 80.199329313129724, 13.11282631279375 ], [ 80.199327310675685, 13.112826510916452 ], [ 80.199047018421766, 13.112906518073856 ], [ 80.199040476312419, 13.112884498034873 ], [ 80.1990736318822, 13.112875032126025 ], [ 80.199325241301878, 13.11280319371599 ], [ 80.199327039344823, 13.112802306873968 ], [ 80.199328394595426, 13.112800848115759 ], [ 80.199329128385259, 13.112799011285686 ], [ 80.199329143989075, 13.112797039308706 ], [ 80.199328772450983, 13.112795828355813 ], [ 80.199319780251898, 13.112778346946113 ], [ 80.19914046090382, 13.112429734820942 ], [ 80.198927752612477, 13.112066820382408 ], [ 80.198823755556333, 13.11187613103079 ], [ 80.198799738083835, 13.111840919758629 ], [ 80.198796171126361, 13.111835692429576 ], [ 80.198791264863914, 13.11183326842734 ], [ 80.198794613058922, 13.111833406328474 ], [ 80.198725222346923, 13.111731676905128 ], [ 80.198550911940842, 13.11148274820879 ], [ 80.198550578620342, 13.111482271571255 ], [ 80.19771317354477, 13.110286385177563 ], [ 80.19716344344738, 13.109501314433823 ], [ 80.197149733357662, 13.109481736829924 ], [ 80.196127385424873, 13.108021706425207 ], [ 80.196042227278312, 13.107891511406528 ], [ 80.196015874750785, 13.107851220152369 ], [ 80.195995344576261, 13.107819834280603 ], [ 80.195972291977839, 13.107784588715846 ], [ 80.195943041602703, 13.107739867860861 ], [ 80.195921500820603, 13.107706936293763 ], [ 80.195847478136557, 13.107593764666733 ], [ 80.195818851986388, 13.107549998756692 ], [ 80.195792842822343, 13.107510234788894 ], [ 80.195736638828734, 13.107424305727587 ], [ 80.195674368367392, 13.107329103404243 ], [ 80.195657517288566, 13.107303339449997 ], [ 80.195639372867262, 13.107275599433917 ], [ 80.195630636163571, 13.10726223998004 ], [ 80.195622872440836, 13.107250370944563 ], [ 80.195610417112093, 13.107225978789707 ], [ 80.195594235633237, 13.1071942909015 ], [ 80.195538491923472, 13.107085128430295 ], [ 80.19545739033434, 13.106926306789683 ], [ 80.195348943683655, 13.106713935382686 ], [ 80.19529523786953, 13.10660876215761 ], [ 80.195254534686526, 13.106490700595485 ], [ 80.195227373046194, 13.106411919262397 ], [ 80.195194764848921, 13.106317338395153 ], [ 80.195167062245744, 13.106236986609046 ], [ 80.195130522693717, 13.106131001649638 ], [ 80.19511327370023, 13.106080970844763 ], [ 80.195095067905669, 13.106028165728242 ], [ 80.195091385960865, 13.10601068359378 ], [ 80.195065741297611, 13.105888940174077 ], [ 80.195035949569743, 13.105747513285539 ], [ 80.195013863353338, 13.105642661178774 ], [ 80.194991076748067, 13.105534481295425 ], [ 80.194966233429938, 13.105416538845059 ], [ 80.194960952612092, 13.105391472847899 ], [ 80.194953973726896, 13.105330590447496 ], [ 80.194938409433391, 13.105194795835029 ], [ 80.194924622989092, 13.105074533416348 ], [ 80.194915801656975, 13.10489398558531 ], [ 80.194907990542717, 13.104734118685222 ], [ 80.194905636257303, 13.104685923764146 ], [ 80.194900060979876, 13.104571813734172 ], [ 80.194892051002554, 13.104407856586587 ], [ 80.194884888576581, 13.104261270550305 ], [ 80.194878958017256, 13.10413982557308 ], [ 80.194876665289016, 13.104092843352895 ], [ 80.194868980878269, 13.103935152306562 ], [ 80.194862508900599, 13.103802337333043 ], [ 80.194858487681884, 13.103719820715419 ], [ 80.194855653828952, 13.103661661092177 ], [ 80.194855347684197, 13.103655383292097 ], [ 80.194849747363833, 13.103540469357029 ], [ 80.194842385549791, 13.103389390704754 ], [ 80.194833890840002, 13.10321507822197 ], [ 80.19482321084422, 13.102995923148299 ], [ 80.194819357425175, 13.102916842044927 ], [ 80.194816188887202, 13.102851822234795 ], [ 80.194813096426103, 13.102788371420973 ], [ 80.194809974568571, 13.102724315616083 ], [ 80.194808043548093, 13.102684682823547 ], [ 80.194814496138619, 13.102599255790309 ], [ 80.194818803964935, 13.102542224282361 ], [ 80.194821750688362, 13.102503219758477 ], [ 80.194835650582789, 13.102319205684049 ], [ 80.194843782335013, 13.102211541870336 ], [ 80.194844379952698, 13.102203635744075 ], [ 80.194846788819191, 13.102171743657898 ], [ 80.1948513935384, 13.102110774448706 ], [ 80.194853929624998, 13.102077202785692 ], [ 80.194855888308751, 13.102051277811311 ], [ 80.194863276822332, 13.101953460948529 ], [ 80.194807301237901, 13.101948132307141 ], [ 80.194773146734079, 13.101941246077155 ], [ 80.194767937177659, 13.101798638196463 ], [ 80.194768165565435, 13.101699992443713 ], [ 80.194769985907371, 13.101594027771791 ], [ 80.19477418334445, 13.101506244619324 ], [ 80.194779716086344, 13.101442140788354 ], [ 80.194783407447986, 13.101399373564643 ], [ 80.19478785131254, 13.101347874273513 ], [ 80.194797898668412, 13.101264991979303 ], [ 80.194810057050972, 13.101185371337985 ], [ 80.194822917817461, 13.101116694418714 ], [ 80.194840049428819, 13.101039529695736 ], [ 80.194859574147472, 13.100964547909415 ], [ 80.194874985040315, 13.100905366550096 ], [ 80.194898185570196, 13.100833829422443 ], [ 80.194923201955106, 13.10076753499466 ], [ 80.194945453929051, 13.100708565769667 ], [ 80.194957913031729, 13.100678315405297 ], [ 80.19498865665868, 13.100609244919701 ], [ 80.195008834905749, 13.100563913350557 ], [ 80.19504364961108, 13.100495304040082 ], [ 80.195067018167279, 13.10045237218206 ], [ 80.195100349567909, 13.10039113818206 ], [ 80.195152483458997, 13.100301425002746 ], [ 80.195251392671992, 13.100152091213859 ], [ 80.195240284898333, 13.100079569916822 ], [ 80.195230532967827, 13.100015901196384 ], [ 80.195221331163594, 13.099955818378248 ], [ 80.195207390676487, 13.099864805811595 ], [ 80.195200724411336, 13.099821278379419 ], [ 80.195194167430941, 13.099778469210314 ], [ 80.195186177839901, 13.099726305401878 ], [ 80.195180226962876, 13.099687455737921 ], [ 80.195173643798512, 13.099644473787368 ], [ 80.195164139426851, 13.099582411667837 ], [ 80.195154956567464, 13.099522468150624 ], [ 80.195139840062751, 13.099423769961188 ], [ 80.195118771807358, 13.099286214869101 ], [ 80.195125439660188, 13.099173057138657 ], [ 80.195131034623515, 13.099078099094259 ], [ 80.195149544540911, 13.098763942003519 ], [ 80.195146875714315, 13.098636488910687 ], [ 80.195146110817547, 13.098599912272224 ], [ 80.195137639200155, 13.098368143418766 ], [ 80.195124915216795, 13.098053990106779 ], [ 80.195119517796385, 13.097784255099549 ], [ 80.195115831610863, 13.097610479271532 ], [ 80.195134858875448, 13.097559307566231 ], [ 80.195293256347114, 13.097087069820416 ], [ 80.195296345045008, 13.097077860392938 ], [ 80.195407552803772, 13.09674630835349 ], [ 80.195405443109621, 13.096677006888989 ], [ 80.195403370976479, 13.096608921669342 ], [ 80.195402789320099, 13.096557654407633 ], [ 80.19540208054903, 13.096495249909866 ], [ 80.195402716883478, 13.09646432336279 ], [ 80.195403517558717, 13.096425395296166 ], [ 80.195406219796936, 13.096293988657246 ], [ 80.195401273960471, 13.096226571706291 ], [ 80.195377455437466, 13.09590192865307 ], [ 80.195376405029748, 13.09583337644105 ], [ 80.195374088193773, 13.095682117238672 ], [ 80.195369923678498, 13.09558230398445 ], [ 80.195368679293153, 13.095552477386702 ], [ 80.195366501924752, 13.095449750718226 ], [ 80.195364314190243, 13.095346523098502 ], [ 80.195359089873079, 13.0952052035642 ], [ 80.195357526233124, 13.095162903649038 ], [ 80.195357359438091, 13.095148077215653 ], [ 80.195356377956088, 13.095061417112133 ], [ 80.195354555583847, 13.095023518863888 ], [ 80.195346180237692, 13.094825375064412 ], [ 80.195340898288293, 13.094700389438959 ], [ 80.195340613879068, 13.094670646306188 ], [ 80.195339835743383, 13.094589257325771 ], [ 80.195340548278267, 13.09452377127103 ], [ 80.195335087771142, 13.094475955428125 ], [ 80.195332928874677, 13.094457046716636 ], [ 80.195330287425762, 13.094433913958229 ], [ 80.195331171543074, 13.094408206228506 ], [ 80.195332732105967, 13.09436279661908 ], [ 80.195326406965052, 13.094194313746637 ], [ 80.195324446930726, 13.094068110594602 ], [ 80.195318622214785, 13.093942959612697 ], [ 80.195314973058132, 13.093864546386776 ], [ 80.195312494358831, 13.093854078144334 ], [ 80.195303535126854, 13.093724136056066 ], [ 80.195289627648734, 13.093655973219962 ], [ 80.195280056665467, 13.09360906591758 ], [ 80.195278613576278, 13.093540714103604 ], [ 80.1952773348536, 13.093498166421861 ], [ 80.195268890248656, 13.093217084245833 ], [ 80.195268952976775, 13.093184120583174 ], [ 80.195269001777788, 13.093158572999187 ], [ 80.195269031204631, 13.093143256203627 ], [ 80.195405865890024, 13.093140106909228 ], [ 80.195614458250603, 13.093135306895659 ], [ 80.195837097962539, 13.093132272064267 ], [ 80.195828447010243, 13.093011002065898 ], [ 80.195828189374808, 13.09300739175743 ], [ 80.195828147052467, 13.09300678943848 ], [ 80.195829072311099, 13.093005345626782 ], [ 80.195828049108357, 13.093005419293336 ], [ 80.19582011709339, 13.092835125733837 ], [ 80.195815135388486, 13.092688307675012 ], [ 80.195815130296907, 13.092688171127239 ], [ 80.195812623880343, 13.09261429955829 ], [ 80.195807062434525, 13.092467624359966 ], [ 80.19579877323055, 13.092249057064338 ], [ 80.195789670865025, 13.09198401213269 ], [ 80.195782586911349, 13.091835793260584 ], [ 80.195779412835705, 13.091717223942986 ], [ 80.195777157793714, 13.09163296859019 ], [ 80.195775888013912, 13.091598724961885 ], [ 80.19595272436294, 13.091596383564807 ], [ 80.196281246208201, 13.091584679736741 ], [ 80.196495328129785, 13.091577121996709 ], [ 80.19674631639792, 13.091568261206806 ], [ 80.196886026569231, 13.091563328838786 ], [ 80.19705630998601, 13.091557316996676 ], [ 80.197080551975361, 13.091556461120064 ], [ 80.197121244347429, 13.091555024401762 ], [ 80.197149079554364, 13.09155404135865 ], [ 80.197247546601744, 13.091550566407678 ], [ 80.197293367897899, 13.091552741562456 ], [ 80.19738488044365, 13.091557088730665 ], [ 80.197399870538391, 13.091558250216943 ], [ 80.197526462280308, 13.091563814975022 ], [ 80.197539417950608, 13.091408380624108 ], [ 80.198477304343982, 13.091391472246572 ], [ 80.198475899928965, 13.091069478426514 ], [ 80.198476667392526, 13.091069473576896 ], [ 80.198476665250809, 13.09106928007456 ], [ 80.198475327142361, 13.090938495445997 ], [ 80.198470157386723, 13.09033372400833 ], [ 80.198469860450786, 13.090271205895801 ], [ 80.198468679899833, 13.090042020149427 ], [ 80.198466662572656, 13.089571170144552 ], [ 80.198464107082955, 13.089318744356714 ], [ 80.198463561385935, 13.089266406595845 ], [ 80.198463289743714, 13.089240007151774 ], [ 80.198461508072072, 13.088968766756008 ], [ 80.198460696834687, 13.08895777386131 ], [ 80.198461315305579, 13.088939938009808 ], [ 80.198460171287635, 13.088754510414354 ], [ 80.198459708042748, 13.088679229198936 ], [ 80.198459071540412, 13.088576216977986 ], [ 80.198456665643377, 13.088178745801633 ], [ 80.198456188005281, 13.087954940298946 ], [ 80.198456116657667, 13.087921647963313 ], [ 80.19845796742942, 13.087886694278509 ], [ 80.198461610143283, 13.087739091863899 ], [ 80.198461195631737, 13.087610481021525 ], [ 80.198460322785593, 13.087520940424394 ], [ 80.198444093546001, 13.086965975014904 ], [ 80.198436313951589, 13.08698055887997 ], [ 80.198426826550815, 13.086994139220289 ], [ 80.198415762025746, 13.087006522945742 ], [ 80.198403279582422, 13.087017538755292 ], [ 80.198389553150207, 13.087027026243844 ], [ 80.198374775006954, 13.087034855805594 ], [ 80.198359156736515, 13.087040917786865 ], [ 80.198342917237611, 13.087045122448808 ], [ 80.198326282677129, 13.087047414434265 ], [ 80.198273613266167, 13.087052124406673 ], [ 80.198032712791658, 13.087073666029513 ], [ 80.197793669343653, 13.087088565624546 ], [ 80.197637841396897, 13.087096491107204 ], [ 80.197510530928966, 13.087102515949937 ], [ 80.197465996459215, 13.087104844105808 ], [ 80.197206936708369, 13.087118387933367 ], [ 80.197057993732855, 13.087123970032504 ], [ 80.196929723795421, 13.087128336039052 ], [ 80.196719262030584, 13.087133457085843 ], [ 80.19645050217045, 13.087140495995831 ], [ 80.196270555922865, 13.087145959419241 ], [ 80.19626982177742, 13.087145933624429 ], [ 80.196267889303329, 13.087145379670785 ], [ 80.196266289124821, 13.087144184780326 ], [ 80.196265228263726, 13.087142508734303 ], [ 80.196264850826054, 13.087140570794276 ], [ 80.196262531181645, 13.086766204661899 ], [ 80.196259558566354, 13.086690404789687 ], [ 80.1962575464201, 13.086639006442768 ], [ 80.196258220204214, 13.086640864833102 ], [ 80.196259526992549, 13.086642364424547 ], [ 80.196261296785153, 13.086643306671183 ], [ 80.196263047680418, 13.086643533648413 ], [ 80.196263290165703, 13.086643566049931 ], [ 80.196380268902018, 13.086637742021232 ], [ 80.196548352137839, 13.08663531942257 ], [ 80.196819723448314, 13.08662778216218 ], [ 80.197108651964669, 13.086582535018497 ], [ 80.197108210126132, 13.086555467757455 ], [ 80.197070613685327, 13.086330799977244 ], [ 80.197070395381061, 13.086308195566343 ], [ 80.19707686825744, 13.086218304403781 ], [ 80.197076978324276, 13.086195700109876 ], [ 80.197027315684068, 13.086124744292826 ], [ 80.197026531151934, 13.086088426148095 ], [ 80.19709198314726, 13.085900698406167 ], [ 80.197091559586653, 13.085867414021379 ], [ 80.197172706617792, 13.085863880580746 ], [ 80.19717520198256, 13.08586322105255 ], [ 80.197176763928283, 13.085861978134272 ], [ 80.197177769332669, 13.085860269637964 ], [ 80.197178085563166, 13.085858321197533 ], [ 80.197176275594472, 13.085788284593374 ], [ 80.197172308852942, 13.085654476311097 ], [ 80.197170172760437, 13.085617374553156 ], [ 80.197168176453715, 13.085582681980087 ], [ 80.197164157556671, 13.08551286816801 ], [ 80.197161479646155, 13.0853188487523 ], [ 80.197161189380139, 13.08528199505575 ], [ 80.197157600218972, 13.08523957216703 ], [ 80.197156954037567, 13.085200399031709 ], [ 80.197154577558621, 13.085072272166723 ], [ 80.197151249364239, 13.084946365733128 ], [ 80.197126253377192, 13.084945836807572 ], [ 80.197118739729078, 13.084944367647132 ], [ 80.197112103290223, 13.084940613625259 ], [ 80.197107046570238, 13.084934968439208 ], [ 80.197104108144103, 13.08492803323913 ], [ 80.197102509451042, 13.084849150736718 ], [ 80.197100783414115, 13.084691057566339 ], [ 80.197100593949045, 13.084581451603148 ], [ 80.197100711119219, 13.084418711223123 ], [ 80.197097872571462, 13.084232718654112 ], [ 80.197099236220964, 13.084091816420232 ], [ 80.197097741913538, 13.083924246288246 ], [ 80.197096306676457, 13.083871806292727 ], [ 80.197092654451311, 13.08372347142153 ], [ 80.197087441205142, 13.083608874093668 ], [ 80.196891330096022, 13.083616000348895 ], [ 80.196872636219069, 13.083151519017539 ], [ 80.19686742944792, 13.083022129229807 ], [ 80.197904077667914, 13.082939320276664 ], [ 80.198004642559141, 13.082932111650974 ], [ 80.198208163267012, 13.082927076305241 ], [ 80.198264124458106, 13.082936429375845 ], [ 80.198294512943789, 13.082936536394211 ], [ 80.198392640039003, 13.08293358961315 ], [ 80.19840047434316, 13.082933718821584 ], [ 80.198408111661081, 13.082932010112374 ], [ 80.198415110770753, 13.082928563384549 ], [ 80.198421068874424, 13.082923576308549 ], [ 80.198425640063633, 13.082917338958442 ], [ 80.198428559052587, 13.082909168754487 ], [ 80.198428715805463, 13.082824105235376 ], [ 80.19842893718905, 13.082702476636159 ], [ 80.19842909579215, 13.082615696976484 ], [ 80.198410964348895, 13.082155231899522 ], [ 80.198410129130835, 13.081944381268716 ], [ 80.198422921384264, 13.081540434281166 ], [ 80.198426095308719, 13.081440206069059 ], [ 80.198427995702787, 13.081380152314159 ], [ 80.198441265224943, 13.081084839318864 ], [ 80.198440987444641, 13.081082885414693 ], [ 80.198440224749362, 13.081081423690904 ], [ 80.198336534194283, 13.08094060395109 ], [ 80.198325698564815, 13.080927049113782 ], [ 80.198315187657428, 13.080910625397632 ], [ 80.198306528987544, 13.080893312287287 ], [ 80.198300962367767, 13.080881632813531 ], [ 80.198294948642641, 13.080869020639946 ], [ 80.198284627046945, 13.080841108922391 ], [ 80.198262395232305, 13.080774529781786 ], [ 80.198254188447862, 13.080733262567469 ], [ 80.198239813590845, 13.08064094213278 ], [ 80.198216646098089, 13.080450595094778 ], [ 80.198206707204747, 13.080386175337591 ], [ 80.198188996583625, 13.08024462065257 ], [ 80.198153388832722, 13.079973002903825 ], [ 80.198134596922102, 13.079855239417974 ], [ 80.198118949009071, 13.079737879013857 ], [ 80.198111292551033, 13.079671608237003 ], [ 80.198111513051799, 13.079629343646308 ], [ 80.198101711248412, 13.079570183056441 ], [ 80.198095791143345, 13.079516049135361 ], [ 80.198090517445237, 13.079437991552378 ], [ 80.1980835042813, 13.079318790811826 ], [ 80.198075007325556, 13.079205778233893 ], [ 80.198069798165903, 13.079151424089252 ], [ 80.198068127300715, 13.079139575871103 ], [ 80.198003134834437, 13.078678755416114 ], [ 80.197980329391697, 13.078543147998642 ], [ 80.19796690063248, 13.078455527730975 ], [ 80.197974840682406, 13.07845000520528 ], [ 80.197975465784992, 13.078454082313444 ], [ 80.198021132390593, 13.078422319909047 ], [ 80.198052067752457, 13.07836547484049 ], [ 80.198096627293637, 13.078322069394805 ], [ 80.198230185881499, 13.078228697317638 ], [ 80.198312438643981, 13.078151914162595 ], [ 80.198562396728079, 13.077988563805059 ], [ 80.198802136715557, 13.077898023647455 ], [ 80.198987756771004, 13.07799470443862 ], [ 80.199216640360135, 13.078008812404697 ], [ 80.199360211743922, 13.077989160140866 ], [ 80.199360616800263, 13.077988831368403 ], [ 80.199368776874849, 13.077987714675674 ], [ 80.199471552021535, 13.077904295622819 ], [ 80.199575245544892, 13.07787357536127 ], [ 80.199678794083923, 13.07791298512382 ], [ 80.199848825237979, 13.077929391249125 ], [ 80.19985380993694, 13.07792760012658 ], [ 80.199857390364954, 13.077927945767453 ], [ 80.200079996167602, 13.077847957422767 ], [ 80.200081589931727, 13.077847124177675 ], [ 80.200411844137562, 13.077773045926433 ], [ 80.20045706909778, 13.07774482430195 ], [ 80.200634895807212, 13.077633854125603 ], [ 80.200649223083488, 13.077624913561891 ], [ 80.200971392688331, 13.077554453421239 ], [ 80.201518447195582, 13.077443006055493 ], [ 80.20152024509639, 13.07744293927848 ], [ 80.20196193192119, 13.077426512623818 ], [ 80.202405205233802, 13.077475519801396 ], [ 80.202649680075751, 13.077511534290792 ], [ 80.202650173701016, 13.077508900109047 ], [ 80.202819982225009, 13.076602359002022 ], [ 80.20285876175609, 13.076395327566834 ], [ 80.202859391448584, 13.076391967741744 ], [ 80.202859694565106, 13.076390350181926 ], [ 80.20285981842332, 13.076389694124169 ], [ 80.202859826884179, 13.076389644419979 ], [ 80.2028845615378, 13.076257596381486 ], [ 80.202859803753213, 13.076252083104256 ], [ 80.202861795860741, 13.076252141694582 ], [ 80.202863702554595, 13.076251511934764 ], [ 80.202865253385838, 13.076250255379199 ], [ 80.202866243055638, 13.076248538668994 ], [ 80.202886189190906, 13.07616721160888 ], [ 80.202915058802489, 13.076052377582078 ], [ 80.202950833014029, 13.075912882348149 ], [ 80.202974965458168, 13.075837366746169 ], [ 80.203009826706221, 13.07572336586059 ], [ 80.20304458499632, 13.075612981399392 ], [ 80.203083025385538, 13.075504868758234 ], [ 80.203108713201019, 13.075432974684736 ], [ 80.203113226754041, 13.075419899591274 ], [ 80.203116466743438, 13.075406471552768 ], [ 80.203118397655871, 13.075392835129703 ], [ 80.203118627940924, 13.075390056368004 ], [ 80.203116470272761, 13.075257676677023 ], [ 80.203112656022029, 13.07522300469544 ], [ 80.203111532907187, 13.075215435894945 ], [ 80.203106084122425, 13.075184249938753 ], [ 80.203098078707825, 13.075153595895783 ], [ 80.203095760822947, 13.075146989081823 ], [ 80.203094781630256, 13.075144581826928 ], [ 80.20309258130689, 13.0751407168718 ], [ 80.203089788395758, 13.07513727505674 ], [ 80.202983309433819, 13.074952106255475 ], [ 80.202999956123705, 13.073944455182293 ], [ 80.203000153029407, 13.073932535886298 ], [ 80.203040643047132, 13.073924567406857 ], [ 80.203145451026245, 13.073895139300971 ], [ 80.203315486074644, 13.073852675893514 ], [ 80.203442887382593, 13.073823692569228 ], [ 80.203540275688113, 13.07380180495135 ], [ 80.203808078561295, 13.073750499439738 ], [ 80.203814574351796, 13.073749448899488 ], [ 80.2038263542496, 13.073747546622574 ], [ 80.203862047395845, 13.073741779392957 ], [ 80.204064281455317, 13.073709104877462 ], [ 80.20417817293233, 13.073693080876806 ], [ 80.204239026253248, 13.073685196628782 ], [ 80.204247627849085, 13.073684120012574 ], [ 80.204340117540895, 13.073674579053399 ], [ 80.204520987572621, 13.073651550261152 ], [ 80.20468761857164, 13.073628737915458 ], [ 80.2047505365842, 13.073621849986468 ], [ 80.204813335572084, 13.073617854172555 ], [ 80.204877676878567, 13.073616691389432 ], [ 80.204913988725139, 13.073615294951903 ], [ 80.204927079040672, 13.073614616406051 ], [ 80.204975408139575, 13.073608912317807 ], [ 80.205024295775175, 13.073601318377907 ], [ 80.205025691431118, 13.073600986314363 ], [ 80.205125211293733, 13.073577307119249 ], [ 80.20513211660105, 13.073576255996807 ], [ 80.205321093854607, 13.073547500038522 ], [ 80.205323281343979, 13.073547024834594 ], [ 80.205382950888733, 13.073534060560744 ], [ 80.205443756371082, 13.073518048131675 ], [ 80.205502509392204, 13.073499800552963 ], [ 80.205758051278181, 13.073426449146201 ], [ 80.205886608763137, 13.073391124358791 ], [ 80.206109981169035, 13.07333870332206 ], [ 80.206256472285659, 13.073309284450408 ], [ 80.206265038143556, 13.073307840555618 ], [ 80.206317217656647, 13.073299061141583 ], [ 80.206457580753494, 13.073277689591571 ], [ 80.206460646242732, 13.073277236966502 ], [ 80.206598338561605, 13.073256905994166 ], [ 80.206734310439444, 13.073239826551093 ], [ 80.206739185164594, 13.073239214011023 ], [ 80.206881208430715, 13.073224484066015 ], [ 80.207002742155723, 13.073209614300223 ], [ 80.207008029626579, 13.073208569915604 ], [ 80.207064700361258, 13.073197371865687 ], [ 80.207125471425314, 13.073182264016841 ], [ 80.20715800440523, 13.07317247383736 ], [ 80.207195118012521, 13.07316087305702 ], [ 80.20742564698871, 13.073081424922824 ], [ 80.207527704281205, 13.073043736736201 ], [ 80.207629379559691, 13.073008113406555 ], [ 80.207675535136573, 13.072993548324018 ], [ 80.207722100054383, 13.072980772972915 ], [ 80.207768924811532, 13.072969813116144 ], [ 80.207854164658926, 13.072954156224807 ], [ 80.207879004100789, 13.072947892207884 ], [ 80.208026884014728, 13.072905420082691 ], [ 80.208106261102671, 13.072882621938158 ], [ 80.208202087578627, 13.072854248316522 ], [ 80.208243631291595, 13.072842308322407 ], [ 80.208454495612486, 13.072789651568561 ], [ 80.20854742294101, 13.072770582076064 ], [ 80.208550614433236, 13.072770239218432 ], [ 80.20863412654748, 13.072761261437643 ], [ 80.208685701590611, 13.072755715773919 ], [ 80.208693982322274, 13.072754300761718 ], [ 80.208825365687716, 13.072731846111276 ], [ 80.208945988788884, 13.072708277944027 ], [ 80.209081214573914, 13.072673962926215 ], [ 80.209136621202319, 13.072659962980063 ], [ 80.209413821550143, 13.072591592925598 ], [ 80.209625160025126, 13.072541683566737 ], [ 80.209665569609356, 13.072530756176223 ], [ 80.209705691721524, 13.072517704864426 ], [ 80.209745078615384, 13.072502657560992 ], [ 80.209770316236842, 13.072491526421686 ], [ 80.209783348843871, 13.072485776757841 ], [ 80.209814987870487, 13.072470486030019 ], [ 80.209845749955534, 13.072458316589108 ], [ 80.209877350568078, 13.072448429168803 ], [ 80.209908972795873, 13.072441023809228 ], [ 80.209914043085377, 13.072440396434706 ], [ 80.210058512655422, 13.07242251837598 ], [ 80.210063117692243, 13.072422013450016 ], [ 80.210145861695338, 13.072412926128386 ], [ 80.21016948098233, 13.072410945819248 ], [ 80.210171475405559, 13.072411138178659 ], [ 80.210173268406677, 13.072412020722766 ], [ 80.210174624241205, 13.072413475186359 ], [ 80.210175361818386, 13.07241530932785 ], [ 80.210174944122116, 13.072409759947393 ], [ 80.210171776927723, 13.072367668406123 ], [ 80.21016518101527, 13.072281033267414 ], [ 80.210156641986956, 13.072094563392877 ], [ 80.210149944698827, 13.071991375858675 ], [ 80.210137692674223, 13.071833212927059 ], [ 80.21013762058999, 13.07183267742681 ], [ 80.210136915339433, 13.071830829821224 ], [ 80.210135583563599, 13.071829351922169 ], [ 80.210133799887856, 13.071828438664093 ], [ 80.210131801895031, 13.071828210126144 ], [ 80.209983965299543, 13.071837938442084 ], [ 80.20982912868439, 13.071847774566072 ], [ 80.209740197450941, 13.07185348742858 ], [ 80.209719959259616, 13.071855842430113 ], [ 80.209715782262734, 13.071856327863303 ], [ 80.209692746362848, 13.071861366076577 ], [ 80.20966910061901, 13.071869067067265 ], [ 80.209580623542877, 13.071895236729059 ], [ 80.209509675604579, 13.071916480617306 ], [ 80.209506363998486, 13.071917472327653 ], [ 80.209504579133707, 13.071918381906503 ], [ 80.209503242572538, 13.071919857070668 ], [ 80.209502533869724, 13.071921703064664 ], [ 80.209502593289329, 13.071923898617086 ], [ 80.209490313904226, 13.07187442090664 ], [ 80.209475164552899, 13.071819323923432 ], [ 80.209439737936904, 13.071677166559958 ], [ 80.209416987214055, 13.071493548416244 ], [ 80.209396819229426, 13.071311619963158 ], [ 80.209396888020152, 13.071310002579642 ], [ 80.20939762343771, 13.07130816661361 ], [ 80.209398980229736, 13.07130670959546 ], [ 80.209400778850451, 13.071305823568087 ], [ 80.209512438175807, 13.071274052896335 ], [ 80.209502464212946, 13.071240364856036 ], [ 80.209321817451055, 13.070733001626945 ], [ 80.20911617120781, 13.069997753189936 ], [ 80.209115979695625, 13.069997069036997 ], [ 80.209085573276909, 13.070004804449544 ], [ 80.209081526260078, 13.07000590059949 ], [ 80.209080661993426, 13.070006201761924 ], [ 80.209040302235977, 13.070016668099989 ], [ 80.208929349005089, 13.070042074365292 ], [ 80.208897530925839, 13.070049379560915 ], [ 80.208891135372454, 13.070050848277814 ], [ 80.208889963551826, 13.070050990265045 ], [ 80.208887980646111, 13.070050663207891 ], [ 80.208886246150627, 13.070049662386225 ], [ 80.208884992074488, 13.070048119617708 ], [ 80.208884382863573, 13.070046239752434 ], [ 80.208866123064482, 13.069903292169593 ], [ 80.208859930876315, 13.069854817730025 ], [ 80.208837909979337, 13.069673887217432 ], [ 80.2088337044501, 13.06967465465792 ], [ 80.208812054221866, 13.069474947081696 ], [ 80.208799734741078, 13.069379931553513 ], [ 80.208618074878473, 13.067468850304444 ], [ 80.208838310838217, 13.066884789041056 ], [ 80.209114586027226, 13.066152110112633 ], [ 80.20912572557306, 13.06471042435831 ], [ 80.208954310564749, 13.063983407322127 ], [ 80.208957237767947, 13.063899749830954 ], [ 80.208733594774756, 13.062793069223 ], [ 80.207429948071407, 13.061539119957896 ], [ 80.207426530792006, 13.061526148835959 ], [ 80.20738147716871, 13.061454407095786 ], [ 80.207331212191747, 13.061367450858112 ], [ 80.207323863841708, 13.061359173989654 ], [ 80.207314734852716, 13.061352817585572 ], [ 80.207304340565358, 13.061348742188583 ], [ 80.207289406748501, 13.06134291502363 ], [ 80.20727544398396, 13.061335106139445 ], [ 80.207268437568885, 13.061329796962458 ], [ 80.207262726634369, 13.06132546737685 ], [ 80.20725385279124, 13.061314300562326 ], [ 80.207247035258391, 13.061301822647877 ], [ 80.20724247118126, 13.061288394105302 ], [ 80.207240293057936, 13.061274402333872 ], [ 80.207219542245767, 13.061158421665176 ], [ 80.207206180636376, 13.0610968958374 ], [ 80.20719296145451, 13.061024261577334 ], [ 80.207178139808647, 13.060968531645667 ], [ 80.207169619039988, 13.060970143912874 ], [ 80.20716957437827, 13.060969977405152 ], [ 80.207233510138536, 13.060957878252484 ], [ 80.207358666366574, 13.06093513093734 ], [ 80.207387036250836, 13.060929975404603 ], [ 80.207389486386305, 13.060929529915542 ], [ 80.207489101222393, 13.060936005406228 ], [ 80.20749242728003, 13.060936221754549 ], [ 80.207567741208734, 13.060934041080376 ], [ 80.207649850890391, 13.060921664771922 ], [ 80.207715019818082, 13.06091127729022 ], [ 80.207777450278599, 13.060887046401835 ], [ 80.207839228784707, 13.060833260072483 ], [ 80.20787438212821, 13.060802078282375 ], [ 80.207969241259008, 13.060757704588962 ], [ 80.20802080842779, 13.060733584132469 ], [ 80.20846399242626, 13.060628716846233 ], [ 80.208650077730553, 13.060594320438616 ], [ 80.208974887603659, 13.060492326083208 ], [ 80.209320281017284, 13.060262227163593 ], [ 80.209312082159357, 13.060236008625999 ], [ 80.209281845912329, 13.060139319789526 ], [ 80.209268378900177, 13.060072217578982 ], [ 80.209268295189787, 13.060070699188595 ], [ 80.209274828964453, 13.059996707625359 ], [ 80.209294826176773, 13.059878158069578 ], [ 80.209295310172266, 13.059878224651026 ], [ 80.209318934696327, 13.059881470586063 ], [ 80.209337407022673, 13.059883339961905 ], [ 80.20959691417157, 13.059893876763379 ], [ 80.209832384985987, 13.059896679571207 ], [ 80.21001967262886, 13.05989815773226 ], [ 80.210251746432363, 13.059898414433587 ], [ 80.210338638875541, 13.05989731443886 ], [ 80.210670381621611, 13.05991800776766 ], [ 80.210775886658141, 13.05975987408454 ], [ 80.210788644340127, 13.059741727043511 ], [ 80.210806182308829, 13.059716023806317 ], [ 80.210827318082437, 13.05968308355931 ], [ 80.210850697870157, 13.059639664266095 ], [ 80.210871984008946, 13.059599447552223 ], [ 80.210889343126908, 13.059567323109098 ], [ 80.210938548789173, 13.059479257749228 ], [ 80.211011511236691, 13.059360308098427 ], [ 80.211126414555054, 13.059190670871434 ], [ 80.211211487775003, 13.059062625771727 ], [ 80.211290972384674, 13.05895183362718 ], [ 80.211361646427576, 13.058856385820908 ], [ 80.211391820299582, 13.058822652976115 ], [ 80.211435018903899, 13.05877435897605 ], [ 80.211448533276624, 13.058759249569283 ], [ 80.211707582562909, 13.058551187575731 ], [ 80.211717161663898, 13.058554341652354 ], [ 80.211731736441934, 13.058557038966812 ], [ 80.211791343922741, 13.058549038609305 ], [ 80.211850615052555, 13.058538910557369 ], [ 80.211909466772525, 13.058526670833501 ], [ 80.212006040552922, 13.058500984978476 ], [ 80.212103108353944, 13.058477143331041 ], [ 80.212200629571257, 13.058455153904816 ], [ 80.212293358865168, 13.058435969112548 ], [ 80.212385681708909, 13.058414944829456 ], [ 80.212477551026609, 13.058392092667013 ], [ 80.212513924905792, 13.058383225709104 ], [ 80.212561922836429, 13.058369873183198 ], [ 80.212576616571909, 13.058365588653665 ], [ 80.212625129061735, 13.058349056740212 ], [ 80.212672824722858, 13.058330382112031 ], [ 80.212719606588166, 13.058309604258762 ], [ 80.21274621697944, 13.058294931579592 ], [ 80.212773811998147, 13.058282126335094 ], [ 80.212802255868425, 13.058271251405071 ], [ 80.212831408243133, 13.058262356996826 ], [ 80.212861124172349, 13.058255490591135 ], [ 80.212890063228187, 13.058251631867924 ], [ 80.212928468239781, 13.058247922204091 ], [ 80.2129674071344, 13.058246291084625 ], [ 80.213006378971841, 13.05824678129048 ], [ 80.213045261097719, 13.058249389735904 ], [ 80.213083934558199, 13.058254109729759 ], [ 80.213121152171738, 13.058260725897332 ], [ 80.213289076951341, 13.058309143446863 ], [ 80.213417182812691, 13.05835342790434 ], [ 80.213468643147493, 13.058371217019261 ], [ 80.213648874855025, 13.058431401832221 ], [ 80.213829745352768, 13.058489688761069 ], [ 80.21386532496318, 13.058498367729555 ], [ 80.213901403148796, 13.05850483655823 ], [ 80.21394022199884, 13.058509098444132 ], [ 80.213976066422703, 13.058511034748394 ], [ 80.213976841020511, 13.058511075982622 ], [ 80.214013500401038, 13.058510790449274 ], [ 80.214082311189287, 13.058508403616894 ], [ 80.21408503755427, 13.058508384775548 ], [ 80.214150386351733, 13.058507943169863 ], [ 80.214151162939928, 13.058507938295886 ], [ 80.214220001239653, 13.058509394320982 ], [ 80.214288768911132, 13.058512770614385 ], [ 80.214726986679523, 13.058526754718372 ], [ 80.214727255978715, 13.058526758248584 ], [ 80.214798634808517, 13.058527468642469 ], [ 80.214872382567364, 13.058525985407186 ], [ 80.214946057026381, 13.058522304744493 ], [ 80.215019681126307, 13.058515294676994 ], [ 80.215093496226388, 13.058510593567311 ], [ 80.215167424842292, 13.05850820570125 ], [ 80.21523857101819, 13.05850811505853 ], [ 80.215241372959937, 13.05850811270974 ], [ 80.21531529986089, 13.058510358774686 ], [ 80.215381902350913, 13.05851479696306 ], [ 80.215448625540091, 13.058517229100733 ], [ 80.215515396569032, 13.058517654062353 ], [ 80.215582144428581, 13.058516068919886 ], [ 80.215648794400423, 13.058512477063411 ], [ 80.215751930707526, 13.058502938649086 ], [ 80.215760901730093, 13.05850210867745 ], [ 80.215873182641758, 13.058493724563807 ], [ 80.215985673110154, 13.058487323927261 ], [ 80.216097824308775, 13.058482926804878 ], [ 80.216210698814763, 13.058480504770579 ], [ 80.216323306011901, 13.0584800810436 ], [ 80.216435902321521, 13.058481649167726 ], [ 80.216477688796672, 13.058487788628469 ], [ 80.216519099765165, 13.058496019243476 ], [ 80.216560025541355, 13.058506319884359 ], [ 80.216600359223506, 13.058518664006062 ], [ 80.216639994849146, 13.058533019641267 ], [ 80.216678825556286, 13.058549347586474 ], [ 80.216716754639364, 13.058567605052225 ], [ 80.216754601199838, 13.0585839544193 ], [ 80.216793371550111, 13.058598075034482 ], [ 80.216832926583422, 13.058609915841409 ], [ 80.216873129928473, 13.058619435738159 ], [ 80.216913836887585, 13.05862660173538 ], [ 80.216954906432306, 13.058631387184287 ], [ 80.217145988098466, 13.058637450445616 ], [ 80.217336945990013, 13.058646507873386 ], [ 80.217527731229666, 13.058658560224574 ], [ 80.217650021665534, 13.058663432133715 ], [ 80.217772215593925, 13.058670252225898 ], [ 80.217893734865413, 13.058678979872916 ], [ 80.217894279821039, 13.058679018592672 ], [ 80.217977797345782, 13.058687567086006 ], [ 80.218050397905174, 13.058694568026713 ], [ 80.21814909435794, 13.058703195810661 ], [ 80.218168190772644, 13.058704580890353 ], [ 80.218276743432341, 13.058712453581581 ], [ 80.218299764868419, 13.058716859664141 ], [ 80.218407390291119, 13.058737454186124 ], [ 80.218538438542296, 13.058760349172445 ], [ 80.218669856844826, 13.058781132115769 ], [ 80.218801603706694, 13.058799798369082 ], [ 80.218933645939345, 13.058816342406322 ], [ 80.2190043149064, 13.058822290195364 ], [ 80.219074775448746, 13.058830289851015 ], [ 80.21914496119166, 13.058840332131252 ], [ 80.219214814058176, 13.058852408723316 ], [ 80.219284270446082, 13.058866508585272 ], [ 80.219353267678187, 13.058882619773854 ], [ 80.219367105096794, 13.058889316390271 ], [ 80.219380013370809, 13.058897606100002 ], [ 80.219391802889263, 13.058907367169233 ], [ 80.219402299790985, 13.058918455306884 ], [ 80.219411350559042, 13.058930709103656 ], [ 80.219418821109755, 13.058943946412485 ], [ 80.219424601375806, 13.058957973404276 ], [ 80.219448959176262, 13.05904435744165 ], [ 80.219470367867515, 13.059131499331482 ], [ 80.219488802862713, 13.059219297730662 ], [ 80.219494040558089, 13.059238109874698 ], [ 80.219501148711359, 13.059256323663309 ], [ 80.219510055021289, 13.059273760752397 ], [ 80.219520672404258, 13.059290250890959 ], [ 80.219532898988788, 13.059305633729446 ], [ 80.219546614428964, 13.059319757904449 ], [ 80.219561683579656, 13.05933248557079 ], [ 80.219577961102104, 13.059343694223797 ], [ 80.219595287789019, 13.059353272167233 ], [ 80.219613494225371, 13.059361127566303 ], [ 80.219650323262854, 13.059372366579968 ], [ 80.219688826578292, 13.059382040963191 ], [ 80.219727782356998, 13.059389782639753 ], [ 80.219767089202861, 13.059395573219676 ], [ 80.219785058456537, 13.059397309225922 ], [ 80.219871501554181, 13.059401251858567 ], [ 80.219886937153177, 13.059401255921467 ], [ 80.219929443430189, 13.059403236821526 ], [ 80.21997180611848, 13.059407182994525 ], [ 80.220013933940507, 13.059413085123388 ], [ 80.220055731938118, 13.059420931167438 ], [ 80.220097106095281, 13.059430702759514 ], [ 80.220137963332391, 13.059442377014401 ], [ 80.220178213339423, 13.059455930151096 ], [ 80.220217467372507, 13.059471213614524 ], [ 80.220612228877542, 13.059639640183992 ], [ 80.220642632438143, 13.059652612020589 ], [ 80.220651262881731, 13.059657461892142 ], [ 80.220664814078489, 13.059666635970402 ], [ 80.220677317959485, 13.059677147808674 ], [ 80.220684978813779, 13.059685314045955 ], [ 80.22073890632214, 13.059742796885338 ], [ 80.220813509931972, 13.059834434566612 ], [ 80.220890795732231, 13.059953116552219 ], [ 80.220916184448555, 13.059987383247053 ], [ 80.220944015777818, 13.060019772961821 ], [ 80.2209741454474, 13.060050117081502 ], [ 80.221005884029182, 13.060078859295231 ], [ 80.221038868358804, 13.060106222748173 ], [ 80.221073034965087, 13.060132153901344 ], [ 80.221145925544931, 13.060183937692868 ], [ 80.221166730100407, 13.060192421088294 ], [ 80.221194956652354, 13.060203482984155 ], [ 80.221226452039105, 13.060215956218315 ], [ 80.221258768787024, 13.060226206705611 ], [ 80.221274056779208, 13.060230950922572 ], [ 80.221274377559254, 13.060231008852599 ], [ 80.221275271213486, 13.060235442988514 ], [ 80.221286673366379, 13.060292055327812 ], [ 80.221288390176269, 13.060297520008627 ], [ 80.221288204259622, 13.060297690341088 ], [ 80.221305585222581, 13.060364468429363 ], [ 80.221338990630414, 13.060483251446502 ], [ 80.221400242217044, 13.060668302441119 ], [ 80.221415436354889, 13.060714205187955 ], [ 80.221451154921581, 13.060822117727499 ], [ 80.221475588803912, 13.060900092852645 ], [ 80.221504981052973, 13.060987479265915 ], [ 80.221534338823446, 13.061068506390336 ], [ 80.221550550334413, 13.061120879878388 ], [ 80.221565353270563, 13.061165077942446 ], [ 80.221576205863272, 13.061196647923625 ], [ 80.221600318457504, 13.061260319562825 ], [ 80.221626065618807, 13.061322446335192 ], [ 80.221649049655255, 13.061381597230358 ], [ 80.221669430986211, 13.06144132530213 ], [ 80.221687613839535, 13.061501842444388 ], [ 80.221700193795485, 13.061541411581635 ], [ 80.221713242785796, 13.061581410717062 ], [ 80.221741613678105, 13.061668371775925 ], [ 80.221792065406575, 13.06181518355554 ], [ 80.221841784445303, 13.06196036557634 ], [ 80.221846439082867, 13.061972525594724 ], [ 80.221861149033558, 13.062011103811463 ], [ 80.22187776699694, 13.062059777647557 ], [ 80.221892998253537, 13.06211037233461 ], [ 80.221906362102388, 13.062161471365881 ], [ 80.221939075005736, 13.062288608775901 ], [ 80.22194597757013, 13.062318955240849 ], [ 80.221956768597309, 13.062366389071606 ], [ 80.2219589994031, 13.062376195416762 ], [ 80.222003675358323, 13.062541434394339 ], [ 80.222048579415599, 13.062692750399368 ], [ 80.222092147388921, 13.062834248278364 ], [ 80.222103218771309, 13.062873160937949 ], [ 80.222107939258933, 13.06288992710439 ], [ 80.222119471455485, 13.062941914861472 ], [ 80.222128060693322, 13.062994447129793 ], [ 80.222129813329346, 13.06302560272008 ], [ 80.222129660318743, 13.063056805020345 ], [ 80.222127600164313, 13.063087942810435 ], [ 80.222123642442199, 13.06311890309509 ], [ 80.22211779856471, 13.063149575597102 ], [ 80.222111860458639, 13.06316350218032 ], [ 80.222101275948248, 13.063183252247409 ], [ 80.222096780047693, 13.063192558227376 ], [ 80.222090733633408, 13.063208378766234 ], [ 80.222086397370646, 13.063224730689909 ], [ 80.222086922436588, 13.063241732886613 ], [ 80.222097532684217, 13.063333969782761 ], [ 80.222117936821007, 13.06353675100357 ], [ 80.222142354380125, 13.063742350907878 ], [ 80.222152406246792, 13.063824406727948 ], [ 80.222154830452183, 13.063826060554767 ], [ 80.222157291218792, 13.063825757820259 ], [ 80.222157735553722, 13.063829658936797 ], [ 80.222197395296263, 13.063977829732437 ], [ 80.22221827900951, 13.064045702431303 ], [ 80.222236491840931, 13.06411176232689 ], [ 80.222237147546338, 13.064114139611609 ], [ 80.222253983559554, 13.06418308425744 ], [ 80.222268776169415, 13.064252475755499 ], [ 80.222281725686997, 13.064323438619182 ], [ 80.222283784165114, 13.064333796000376 ], [ 80.222284899223908, 13.064339402631898 ], [ 80.222290604323135, 13.064368102569356 ], [ 80.222291627660866, 13.064373251403836 ], [ 80.22235074670283, 13.064671402965878 ], [ 80.222356299040158, 13.064699408023092 ], [ 80.222358347460258, 13.064709739151903 ], [ 80.222359407087282, 13.064715081592364 ], [ 80.222361420057695, 13.064725835776336 ], [ 80.222361429127986, 13.064725884629983 ], [ 80.222396596625714, 13.064911436550574 ], [ 80.222433809440815, 13.06510449579422 ], [ 80.222427452658465, 13.065105719938432 ], [ 80.222464832384077, 13.065291434929017 ], [ 80.2224797381906, 13.065383634092147 ], [ 80.222487298202751, 13.065424096811277 ], [ 80.222497200426218, 13.065477095057135 ], [ 80.222509627195834, 13.065535647208247 ], [ 80.222516889384167, 13.065569895424323 ], [ 80.222538955293686, 13.065662660441669 ], [ 80.222556612420391, 13.065729516143415 ], [ 80.222572130915339, 13.065796003735777 ], [ 80.222590045612193, 13.065875461932135 ], [ 80.222602968460947, 13.065926993617088 ], [ 80.222632436805426, 13.066046057608069 ], [ 80.222634421712613, 13.066052522219461 ], [ 80.222638029973439, 13.066063094030998 ], [ 80.222640301311074, 13.06606880631187 ], [ 80.222651884155084, 13.066099077318714 ], [ 80.222666838870026, 13.06612733397896 ], [ 80.222669054213171, 13.066130897731391 ], [ 80.222671587736116, 13.066136237369207 ], [ 80.222676917259093, 13.066154704334343 ], [ 80.222686755107844, 13.06618879572838 ], [ 80.22268808543221, 13.066193406586164 ], [ 80.222697191810695, 13.066193914094661 ], [ 80.222711228820273, 13.066196229441246 ], [ 80.222724923580316, 13.066200040195531 ], [ 80.222738108370748, 13.066205300643695 ], [ 80.222750626593069, 13.066211947925705 ], [ 80.222762323549901, 13.066219901103498 ], [ 80.222773061193593, 13.066229063917758 ], [ 80.222782307171428, 13.066238901294808 ], [ 80.22279654554653, 13.066259106678647 ], [ 80.222809969456804, 13.06628139287116 ], [ 80.222821744263584, 13.066304559308895 ], [ 80.222831810383539, 13.066328488267972 ], [ 80.222840115623185, 13.066353058429957 ], [ 80.222846618865233, 13.066378145797085 ], [ 80.222851449627527, 13.066404509375799 ], [ 80.222866786775398, 13.066501584315192 ], [ 80.222884181875258, 13.066599175404667 ], [ 80.222895079122893, 13.066654033839029 ], [ 80.222895094547752, 13.066654115262665 ], [ 80.222910640744459, 13.066731250684617 ], [ 80.222914689784105, 13.066750999557007 ], [ 80.222923870119885, 13.06680541881668 ], [ 80.222931300594013, 13.066861378983686 ], [ 80.222936272555415, 13.066891259387461 ], [ 80.22294335961513, 13.066921371293226 ], [ 80.222952425762145, 13.0669509674295 ], [ 80.222962939577926, 13.066978623904859 ], [ 80.222973645367105, 13.067007419334479 ], [ 80.223005860186149, 13.067131951055936 ], [ 80.223008858396227, 13.067143541861903 ], [ 80.223000494439788, 13.067162502036492 ], [ 80.223002844717513, 13.067170110642303 ], [ 80.222999728210056, 13.067177173862794 ], [ 80.223001739061587, 13.067177118422347 ], [ 80.223003637942583, 13.067177770627518 ], [ 80.223005173316821, 13.067179047440748 ], [ 80.223006140974888, 13.067180773739173 ], [ 80.223011051165841, 13.067195316149512 ], [ 80.223011382902683, 13.067196297290668 ], [ 80.223016949248787, 13.067212782973195 ], [ 80.223057232409033, 13.067332084683008 ], [ 80.223098616098738, 13.067454876259136 ], [ 80.223142972724617, 13.067593816589472 ], [ 80.223151975579739, 13.067625969584137 ], [ 80.223152166721036, 13.067625899631651 ], [ 80.223152318160075, 13.067625843122711 ], [ 80.223152757652358, 13.067627464755391 ], [ 80.223152712323341, 13.067627802786923 ], [ 80.223184207989306, 13.067743450451371 ], [ 80.223319186442524, 13.067737012252012 ], [ 80.223324648381507, 13.067736751981688 ], [ 80.223448254223214, 13.06769440211076 ], [ 80.223634835451435, 13.067642747325788 ], [ 80.223799686071985, 13.067572039114404 ], [ 80.223845782380494, 13.067541323793394 ], [ 80.224042121026002, 13.067465962961609 ], [ 80.224323063804619, 13.067389191260158 ], [ 80.224325625458334, 13.067388490965037 ], [ 80.224381292128342, 13.067393405018118 ], [ 80.224461133623478, 13.067410259115803 ], [ 80.224565199982266, 13.067422437951908 ], [ 80.224663498061943, 13.06741601106175 ], [ 80.224669325614585, 13.067415629793308 ], [ 80.224799906336372, 13.067361569186291 ], [ 80.224800231414079, 13.067361435436576 ], [ 80.225035409910191, 13.067252962145274 ], [ 80.225163863933062, 13.067208251550387 ], [ 80.22531403281252, 13.067187341018018 ], [ 80.225442479355451, 13.067145004666596 ], [ 80.225573956949205, 13.067070909435753 ], [ 80.225580721211898, 13.067067095925855 ], [ 80.22562378945986, 13.067051687312361 ], [ 80.225623919426027, 13.067052009594191 ], [ 80.22565767975324, 13.067038597576552 ], [ 80.225916092182729, 13.067002583595004 ], [ 80.225921218867626, 13.067001870168582 ], [ 80.226123220090557, 13.067083579268571 ], [ 80.226170506943333, 13.067093964432242 ], [ 80.226255177884894, 13.067103984985549 ], [ 80.226339555364518, 13.067100732895568 ], [ 80.226344534699194, 13.067100540738869 ], [ 80.226427074679009, 13.067081068236037 ], [ 80.226619043645741, 13.067012675384891 ], [ 80.226643305044632, 13.067011051707482 ], [ 80.226649194453174, 13.067010647973969 ], [ 80.226684937163839, 13.067026159636724 ], [ 80.226748158544439, 13.067081178102606 ], [ 80.22680670390838, 13.067115695371447 ], [ 80.226885931179382, 13.067141166555068 ], [ 80.226948968299197, 13.067150795763254 ], [ 80.227035241740722, 13.067147365565653 ], [ 80.227039588293664, 13.067147194108122 ], [ 80.22717830020872, 13.067126169556609 ], [ 80.227275906915949, 13.067108905558975 ], [ 80.22747303796541, 13.067044078258753 ], [ 80.227572535875055, 13.067029035070556 ], [ 80.227690248076442, 13.067000301630578 ], [ 80.227758968177838, 13.066980395887938 ], [ 80.227863202047644, 13.066958580767272 ], [ 80.227864949153542, 13.066958215267052 ], [ 80.227941648739829, 13.066957459700665 ], [ 80.228005278280122, 13.066977684847878 ], [ 80.228040985954451, 13.067022605998877 ], [ 80.228073301593525, 13.067071888788103 ], [ 80.228123255669487, 13.067195748723691 ], [ 80.228160976423524, 13.06727702080703 ], [ 80.228193368963076, 13.067346989936782 ], [ 80.228259961735858, 13.067425811050837 ], [ 80.228309217427494, 13.067536121349155 ], [ 80.228335424441298, 13.067687288406553 ], [ 80.228351142245899, 13.067749234564783 ], [ 80.228363912440514, 13.067849431938376 ], [ 80.228390491983376, 13.067911569658653 ], [ 80.228453469720748, 13.068151534229006 ], [ 80.228453970154419, 13.068153442665537 ], [ 80.228483580833668, 13.068195589584557 ], [ 80.228485163938842, 13.0681978430377 ], [ 80.228554508023606, 13.068155005014411 ], [ 80.228651257934899, 13.068081696987274 ], [ 80.228694271391547, 13.068045027411497 ], [ 80.228758683620697, 13.068024191708636 ], [ 80.228844644271604, 13.067971879319135 ], [ 80.228930523299752, 13.067945850640088 ], [ 80.229088470616929, 13.067852377035544 ], [ 80.229094936056299, 13.067848550786405 ], [ 80.229202311597987, 13.067781876644945 ], [ 80.22920275794759, 13.067781598580378 ], [ 80.229318252692053, 13.067778852441979 ], [ 80.229408461944004, 13.06774599176746 ], [ 80.229460955576741, 13.067741536877664 ], [ 80.22950627242885, 13.067762094977107 ], [ 80.229517502030944, 13.067764112251236 ], [ 80.229582506394678, 13.067785464132514 ], [ 80.229649767381119, 13.067807817336027 ], [ 80.229659714624404, 13.067810532436042 ], [ 80.229749873425718, 13.067823678644068 ], [ 80.229753403445059, 13.067824192799108 ], [ 80.229857126901393, 13.067836482432961 ], [ 80.230006922266881, 13.067863511998526 ], [ 80.230107285132334, 13.067903957139457 ], [ 80.23033708510502, 13.067952591800337 ], [ 80.230504214682128, 13.067992212956643 ], [ 80.230706086867954, 13.068060402324766 ], [ 80.230853859546244, 13.068116707690631 ], [ 80.231002706716055, 13.068120311647373 ], [ 80.231116347318945, 13.068140052814041 ], [ 80.231218321048175, 13.068146474821011 ], [ 80.23138336519655, 13.068178750785835 ], [ 80.231510188790253, 13.068176135018229 ], [ 80.231630911671829, 13.068212705975565 ], [ 80.231659842442141, 13.068387177439419 ], [ 80.231661148080107, 13.068395055941359 ], [ 80.231723284939619, 13.068770479117088 ], [ 80.23196227539384, 13.068774951772907 ], [ 80.231960185252362, 13.068774395812104 ], [ 80.231968163928798, 13.068774545204796 ], [ 80.231964045340021, 13.068768992068277 ], [ 80.232139575699364, 13.068825853919321 ], [ 80.232183797892006, 13.068848592848854 ], [ 80.232219605014407, 13.068877789840329 ], [ 80.232248986294891, 13.068909647768445 ], [ 80.232270290060214, 13.068941404843004 ], [ 80.232321269229615, 13.069028039669028 ], [ 80.232350740804776, 13.0690859015565 ], [ 80.232406526025358, 13.069275900866408 ], [ 80.232417083388228, 13.069312224741374 ], [ 80.232426986893856, 13.069367325869162 ], [ 80.232417411377682, 13.069814926558506 ], [ 80.232322473086938, 13.070246373426766 ], [ 80.232308299440831, 13.07031231935906 ], [ 80.232570451079241, 13.070268854892563 ], [ 80.232670276830774, 13.070228660628093 ], [ 80.233270409180719, 13.069984295937942 ], [ 80.233382768970003, 13.069938544325352 ], [ 80.233588723797837, 13.069854681795624 ], [ 80.234042207207892, 13.069670028152899 ], [ 80.23440614009489, 13.069521837672031 ], [ 80.23460117019971, 13.069442423118534 ], [ 80.234715715969799, 13.069409680585817 ], [ 80.234956213891806, 13.069340937862131 ], [ 80.235362921213664, 13.069267924317231 ], [ 80.235648022918951, 13.069269101308587 ], [ 80.235688284717156, 13.069270656239764 ], [ 80.236087208348223, 13.069295040924384 ], [ 80.236863620709727, 13.069333920189852 ], [ 80.237088252546073, 13.069345167885546 ], [ 80.237407241923179, 13.069361140653783 ], [ 80.238224848220327, 13.069333647447086 ], [ 80.238982227929981, 13.069309622733385 ], [ 80.24201195845562, 13.069290351592015 ], [ 80.242040062978617, 13.069293114052433 ], [ 80.242093016410465, 13.069312159796233 ], [ 80.24209462329955, 13.069313312836618 ], [ 80.242116712380081, 13.069328145835927 ], [ 80.242122948611993, 13.069335005265515 ], [ 80.242137546279878, 13.069349286436385 ], [ 80.24216630945854, 13.069400686579311 ], [ 80.242346279844909, 13.06939119575828 ], [ 80.242365060159273, 13.069345669419578 ], [ 80.242369671869412, 13.069334177956527 ], [ 80.242376841426037, 13.06931748220927 ], [ 80.242496034335375, 13.069029977356774 ], [ 80.242497528450357, 13.069026373091898 ], [ 80.242571745347405, 13.068847354650913 ], [ 80.242576057641372, 13.068836953669239 ], [ 80.242578997557771, 13.068829858925236 ], [ 80.24258073231583, 13.068825677584016 ], [ 80.242619952243018, 13.068703403328897 ], [ 80.242621887257542, 13.068697370781731 ], [ 80.242637043319519, 13.068650119440386 ], [ 80.242645383995537, 13.068617762831687 ], [ 80.242667814959759, 13.068530741873102 ], [ 80.242667878428065, 13.068530496117889 ], [ 80.242702024187409, 13.068398031158321 ], [ 80.242745344195455, 13.068231141411223 ], [ 80.242745382449215, 13.068230997756201 ], [ 80.242831590581247, 13.06825942685772 ], [ 80.242942038305372, 13.068295848589388 ], [ 80.243215600847151, 13.06838606020797 ], [ 80.244273269229097, 13.068842477111021 ], [ 80.244882603953769, 13.069169174571568 ], [ 80.245238659648066, 13.069365943212077 ], [ 80.245663181557674, 13.069585139990913 ], [ 80.245998223304625, 13.06977084042944 ], [ 80.24652666996451, 13.070055394145825 ], [ 80.247243731134319, 13.070444329687017 ], [ 80.247722329237845, 13.070687934021905 ], [ 80.248433233297789, 13.070954231335543 ], [ 80.249035764714364, 13.071085417845905 ], [ 80.249492430840618, 13.071088147855535 ], [ 80.249557492445845, 13.071073794610969 ], [ 80.249555525390733, 13.071078573907148 ], [ 80.249546944280183, 13.071546031296226 ], [ 80.249554320758207, 13.071547107011961 ], [ 80.249555003409668, 13.071569045708216 ], [ 80.249557162186548, 13.071638478000786 ], [ 80.249559862146072, 13.071639314990165 ], [ 80.249785235758708, 13.071702251378612 ], [ 80.250107888046884, 13.071788413893117 ], [ 80.25076737678009, 13.071991784686222 ], [ 80.250677250824481, 13.072159018564989 ], [ 80.250634161681106, 13.072447093661481 ], [ 80.250421828215025, 13.073866647012929 ], [ 80.252262435108108, 13.073970416860071 ], [ 80.252258170846503, 13.073980586680275 ], [ 80.25223186155246, 13.074043331425157 ], [ 80.252212157838073, 13.074122118559199 ], [ 80.25218837330911, 13.074217227291717 ], [ 80.25218831799701, 13.074217523708203 ], [ 80.252179612049019, 13.074263691215975 ], [ 80.252159486399165, 13.074690156194528 ], [ 80.252148609233998, 13.074949728668582 ], [ 80.252128134336289, 13.075046265649915 ], [ 80.252016108879047, 13.075783643840154 ], [ 80.251988825620671, 13.075802504145621 ], [ 80.251897364906242, 13.07578527023515 ], [ 80.251569441762982, 13.075736475713279 ], [ 80.251368959640899, 13.075696160778296 ], [ 80.251189709347699, 13.075728688734436 ], [ 80.250953858842692, 13.076206010290491 ], [ 80.250902633083143, 13.076322528416178 ], [ 80.251224033159247, 13.0763801054526 ], [ 80.251622557936784, 13.076423404043998 ], [ 80.251911649302372, 13.076466386935563 ], [ 80.252130045274242, 13.076507692808429 ], [ 80.253303828272195, 13.076696872019316 ], [ 80.253249332782175, 13.077183142587826 ], [ 80.253242037429203, 13.07724824356589 ], [ 80.253233962035551, 13.077320299178925 ], [ 80.253226181418555, 13.07738972081359 ], [ 80.253179608741064, 13.077725475403989 ], [ 80.253112816952353, 13.078206988611141 ], [ 80.25307134809826, 13.078430034404802 ], [ 80.253042844589203, 13.078583347146672 ], [ 80.253033468587148, 13.078658445218343 ], [ 80.253033062163354, 13.078661701863828 ], [ 80.25310479320477, 13.078658784406578 ], [ 80.253149368884465, 13.078656971095079 ], [ 80.253189107025065, 13.078655353561617 ], [ 80.253335723252761, 13.078655778371189 ], [ 80.253660043975529, 13.078689614069635 ], [ 80.254130476610058, 13.078745035902886 ], [ 80.25426672162439, 13.078764517833516 ], [ 80.254667242877048, 13.078821787549737 ], [ 80.254672202541727, 13.079036469996069 ], [ 80.254614162426009, 13.07931665872489 ], [ 80.254609038698845, 13.079476014988122 ], [ 80.254733715865228, 13.080082082810105 ], [ 80.254821737189829, 13.080480758553016 ], [ 80.254830088457254, 13.080815882564925 ], [ 80.254869463867877, 13.081062659303136 ], [ 80.254897778725237, 13.081479394045109 ], [ 80.254894202586414, 13.081494151070087 ], [ 80.254895818832992, 13.081503292643596 ], [ 80.254903050840454, 13.081509276690221 ], [ 80.25491071706395, 13.081509807873777 ], [ 80.255784900649147, 13.08132448458489 ], [ 80.255793833735751, 13.081367930778631 ], [ 80.255803498686987, 13.081414931671645 ], [ 80.255803316847832, 13.081414974549041 ], [ 80.255803016857158, 13.081415046020233 ], [ 80.255799093726409, 13.081416039276775 ], [ 80.2557883157763, 13.081418753356838 ], [ 80.255774726862214, 13.081428381867829 ], [ 80.255772353541005, 13.081432999995727 ], [ 80.255769766819213, 13.081438035247615 ], [ 80.255764619539718, 13.081444302773773 ], [ 80.255759867559348, 13.08145009040631 ], [ 80.255759846639791, 13.081457372749254 ], [ 80.255759806866521, 13.081470633588921 ], [ 80.255759467423729, 13.081479860845912 ], [ 80.255760532790319, 13.081485393985776 ], [ 80.255850135370352, 13.081950782948844 ], [ 80.255909176971514, 13.082241348638947 ], [ 80.255974812309603, 13.082551482960625 ], [ 80.256050446967393, 13.082884855007505 ], [ 80.256096513412984, 13.083124118916274 ], [ 80.256122794827888, 13.083325139765979 ], [ 80.2561185654437, 13.083620229452135 ], [ 80.256118265813697, 13.083679860380375 ], [ 80.256140201858713, 13.083704606351645 ], [ 80.256221954948316, 13.08373041799789 ], [ 80.256572113991552, 13.083821401352832 ], [ 80.256561051079373, 13.083883162323955 ], [ 80.256436788992403, 13.08433505127204 ], [ 80.256435951567923, 13.084338090578852 ], [ 80.256436311798566, 13.084338541002284 ], [ 80.256436515044086, 13.084340897020837 ], [ 80.256437132657595, 13.08434318280128 ], [ 80.256438144557862, 13.084345327758379 ], [ 80.256441223754223, 13.084348945277066 ], [ 80.25644537760364, 13.084351312673771 ], [ 80.256815066442059, 13.084485168434373 ], [ 80.256799513559471, 13.084509589425949 ], [ 80.256465955269718, 13.084395371973304 ], [ 80.256437011702261, 13.08438661555582 ], [ 80.256435784806271, 13.084386342571486 ], [ 80.256430980064295, 13.084386329637299 ], [ 80.256426459204235, 13.084387927895516 ], [ 80.256422769784351, 13.084390945425033 ], [ 80.256421380391359, 13.084392878213286 ], [ 80.256419983254403, 13.084396163657907 ], [ 80.25595387828163, 13.086091166386957 ], [ 80.255912635834576, 13.08626022724652 ], [ 80.255912810037913, 13.08626057857701 ], [ 80.255561533591688, 13.086130265635809 ], [ 80.255561151236066, 13.086130118053266 ], [ 80.25543299598246, 13.086079359362794 ], [ 80.255434491226694, 13.086090413863449 ], [ 80.255367300578271, 13.086319882390951 ], [ 80.255348167394061, 13.086385226837566 ], [ 80.255347976040539, 13.086386286908237 ], [ 80.255341635258588, 13.086421365009754 ], [ 80.255341520831152, 13.086421995808925 ], [ 80.255336817887695, 13.086436606718538 ], [ 80.255320955822739, 13.086485881269311 ], [ 80.255311688665117, 13.086514671281506 ], [ 80.255301302899085, 13.086553815638537 ], [ 80.25529139107563, 13.086591173765461 ], [ 80.255278106578444, 13.086641243303697 ], [ 80.25525882216607, 13.086713927571509 ], [ 80.255253366175111, 13.086734492249198 ], [ 80.255252631263005, 13.086735945885367 ], [ 80.255225849683455, 13.086788907882628 ], [ 80.255207403052751, 13.086858432586181 ], [ 80.255187142714391, 13.086934795013885 ], [ 80.255165451705835, 13.087015764713156 ], [ 80.255154081575711, 13.087056786948924 ], [ 80.255138848954914, 13.087111749790926 ], [ 80.255135477914834, 13.087123913261442 ], [ 80.255124809981169, 13.087162394016495 ], [ 80.25512476333698, 13.087162568391832 ], [ 80.25511960745655, 13.087181173632832 ], [ 80.255098558740599, 13.087257115130868 ], [ 80.255070182295995, 13.087359496789924 ], [ 80.255038683140242, 13.087472427734022 ], [ 80.255033687990277, 13.087490337204784 ], [ 80.255023020739088, 13.08752857924706 ], [ 80.255009457279129, 13.087577206668174 ], [ 80.254975969145235, 13.087697265969467 ], [ 80.25494772789753, 13.087798515038532 ], [ 80.254919149560124, 13.087876556926892 ], [ 80.254906572588752, 13.087910903595375 ], [ 80.25490083235772, 13.087926581162639 ], [ 80.25486991119817, 13.088011024320254 ], [ 80.254839733759454, 13.088124233012909 ], [ 80.254812457699799, 13.088226558126363 ], [ 80.254801511673378, 13.088267607783214 ], [ 80.25480144912504, 13.088267856256637 ], [ 80.254796676252397, 13.088285761840826 ], [ 80.254763516161546, 13.088410158571126 ], [ 80.25471988572319, 13.08857383680656 ], [ 80.254714306780386, 13.08859476731007 ], [ 80.25470533272977, 13.088633091981388 ], [ 80.254702026802562, 13.088647207790707 ], [ 80.25466362771931, 13.088808596319831 ], [ 80.2546238432069, 13.088966883964961 ], [ 80.254620925621325, 13.088977619199655 ], [ 80.254606584888776, 13.089030377422826 ], [ 80.254606565306219, 13.089030447893581 ], [ 80.254565674305837, 13.089183355072095 ], [ 80.254538050438569, 13.0892831600411 ], [ 80.254520106424593, 13.089347364015463 ], [ 80.254517592553611, 13.089356356219731 ], [ 80.25450499054169, 13.089401440116823 ], [ 80.254504922422896, 13.08940170032858 ], [ 80.254502924196856, 13.089408846749107 ], [ 80.254497946856333, 13.089423565345633 ], [ 80.254461506552573, 13.089531314419659 ], [ 80.254456499425928, 13.089546120635994 ], [ 80.254446287343114, 13.089578023730072 ], [ 80.254412329613928, 13.089684108106702 ], [ 80.254403491605487, 13.089713355926769 ], [ 80.254400938779142, 13.089721802786361 ], [ 80.254387718109129, 13.089765550293391 ], [ 80.254383676440085, 13.089778924337512 ], [ 80.254370425019374, 13.089822773024304 ], [ 80.254337564194898, 13.089938294034269 ], [ 80.254334538032325, 13.089948931296815 ], [ 80.254330797745737, 13.089962079257194 ], [ 80.254317932340683, 13.089998411567707 ], [ 80.254297485736188, 13.090056155942117 ], [ 80.254288075234811, 13.090084364084527 ], [ 80.254271969262504, 13.090131461429628 ], [ 80.254269145396179, 13.090140468105613 ], [ 80.2542404902714, 13.090231907133363 ], [ 80.254236076565846, 13.090245988988599 ], [ 80.254212351224069, 13.090326871300189 ], [ 80.254208005418292, 13.090341684845598 ], [ 80.254190533639573, 13.090405538416087 ], [ 80.254167186691319, 13.090499529946308 ], [ 80.25416717359802, 13.090499589585413 ], [ 80.253702909565845, 13.090429939867064 ], [ 80.253682481369424, 13.090606547137064 ], [ 80.253679487701234, 13.0906324256123 ], [ 80.254157808655663, 13.090668118244244 ], [ 80.254157795652532, 13.090668454567631 ], [ 80.254153153854276, 13.090788720034711 ], [ 80.254149213330308, 13.090890813185128 ], [ 80.254147844807179, 13.090926267280743 ], [ 80.254145339890044, 13.090991148771188 ], [ 80.254144517063111, 13.091004956180232 ], [ 80.254143411811825, 13.091012991289137 ], [ 80.254137845920454, 13.091053463295214 ], [ 80.254135556985773, 13.091082420793329 ], [ 80.254133988210214, 13.091102263363538 ], [ 80.254133710360406, 13.091171630677456 ], [ 80.254134758408185, 13.091200090566591 ], [ 80.254135389175985, 13.091233877677183 ], [ 80.254134098929512, 13.091264773041107 ], [ 80.254133978683882, 13.091267642611969 ], [ 80.254130534661257, 13.091301268751929 ], [ 80.254127181912452, 13.091321724635227 ], [ 80.254125065776265, 13.091334634055498 ], [ 80.254122646398883, 13.091345318276835 ], [ 80.254117595442139, 13.091367621044737 ], [ 80.254115612951182, 13.09137443295273 ], [ 80.25410814522192, 13.091400114044635 ], [ 80.254099402822675, 13.091412875914745 ], [ 80.254093378972044, 13.091419758422228 ], [ 80.254089189685217, 13.091424541264201 ], [ 80.254077644672648, 13.09143494412219 ], [ 80.254064930560304, 13.091443942096076 ], [ 80.254051222983023, 13.091451410914384 ], [ 80.254036714124879, 13.091457244437418 ], [ 80.254021605323459, 13.091461360061066 ], [ 80.254006107053513, 13.091463704141949 ], [ 80.25399043526447, 13.091464242944884 ], [ 80.253982308661918, 13.091465479899526 ], [ 80.253947057707478, 13.091470842944073 ], [ 80.253937234408298, 13.091471891439895 ], [ 80.253903416668749, 13.091475492727346 ], [ 80.253859604434638, 13.091478178094324 ], [ 80.253815713258845, 13.091478895694991 ], [ 80.253771837234481, 13.091477643993075 ], [ 80.253752492715918, 13.091476220905244 ], [ 80.253729402131782, 13.091474522956839 ], [ 80.25372806675405, 13.09147442505844 ], [ 80.253698243399086, 13.091470577349655 ], [ 80.253538554203175, 13.091449979002748 ], [ 80.253449611578802, 13.09143850604617 ], [ 80.253328053605244, 13.091422824593268 ], [ 80.25326900810829, 13.091415208581703 ], [ 80.253185109219245, 13.091404386684873 ], [ 80.253129165567884, 13.091397170231639 ], [ 80.253064086080968, 13.091388775376048 ], [ 80.253000481455118, 13.091381026752895 ], [ 80.252993901072259, 13.09138187934818 ], [ 80.252987458001925, 13.091380325371375 ], [ 80.252971818959011, 13.091379182403065 ], [ 80.252892873744486, 13.09137318507524 ], [ 80.252815556991592, 13.091364308054088 ], [ 80.252814459685865, 13.091364181906082 ], [ 80.252783874979457, 13.091363828413693 ], [ 80.252609703231343, 13.091361807665558 ], [ 80.252465525988342, 13.09136437568524 ], [ 80.252334427587158, 13.091366712069672 ], [ 80.252220395984253, 13.09136840704037 ], [ 80.252168826421993, 13.091369174445877 ], [ 80.252124899933079, 13.09136998840621 ], [ 80.252101563126672, 13.091370418980468 ], [ 80.252005831055769, 13.091374406587029 ], [ 80.251956496170308, 13.091376210306617 ], [ 80.251815690916672, 13.091381356557356 ], [ 80.251749857556391, 13.091383765229059 ], [ 80.251749558660578, 13.091383775212686 ], [ 80.251749287431807, 13.091383787084929 ], [ 80.251659084616307, 13.091387082610412 ], [ 80.251630458231745, 13.091390088322083 ], [ 80.251630476614579, 13.091390110076087 ], [ 80.25163002824354, 13.091390134093206 ], [ 80.251628994803653, 13.091390241407886 ], [ 80.251628681078202, 13.091390274857462 ], [ 80.251609185908421, 13.091392320571556 ], [ 80.251555035558596, 13.091389979882234 ], [ 80.251520389160959, 13.091388184925819 ], [ 80.251485901579329, 13.091384504273414 ], [ 80.251451674247591, 13.091378949069766 ], [ 80.251384429937218, 13.091362297633175 ], [ 80.251350434795683, 13.091350109911234 ], [ 80.251330202096867, 13.091342855621448 ], [ 80.25128016308625, 13.091322467305522 ], [ 80.251276885136278, 13.091321130435301 ], [ 80.251249539876881, 13.091308600317261 ], [ 80.251224576712659, 13.091297162143352 ], [ 80.251204350566596, 13.091286824556255 ], [ 80.251204077026728, 13.091286685420583 ], [ 80.251200917996215, 13.091285067689698 ], [ 80.251199125726373, 13.091284151059691 ], [ 80.251199009671197, 13.091284094662802 ], [ 80.251173378161724, 13.091270994441709 ], [ 80.251154982430279, 13.091259023760365 ], [ 80.25114505205633, 13.091250934943011 ], [ 80.251138003623183, 13.091245194546996 ], [ 80.25112416155747, 13.091231200830299 ], [ 80.251123049448978, 13.091229562817274 ], [ 80.251122607872176, 13.091227642832813 ], [ 80.251122602416885, 13.091227616595305 ], [ 80.251037444112512, 13.091096643563336 ], [ 80.251035118323941, 13.091080577395971 ], [ 80.251014296673546, 13.091082947439093 ], [ 80.250913879390879, 13.091094374329934 ], [ 80.250785354652763, 13.091104670708381 ], [ 80.250592262003892, 13.091115910662932 ], [ 80.250447125649032, 13.091127318710859 ], [ 80.250228716133563, 13.091151066730349 ], [ 80.250020933419449, 13.091168546823882 ], [ 80.249773474222849, 13.091190070696388 ], [ 80.249489251820222, 13.091234745117474 ], [ 80.249266228790034, 13.091248548118248 ], [ 80.249100903215265, 13.091294077953281 ], [ 80.249043213733088, 13.091309965864708 ], [ 80.249008231139058, 13.091240416443442 ], [ 80.248897883291619, 13.091040702160527 ], [ 80.248684508974421, 13.090666671927751 ], [ 80.248459394871674, 13.090283763419423 ], [ 80.248358940194407, 13.090092468677399 ], [ 80.248101132576778, 13.089736435904436 ], [ 80.247900243449465, 13.089524551900119 ], [ 80.247836439184383, 13.089457256592963 ], [ 80.247711626248616, 13.089326127205524 ], [ 80.247732169879185, 13.089297078337635 ], [ 80.247452405660468, 13.088907069149501 ], [ 80.247401232572003, 13.088835731752736 ], [ 80.247397245294295, 13.088829850995749 ], [ 80.247309967605062, 13.088708503061694 ], [ 80.247211500385987, 13.088571595628224 ], [ 80.247053854969977, 13.088402168855092 ], [ 80.246872699717514, 13.088237775766393 ], [ 80.246727099546632, 13.088073224114785 ], [ 80.246543491293608, 13.087843803903064 ], [ 80.246395461083182, 13.087634301981183 ], [ 80.246251190590527, 13.087453114975862 ], [ 80.2461118777764, 13.087310320929809 ], [ 80.245974954024931, 13.087216723802884 ], [ 80.2458103040899, 13.087121183859956 ], [ 80.24565016742747, 13.087031774789816 ], [ 80.245505639626387, 13.086953055432053 ], [ 80.245400653937978, 13.086881825306643 ], [ 80.245262544756145, 13.086775408302779 ], [ 80.245121517106114, 13.086670537910301 ], [ 80.244944052637322, 13.086582658284561 ], [ 80.244851272154676, 13.086550942599784 ], [ 80.244758321885925, 13.086471694680336 ], [ 80.2446124780719, 13.086332216352559 ], [ 80.244468753240824, 13.086513109351158 ], [ 80.244421246415158, 13.086574636369392 ], [ 80.244408511270464, 13.086576588319675 ], [ 80.244309586295103, 13.086690639558693 ], [ 80.244292311852249, 13.086710496637448 ], [ 80.244205515644339, 13.086810270843371 ], [ 80.244145244047658, 13.086883425440746 ], [ 80.244086248898213, 13.086961464601922 ], [ 80.24398856816704, 13.087081798069333 ], [ 80.243856337387697, 13.087249410072658 ], [ 80.243822355180015, 13.087297439886804 ], [ 80.243786505425618, 13.087344146812887 ], [ 80.243748841841168, 13.087389459576114 ], [ 80.243709421819204, 13.087433311433497 ], [ 80.243668306455902, 13.087475631131886 ], [ 80.243640857434229, 13.087503753425537 ], [ 80.243611980194729, 13.087530469125065 ], [ 80.243584776403893, 13.087553185952427 ], [ 80.243581755195905, 13.087555709746963 ], [ 80.243550257356546, 13.087579408600005 ], [ 80.243517569877767, 13.087601505346537 ], [ 80.243446070422067, 13.087645896976944 ], [ 80.243373011433363, 13.087687775779328 ], [ 80.243298482548951, 13.087727088667778 ], [ 80.243276304203775, 13.087738552123405 ], [ 80.243253324646375, 13.08774838477397 ], [ 80.24322966856414, 13.08775653363743 ], [ 80.243205465228897, 13.087762954787125 ], [ 80.243178464086881, 13.08776790926537 ], [ 80.243055613317154, 13.087790448636779 ], [ 80.243055243218805, 13.087790518078565 ], [ 80.242982421653437, 13.087802023767296 ], [ 80.242694951891636, 13.087847565629456 ], [ 80.242463340109694, 13.087876001006716 ], [ 80.242360191825611, 13.087883474315795 ], [ 80.242184720816908, 13.087895248985161 ], [ 80.242184191242188, 13.087895285406441 ], [ 80.242089063457357, 13.088014690638605 ], [ 80.242080488397193, 13.088032305380072 ], [ 80.242055120601364, 13.088074448610826 ], [ 80.242045778099325, 13.088086627795041 ], [ 80.241885756155625, 13.088295225556653 ], [ 80.241814275374665, 13.088392490409904 ], [ 80.2417574235877, 13.088473898871227 ], [ 80.241719642180939, 13.088530720445167 ], [ 80.241693932681684, 13.088570546988361 ], [ 80.24163967559852, 13.088650132953527 ], [ 80.24158341175449, 13.088728366663231 ], [ 80.241525175432571, 13.088805197582012 ], [ 80.241337440456974, 13.089087372747333 ], [ 80.241318540393763, 13.08911594758183 ], [ 80.241060436875841, 13.089506842959114 ], [ 80.240951779018914, 13.089671990853724 ], [ 80.24092534365839, 13.089717736734181 ], [ 80.240911525904437, 13.08974634727778 ], [ 80.2408976301666, 13.089775120345889 ], [ 80.2408887173751, 13.089796945778765 ], [ 80.240855304714671, 13.089864120409635 ], [ 80.240850572130554, 13.089874555350512 ], [ 80.240846977420134, 13.08988541860956 ], [ 80.240844598192595, 13.08989636772575 ], [ 80.240798772553745, 13.090046386937948 ], [ 80.240788858651953, 13.090079446739871 ], [ 80.240780151604071, 13.090108481004719 ], [ 80.24076660317013, 13.090153656253944 ], [ 80.24075801373526, 13.090195490629203 ], [ 80.240751727923367, 13.090236910427185 ], [ 80.240747258297375, 13.090278950419973 ], [ 80.240745009833432, 13.090325817203887 ], [ 80.240745060432388, 13.090387617180633 ], [ 80.240745087784006, 13.090388023244058 ], [ 80.24074946425533, 13.090453828867179 ], [ 80.240750048832211, 13.090470474983782 ], [ 80.240758186142841, 13.090559433603675 ], [ 80.240765205971002, 13.090636183225284 ], [ 80.240766513075201, 13.090648221888314 ], [ 80.240770917440841, 13.090884163378151 ], [ 80.240810367876918, 13.091435656709731 ], [ 80.240840291582899, 13.091815144376167 ], [ 80.240869530157951, 13.092208433435973 ], [ 80.240879322449217, 13.092340143568608 ], [ 80.240879247297912, 13.092341490595874 ], [ 80.240863694441359, 13.092604122100651 ], [ 80.240879657369163, 13.092786273640721 ], [ 80.240882700786472, 13.092807555555677 ], [ 80.240950002825045, 13.093278194591713 ], [ 80.240962561245709, 13.093366015163253 ], [ 80.240974826569243, 13.093434479706037 ], [ 80.240984073022176, 13.093491718846856 ], [ 80.24098408207476, 13.093491774933488 ], [ 80.24099788929297, 13.093577248273876 ], [ 80.241036245332211, 13.093793734609177 ], [ 80.241062797719877, 13.093941309278872 ], [ 80.241067349953795, 13.093966608440427 ], [ 80.241067366275075, 13.093966700716168 ], [ 80.241073411447005, 13.094000292106657 ], [ 80.241082033372152, 13.09404821621394 ], [ 80.241090872094603, 13.094097338110817 ], [ 80.241117884350231, 13.094233017654242 ], [ 80.241122718451521, 13.094258449656193 ], [ 80.241157764457796, 13.094442864441046 ], [ 80.241175999646671, 13.094538822260493 ], [ 80.241176011458293, 13.094538881067811 ], [ 80.24119407234889, 13.094633925137934 ], [ 80.241216870244344, 13.094753886435395 ], [ 80.241229791571811, 13.09481179282032 ], [ 80.241267883563268, 13.094948605340111 ], [ 80.241291470157734, 13.095033320778432 ], [ 80.241317531165109, 13.095126637850633 ], [ 80.241325853435541, 13.095156459116321 ], [ 80.241348965369482, 13.095239249030541 ], [ 80.241361191679644, 13.095281336310006 ], [ 80.241378897060912, 13.095341274917082 ], [ 80.241404624301097, 13.095431546580848 ], [ 80.241430917393714, 13.095523803706733 ], [ 80.241468834287417, 13.095638623893402 ], [ 80.241507329747151, 13.095755199007533 ], [ 80.241507597997057, 13.095756764955103 ], [ 80.241507270108528, 13.095758711623651 ], [ 80.241524265706573, 13.09580464308314 ], [ 80.241538438920898, 13.095842948413599 ], [ 80.241663511435945, 13.096171618818341 ], [ 80.241696883943106, 13.096268556041979 ], [ 80.241729784768665, 13.096361081219836 ], [ 80.241729813123428, 13.096361159968017 ], [ 80.241754983085372, 13.096431943691195 ], [ 80.241856751412428, 13.09671813884019 ], [ 80.241912947078617, 13.096892903755421 ], [ 80.241958230268963, 13.097046568883325 ], [ 80.241972917885676, 13.097095576834333 ], [ 80.241984088889183, 13.097128383962675 ], [ 80.24198941520018, 13.097144028598798 ], [ 80.242007700274087, 13.097191859010024 ], [ 80.242027746551287, 13.097239004696114 ], [ 80.242032109240839, 13.097253335419293 ], [ 80.242034513162281, 13.097268104345321 ], [ 80.242034919435881, 13.097283054569058 ], [ 80.242033320541935, 13.097297930181631 ], [ 80.242033402557311, 13.097312735685712 ], [ 80.242034514058517, 13.097513919273732 ], [ 80.242024035138883, 13.09751329442442 ], [ 80.242013621828079, 13.097514743082948 ], [ 80.24147507816663, 13.097612814637003 ], [ 80.241450033428279, 13.097617440979532 ], [ 80.241363391440316, 13.097634716654017 ], [ 80.241131958452087, 13.097661975408524 ], [ 80.24092635673685, 13.097688315362813 ], [ 80.240700476031506, 13.09770980322909 ], [ 80.240654226268873, 13.097714065066587 ], [ 80.240600866124566, 13.097718982297398 ], [ 80.240516026899741, 13.097726802417496 ], [ 80.240177560251695, 13.097749917662819 ], [ 80.239952286881916, 13.0977694535996 ], [ 80.23962412407738, 13.09778348873199 ], [ 80.239430464700078, 13.097800034109611 ], [ 80.239308297906476, 13.097808992444133 ], [ 80.239093788124947, 13.097820533753756 ], [ 80.238975885460192, 13.09782629462487 ], [ 80.238900380020439, 13.097830337809706 ], [ 80.238788007458254, 13.09784179143529 ], [ 80.238661710812735, 13.097854663277495 ], [ 80.238362690586484, 13.097902071574627 ], [ 80.238180430685986, 13.09794081956589 ], [ 80.238094961778032, 13.097958991835483 ], [ 80.237934254965651, 13.097993778754816 ], [ 80.237821802081555, 13.098018120076649 ], [ 80.237727076217581, 13.098038441257417 ], [ 80.237670411635108, 13.098050599733009 ], [ 80.237543231080849, 13.098077884851556 ], [ 80.237379674194074, 13.098107138375406 ], [ 80.237362874562265, 13.098110143063241 ], [ 80.237311101574491, 13.098119341128745 ], [ 80.23708493539786, 13.098161769659542 ], [ 80.237033929187447, 13.098170289983679 ], [ 80.236950962188672, 13.098184146322541 ], [ 80.23694536927907, 13.098185080986157 ], [ 80.236858919160227, 13.098199520140072 ], [ 80.236808330096437, 13.098207971126033 ], [ 80.236648041620128, 13.098238016878563 ], [ 80.23660826485046, 13.09824547266297 ], [ 80.236560640819022, 13.098253227105431 ], [ 80.236468728160304, 13.098268188855206 ], [ 80.236381932098141, 13.098282321205041 ], [ 80.236369659270267, 13.09828430664197 ], [ 80.23632468916496, 13.098291743388549 ], [ 80.236283938640312, 13.098298481926788 ], [ 80.236165154457623, 13.09831812456718 ], [ 80.236099932743471, 13.098328911004925 ], [ 80.236087100542932, 13.098330715741323 ], [ 80.236086843070851, 13.098330751146412 ], [ 80.236014942154384, 13.098340858622958 ], [ 80.235919640458846, 13.098354294708406 ], [ 80.235919001035455, 13.098354348874 ], [ 80.235635335981343, 13.098394234966639 ], [ 80.235463303276106, 13.098419301039865 ], [ 80.235461399230573, 13.098419935563626 ], [ 80.235460667179893, 13.098420412615397 ], [ 80.235452454451533, 13.098426747452899 ], [ 80.235444706055645, 13.098435662422439 ], [ 80.235438896219065, 13.098445911396652 ], [ 80.235436988990671, 13.098451763099161 ], [ 80.235435253117515, 13.098457088165622 ], [ 80.235433922949611, 13.098468747396181 ], [ 80.235484441415238, 13.098717915269843 ], [ 80.235549770669863, 13.099052949330467 ], [ 80.2356274944229, 13.099472216667895 ], [ 80.235631580981334, 13.099481754443433 ], [ 80.23563587516675, 13.09948857664136 ], [ 80.235640501650892, 13.099495926968082 ], [ 80.235646119571925, 13.099498258350504 ], [ 80.235654300275897, 13.099500521376333 ], [ 80.235656237693348, 13.099501032561852 ], [ 80.235656947938736, 13.099501046421379 ], [ 80.235730147319842, 13.099497744244694 ], [ 80.235740688333976, 13.099496797147255 ], [ 80.235755035854694, 13.099499884984469 ], [ 80.235767754551659, 13.099507086589009 ], [ 80.235777649159743, 13.099517728412842 ], [ 80.235783792937127, 13.099530808577754 ], [ 80.235785158148502, 13.099541581551044 ], [ 80.235825037729995, 13.099878925393433 ], [ 80.235860600319995, 13.100109185628398 ], [ 80.235860657343764, 13.100109539336451 ], [ 80.235861397142017, 13.100114328321343 ], [ 80.235864282119508, 13.100133021998827 ], [ 80.235865145805604, 13.100138617890114 ], [ 80.235865390000043, 13.100140196428834 ], [ 80.235910938552664, 13.100352704405395 ], [ 80.235948709165925, 13.100543628870069 ], [ 80.235994131299023, 13.100810336441706 ], [ 80.236022828448952, 13.101015412647826 ], [ 80.236023326202286, 13.101016431338561 ], [ 80.236024333739223, 13.101016960563358 ], [ 80.236024780137811, 13.101016983586511 ], [ 80.236056748631057, 13.101014656871472 ], [ 80.236233652705124, 13.100992304843984 ], [ 80.236341615350426, 13.100977331089783 ], [ 80.236346989164048, 13.100976571207292 ], [ 80.236363814572869, 13.100974248434223 ], [ 80.236369402430839, 13.10097347743063 ], [ 80.236540318338669, 13.100949773773083 ], [ 80.236540438312801, 13.100949756044443 ], [ 80.236617928349077, 13.100939010372565 ], [ 80.236626150712127, 13.100937950587438 ], [ 80.236626183928649, 13.1009379479732 ], [ 80.236694661111571, 13.100929140406036 ], [ 80.236775897254105, 13.100918688786901 ], [ 80.23677673886759, 13.100918580966423 ], [ 80.236799276118958, 13.100915662027884 ], [ 80.236853563904006, 13.100908698566343 ], [ 80.236854462734357, 13.100908582777224 ], [ 80.236921723623553, 13.100899931591323 ], [ 80.236927107375237, 13.100899238636188 ], [ 80.236930346286897, 13.100926740184706 ], [ 80.236930990826451, 13.100932215167445 ], [ 80.236944575998749, 13.10104808058084 ], [ 80.236944681185108, 13.101048970617232 ], [ 80.236950444559966, 13.101098136847176 ], [ 80.236970252961726, 13.101253737316176 ], [ 80.2369710716724, 13.101260167641085 ], [ 80.236976405396874, 13.101299981443207 ], [ 80.236976917580535, 13.101303804074993 ], [ 80.237043374258533, 13.101548241111535 ], [ 80.237043716307355, 13.101549498950734 ], [ 80.237056041891776, 13.101594835448628 ], [ 80.237061212749026, 13.101613854155371 ], [ 80.237062201585815, 13.101634835243972 ], [ 80.237064645148706, 13.101686667153002 ], [ 80.237075568556861, 13.101918333615497 ], [ 80.237084785230707, 13.102091051642333 ], [ 80.23710035945652, 13.102276372120086 ], [ 80.237100840022762, 13.102282075377646 ], [ 80.237103895852613, 13.102318413955363 ], [ 80.237104302542292, 13.102323244448906 ], [ 80.237104325621146, 13.102323538379641 ], [ 80.237112684977077, 13.102422988080859 ], [ 80.237118270263196, 13.102559354971767 ], [ 80.237135383288063, 13.102977089920179 ], [ 80.237139434686142, 13.103075960846581 ], [ 80.237139450365916, 13.103076261084746 ], [ 80.237139555160354, 13.103078177377881 ], [ 80.237143255450221, 13.103146381589964 ], [ 80.237174645554475, 13.103724962090672 ], [ 80.237176696062733, 13.103762748918705 ], [ 80.237196524856898, 13.104115200163147 ], [ 80.237216441448254, 13.104449934920963 ], [ 80.237226455276939, 13.104647199570161 ], [ 80.237248088381847, 13.104975126308622 ], [ 80.237250966737378, 13.105024172773227 ], [ 80.237270445349694, 13.10535617284312 ], [ 80.237277044100864, 13.105492967676994 ], [ 80.237285212351225, 13.105659298062488 ], [ 80.23734460244178, 13.105865029159879 ], [ 80.237304389933527, 13.106101341906188 ], [ 80.237304031990433, 13.106103445805905 ], [ 80.237305496877781, 13.106134599551849 ], [ 80.237327661103549, 13.10657436642169 ], [ 80.237329261614676, 13.106606113717854 ], [ 80.23734493497804, 13.106887533755909 ], [ 80.237354625682855, 13.10706154702835 ], [ 80.237327954449299, 13.107208766389894 ], [ 80.237274361979104, 13.107334257921041 ], [ 80.237098517665856, 13.107649834816202 ], [ 80.236741744333784, 13.107667016091563 ], [ 80.236080390667141, 13.107705293289166 ], [ 80.235622764722265, 13.10772943472846 ], [ 80.234968984667034, 13.107764657265761 ], [ 80.234298133858985, 13.107801407947001 ], [ 80.233464619099038, 13.107847894124161 ], [ 80.232821728976162, 13.107881516024175 ], [ 80.232273127414743, 13.107911619585037 ], [ 80.231850006970873, 13.10793413910144 ], [ 80.231414242979739, 13.107958428596877 ], [ 80.231005882327423, 13.107980900313802 ], [ 80.230558121873543, 13.108006508844889 ], [ 80.230140822418988, 13.108025968668146 ], [ 80.229684932605664, 13.108055248624408 ], [ 80.229560646882831, 13.108064019399494 ], [ 80.228990601286284, 13.108107614678978 ], [ 80.228677056099102, 13.108135068091464 ], [ 80.228227553740297, 13.10818670800521 ], [ 80.227908078082947, 13.108222642099168 ], [ 80.227427564185064, 13.108278772843148 ], [ 80.227049204542894, 13.108324411232726 ], [ 80.226799487549783, 13.10835449506412 ], [ 80.226377855192453, 13.108402417721894 ], [ 80.225970802337073, 13.108448936764319 ], [ 80.225737600201725, 13.108477893704643 ], [ 80.225461265694065, 13.108509133187697 ], [ 80.225217129626557, 13.108537975413896 ], [ 80.225086366892143, 13.108553515904594 ], [ 80.22507095572881, 13.108555332197032 ], [ 80.224782573171979, 13.108589312386336 ], [ 80.224211513759542, 13.108655697585816 ], [ 80.224097375891532, 13.108670074188767 ], [ 80.223721883788755, 13.108712615795376 ], [ 80.223412089707594, 13.10874965843116 ], [ 80.223273597791717, 13.1087659251763 ], [ 80.222619934242246, 13.108843656771876 ], [ 80.22229187034543, 13.108882089635832 ], [ 80.222068081076472, 13.108909715330933 ], [ 80.221652081794403, 13.108955296267698 ], [ 80.221176462582179, 13.109009557408326 ], [ 80.220755558846164, 13.109059914257479 ], [ 80.220478248914176, 13.109092711432186 ], [ 80.220165964549665, 13.109129380904946 ], [ 80.219739055026636, 13.109179180810019 ], [ 80.219469507627579, 13.109211090772938 ], [ 80.21936925898234, 13.109222318246083 ], [ 80.218735032912207, 13.109296300236176 ], [ 80.218348649312219, 13.109340338011814 ], [ 80.218004253144557, 13.109379800832894 ], [ 80.217743648629863, 13.109409752313955 ], [ 80.217154625397114, 13.109479084413501 ], [ 80.21696457796331, 13.109501452607015 ], [ 80.215836667569263, 13.109629956655594 ], [ 80.215493976165263, 13.109674170057264 ], [ 80.215068463166418, 13.109722966340842 ], [ 80.214633901158251, 13.109774446897136 ], [ 80.214153472945213, 13.109831753579977 ], [ 80.213679601552002, 13.109886459027321 ], [ 80.21319724304216, 13.109941769705848 ], [ 80.212938779578721, 13.109974060122868 ], [ 80.212940191217413, 13.109980950722136 ], [ 80.212469047559807, 13.110026258700163 ], [ 80.212194592874454, 13.110057607058142 ], [ 80.211823511123043, 13.110104666418499 ], [ 80.211463336395042, 13.110144884984761 ], [ 80.211255648231898, 13.110171060328311 ], [ 80.211166360832166, 13.110182313596585 ], [ 80.210836180539772, 13.110217922222878 ], [ 80.210300108599, 13.110280658074737 ], [ 80.209882610305101, 13.11032804524309 ], [ 80.209536842837394, 13.110367289853746 ], [ 80.209136430725422, 13.110412626879048 ], [ 80.208557902967215, 13.110481558058792 ], [ 80.207699477737151, 13.110588145808308 ], [ 80.207493843581545, 13.110616266583298 ], [ 80.206647067125672, 13.110756432792597 ], [ 80.206649803951677, 13.110777507840485 ], [ 80.206672300576827, 13.110953711564468 ], [ 80.206691796314246, 13.1111169780007 ], [ 80.206731348374461, 13.111268015584624 ], [ 80.206733572876033, 13.11135973036613 ], [ 80.206764178236455, 13.111567041329243 ], [ 80.206777030212464, 13.111635900270615 ], [ 80.20682497873517, 13.111994567421567 ], [ 80.206830317062312, 13.112033764930063 ], [ 80.206839126248795, 13.112098448552475 ], [ 80.206855089086744, 13.112298536097962 ], [ 80.206859385061151, 13.11239155294879 ], [ 80.206861201824225, 13.112432030792748 ], [ 80.206866121433478, 13.112539434251037 ], [ 80.206867943052302, 13.112813895444779 ], [ 80.206853587822167, 13.113032196695018 ], [ 80.206848603287469, 13.113122391942269 ], [ 80.206844202932331, 13.113186314259499 ], [ 80.206837632912752, 13.113250219950716 ], [ 80.206835012676336, 13.113290628977335 ], [ 80.206834911822, 13.113300222979499 ], [ 80.206842993166092, 13.113391108558014 ], [ 80.206841262271169, 13.113643370988061 ], [ 80.206837770116479, 13.113869497030008 ], [ 80.20682305021873, 13.114173619705783 ], [ 80.206819244453627, 13.11421463359552 ], [ 80.20680759219691, 13.114340176420942 ], [ 80.206776613667884, 13.114673763439516 ], [ 80.206771416560258, 13.114796575600833 ], [ 80.20676901981895, 13.114846391549571 ], [ 80.206764475841283, 13.115106197040792 ], [ 80.206766903422817, 13.115205630549582 ], [ 80.206770483961932, 13.115378795787711 ], [ 80.206773261902484, 13.115377558374355 ], [ 80.206770465606979, 13.115434311808805 ], [ 80.206765626345728, 13.11549152008647 ], [ 80.206762262891772, 13.115526342566135 ], [ 80.206757572265616, 13.115583226698206 ], [ 80.206748925281374, 13.115652687619136 ], [ 80.206730194388484, 13.115718401283885 ], [ 80.206697807053203, 13.115831195412081 ], [ 80.206683534103391, 13.115865988811924 ], [ 80.206662386651175, 13.115906816367509 ], [ 80.2066239410278, 13.1159733219486 ], [ 80.206611659573994, 13.115992633686881 ], [ 80.206587566423991, 13.116031192602717 ], [ 80.206538698670926, 13.116101310837088 ], [ 80.206515190800687, 13.116139735015546 ], [ 80.206493471236072, 13.116179156591535 ], [ 80.206473586343236, 13.116219500661035 ], [ 80.206455574220783, 13.116260681444235 ], [ 80.206439473884046, 13.116302614972554 ], [ 80.206424186130903, 13.116346893746838 ], [ 80.206410878876056, 13.116391786233995 ], [ 80.206399579142669, 13.116437208428426 ], [ 80.20639030844211, 13.116483069073992 ], [ 80.206383082733439, 13.116529282322574 ], [ 80.206377917987353, 13.116575758709239 ], [ 80.206372404348798, 13.116680680552365 ], [ 80.206369373784383, 13.116785701367759 ], [ 80.206368828336551, 13.116890760581557 ], [ 80.206371082615263, 13.117130167733963 ], [ 80.206371641356526, 13.117189511128419 ], [ 80.206372119552668, 13.117240315149736 ], [ 80.206375633606427, 13.117312731317037 ], [ 80.206387638364006, 13.117424009302654 ], [ 80.206390928919689, 13.117454512181816 ], [ 80.206408504278215, 13.117617420931246 ], [ 80.206413755135671, 13.117666057858028 ], [ 80.206417093541958, 13.11770810461582 ], [ 80.206423010719035, 13.117749756956751 ], [ 80.206431492943736, 13.117790979575185 ], [ 80.206442509327729, 13.117831624089421 ], [ 80.206456019772062, 13.117871537568375 ], [ 80.206479959822602, 13.117947228331506 ], [ 80.206501717037426, 13.118023549818155 ], [ 80.20652127316454, 13.118100439583776 ], [ 80.206538611794016, 13.118177836093588 ], [ 80.206545248001277, 13.118240949672888 ], [ 80.206549669572908, 13.118304249924677 ], [ 80.206551873060718, 13.118367660886815 ], [ 80.206551853162836, 13.118431109303945 ], [ 80.206549611043641, 13.118494519227985 ], [ 80.206539024432914, 13.118741260427788 ] ] ] } },
{ "type": "Feature", "properties": { "objectid": 13, "zone": "13", "st_area(shape)": 40354890.538150035, "st_perimeter(shape)": 37837.676679492222 }, "geometry": { "type": "Polygon", "coordinates": [ [ [ 80.239519450006128, 13.031207648557311 ], [ 80.239376385161293, 13.031459682421291 ], [ 80.239260196703555, 13.031668210060472 ], [ 80.23918779459818, 13.031792051575476 ], [ 80.239160185379745, 13.031833836661244 ], [ 80.239145621259084, 13.031852791086214 ], [ 80.239143242860337, 13.031855220010605 ], [ 80.239143034949834, 13.031855355933958 ], [ 80.239142922215791, 13.031855429747148 ], [ 80.239141241379755, 13.031856527028557 ], [ 80.239139265831582, 13.031856891948967 ], [ 80.23913728970129, 13.031856541647558 ], [ 80.238991463313781, 13.031802365234769 ], [ 80.238720992937459, 13.031725645353973 ], [ 80.238495471853852, 13.031663666405663 ], [ 80.238268831044905, 13.031599673040601 ], [ 80.238011661856717, 13.031527536033911 ], [ 80.237784275648693, 13.031462209087298 ], [ 80.237638119576303, 13.031416804393404 ], [ 80.237663296273411, 13.031251744938826 ], [ 80.237674221008973, 13.031218775689412 ], [ 80.237457515447758, 13.031149741037499 ], [ 80.237282774846747, 13.031089076904378 ], [ 80.237181754721561, 13.031042311072223 ], [ 80.237181350450513, 13.03104212361764 ], [ 80.237180533617035, 13.031041745971484 ], [ 80.237177600892636, 13.031041789782298 ], [ 80.237172355192655, 13.031040059983658 ], [ 80.237167996056513, 13.031036716090282 ], [ 80.237106950054155, 13.031075019014448 ], [ 80.23700974411328, 13.030977386987768 ], [ 80.236803138040813, 13.030777674442596 ], [ 80.236631862041648, 13.030604919562139 ], [ 80.236498631001666, 13.030475951184942 ], [ 80.236288179371471, 13.030275305559043 ], [ 80.236049593237126, 13.030050172572052 ], [ 80.23598295598967, 13.029985046662782 ], [ 80.235930039551505, 13.029933330644118 ], [ 80.235809462636666, 13.029815491032236 ], [ 80.235567934078361, 13.029590246789599 ], [ 80.235418143970648, 13.029440959683775 ], [ 80.235287136565077, 13.0293183330045 ], [ 80.235261934116281, 13.029293955642268 ], [ 80.235182021887454, 13.029216657863163 ], [ 80.234951704346855, 13.028988199207051 ], [ 80.234816143765542, 13.028854118973204 ], [ 80.234702852411218, 13.02874704316136 ], [ 80.234701173677436, 13.028745955881208 ], [ 80.234699209806934, 13.028745527822746 ], [ 80.234697219757507, 13.028745816714991 ], [ 80.234696072353884, 13.028746482432709 ], [ 80.234602278171124, 13.028746835699891 ], [ 80.234603115641605, 13.02874589509578 ], [ 80.234603934545973, 13.028744093641563 ], [ 80.234604042037802, 13.028742123714347 ], [ 80.234603424403872, 13.028740246586494 ], [ 80.234602162960087, 13.028738709343836 ], [ 80.234541968050422, 13.02868795443416 ], [ 80.234502968261097, 13.028655070263452 ], [ 80.234300800348237, 13.028482856580478 ], [ 80.234140927346616, 13.028351637412936 ], [ 80.234040736045415, 13.028275208001329 ], [ 80.234026470065245, 13.028266123877559 ], [ 80.2340198262972, 13.028262931418304 ], [ 80.234012529967174, 13.028261726263031 ], [ 80.234005184802015, 13.028262607849069 ], [ 80.233998400589726, 13.028265503834362 ], [ 80.233992737837667, 13.028270173550643 ], [ 80.233989637090332, 13.028274788448675 ], [ 80.234008519355385, 13.028223932554628 ], [ 80.234004541613416, 13.02822194603416 ], [ 80.233990854869973, 13.028214929709696 ], [ 80.233978126190379, 13.028207942437605 ], [ 80.233963213863206, 13.028200325719993 ], [ 80.23395804655307, 13.028197122251379 ], [ 80.233933442743862, 13.028183277717925 ], [ 80.233898384335788, 13.028158859350299 ], [ 80.233893840162466, 13.028153041881428 ], [ 80.233892491071217, 13.028150620072273 ], [ 80.233890756650567, 13.02814725133455 ], [ 80.233890554792254, 13.028146618704511 ], [ 80.233890284705282, 13.028145381869454 ], [ 80.233890288007743, 13.028144307693642 ], [ 80.233890290651374, 13.028143447810466 ], [ 80.233890462584753, 13.028141215857191 ], [ 80.233892472453277, 13.02813087959669 ], [ 80.233896838235694, 13.028113133174406 ], [ 80.233926562451785, 13.028014046930753 ], [ 80.233931807917216, 13.027992726105476 ], [ 80.233934683745758, 13.027968880993312 ], [ 80.233934652433703, 13.027944869054842 ], [ 80.233931711086811, 13.027921032067898 ], [ 80.233926186264625, 13.027898835796092 ], [ 80.233909024023802, 13.027847958372112 ], [ 80.233889292927643, 13.027798767819304 ], [ 80.233866819437196, 13.027750719297824 ], [ 80.233842324198221, 13.027705176657239 ], [ 80.233809994217808, 13.027646393310137 ], [ 80.233775186707277, 13.027588090902283 ], [ 80.233738316189772, 13.027531019332935 ], [ 80.233700257632435, 13.02747643892536 ], [ 80.233681134410574, 13.0274482121464 ], [ 80.233658415576116, 13.027419392433634 ], [ 80.23363365268078, 13.027392236727067 ], [ 80.233606970706916, 13.027366886450331 ], [ 80.233578507585975, 13.027343470406583 ], [ 80.233549152148157, 13.027322638628055 ], [ 80.233493357123521, 13.02728640705506 ], [ 80.233436069376978, 13.027252483991406 ], [ 80.23337739016327, 13.027220929412531 ], [ 80.233318676730832, 13.027192409203566 ], [ 80.233208276569982, 13.027138187117217 ], [ 80.233096309237283, 13.027085604179014 ], [ 80.232970001812362, 13.027030690242215 ], [ 80.232968341622126, 13.027029576784866 ], [ 80.232967197574638, 13.027027954887924 ], [ 80.232966721171863, 13.027026038390048 ], [ 80.232966774397866, 13.027024924577439 ], [ 80.232985080754545, 13.026905935846804 ], [ 80.233014983639208, 13.026716193684875 ], [ 80.23301564687813, 13.026714333906504 ], [ 80.233016945325573, 13.026712830452574 ], [ 80.233018706850714, 13.026711879928637 ], [ 80.2330206986653, 13.02671161185023 ], [ 80.233022657847059, 13.026712058894722 ], [ 80.233023299608192, 13.026712383591656 ], [ 80.232957758274225, 13.026677347358776 ], [ 80.23284874046044, 13.02659985882182 ], [ 80.232726135711417, 13.026539611935963 ], [ 80.232657046223338, 13.026508669277298 ], [ 80.232628241065456, 13.026495767026042 ], [ 80.232586658287374, 13.026478936188919 ], [ 80.232520949991141, 13.026452940417681 ], [ 80.232456812424047, 13.026428662733345 ], [ 80.23241617862378, 13.026413917948334 ], [ 80.23236917357562, 13.026397048417673 ], [ 80.232302824204666, 13.026376508424674 ], [ 80.232215768265107, 13.026350565096747 ], [ 80.232139004586287, 13.026328879344577 ], [ 80.23202969257747, 13.026297621172475 ], [ 80.231973567012716, 13.026281718265354 ], [ 80.231931638363235, 13.026270318714184 ], [ 80.231931290072353, 13.026270223645858 ], [ 80.231882918980006, 13.026257061708726 ], [ 80.231832637799016, 13.026243385944591 ], [ 80.231697380661956, 13.026205747602686 ], [ 80.231598140574235, 13.026178155781293 ], [ 80.231549107672564, 13.026164904114969 ], [ 80.231482780048495, 13.026149917556587 ], [ 80.231342476933918, 13.02609581041637 ], [ 80.23124067416326, 13.026081983581141 ], [ 80.231246720831109, 13.0260852909779 ], [ 80.231251530565501, 13.02609018790038 ], [ 80.231254689689436, 13.026096251766447 ], [ 80.231255923163772, 13.026102959135178 ], [ 80.231255125804282, 13.026109730104844 ], [ 80.231249492100005, 13.026142354883419 ], [ 80.231213434790121, 13.026351659804831 ], [ 80.231197126038495, 13.026448817958448 ], [ 80.231190042625229, 13.026491016585229 ], [ 80.231157737318924, 13.026649879372027 ], [ 80.231112691623892, 13.026829498161712 ], [ 80.231101591056131, 13.026873822388072 ], [ 80.231074143553698, 13.026988493413141 ], [ 80.231018196370314, 13.027243798126509 ], [ 80.230990243546444, 13.02736470478105 ], [ 80.230963787417579, 13.027487696425627 ], [ 80.230938843123468, 13.027612947615506 ], [ 80.230924238131664, 13.027708683061965 ], [ 80.230912472027086, 13.02780368639287 ], [ 80.230903522961455, 13.027897567835454 ], [ 80.23089879554648, 13.027950848028668 ], [ 80.230894601239441, 13.027998124133113 ], [ 80.230878398251463, 13.028180739932408 ], [ 80.230826850099987, 13.02871812607367 ], [ 80.230784335433171, 13.02912497218165 ], [ 80.230768051235103, 13.029280657137416 ], [ 80.230765629098954, 13.029303808215154 ], [ 80.230761773028931, 13.029340676210316 ], [ 80.230753792954275, 13.02941696214145 ], [ 80.230748016386798, 13.029474300856798 ], [ 80.230739674345713, 13.02955879942767 ], [ 80.230729553219575, 13.029676507449382 ], [ 80.230702191278027, 13.029951452785891 ], [ 80.230689744147199, 13.030084453794776 ], [ 80.230686674974748, 13.030123913738203 ], [ 80.230673644869483, 13.030396425912233 ], [ 80.23065492467093, 13.030675540804319 ], [ 80.230654854656066, 13.030676114760821 ], [ 80.230654155455824, 13.030677963574002 ], [ 80.230652828446395, 13.0306794470367 ], [ 80.230651046693836, 13.030680365835414 ], [ 80.230649049415973, 13.030680600422247 ], [ 80.230544523197707, 13.030674018595171 ], [ 80.230434689096555, 13.030664066398169 ], [ 80.230325190782423, 13.030651097851063 ], [ 80.230274768348011, 13.030644088866859 ], [ 80.230224661719575, 13.030635155778292 ], [ 80.230174948317213, 13.030624313282694 ], [ 80.230125704635967, 13.030611576978924 ], [ 80.230078623570051, 13.030592852273259 ], [ 80.230032424130584, 13.03057561938904 ], [ 80.229925340124467, 13.030527466552551 ], [ 80.229844829309187, 13.030498670095524 ], [ 80.229691538106962, 13.030437325069697 ], [ 80.229539132250366, 13.030373905651539 ], [ 80.229467486848506, 13.03034293733803 ], [ 80.229445884740187, 13.030333600584573 ], [ 80.229387640290952, 13.030308424586382 ], [ 80.229369836438835, 13.030303646320519 ], [ 80.229343061554061, 13.030296460630067 ], [ 80.22934262295459, 13.030296342684597 ], [ 80.229297120226931, 13.030286153621518 ], [ 80.229251216894937, 13.030277874828711 ], [ 80.229204995903928, 13.030271522828119 ], [ 80.22915854113819, 13.03026710871938 ], [ 80.229154106112389, 13.030266874000183 ], [ 80.229121842921259, 13.030265164047011 ], [ 80.229111935570927, 13.030264639982672 ], [ 80.229065267722476, 13.03026411959376 ], [ 80.229018618727238, 13.030265553219113 ], [ 80.228856762675619, 13.030283724316238 ], [ 80.228615288748514, 13.03031299876494 ], [ 80.228611570403245, 13.030313315920427 ], [ 80.228574907202656, 13.030316443811154 ], [ 80.228289576058188, 13.030340783413381 ], [ 80.228208366081304, 13.030350523898365 ], [ 80.228160015934023, 13.030356323182325 ], [ 80.22807185739866, 13.030366898298412 ], [ 80.227774164764071, 13.030399376241427 ], [ 80.22762768611571, 13.030410423016638 ], [ 80.227613932234974, 13.030411405574984 ], [ 80.227600168342235, 13.030410560724146 ], [ 80.227586646155203, 13.030407901873092 ], [ 80.227354064686239, 13.030442248852644 ], [ 80.227041646959776, 13.030479572834642 ], [ 80.22700995876896, 13.030483358222446 ], [ 80.226627225253182, 13.03052046382232 ], [ 80.226293387716566, 13.030551204627962 ], [ 80.226085746984083, 13.030568849381391 ], [ 80.226077049423694, 13.030567179581665 ], [ 80.226068945970269, 13.030563659764601 ], [ 80.226061841846359, 13.030558464745802 ], [ 80.226019257024376, 13.030564317010386 ], [ 80.225830260422228, 13.030630882642869 ], [ 80.225830222573279, 13.03063089518853 ], [ 80.225725625727549, 13.030250083031516 ], [ 80.225550898634879, 13.029610167679591 ], [ 80.225402206955863, 13.02906330026288 ], [ 80.22520581515731, 13.028344608891524 ], [ 80.225132924789918, 13.028077661631897 ], [ 80.225036563610246, 13.027723974386745 ], [ 80.224932434210686, 13.027339155056493 ], [ 80.224819358936216, 13.026927385629913 ], [ 80.224734679122079, 13.02661571589597 ], [ 80.224684628445445, 13.026430844602968 ], [ 80.224622974562394, 13.02620372444648 ], [ 80.224548833135529, 13.025933474800834 ], [ 80.224462154751748, 13.025616142368632 ], [ 80.224376816980978, 13.025298354591273 ], [ 80.224373553410118, 13.0252862032973 ], [ 80.22454542413081, 13.02530265206113 ], [ 80.224733102119785, 13.025313092587766 ], [ 80.224978733091092, 13.02532121969455 ], [ 80.22518326143252, 13.025333631683687 ], [ 80.225220515881659, 13.025335865166543 ], [ 80.225605298753209, 13.025312445100363 ], [ 80.225766436179143, 13.025307004791632 ], [ 80.225977307568414, 13.025294683656316 ], [ 80.226134490609141, 13.025279768907575 ], [ 80.22621227371603, 13.025272202389202 ], [ 80.226410437057254, 13.025252895132178 ], [ 80.2266394077554, 13.025233196781354 ], [ 80.226784638461922, 13.025222137637446 ], [ 80.226928882730363, 13.025203252370744 ], [ 80.227062561948145, 13.025185750590742 ], [ 80.227198631088513, 13.025168358038787 ], [ 80.227242580075441, 13.025163005997017 ], [ 80.227353507903445, 13.025149496992185 ], [ 80.227529196232595, 13.025130073061982 ], [ 80.227687805833952, 13.025113339656862 ], [ 80.227776406968005, 13.025101284815406 ], [ 80.227877899039015, 13.025084807033533 ], [ 80.227899207916565, 13.025080873949342 ], [ 80.22794939274597, 13.025071611626641 ], [ 80.228028891290307, 13.02505621209662 ], [ 80.22808998454083, 13.025043068867614 ], [ 80.228163865792695, 13.025027175155174 ], [ 80.228198262748236, 13.025019775442658 ], [ 80.228232028540347, 13.0250125031466 ], [ 80.228278971409864, 13.025002209366786 ], [ 80.228360999148919, 13.02498422312329 ], [ 80.228416341339653, 13.024972087152371 ], [ 80.228490711667774, 13.024955778869932 ], [ 80.228521936460581, 13.024948932083479 ], [ 80.228581810657516, 13.024939627940416 ], [ 80.228644356082484, 13.024927442824998 ], [ 80.228706369396804, 13.024912877171882 ], [ 80.228729108392372, 13.024906608213595 ], [ 80.228767755545761, 13.024895953303504 ], [ 80.228799415083358, 13.024887780416497 ], [ 80.228852212970651, 13.024874150283896 ], [ 80.228891142273056, 13.024864100196904 ], [ 80.228943615286255, 13.024850554073305 ], [ 80.22896586490927, 13.024844184176647 ], [ 80.229011657104337, 13.024837386076848 ], [ 80.229056261825406, 13.024838544978655 ], [ 80.22905699310104, 13.024837951288051 ], [ 80.228888062098648, 13.024709431041581 ], [ 80.228793206438937, 13.024637901886182 ], [ 80.228740639437433, 13.024599579409939 ], [ 80.228698578273296, 13.024574528317871 ], [ 80.228655085635594, 13.024551948648909 ], [ 80.228610313439901, 13.024531918615148 ], [ 80.228566679966974, 13.024514624442006 ], [ 80.228523644932721, 13.024495859107484 ], [ 80.228481283840395, 13.024475659908628 ], [ 80.228439675887429, 13.024454062345084 ], [ 80.228398894729821, 13.024431104612669 ], [ 80.228295947893457, 13.024352223604476 ], [ 80.22820650744687, 13.024289658287932 ], [ 80.228093523636758, 13.02420577425057 ], [ 80.227999263555276, 13.024138895971866 ], [ 80.227969333687938, 13.0241171251437 ], [ 80.227839229100752, 13.023984393291897 ], [ 80.227795149442514, 13.023944478306772 ], [ 80.227769109399617, 13.023920898896169 ], [ 80.227727222983987, 13.023882970621353 ], [ 80.22764897466935, 13.023786654997505 ], [ 80.227701291800429, 13.023746274834824 ], [ 80.227460673018726, 13.023493914031686 ], [ 80.227418355295185, 13.023438977410105 ], [ 80.227351569747398, 13.023367664320734 ], [ 80.22728116032242, 13.023290930613568 ], [ 80.227225734080406, 13.023232716069876 ], [ 80.227139372381345, 13.023188333923727 ], [ 80.227095614945839, 13.023143616703766 ], [ 80.227040755695768, 13.023087553991257 ], [ 80.226998634566883, 13.023044508971005 ], [ 80.226970141458139, 13.023010013958396 ], [ 80.226928331542354, 13.02295939992973 ], [ 80.226847673655911, 13.022867124989039 ], [ 80.226802815452004, 13.022820860076102 ], [ 80.226730282135605, 13.022741898291585 ], [ 80.226678666431823, 13.022680445326163 ], [ 80.226547457586221, 13.022524235772901 ], [ 80.226494636541304, 13.022461348741965 ], [ 80.226477099049589, 13.022440470090951 ], [ 80.226420478924268, 13.022373060681955 ], [ 80.226368329560628, 13.022310974036431 ], [ 80.226310976643759, 13.02224436896222 ], [ 80.226251181447907, 13.022174928265567 ], [ 80.226182489048952, 13.022095155889991 ], [ 80.226110978745695, 13.022011166058258 ], [ 80.226031089007023, 13.021914930996831 ], [ 80.225978024151246, 13.021857886055344 ], [ 80.225922581352677, 13.02179569907948 ], [ 80.225888657361025, 13.021756335835798 ], [ 80.225872938457499, 13.021723284871657 ], [ 80.225849811314944, 13.021674661436656 ], [ 80.225824908284693, 13.021631620626529 ], [ 80.225801156395448, 13.021590569768547 ], [ 80.225771695632062, 13.02153964975034 ], [ 80.225739376983526, 13.02149055038408 ], [ 80.225718191547315, 13.021461062800617 ], [ 80.225656861884488, 13.021375698134086 ], [ 80.225612920030699, 13.021314536438831 ], [ 80.225561419068498, 13.021236512426571 ], [ 80.225532083301829, 13.021192583093198 ], [ 80.225479005896091, 13.0211182895902 ], [ 80.225429626898134, 13.021049171888471 ], [ 80.22537558788332, 13.020988782925231 ], [ 80.225325084725043, 13.020947003814683 ], [ 80.225275924574035, 13.020877815309145 ], [ 80.225224462662808, 13.020805388324309 ], [ 80.225181471419887, 13.020744928347309 ], [ 80.225122675251654, 13.020662242131426 ], [ 80.225035416386618, 13.020536055909844 ], [ 80.224967534775857, 13.020438384408834 ], [ 80.22492101073351, 13.020371443413744 ], [ 80.224814418966631, 13.020220967814877 ], [ 80.224664601194675, 13.020025745434765 ], [ 80.224496523821017, 13.019773972444417 ], [ 80.224476666598477, 13.019743290683849 ], [ 80.224437375444268, 13.019678070222763 ], [ 80.224400228334474, 13.019611658109248 ], [ 80.224377296904336, 13.019576752694174 ], [ 80.224361817814554, 13.019555647693194 ], [ 80.22436156429545, 13.019555327754066 ], [ 80.224242509155658, 13.019316592333315 ], [ 80.224240581449138, 13.019307238091695 ], [ 80.224232880890696, 13.01927719215645 ], [ 80.224227319285731, 13.019246695095795 ], [ 80.224223923844875, 13.019215892566656 ], [ 80.224222709779625, 13.019184933806827 ], [ 80.224223684007839, 13.019153966220811 ], [ 80.224226841456627, 13.019123138081435 ], [ 80.224232166904017, 13.019092599439453 ], [ 80.224255293911042, 13.019018964931748 ], [ 80.224281105368021, 13.01894619291399 ], [ 80.224309568705522, 13.018874377324225 ], [ 80.224377401972845, 13.018708389058631 ], [ 80.224529783201632, 13.018331300573262 ], [ 80.224654209193105, 13.018020308283635 ], [ 80.224828347694327, 13.017587996646627 ], [ 80.224935186965922, 13.017320825895583 ], [ 80.225019531398559, 13.017110574812932 ], [ 80.224901490679642, 13.017036922614915 ], [ 80.224787690310379, 13.016905926292287 ], [ 80.224598523130538, 13.016739395821762 ], [ 80.22441152983059, 13.016555918056675 ], [ 80.224177594374225, 13.01646312623169 ], [ 80.223939531543763, 13.016318782713119 ], [ 80.223734863908078, 13.016140495958192 ], [ 80.223470671303559, 13.016036627014238 ], [ 80.223306417249091, 13.016028540068492 ], [ 80.2231277006791, 13.016015616571089 ], [ 80.222744141353601, 13.015969710932497 ], [ 80.222360857441501, 13.015935198419523 ], [ 80.22199940317546, 13.016007506421536 ], [ 80.221825931777047, 13.016040721658749 ], [ 80.220679247961286, 13.016325392209666 ], [ 80.220268462372189, 13.01646422215231 ], [ 80.219573525890326, 13.016517583106475 ], [ 80.21899503262901, 13.016594192404652 ], [ 80.219000253460663, 13.01663847206178 ], [ 80.219051268578397, 13.017071262832884 ], [ 80.219074311212097, 13.017086537136791 ], [ 80.219263848243713, 13.01789167983523 ], [ 80.219266768825833, 13.017914903819509 ], [ 80.219269848277349, 13.017950711052547 ], [ 80.219273978615632, 13.01797602917557 ], [ 80.219278443240881, 13.017997368040511 ], [ 80.219280567259943, 13.01802024332059 ], [ 80.219283955732919, 13.01806750672346 ], [ 80.219289337816534, 13.018090343887277 ], [ 80.219301283054136, 13.018128718590466 ], [ 80.21930783970717, 13.018156937437949 ], [ 80.219311835905444, 13.018196239428601 ], [ 80.219311551010108, 13.018231867450691 ], [ 80.219295394709278, 13.018305893148128 ], [ 80.219286873759089, 13.018358717668393 ], [ 80.219288033315593, 13.018407481653703 ], [ 80.219294390888138, 13.018445389249949 ], [ 80.219306889057265, 13.01849124692208 ], [ 80.219319715439028, 13.018538307255991 ], [ 80.21934851942531, 13.0186129131353 ], [ 80.219423617154106, 13.018700480714974 ], [ 80.21952240266414, 13.018882180193755 ], [ 80.219556219569469, 13.019023371552207 ], [ 80.219588146851322, 13.01928247955151 ], [ 80.219438602218474, 13.019427514426683 ], [ 80.2194315134427, 13.019496511157419 ], [ 80.219334447391859, 13.01948660290587 ], [ 80.219266219892546, 13.019484030355992 ], [ 80.219198127210774, 13.019479043995082 ], [ 80.219131730957812, 13.019471808567364 ], [ 80.219058956748455, 13.019467337933374 ], [ 80.218986467342475, 13.019469390994667 ], [ 80.218916258435144, 13.019480270414892 ], [ 80.218892257035108, 13.019485157638407 ], [ 80.218830579256732, 13.019496232716008 ], [ 80.21876752206451, 13.019505205892914 ], [ 80.218704189364544, 13.019512048846774 ], [ 80.218605012406201, 13.019518370580903 ], [ 80.218521139025285, 13.019522188560332 ], [ 80.218444865871078, 13.019526053828125 ], [ 80.218325966548136, 13.019532469736331 ], [ 80.218189970882861, 13.019539654159935 ], [ 80.218108926747902, 13.019545796174866 ], [ 80.218076103725039, 13.019554307863197 ], [ 80.217923714539751, 13.019565740357098 ], [ 80.217768378164081, 13.019590101985287 ], [ 80.217655469568982, 13.019622530326624 ], [ 80.217554282848496, 13.019651590593929 ], [ 80.217395175145157, 13.019697288636676 ], [ 80.217350594998777, 13.019710093130509 ], [ 80.217286836155949, 13.019728405052197 ], [ 80.217170548401484, 13.019761803123616 ], [ 80.217050835416927, 13.019796186318572 ], [ 80.216890024642424, 13.019842371685353 ], [ 80.216792965345377, 13.019870247859428 ], [ 80.216754743593285, 13.019881225084527 ], [ 80.216525125962519, 13.019947172439663 ], [ 80.216360889809849, 13.019994340828571 ], [ 80.216251763280326, 13.020025682274266 ], [ 80.216161939148037, 13.020051479626103 ], [ 80.216014515999717, 13.020093819571853 ], [ 80.215907838998234, 13.020124457576213 ], [ 80.215837039414978, 13.020144791320853 ], [ 80.215755942973161, 13.020168082269329 ], [ 80.215695851869071, 13.02018534064138 ], [ 80.215613500139654, 13.02020899213769 ], [ 80.215472460207394, 13.020249498377618 ], [ 80.215386297421901, 13.02027424409968 ], [ 80.215346978917452, 13.02029378231372 ], [ 80.215335720400361, 13.020294934553021 ], [ 80.215281142656892, 13.02030051828363 ], [ 80.215188564708143, 13.020322532850795 ], [ 80.215060511657953, 13.020352982837908 ], [ 80.214924823878988, 13.020385248778354 ], [ 80.214763270553462, 13.02042366532118 ], [ 80.214636204853264, 13.020453881183665 ], [ 80.214412322426341, 13.020507118356337 ], [ 80.214285611025403, 13.020537249217078 ], [ 80.214150649573412, 13.020556982109634 ], [ 80.214001213741867, 13.020578832085144 ], [ 80.213874789810575, 13.020597316698122 ], [ 80.213788487037263, 13.020609935313558 ], [ 80.213776636442148, 13.020692983895907 ], [ 80.213741014711474, 13.020709587201088 ], [ 80.213734317196369, 13.020703414764991 ], [ 80.212674065419577, 13.020456977448044 ], [ 80.212025017331868, 13.020151475006692 ], [ 80.212048141106791, 13.020112413599811 ], [ 80.211732453024766, 13.020618548255726 ], [ 80.211562503942204, 13.021352445953651 ], [ 80.211425599256316, 13.021991035331553 ], [ 80.2113306418333, 13.022387735049044 ], [ 80.211151323226204, 13.022847248218332 ], [ 80.211059899925701, 13.023305041247708 ], [ 80.210956207847516, 13.023758431433903 ], [ 80.210823290710522, 13.024189462330511 ], [ 80.210706819223518, 13.024589856705711 ], [ 80.210594329914315, 13.024917251399714 ], [ 80.21041453542864, 13.02527235526998 ], [ 80.210018953105546, 13.025623899969572 ], [ 80.209747514898098, 13.025843304062315 ], [ 80.209749513140721, 13.025845664669717 ], [ 80.209637271431362, 13.025932410665289 ], [ 80.209239195920816, 13.026299731822879 ], [ 80.209042565949375, 13.026432555423611 ], [ 80.208846989313926, 13.026564666861349 ], [ 80.208531117147899, 13.026756649951095 ], [ 80.208363521799072, 13.026858512598308 ], [ 80.207829477290346, 13.027081557412052 ], [ 80.207370116210654, 13.027146338232635 ], [ 80.207192201805967, 13.027163589549085 ], [ 80.207190996148597, 13.027163706119133 ], [ 80.207025612457286, 13.027179742434528 ], [ 80.20656233090304, 13.027272034297859 ], [ 80.206234628321468, 13.027317237016078 ], [ 80.205835372255763, 13.027363510385189 ], [ 80.205335642609114, 13.027451803937023 ], [ 80.204923890965546, 13.027544245351187 ], [ 80.204529373040145, 13.027683969394944 ], [ 80.204075581088432, 13.027773037975747 ], [ 80.203686782432939, 13.027834920192385 ], [ 80.203495392155503, 13.027939996783449 ], [ 80.202865569029143, 13.02809625241937 ], [ 80.201125247880057, 13.028528003585279 ], [ 80.200284541731207, 13.024603573894762 ], [ 80.200039344561986, 13.023056571564569 ], [ 80.199818828360463, 13.019460576790181 ], [ 80.199710345538918, 13.017220210189691 ], [ 80.199500124437222, 13.016045670667788 ], [ 80.199602552746228, 13.016019428815202 ], [ 80.199267982751337, 13.01436766867254 ], [ 80.199645770344972, 13.014252813969568 ], [ 80.199681934154427, 13.014245700132085 ], [ 80.201015006854604, 13.013923504138585 ], [ 80.202377769839742, 13.013557192775579 ], [ 80.202379265416226, 13.013556651241331 ], [ 80.202380642822945, 13.013555864307961 ], [ 80.202381861405783, 13.013554857167815 ], [ 80.202382885106772, 13.013553659548391 ], [ 80.202383683386174, 13.013552305715079 ], [ 80.202384232133056, 13.013550838090776 ], [ 80.202384514610586, 13.013549300025202 ], [ 80.202384522375127, 13.013547736702019 ], [ 80.202384256195629, 13.013546196045692 ], [ 80.202272591425171, 13.013125395594921 ], [ 80.203847009715105, 13.012662678932218 ], [ 80.203853204422643, 13.012651446175349 ], [ 80.203810849061057, 13.01251142056509 ], [ 80.203745625048882, 13.012267393352239 ], [ 80.203673559544555, 13.011879026167195 ], [ 80.203615755137349, 13.011509911379637 ], [ 80.203583282776336, 13.01112333480539 ], [ 80.203557562990355, 13.010334349344307 ], [ 80.203717784573485, 13.007638381138703 ], [ 80.20384246712868, 13.007007555148549 ], [ 80.204175284329409, 13.00703737599583 ], [ 80.205008354788006, 13.007189586883309 ], [ 80.20559854845888, 13.007346233929921 ], [ 80.206175114671325, 13.007499262822041 ], [ 80.207185500955603, 13.007637513033423 ], [ 80.207600656404125, 13.007694317098434 ], [ 80.20795131569777, 13.007742295913072 ], [ 80.209322486635585, 13.007966817137536 ], [ 80.209467236310161, 13.008022413797629 ], [ 80.210318430398203, 13.008349346110217 ], [ 80.210751374154725, 13.008515632983693 ], [ 80.21130760810874, 13.008729272096248 ], [ 80.21133513105174, 13.008739844369993 ], [ 80.211340679178434, 13.008740787121813 ], [ 80.211340711454838, 13.008740786315691 ], [ 80.211344812034341, 13.008740217378488 ], [ 80.211346633068942, 13.00873996792893 ], [ 80.211352596605337, 13.008736096207684 ], [ 80.211353877948, 13.008733593676297 ], [ 80.211355279906741, 13.008730856421025 ], [ 80.211579354419797, 13.008154712235521 ], [ 80.211600033174832, 13.008162444414486 ], [ 80.211700664628907, 13.008205098857937 ], [ 80.211693414129783, 13.008221726661075 ], [ 80.211863743562148, 13.008546645078239 ], [ 80.211883753586619, 13.008555914143772 ], [ 80.21179305965542, 13.008744173985368 ], [ 80.211756226978338, 13.008820631060676 ], [ 80.211739179713376, 13.008856020064496 ], [ 80.211737620239575, 13.008860165577341 ], [ 80.211737135720426, 13.008861463432163 ], [ 80.211737078888589, 13.008862523878713 ], [ 80.21173707225681, 13.008862579918567 ], [ 80.211736744689262, 13.008868779883787 ], [ 80.211736734254842, 13.008868872079846 ], [ 80.211736823432503, 13.008869540549769 ], [ 80.211736848608794, 13.008869744069806 ], [ 80.211736974681642, 13.008870701089545 ], [ 80.211737472829583, 13.008874430592773 ], [ 80.211739349091502, 13.008878884019365 ], [ 80.211741074702175, 13.008881111767868 ], [ 80.211743078590416, 13.008883694805375 ], [ 80.211744240317827, 13.008885196582291 ], [ 80.211745063120915, 13.008885691866601 ], [ 80.211753734817279, 13.008890895614297 ], [ 80.214986087357488, 13.010057257400844 ], [ 80.212621844777416, 13.008328761982177 ], [ 80.212507629769775, 13.0082228987897 ], [ 80.211324927908137, 13.007126680399413 ], [ 80.211181603606761, 13.006993835706654 ], [ 80.210237806006376, 13.005545956357395 ], [ 80.208959336569848, 13.00283221093407 ], [ 80.208862417778576, 13.002631094295703 ], [ 80.208723394437527, 13.002331744337914 ], [ 80.208589445313578, 13.002088650616093 ], [ 80.208589142747726, 13.002088107177904 ], [ 80.208466674995393, 13.001869371196529 ], [ 80.208369434965547, 13.001682268421154 ], [ 80.208307935552668, 13.00157672522524 ], [ 80.208305651074369, 13.001572804007377 ], [ 80.208094181117914, 13.001196336666956 ], [ 80.207937186431607, 13.000862904038527 ], [ 80.207890856315984, 13.000805396183559 ], [ 80.207861050420036, 13.000763131884327 ], [ 80.207830512921376, 13.000719831857454 ], [ 80.207817911386655, 13.000658619309295 ], [ 80.207817680731381, 13.000657499214272 ], [ 80.207810739314397, 13.000623779656239 ], [ 80.207795253705811, 13.000548556874627 ], [ 80.207771800300392, 13.000451280018696 ], [ 80.207746604577054, 13.000266678981262 ], [ 80.207736554594163, 13.000183336844538 ], [ 80.207724474166724, 13.000083147006224 ], [ 80.207699433354293, 12.99995146254934 ], [ 80.207671525542139, 12.99981202040612 ], [ 80.207620088890977, 12.999556110559491 ], [ 80.207619891120316, 12.999555379367832 ], [ 80.207612865052653, 12.999529465448795 ], [ 80.207556683913552, 12.999256571213332 ], [ 80.207537740924607, 12.999168769579862 ], [ 80.207508468569046, 12.999087166322695 ], [ 80.207494529320044, 12.999048305862418 ], [ 80.207475507797326, 12.99894865000894 ], [ 80.207465414751198, 12.998895770912528 ], [ 80.207427478994205, 12.998704508658033 ], [ 80.207392090447271, 12.998553220427569 ], [ 80.207375136870112, 12.998478366575585 ], [ 80.207368826133091, 12.99845049635058 ], [ 80.207368798847085, 12.998450377817971 ], [ 80.20734719870525, 12.998354975551209 ], [ 80.207299621450574, 12.998142071825407 ], [ 80.207252975044369, 12.997935140418218 ], [ 80.207194098768667, 12.997659814649028 ], [ 80.20717677667227, 12.997565141547428 ], [ 80.207176354321945, 12.99756283094816 ], [ 80.207149687821314, 12.997417083984544 ], [ 80.207116370244862, 12.99725949890861 ], [ 80.207106055741221, 12.997210776605272 ], [ 80.207021932380854, 12.996851300922078 ], [ 80.206978172312233, 12.996665325733131 ], [ 80.206954478803638, 12.996551796104534 ], [ 80.206107820458342, 12.993703163562456 ], [ 80.206275819414515, 12.993679136980578 ], [ 80.205963540593459, 12.992517116957298 ], [ 80.205948146358949, 12.992465078785253 ], [ 80.20583159972324, 12.992057592281297 ], [ 80.205810010567475, 12.991998506873603 ], [ 80.205784807059899, 12.991934178754084 ], [ 80.205773823982994, 12.991906796043358 ], [ 80.205741427991569, 12.991832771971056 ], [ 80.205661214713245, 12.991657203661465 ], [ 80.205570394188854, 12.99146485543201 ], [ 80.205544618809313, 12.991407006804611 ], [ 80.205456481295158, 12.991205475615287 ], [ 80.205406221935462, 12.99108239412169 ], [ 80.20537807258502, 12.991013456425287 ], [ 80.205315400790383, 12.990859913563208 ], [ 80.205291598800287, 12.990793913314068 ], [ 80.205270012043556, 12.990727183823429 ], [ 80.205250664258514, 12.990659798404007 ], [ 80.205179407938104, 12.990422320096958 ], [ 80.20516337675393, 12.990372629033294 ], [ 80.205150459293407, 12.990322073136149 ], [ 80.205149290297939, 12.990315936415838 ], [ 80.205140928715664, 12.990272027615525 ], [ 80.205140697370084, 12.990270840606003 ], [ 80.205135636216369, 12.990247088236947 ], [ 80.205106452996517, 12.990110150186183 ], [ 80.205036543682468, 12.989826109994429 ], [ 80.204950531204872, 12.989531893561418 ], [ 80.204941092157156, 12.989489325995573 ], [ 80.20492903702204, 12.989434957933838 ], [ 80.204910378024778, 12.989350806329158 ], [ 80.204895900416062, 12.989285515430355 ], [ 80.204840703813986, 12.989042545272421 ], [ 80.204830732147357, 12.988997569110234 ], [ 80.204793073749698, 12.988798926436631 ], [ 80.204782369680686, 12.988719850889838 ], [ 80.204769272590241, 12.988608712548247 ], [ 80.204779897572408, 12.988619608940102 ], [ 80.204734518162809, 12.98824097645165 ], [ 80.204716364606924, 12.988132468306981 ], [ 80.204700295442933, 12.988091884141753 ], [ 80.204679340413847, 12.988062028656321 ], [ 80.204667403790211, 12.98805448913618 ], [ 80.204645661893707, 12.988047067902414 ], [ 80.204604952819608, 12.988049802402577 ], [ 80.204517930137555, 12.988060617909426 ], [ 80.204442756684472, 12.988080355161944 ], [ 80.20443716769627, 12.988081975551587 ], [ 80.204344242424767, 12.988108925448783 ], [ 80.204261659935668, 12.988138660242393 ], [ 80.20426163500936, 12.988138670112217 ], [ 80.204176588027124, 12.988174159758938 ], [ 80.20409870758931, 12.988203692791505 ], [ 80.203953892448624, 12.988253101157721 ], [ 80.203868848926916, 12.988280820974794 ], [ 80.203518878604015, 12.988416414998623 ], [ 80.20351786956887, 12.988416807943549 ], [ 80.203473650047599, 12.988357681060172 ], [ 80.203476691435597, 12.988150038744733 ], [ 80.203485983629022, 12.987946912133044 ], [ 80.203508252055514, 12.987756937890067 ], [ 80.203519380261852, 12.987690600569781 ], [ 80.203554527110725, 12.987481084560285 ], [ 80.20369071799648, 12.986669234885548 ], [ 80.203695044886871, 12.986602711246746 ], [ 80.203699695557859, 12.9864498715673 ], [ 80.203700073671328, 12.98641308018426 ], [ 80.203710202694921, 12.986308684986732 ], [ 80.203721560987503, 12.986195246191372 ], [ 80.203726814289681, 12.986151945982314 ], [ 80.203729090599097, 12.986133181894818 ], [ 80.203738811257267, 12.986053067561636 ], [ 80.203746099365915, 12.985993005312681 ], [ 80.203746155236303, 12.985992543440862 ], [ 80.203749277057511, 12.985966825076595 ], [ 80.203751519959582, 12.985933361410325 ], [ 80.203750478350997, 12.985902005306093 ], [ 80.203744485022895, 12.985858919303611 ], [ 80.203704560641725, 12.985612772266778 ], [ 80.203702832094436, 12.985604877883091 ], [ 80.203695455331044, 12.985571475172909 ], [ 80.203688047746809, 12.985537328216774 ], [ 80.203683426558712, 12.985506932252234 ], [ 80.203671785642868, 12.985439305410241 ], [ 80.203654423812722, 12.985361762837272 ], [ 80.203637826184689, 12.985316405568579 ], [ 80.203401452076662, 12.985371619392602 ], [ 80.203398899628283, 12.985371131445367 ], [ 80.203396587237251, 12.985369960663277 ], [ 80.203394700842082, 12.985368204364724 ], [ 80.203393115745683, 12.985365064668924 ], [ 80.203392964419621, 12.985364232347166 ], [ 80.203390397161002, 12.985350160654081 ], [ 80.203390023850716, 12.985348100661458 ], [ 80.20337889564766, 12.985284820031469 ], [ 80.203361580224254, 12.985166697376878 ], [ 80.203346144076122, 12.985016684145339 ], [ 80.203328180939138, 12.984838519238782 ], [ 80.203304793257786, 12.984609811368692 ], [ 80.203291591441001, 12.984456253304886 ], [ 80.20326045499867, 12.984201263901676 ], [ 80.203259493061751, 12.984170674795504 ], [ 80.203251374732361, 12.984106419619145 ], [ 80.203238408405042, 12.983979958243118 ], [ 80.203229073630396, 12.983864292311704 ], [ 80.203220082853122, 12.983709824866184 ], [ 80.203219028637093, 12.983691704307137 ], [ 80.203212502734644, 12.983630026439206 ], [ 80.203216737871088, 12.983629637954619 ], [ 80.203357529354264, 12.983616739708163 ], [ 80.203481922597064, 12.983605342750707 ], [ 80.203751235373588, 12.983578951334222 ], [ 80.203954908549733, 12.983558739593365 ], [ 80.204027005325756, 12.983551584788342 ], [ 80.204057854884582, 12.983548744206265 ], [ 80.204220869929884, 12.983533732596062 ], [ 80.204361295626498, 12.98351928198807 ], [ 80.204497871553755, 12.983505228221572 ], [ 80.204591773221253, 12.983499473650152 ], [ 80.204670209397378, 12.98349388061119 ], [ 80.204788367439193, 12.983486102427477 ], [ 80.204790913849223, 12.983485584878023 ], [ 80.20479321254308, 12.983484391138077 ], [ 80.204795079745224, 12.983482613777621 ], [ 80.204796366552458, 12.983480397012345 ], [ 80.204796970064237, 12.983477915941219 ], [ 80.204796966301231, 12.983476199769493 ], [ 80.20478600924325, 12.983365380795046 ], [ 80.204769051553839, 12.98318705442756 ], [ 80.204768560014969, 12.983181868275858 ], [ 80.204749506307493, 12.983026831151024 ], [ 80.204747753280358, 12.98300981157095 ], [ 80.2047426003993, 12.982959859888888 ], [ 80.204742590700022, 12.982959720613344 ], [ 80.204733496383909, 12.982871441655233 ], [ 80.204716280067757, 12.982672690555608 ], [ 80.204696986685946, 12.982469524250947 ], [ 80.204683342101347, 12.982320699198366 ], [ 80.20464824696603, 12.981937889013736 ], [ 80.204619109770036, 12.981620072428722 ], [ 80.204684618382061, 12.981616636102043 ], [ 80.204733398219958, 12.981611989426838 ], [ 80.20530611991704, 12.981557428735861 ], [ 80.205318390960599, 12.981556260037387 ], [ 80.20532289428175, 12.981556478145947 ], [ 80.20579062029023, 12.98157912024025 ], [ 80.205850922410178, 12.981582039575757 ], [ 80.205853013426037, 12.981581781032 ], [ 80.205865529092236, 12.981580230580416 ], [ 80.206689837834119, 12.981478153665375 ], [ 80.206750419179372, 12.981470651897141 ], [ 80.20675738990731, 12.981463858244645 ], [ 80.206721424250119, 12.981315576376867 ], [ 80.206644317263738, 12.980997677741465 ], [ 80.206507898143826, 12.980435237753669 ], [ 80.206498340246142, 12.98039583363366 ], [ 80.206494342166792, 12.980379350627995 ], [ 80.207438499561675, 12.980244535049888 ], [ 80.207262736841912, 12.978901844347508 ], [ 80.207241666563732, 12.978740890421397 ], [ 80.20713961429513, 12.978109256095303 ], [ 80.207138382692264, 12.978101633595795 ], [ 80.208348740570869, 12.97798620391184 ], [ 80.209273584069592, 12.977953887903144 ], [ 80.20927730934568, 12.977953758172315 ], [ 80.209283096687059, 12.977769688839727 ], [ 80.209291047318445, 12.97762724076355 ], [ 80.209293952940371, 12.977575180605134 ], [ 80.209294167959158, 12.977571326674143 ], [ 80.209293807626551, 12.977565147212452 ], [ 80.209291644564075, 12.977559332087191 ], [ 80.209287861603144, 12.977554377353066 ], [ 80.209282780107372, 12.97755070534185 ], [ 80.20927683611518, 12.977548628421975 ], [ 80.209270531560279, 12.977548321724587 ], [ 80.20919612756046, 12.977548005135596 ], [ 80.209085195824798, 12.977553273902053 ], [ 80.208949954248581, 12.977565121768233 ], [ 80.208944552625994, 12.9775655954165 ], [ 80.208952372815006, 12.977525407826246 ], [ 80.208952755114538, 12.977523470394186 ], [ 80.208953778332926, 12.977417968388783 ], [ 80.208957262135527, 12.97730757674311 ], [ 80.20896126196017, 12.977208941203687 ], [ 80.208991136406311, 12.977210106225785 ], [ 80.209301377565225, 12.977150465562737 ], [ 80.209304711919501, 12.977119113682235 ], [ 80.209304382877818, 12.977114410866449 ], [ 80.209304235552764, 12.97711230726034 ], [ 80.209302892207219, 12.977104430348673 ], [ 80.209300716654496, 12.977096733555046 ], [ 80.209243817029844, 12.976937361650632 ], [ 80.209218908790191, 12.976866080557032 ], [ 80.209216743249712, 12.976859884757513 ], [ 80.209266956882104, 12.9768417726393 ], [ 80.209570198007086, 12.976773591924159 ], [ 80.209634544729639, 12.976786739115038 ], [ 80.20983201255261, 12.976802176802734 ], [ 80.209801470212199, 12.975960617119965 ], [ 80.209801453251657, 12.975960148695183 ], [ 80.209801206427684, 12.975953348395324 ], [ 80.209502222428696, 12.97594588743944 ], [ 80.209271617044237, 12.97594362241564 ], [ 80.209272485364764, 12.975896125861745 ], [ 80.209306219681835, 12.975042170582556 ], [ 80.210326476442901, 12.975028133651549 ], [ 80.210903447188798, 12.975004685084508 ], [ 80.210967094316331, 12.974429603406543 ], [ 80.211114901229195, 12.973094078604218 ], [ 80.211173152556611, 12.972575483591729 ], [ 80.211170431559381, 12.972577023327375 ], [ 80.211171137613746, 12.972570644556365 ], [ 80.211171228724439, 12.972569819301594 ], [ 80.213348926433142, 12.970680135794924 ], [ 80.213352170898077, 12.970678065948999 ], [ 80.215864636876759, 12.968518168597271 ], [ 80.217542268890298, 12.967722491924158 ], [ 80.217551156230996, 12.967720246388039 ], [ 80.217552794003709, 12.967719832667131 ], [ 80.219459152775016, 12.967238209998436 ], [ 80.219486400607934, 12.967231325750598 ], [ 80.221902601217664, 12.967332897220947 ], [ 80.224269604058833, 12.968311341037035 ], [ 80.224414441696865, 12.968371211929716 ], [ 80.225413474713037, 12.969373167347959 ], [ 80.22848336230193, 12.972451965012295 ], [ 80.229515517119054, 12.973487089874842 ], [ 80.230908801049722, 12.974753530423419 ], [ 80.231170361935554, 12.97498972267085 ], [ 80.231591341572823, 12.975371977978543 ], [ 80.232887125008475, 12.976548549918192 ], [ 80.232923121340193, 12.976732384058652 ], [ 80.232926700716007, 12.97675066939745 ], [ 80.23297865598623, 12.976796141083335 ], [ 80.233046748617866, 12.976853465568537 ], [ 80.233115954416277, 12.976909493983372 ], [ 80.23326016986006, 12.977024933299875 ], [ 80.233437894625794, 12.977157198983651 ], [ 80.233651896992498, 12.977305575765019 ], [ 80.233724370060145, 12.977354561798435 ], [ 80.233797840568755, 12.977402104934797 ], [ 80.233872279077687, 12.977448184289969 ], [ 80.234060297824229, 12.977561130010907 ], [ 80.234212258786215, 12.977646481777791 ], [ 80.234388626644858, 12.977740404774773 ], [ 80.234546601259481, 12.97781908297417 ], [ 80.234697685108856, 12.977889868843439 ], [ 80.234748967092258, 12.977913896016757 ], [ 80.234885629970975, 12.977972039328927 ], [ 80.234958265732473, 12.978002942416847 ], [ 80.235177988036114, 12.978090391742256 ], [ 80.235384306088633, 12.978163471723642 ], [ 80.235497945286085, 12.978203724359439 ], [ 80.235697466409334, 12.978264168722337 ], [ 80.235802957074299, 12.978293243975999 ], [ 80.235992259231395, 12.978345418120371 ], [ 80.236073272115704, 12.978364393791491 ], [ 80.236259264864941, 12.978407959081716 ], [ 80.236485943810266, 12.978451845302809 ], [ 80.236748584265328, 12.978494661389105 ], [ 80.2369958616882, 12.978526220064625 ], [ 80.237218087911415, 12.978548843883729 ], [ 80.237387714755101, 12.978559369726877 ], [ 80.237479611067371, 12.978565071562715 ], [ 80.237601021975834, 12.978570672702846 ], [ 80.237760523657712, 12.978575973090878 ], [ 80.237812877145856, 12.978577713368884 ], [ 80.238003711551968, 12.978584149766002 ], [ 80.238258624642043, 12.978591406618749 ], [ 80.238495836158236, 12.978598068881661 ], [ 80.238696449664445, 12.978602905838338 ], [ 80.238896505588045, 12.978609187730749 ], [ 80.239039406263316, 12.978612499252071 ], [ 80.239164695985195, 12.978616030445668 ], [ 80.239247300290302, 12.97861844212439 ], [ 80.239305473768965, 12.978620096949182 ], [ 80.239559095404815, 12.978627310777895 ], [ 80.23981929902358, 12.978633996553544 ], [ 80.240014449214954, 12.97863901274199 ], [ 80.240336393961584, 12.97864693900755 ], [ 80.240510532815492, 12.978650978410668 ], [ 80.240687686584778, 12.978655643163483 ], [ 80.241160521397433, 12.978668095813903 ], [ 80.241370762427351, 12.978673632428809 ], [ 80.241487411708704, 12.978676704194781 ], [ 80.241580127541354, 12.978679482790897 ], [ 80.242018726369238, 12.978692625240178 ], [ 80.242426257566478, 12.978704181827991 ], [ 80.24271477124789, 12.978711927317372 ], [ 80.242848075415992, 12.978716010840142 ], [ 80.243171918452447, 12.978725931087071 ], [ 80.243292886192975, 12.978730323894339 ], [ 80.243291419682322, 12.978764331177906 ], [ 80.243280038256287, 12.978960690691432 ], [ 80.243277750078477, 12.979102955659412 ], [ 80.243277048366423, 12.979146564172384 ], [ 80.243275041957048, 12.979271268551816 ], [ 80.243274171427515, 12.979528873995191 ], [ 80.24327297561787, 12.97958646816547 ], [ 80.243266614738758, 12.979893063552403 ], [ 80.243272495256434, 12.980235050640839 ], [ 80.243271602832436, 12.980255443217199 ], [ 80.243267232842427, 12.980355295055546 ], [ 80.243256944769655, 12.980590356647006 ], [ 80.243254838253677, 12.980920926633846 ], [ 80.243263092781135, 12.981030727057194 ], [ 80.24328055139442, 12.981168391010842 ], [ 80.243281249769325, 12.981186541273285 ], [ 80.243284019568563, 12.981204500446768 ], [ 80.243288829211664, 12.98122204058059 ], [ 80.243295614826053, 12.981238940863616 ], [ 80.243302838045494, 12.981252300662021 ], [ 80.243304291310935, 12.981254987656522 ], [ 80.24331377736452, 12.981268583705651 ], [ 80.243314749563226, 12.981269977196344 ], [ 80.24332685553901, 12.981283721018942 ], [ 80.243336297542925, 12.981291763332921 ], [ 80.243347125561456, 12.981297902717825 ], [ 80.24335894657284, 12.981301914692251 ], [ 80.243371330439743, 12.981303652428211 ], [ 80.24340705561562, 12.981307668840964 ], [ 80.243442960552059, 12.981309562706388 ], [ 80.243478916186234, 12.981309327319485 ], [ 80.243514785135389, 12.981306963184812 ], [ 80.243676444030058, 12.981292007677155 ], [ 80.243808529289822, 12.981279787190601 ], [ 80.243907491226636, 12.981269974980414 ], [ 80.24401403439586, 12.981259411676968 ], [ 80.244045215241158, 12.981256320425846 ], [ 80.244146088154139, 12.981246318370872 ], [ 80.244425777392394, 12.981201920989266 ], [ 80.244775748890632, 12.981149318322979 ], [ 80.245214712235807, 12.981090915307915 ], [ 80.245653360093115, 12.981045350295059 ], [ 80.24599334109628, 12.981003476992646 ], [ 80.246377491588262, 12.980959922826967 ], [ 80.24675603461904, 12.980910745792276 ], [ 80.247113976231219, 12.980874981177312 ], [ 80.247386970757702, 12.980849006909198 ], [ 80.247689338366371, 12.980836047412337 ], [ 80.248115844761188, 12.980811239735694 ], [ 80.248432066343284, 12.980790362438478 ], [ 80.24851903329548, 12.980783383729944 ], [ 80.249030229226406, 12.980742359124525 ], [ 80.249127469443891, 12.980729784828416 ], [ 80.24944943464692, 12.980688148806728 ], [ 80.249482851277037, 12.980683827302931 ], [ 80.249482938902915, 12.980683815801155 ], [ 80.249501469363125, 12.980681419787638 ], [ 80.249604140184218, 12.980664243217316 ], [ 80.249706441749737, 12.980645060922743 ], [ 80.249808332545285, 12.980623880018127 ], [ 80.249909773817095, 12.980600709434086 ], [ 80.250010722201409, 12.980575558087985 ], [ 80.250111139863833, 12.980548435817415 ], [ 80.250210984357295, 12.980519353350939 ], [ 80.250317396286647, 12.980487825821891 ], [ 80.250424340393849, 12.980458077444634 ], [ 80.250531784394596, 12.980430113550844 ], [ 80.250639697827026, 12.980403946711112 ], [ 80.251183594576347, 12.980249357307541 ], [ 80.251597168632969, 12.980144137416591 ], [ 80.25163774037965, 12.980133212929376 ], [ 80.252005756426072, 12.980033268418582 ], [ 80.252397575677904, 12.979921639857912 ], [ 80.252568017567057, 12.979885353035552 ], [ 80.252595431647535, 12.97986872484503 ], [ 80.252610609274058, 12.979866435612925 ], [ 80.252743887007981, 12.979860583160107 ], [ 80.252775399981033, 12.979859199841659 ], [ 80.252812555695598, 12.979896700820126 ], [ 80.252822890828639, 12.979911109153329 ], [ 80.252831356436459, 12.979926646891114 ], [ 80.252837824132257, 12.97994308128453 ], [ 80.252842199681126, 12.979960167023863 ], [ 80.252933036573666, 12.979956078726358 ], [ 80.252962826194803, 12.979954736550271 ], [ 80.253039441898324, 12.979951288235227 ], [ 80.253060399166742, 12.98026132475559 ], [ 80.253061335953717, 12.980298061617281 ], [ 80.253061983434762, 12.980323613554992 ], [ 80.25306264266959, 12.980349860858896 ], [ 80.253071847876285, 12.980718285112072 ], [ 80.253073350925007, 12.98077843975612 ], [ 80.253074119313297, 12.980809199347991 ], [ 80.253075839797404, 12.980878053053424 ], [ 80.253089984953988, 12.981444154872085 ], [ 80.253032134436296, 12.981535963389202 ], [ 80.253027330077543, 12.981543588300557 ], [ 80.253004909123518, 12.981579169408565 ], [ 80.253004675666958, 12.981579540365598 ], [ 80.25298707944124, 12.9816074667807 ], [ 80.252976178379839, 12.98162476633501 ], [ 80.252964539370282, 12.981644337840569 ], [ 80.252976765420172, 12.981654188991218 ], [ 80.252984798996977, 12.981660662653905 ], [ 80.252990285583834, 12.981664483301358 ], [ 80.252988952439168, 12.981670934580086 ], [ 80.253020292048205, 12.981691555439753 ], [ 80.253051419041327, 12.981700630816169 ], [ 80.253053391945983, 12.981701629297978 ], [ 80.253078022159741, 12.981712018807416 ], [ 80.253117591892305, 12.981719923971236 ], [ 80.253125659915568, 12.981722274561207 ], [ 80.253126304910239, 12.981722414756668 ], [ 80.253378499417934, 12.981776718382044 ], [ 80.253381988039536, 12.981777436388814 ], [ 80.253382418357035, 12.981777525331943 ], [ 80.253382692949074, 12.981777582180886 ], [ 80.253460637763609, 12.981793621362808 ], [ 80.253607981863681, 12.98182394177417 ], [ 80.25370133967229, 12.981838892153704 ], [ 80.25369847563573, 12.981425834721646 ], [ 80.253697480133056, 12.981282360984146 ], [ 80.253688725597826, 12.98002030183633 ], [ 80.25368157005272, 12.979918562916314 ], [ 80.253685415393619, 12.979813923228447 ], [ 80.253686995859695, 12.97977092022087 ], [ 80.253689740386349, 12.979696232736007 ], [ 80.253672592691046, 12.979521047422802 ], [ 80.253667098785414, 12.979472098869191 ], [ 80.253690762981137, 12.97933646930553 ], [ 80.253695521698802, 12.97930919770883 ], [ 80.25370783799309, 12.97924921200525 ], [ 80.253720783010039, 12.97918616285382 ], [ 80.253716249168974, 12.979159071657804 ], [ 80.253701114045853, 12.979068627756263 ], [ 80.253695554785963, 12.979035404925121 ], [ 80.253696885970541, 12.978883101054876 ], [ 80.253695433122701, 12.978819353237158 ], [ 80.253670136125194, 12.978484897981584 ], [ 80.253658669226596, 12.978079058439452 ], [ 80.253639883023723, 12.977808738033774 ], [ 80.25360031204292, 12.977613543437906 ], [ 80.253587280075564, 12.977533311308612 ], [ 80.253514284858511, 12.97715110559796 ], [ 80.253502935073257, 12.977108129679353 ], [ 80.253486339444933, 12.977004778582563 ], [ 80.253470212663586, 12.976904363875567 ], [ 80.253447247886228, 12.976660407082086 ], [ 80.253361674070405, 12.975906534741133 ], [ 80.253312486167275, 12.975751819930709 ], [ 80.253303868899081, 12.975549841267259 ], [ 80.253747050625151, 12.975475260015205 ], [ 80.253803542599712, 12.975473287213187 ], [ 80.253988567906262, 12.97546244742942 ], [ 80.254020014387038, 12.975460605308735 ], [ 80.254305511745898, 12.975444094641299 ], [ 80.254407428203407, 12.975437310416467 ], [ 80.254907377763061, 12.975404204726221 ], [ 80.25497713073554, 12.975401942321467 ], [ 80.255226042994167, 12.975393870605034 ], [ 80.25542385643557, 12.975379583404731 ], [ 80.255424573701561, 12.975377739976409 ], [ 80.255424571274105, 12.975375766995736 ], [ 80.255418799703037, 12.975345358364981 ], [ 80.255395600919712, 12.975209479588697 ], [ 80.255427718645478, 12.975204206857123 ], [ 80.255450869433517, 12.975339798861363 ], [ 80.255454412431092, 12.97535846996799 ], [ 80.255492176415743, 12.975557438774198 ], [ 80.255503101943688, 12.97558258521531 ], [ 80.255516580423972, 12.97560651195589 ], [ 80.255532467842002, 12.975628970831538 ], [ 80.255544232766113, 12.975643145345646 ], [ 80.255554422329297, 12.975658448319708 ], [ 80.255555516696944, 12.975660322249638 ], [ 80.255561244087758, 12.97566591938604 ], [ 80.255568261676046, 12.97566985828642 ], [ 80.255576079778464, 12.975671863575673 ], [ 80.255584156671318, 12.975671797168921 ], [ 80.256001814997845, 12.975516731746653 ], [ 80.256001870379009, 12.975516711108318 ], [ 80.256048504618292, 12.975499773077445 ], [ 80.256382642708687, 12.975380305427302 ], [ 80.256479858173194, 12.975367833067477 ], [ 80.256514295014441, 12.975358118142871 ], [ 80.256683960099863, 12.975306193408457 ], [ 80.25689261773006, 12.97524386041145 ], [ 80.256893241673268, 12.975243633429711 ], [ 80.256894902726472, 12.975242520576916 ], [ 80.256896048969992, 12.975240899899246 ], [ 80.256896528564127, 12.975238984355329 ], [ 80.256896277139887, 12.975237026938581 ], [ 80.256853335677988, 12.975104601082439 ], [ 80.256813705235473, 12.974982388625946 ], [ 80.256794199293822, 12.974922234954466 ], [ 80.256748872897148, 12.974807758869634 ], [ 80.256731777733037, 12.974764767553669 ], [ 80.256786623557616, 12.974750457849966 ], [ 80.257110184911994, 12.974698437057539 ], [ 80.257175908955631, 12.974688595260211 ], [ 80.257712056974739, 12.974608309266573 ], [ 80.257757528783188, 12.974601469372963 ], [ 80.258036832668438, 12.974559577550423 ], [ 80.258168012213403, 12.974535267689566 ], [ 80.258229439050098, 12.97452160033836 ], [ 80.258290154610833, 12.97450527258248 ], [ 80.258350033393867, 12.974486321136991 ], [ 80.258404393079545, 12.974466448838324 ], [ 80.258562061547053, 12.97446730143383 ], [ 80.258588067911973, 12.974568235074729 ], [ 80.258615689568614, 12.974668255547808 ], [ 80.258742269370998, 12.975075339311374 ], [ 80.258752932787274, 12.975110019726607 ], [ 80.258822647382871, 12.975336730698384 ], [ 80.258867213050664, 12.975476182060172 ], [ 80.258869667618839, 12.97547922356368 ], [ 80.258871554769144, 12.975479906188689 ], [ 80.258873553724996, 12.975479883852353 ], [ 80.25903677637946, 12.975448548754894 ], [ 80.259239004901872, 12.975405722754028 ], [ 80.259381300943986, 12.975375934627559 ], [ 80.259383159161175, 12.975375178576368 ], [ 80.259384619009367, 12.975373821903295 ], [ 80.259385487265646, 12.975372042186708 ], [ 80.259385562932323, 12.975369528712179 ], [ 80.259352792437539, 12.975214382354386 ], [ 80.259331446137338, 12.975111667194311 ], [ 80.259315865044258, 12.975036691370281 ], [ 80.259287088202257, 12.974897913442168 ], [ 80.259278758802992, 12.97485932086488 ], [ 80.259280294954408, 12.974849939589836 ], [ 80.259282947551895, 12.974833735649316 ], [ 80.259293073316243, 12.974812412577398 ], [ 80.259308751041786, 12.974794613625143 ], [ 80.259328789200154, 12.974781689898915 ], [ 80.259346582446227, 12.974776193250483 ], [ 80.259663825354721, 12.974702874420345 ], [ 80.259700752178134, 12.974692580222182 ], [ 80.259700394044259, 12.974692403787442 ], [ 80.259699036565792, 12.974690947771812 ], [ 80.259698301635069, 12.974689111952854 ], [ 80.259677721432809, 12.974585139434092 ], [ 80.259652935449424, 12.974455496318475 ], [ 80.259637933887873, 12.974383750168403 ], [ 80.260410702843018, 12.974305654370232 ], [ 80.260602668971117, 12.974272020971183 ], [ 80.260744789097544, 12.974258138335486 ], [ 80.260988076887756, 12.974235772175575 ], [ 80.26140087542133, 12.974196978357307 ], [ 80.261406111815077, 12.974196219220929 ], [ 80.261445775409641, 12.974190465317491 ], [ 80.261445992169541, 12.974190434285523 ], [ 80.2616313800808, 12.974163543997209 ], [ 80.262028924693425, 12.9741073451387 ], [ 80.262140290855953, 12.974093097822388 ], [ 80.262182950948571, 12.974087639839169 ], [ 80.262183117891794, 12.974087618611602 ], [ 80.262369083853088, 12.974063826332822 ], [ 80.262431341823202, 12.974055861344045 ], [ 80.262589785973418, 12.974040305968131 ], [ 80.262673228737341, 12.974032278887858 ], [ 80.262756855238678, 12.974026352771029 ], [ 80.262840608303179, 12.974022531976589 ], [ 80.262924434449843, 12.974020819065702 ], [ 80.263013542958305, 12.97402214656138 ], [ 80.263061949835659, 12.974024193341068 ], [ 80.263109688707431, 12.974026404593909 ], [ 80.263191483092029, 12.974032103947566 ], [ 80.263280172763416, 12.974040724394538 ], [ 80.263295350632646, 12.974041968151822 ], [ 80.263310541830919, 12.97404087638232 ], [ 80.263325372871392, 12.974037476059035 ], [ 80.263339483010057, 12.974031850251867 ], [ 80.263355347331142, 12.974016639402867 ], [ 80.263369769855785, 12.974000107043317 ], [ 80.263382637721278, 12.973982382155357 ], [ 80.263393849091628, 12.973963606411292 ], [ 80.265511185410148, 12.97414369103889 ], [ 80.265568007417443, 12.974153268732032 ], [ 80.266652941037094, 12.974336134645156 ], [ 80.268432492079796, 12.982563957707255 ], [ 80.268453612191848, 12.982661603572643 ], [ 80.268542989814449, 12.983074834881862 ], [ 80.268572685079079, 12.983212126268519 ], [ 80.268762657371042, 12.984090438571695 ], [ 80.268998758107202, 12.984977664800537 ], [ 80.269000399734978, 12.98498383338903 ], [ 80.270037855023432, 12.988882335025 ], [ 80.270990355911948, 12.992918582839293 ], [ 80.271561352418274, 12.994912388558031 ], [ 80.271917722206453, 12.996245599233111 ], [ 80.271993166362421, 12.996630084590066 ], [ 80.272004171107753, 12.996711489435114 ], [ 80.272017737208287, 12.99679169162963 ], [ 80.272017741742218, 12.99679171786431 ], [ 80.272033863006143, 12.996871893762517 ], [ 80.272062520135009, 12.997005163586206 ], [ 80.272074314988487, 12.99707111324291 ], [ 80.272075275883026, 12.99708437340156 ], [ 80.272074185175839, 12.997097625098849 ], [ 80.272071067725776, 12.997110564591216 ], [ 80.27201248170465, 12.997127288273607 ], [ 80.271904144987104, 12.997158211404587 ], [ 80.271644947582942, 12.997232193908365 ], [ 80.270753395551836, 12.997486667008252 ], [ 80.270768111445932, 12.997598971771062 ], [ 80.27120279562449, 13.00091624521999 ], [ 80.271509418103918, 13.001390479649858 ], [ 80.271586235432849, 13.001509534843523 ], [ 80.271912398741321, 13.002014387613034 ], [ 80.27266195012065, 13.001924324167149 ], [ 80.273037292687405, 13.001951210113189 ], [ 80.273611258154304, 13.002243342947533 ], [ 80.274629827618398, 13.00546741708594 ], [ 80.276577671748896, 13.011330570699231 ], [ 80.277037383056481, 13.013830792366472 ], [ 80.27773492897974, 13.017624441597889 ], [ 80.278225904968096, 13.021827993426577 ], [ 80.278220446262324, 13.021826528792207 ], [ 80.277913635887728, 13.021944698804669 ], [ 80.277796474906111, 13.022091748036761 ], [ 80.277641931234911, 13.022195336439097 ], [ 80.277460475971935, 13.022190947346845 ], [ 80.277306623455559, 13.022219556258754 ], [ 80.277196616008624, 13.022260122433224 ], [ 80.277060763634594, 13.02232169895178 ], [ 80.27686234719819, 13.022416992343214 ], [ 80.276668167679986, 13.02252034391304 ], [ 80.276478568646795, 13.022631570170731 ], [ 80.276322540655613, 13.022712177751329 ], [ 80.276165290953045, 13.022790469770428 ], [ 80.275940624429609, 13.022908512172814 ], [ 80.275689171000977, 13.0230355306349 ], [ 80.275412723563704, 13.023169218033843 ], [ 80.275241438972813, 13.023260422068365 ], [ 80.275054139835632, 13.023360153972877 ], [ 80.274878683552473, 13.023453091204594 ], [ 80.274683910950003, 13.023555626660496 ], [ 80.274505556447195, 13.023643655633229 ], [ 80.274358375661507, 13.023716297166388 ], [ 80.274124407738938, 13.023817099436231 ], [ 80.273920179404584, 13.023898443102743 ], [ 80.273683909797796, 13.024034869585263 ], [ 80.273573237434462, 13.02406043244002 ], [ 80.273478049001739, 13.024071248564868 ], [ 80.273421184834959, 13.024091437433748 ], [ 80.273273429350681, 13.024121564643634 ], [ 80.273145368540582, 13.024147677156533 ], [ 80.272993780971618, 13.024174136859154 ], [ 80.272841262323581, 13.024203953882751 ], [ 80.272641518747321, 13.024247069385291 ], [ 80.272542969456552, 13.024276329633619 ], [ 80.272446637428473, 13.024317155409729 ], [ 80.272406846310929, 13.024337997773539 ], [ 80.272368096571284, 13.024360652365692 ], [ 80.272330476888001, 13.024385067895855 ], [ 80.272294068564833, 13.024411192148868 ], [ 80.272258953851619, 13.024438964774378 ], [ 80.272225208540476, 13.02446832630819 ], [ 80.272192909364236, 13.024499210959313 ], [ 80.272145856564379, 13.024547659944297 ], [ 80.272129121135308, 13.024562713168809 ], [ 80.272105639052498, 13.024582810993481 ], [ 80.272086775754516, 13.024600209171364 ], [ 80.272055250686819, 13.024627156360008 ], [ 80.272029082141358, 13.024651405972511 ], [ 80.271988103078385, 13.024674489165813 ], [ 80.271927143834191, 13.024696691611153 ], [ 80.271865404365528, 13.024716700964271 ], [ 80.271800864342126, 13.024735091144997 ], [ 80.271700454215349, 13.024763897345712 ], [ 80.271600718958624, 13.024790228787962 ], [ 80.271500441194206, 13.024814435595705 ], [ 80.271440951228982, 13.024828326992559 ], [ 80.271238736131437, 13.024876592912403 ], [ 80.271217956747577, 13.024881591715296 ], [ 80.271049405316646, 13.024924040423681 ], [ 80.27088133092856, 13.024968268929756 ], [ 80.270440857614247, 13.025076167207889 ], [ 80.270373703698482, 13.025091176083629 ], [ 80.270306129398108, 13.025104247858428 ], [ 80.270238192848794, 13.025115370036852 ], [ 80.270169953097749, 13.025124533742879 ], [ 80.270101468264798, 13.025131731906344 ], [ 80.270032798316748, 13.025136956558127 ], [ 80.269914669884884, 13.025139028209466 ], [ 80.269796596325676, 13.025143145269746 ], [ 80.269678616372858, 13.025149306039635 ], [ 80.269560765071475, 13.025157508809427 ], [ 80.269510206016875, 13.025160161252531 ], [ 80.269459577099539, 13.025160849558963 ], [ 80.269408958549889, 13.025159573954829 ], [ 80.269358430598345, 13.025156334666283 ], [ 80.269308073459385, 13.025151137344753 ], [ 80.269257966417356, 13.025143990351703 ], [ 80.269208188748635, 13.025134904761192 ], [ 80.269025573628198, 13.025112877143558 ], [ 80.268843197275999, 13.025089002784744 ], [ 80.268661083659254, 13.025063286274117 ], [ 80.268092994884356, 13.025008877692416 ], [ 80.26796693342267, 13.025008612207067 ], [ 80.267948609690634, 13.025008291920757 ], [ 80.267930440382756, 13.025005944845667 ], [ 80.267690896917443, 13.025062866086994 ], [ 80.267679770090751, 13.025070010414112 ], [ 80.267109248818159, 13.025447494429521 ], [ 80.26706152058614, 13.025479072613271 ], [ 80.266973387556362, 13.025537385951361 ], [ 80.266870874647864, 13.025615214694652 ], [ 80.266827645606185, 13.025643999813184 ], [ 80.266731124268304, 13.025708272450494 ], [ 80.266729282177465, 13.025709065651462 ], [ 80.266727272459818, 13.02570916033363 ], [ 80.266725360739414, 13.025708544589465 ], [ 80.266723800378045, 13.025707299609667 ], [ 80.266723372301158, 13.025706735080449 ], [ 80.266545606785854, 13.02543653290882 ], [ 80.26647754286806, 13.025333561406926 ], [ 80.266419383002855, 13.025218138104853 ], [ 80.266238435961895, 13.025339727792693 ], [ 80.266215064208126, 13.025353495947348 ], [ 80.266367097718955, 13.025584497940685 ], [ 80.266451906794956, 13.025720639611066 ], [ 80.266529035231159, 13.025836990035192 ], [ 80.266529641102323, 13.025838871587116 ], [ 80.266529520034709, 13.025840840598448 ], [ 80.266528687549481, 13.025842636702659 ], [ 80.266527257771543, 13.025844023321497 ], [ 80.266383368565215, 13.025939836026149 ], [ 80.266315615820886, 13.025977054777513 ], [ 80.26624399697711, 13.026019380355477 ], [ 80.266173782553452, 13.026063913429919 ], [ 80.266107911941418, 13.026103319292298 ], [ 80.26607318294225, 13.026121937972754 ], [ 80.266034022425075, 13.026142262087037 ], [ 80.266005942949064, 13.026157554033762 ], [ 80.265987193444971, 13.026167447177659 ], [ 80.265908765635288, 13.026213652300052 ], [ 80.265843731872579, 13.026242555433257 ], [ 80.265841292766325, 13.026233764196402 ], [ 80.265828179132939, 13.026208771063772 ], [ 80.265692941402889, 13.025973747433319 ], [ 80.265651091799995, 13.02590518074703 ], [ 80.265623741209225, 13.025860887759338 ], [ 80.265555620777079, 13.025757163575282 ], [ 80.265506508171597, 13.025681071410043 ], [ 80.265449011929846, 13.025593121278151 ], [ 80.265397330619095, 13.025514065977967 ], [ 80.265270159558682, 13.025319539835158 ], [ 80.26512392977196, 13.025105999390082 ], [ 80.265028259716686, 13.024989719899647 ], [ 80.264964396334747, 13.024905768090548 ], [ 80.26496417309194, 13.024905480825398 ], [ 80.264919111229148, 13.02484683668942 ], [ 80.26490403385435, 13.024826417734474 ], [ 80.264777510046684, 13.024664064741753 ], [ 80.264700895555876, 13.024565833715378 ], [ 80.26462549363346, 13.024465467668685 ], [ 80.264551948277855, 13.024363796679065 ], [ 80.264479945444819, 13.024260365947381 ], [ 80.264459960762167, 13.024229792415968 ], [ 80.264449998067917, 13.024221178749061 ], [ 80.264438822712577, 13.024214126816229 ], [ 80.264426689656929, 13.024208800097107 ], [ 80.264413877966206, 13.024205318738028 ], [ 80.264400679733356, 13.024203763137393 ], [ 80.264390354094886, 13.024204079247614 ], [ 80.264387399170246, 13.024204169422124 ], [ 80.264315198937254, 13.024215154979615 ], [ 80.264192365287087, 13.024234677172728 ], [ 80.264069710912565, 13.024255004555755 ], [ 80.263947279175838, 13.024276130018325 ], [ 80.263879733413717, 13.024287023778365 ], [ 80.263829354795448, 13.024295148769298 ], [ 80.263539020786212, 13.024341972103747 ], [ 80.263294962609294, 13.024390015259755 ], [ 80.263282899745334, 13.024392459402636 ], [ 80.263244088749872, 13.024400323280606 ], [ 80.262820125005817, 13.024486229043113 ], [ 80.26272751776267, 13.02450936918718 ], [ 80.262670330167339, 13.024519519891781 ], [ 80.26255534385048, 13.024551567823787 ], [ 80.262397868747243, 13.024601785031978 ], [ 80.262323036258266, 13.024626542576682 ], [ 80.262219633941129, 13.024662440854977 ], [ 80.262092627117241, 13.024708433334023 ], [ 80.262017163939689, 13.024734077822753 ], [ 80.261988930301627, 13.024749714297865 ], [ 80.261949245312991, 13.024757158651843 ], [ 80.261833392392774, 13.024786257895405 ], [ 80.261686058146594, 13.024828408206632 ], [ 80.261475255847827, 13.024893242204941 ], [ 80.261246191331523, 13.024955336701439 ], [ 80.261074576356691, 13.025000130072666 ], [ 80.261014390062044, 13.025024456071266 ], [ 80.261036433547218, 13.025103258613035 ], [ 80.261053277559768, 13.025163474930483 ], [ 80.261052993066585, 13.025162697410179 ], [ 80.261051852539268, 13.025161071116989 ], [ 80.261050194080383, 13.02515995422166 ], [ 80.261048237660461, 13.025159492023448 ], [ 80.261046243150005, 13.025159746748765 ], [ 80.260916486755335, 13.025200798367679 ], [ 80.260736847436888, 13.025253751654025 ], [ 80.260497086820322, 13.025325533321798 ], [ 80.260188503830207, 13.02541092644282 ], [ 80.259953149743978, 13.025484980669603 ], [ 80.259793139587785, 13.025538254242402 ], [ 80.259787541939914, 13.025540118095448 ], [ 80.259785786013225, 13.025541080577725 ], [ 80.259784497832513, 13.025542596862721 ], [ 80.25978384768473, 13.025544463087037 ], [ 80.259783920218197, 13.025546433549541 ], [ 80.259784707901346, 13.025548249627043 ], [ 80.259717981353845, 13.025565708213493 ], [ 80.259557815819463, 13.025607616281826 ], [ 80.259551342599664, 13.025609310351594 ], [ 80.259450715436842, 13.025521322610166 ], [ 80.259428378277079, 13.025501792247749 ], [ 80.259317647448555, 13.025400882586416 ], [ 80.259153226875242, 13.025281198337954 ], [ 80.259031547431888, 13.025163771874452 ], [ 80.258906797131999, 13.025081430450255 ], [ 80.258814903362492, 13.025015182748309 ], [ 80.258632882315482, 13.024894654890071 ], [ 80.258498876213196, 13.024785088434326 ], [ 80.258335695703749, 13.024681262421277 ], [ 80.258241333893736, 13.024591043418582 ], [ 80.258169746836927, 13.024561982822046 ], [ 80.258116807682171, 13.02454049309714 ], [ 80.257984375092576, 13.024494791023885 ], [ 80.257758870688974, 13.024389061077841 ], [ 80.25756576456314, 13.024287304550763 ], [ 80.257285592437484, 13.024148951413528 ], [ 80.257039104395105, 13.024026565955165 ], [ 80.256755658023081, 13.023902819302618 ], [ 80.256240577829459, 13.023658653810683 ], [ 80.25602983909944, 13.023537128606295 ], [ 80.255598919294343, 13.023396272338934 ], [ 80.255303889289095, 13.023288226720462 ], [ 80.255054804553268, 13.023186179236568 ], [ 80.25488184289442, 13.023123207411127 ], [ 80.254729914688014, 13.023094321008561 ], [ 80.254551966853882, 13.023036949726208 ], [ 80.254382863775348, 13.022973063674279 ], [ 80.254213710883661, 13.022912912626422 ], [ 80.254048841104094, 13.022845826819067 ], [ 80.253919730675591, 13.022789445555743 ], [ 80.253775274343596, 13.022746660841291 ], [ 80.253665875652558, 13.022699753432731 ], [ 80.253468330967777, 13.022589230363314 ], [ 80.253275633708895, 13.022461974410062 ], [ 80.253132989352238, 13.022355605755864 ], [ 80.253062391700482, 13.022296534429604 ], [ 80.252980920905514, 13.022215881949588 ], [ 80.25292980497133, 13.022072825784985 ], [ 80.252907988252758, 13.02201622507561 ], [ 80.252902455735708, 13.022002521347448 ], [ 80.252879505377763, 13.021963871177503 ], [ 80.252865356844069, 13.021953929417187 ], [ 80.252813921822181, 13.021928150750105 ], [ 80.252757891628846, 13.021924839971689 ], [ 80.252732156080626, 13.021916432699477 ], [ 80.252586666732014, 13.021789364748212 ], [ 80.252381312867172, 13.021463762433241 ], [ 80.252352607041544, 13.021426770208711 ], [ 80.252317674269605, 13.021410853218772 ], [ 80.252287415437507, 13.021414789668961 ], [ 80.252262561928944, 13.02139979869974 ], [ 80.252247086082946, 13.021378912254495 ], [ 80.252235797163237, 13.021355468143323 ], [ 80.252213219703705, 13.021321983789582 ], [ 80.252181970045214, 13.021281483148211 ], [ 80.252147032228834, 13.021227291313673 ], [ 80.252122162899326, 13.02118960756582 ], [ 80.252101294844039, 13.021148851127251 ], [ 80.25208966506294, 13.021109315779094 ], [ 80.252058883744965, 13.021056881028334 ], [ 80.252030243659149, 13.020992780125455 ], [ 80.252004786655746, 13.020924763266189 ], [ 80.252004736056421, 13.020866626643008 ], [ 80.251971146139695, 13.020782443631489 ], [ 80.251929140562737, 13.020727468240349 ], [ 80.251882394797633, 13.020689800938667 ], [ 80.251847127665741, 13.020632617927815 ], [ 80.251813145955509, 13.020571469180808 ], [ 80.251764890991865, 13.020491590330355 ], [ 80.251700941577383, 13.020401027365933 ], [ 80.251656615649807, 13.020338167845713 ], [ 80.251603228705847, 13.020247003301307 ], [ 80.25151818598529, 13.020131837618178 ], [ 80.251391779910662, 13.019992385955174 ], [ 80.251319901430747, 13.019911849304329 ], [ 80.251242462134286, 13.019827707810036 ], [ 80.251134633328647, 13.019716174410204 ], [ 80.251093873289932, 13.019682296586453 ], [ 80.250999438816407, 13.019600285074841 ], [ 80.250597427943717, 13.019337484398044 ], [ 80.250480094423395, 13.019272766288978 ], [ 80.250404184713162, 13.019216485589496 ], [ 80.25029257861641, 13.019142326017572 ], [ 80.250116127984583, 13.019024144207057 ], [ 80.249958978121043, 13.01893543625337 ], [ 80.249889865674547, 13.01887461337852 ], [ 80.249790657008546, 13.018814666412901 ], [ 80.249174430549644, 13.018470357852017 ], [ 80.249090923039915, 13.019222498324904 ], [ 80.248928328424185, 13.019945937330199 ], [ 80.248850037355197, 13.020311047176383 ], [ 80.248815818422401, 13.020470627972292 ], [ 80.248213597775148, 13.021328053639817 ], [ 80.247786239930349, 13.02202467571691 ], [ 80.247155717377012, 13.022751543072276 ], [ 80.246180852840453, 13.023789214591703 ], [ 80.245570377227935, 13.024351931443666 ], [ 80.244874485546049, 13.0250426124264 ], [ 80.244817105001403, 13.025109843375034 ], [ 80.244751766366093, 13.025186397830218 ], [ 80.244507401118611, 13.025472710206625 ], [ 80.244339150163881, 13.025617598738336 ], [ 80.244071501364658, 13.025848083557513 ], [ 80.244034169571336, 13.025867267587902 ], [ 80.243992044172444, 13.025888918754804 ], [ 80.243369087395919, 13.026209070182551 ], [ 80.242857633850733, 13.02633434644998 ], [ 80.242319448369415, 13.026364737451035 ], [ 80.241700557110676, 13.026415144401422 ], [ 80.241248357686388, 13.026404593018258 ], [ 80.240825163773408, 13.026304717784337 ], [ 80.240794067431025, 13.026314229300631 ], [ 80.240007424951216, 13.027074066403218 ], [ 80.239812934429096, 13.028464071817424 ], [ 80.239626711295671, 13.029261567728378 ], [ 80.239853462561584, 13.030857864065663 ], [ 80.239519450006128, 13.031207648557311 ] ] ] } },
{ "type": "Feature", "properties": { "objectid": 14, "zone": "15", "st_area(shape)": 43553963.323807724, "st_perimeter(shape)": 34079.801214065119 }, "geometry": { "type": "Polygon", "coordinates": [ [ [ 80.252573370805223, 12.957802759883169 ], [ 80.25211890116735, 12.957798187789079 ], [ 80.252089417785939, 12.957797891562434 ], [ 80.251987657943388, 12.957754000449651 ], [ 80.251984393905829, 12.957752591368516 ], [ 80.25182148264399, 12.957754958230547 ], [ 80.250985634384904, 12.957767102325382 ], [ 80.250825957664247, 12.957760702557669 ], [ 80.250302031273463, 12.957739706119423 ], [ 80.25007164784185, 12.957688108284856 ], [ 80.250032052599252, 12.957679240697793 ], [ 80.249858295806618, 12.957547341439843 ], [ 80.249849386296475, 12.957487895989763 ], [ 80.249832854404232, 12.957377593311993 ], [ 80.249821111542545, 12.957292369875059 ], [ 80.249804368901522, 12.957170862590768 ], [ 80.249727278415065, 12.956848069266835 ], [ 80.249698168435387, 12.956771440909165 ], [ 80.249625216998794, 12.956579411967118 ], [ 80.249610888076816, 12.956366149335242 ], [ 80.249603315445256, 12.956253434711083 ], [ 80.249522843025659, 12.955878566592798 ], [ 80.249499884696675, 12.955764236140221 ], [ 80.249402673092533, 12.955280125321595 ], [ 80.24934476287352, 12.95491064700558 ], [ 80.249336471909587, 12.954857747047523 ], [ 80.249241472918655, 12.954251623756253 ], [ 80.249232188093657, 12.954214137618864 ], [ 80.248860820430806, 12.954300643211415 ], [ 80.247969502976773, 12.954508261911057 ], [ 80.247857980733556, 12.954544720345675 ], [ 80.247798753939321, 12.954564082002124 ], [ 80.247402964908517, 12.954651430921063 ], [ 80.247176792919333, 12.95470134519681 ], [ 80.246785904172285, 12.954790311370413 ], [ 80.246361665191202, 12.954934326077701 ], [ 80.245978225358158, 12.955110500408763 ], [ 80.245956857004188, 12.954326618559508 ], [ 80.245955710135632, 12.953917176319328 ], [ 80.245953222085888, 12.953028613277317 ], [ 80.2465805262255, 12.950963973770991 ], [ 80.246836516011342, 12.949860325636473 ], [ 80.24558803376533, 12.950066410128498 ], [ 80.243663037208222, 12.95082569933942 ], [ 80.241878574156658, 12.951419140191282 ], [ 80.242069813784084, 12.951869388388614 ], [ 80.241890933357055, 12.951951114452413 ], [ 80.241659119886563, 12.952126636707684 ], [ 80.241596613434652, 12.952149857409379 ], [ 80.241166016837226, 12.952309818010296 ], [ 80.240398407262674, 12.952555095648218 ], [ 80.240286977911381, 12.952590701155058 ], [ 80.239835622973374, 12.952950426886444 ], [ 80.239805096442069, 12.95296175159327 ], [ 80.23932696598493, 12.953126125719908 ], [ 80.239313888864004, 12.953130621221 ], [ 80.23900215045181, 12.953331573423087 ], [ 80.238991342564503, 12.953325300150222 ], [ 80.238984709004868, 12.953329381337596 ], [ 80.238841118392656, 12.953241665725349 ], [ 80.238376227131624, 12.953363935446822 ], [ 80.23835164453925, 12.953366302234084 ], [ 80.237615517204262, 12.953461255609469 ], [ 80.237266056792649, 12.953470805841262 ], [ 80.237263379697325, 12.953471063841109 ], [ 80.237236201143617, 12.953549426556112 ], [ 80.237230180879209, 12.953549181979653 ], [ 80.237230102748697, 12.953549408705749 ], [ 80.236416743985203, 12.953516402253795 ], [ 80.236410801149631, 12.953516162406387 ], [ 80.236363491954251, 12.953584071319476 ], [ 80.235884259235334, 12.953583990285139 ], [ 80.235767346046913, 12.953708572901274 ], [ 80.235766134139766, 12.953708439141998 ], [ 80.235473079556257, 12.953676033730043 ], [ 80.235236985554351, 12.953649926556556 ], [ 80.234688461544778, 12.953589270013763 ], [ 80.233279462327829, 12.953433454720741 ], [ 80.233167958038237, 12.953421123352104 ], [ 80.233166298309555, 12.953423327432576 ], [ 80.231945582754165, 12.953358202449072 ], [ 80.231752025574949, 12.953399190804301 ], [ 80.23121879792609, 12.953195116983617 ], [ 80.231323897181127, 12.952744223353506 ], [ 80.23145703083982, 12.952404110974557 ], [ 80.231502216765449, 12.952003951577888 ], [ 80.23164335784071, 12.951989773915841 ], [ 80.231666252040966, 12.951746239609532 ], [ 80.23183054632814, 12.951660538136046 ], [ 80.232002326141995, 12.951412090588663 ], [ 80.232003382710559, 12.951410563793118 ], [ 80.23128184644969, 12.951398963341969 ], [ 80.231285314818294, 12.950267695564875 ], [ 80.231142958444366, 12.950183350428071 ], [ 80.231042485904609, 12.95011792712935 ], [ 80.231041132585617, 12.949423478365405 ], [ 80.231040631911725, 12.948925651596761 ], [ 80.231040148264526, 12.948918022326454 ], [ 80.231039844760986, 12.948762354104534 ], [ 80.230968818178809, 12.947793200439936 ], [ 80.230885233098945, 12.946652677932844 ], [ 80.230758174892799, 12.945270901825651 ], [ 80.231061253412136, 12.945219726417262 ], [ 80.231171341050498, 12.945189226802677 ], [ 80.231188695432806, 12.945184418792172 ], [ 80.231055272427284, 12.94415052093578 ], [ 80.231621351627595, 12.944085202668527 ], [ 80.231492193137044, 12.943387908434865 ], [ 80.2314795810356, 12.943387891159892 ], [ 80.231478543009629, 12.943387889909257 ], [ 80.231447480903412, 12.943218025412556 ], [ 80.231266158306568, 12.942829406610784 ], [ 80.231066186564448, 12.942393040587158 ], [ 80.230811006969475, 12.942427470595083 ], [ 80.230469572796977, 12.942473538821599 ], [ 80.230465264958383, 12.942474120171147 ], [ 80.230305370106592, 12.942119575563501 ], [ 80.230303708324925, 12.942105638717953 ], [ 80.230294453966565, 12.9420851122472 ], [ 80.230174221367847, 12.941476574980767 ], [ 80.230162844577791, 12.94142400456297 ], [ 80.230103437543178, 12.941157247005574 ], [ 80.230102962927162, 12.941147284917328 ], [ 80.230096227409533, 12.941116158684308 ], [ 80.230044938352592, 12.940239825751739 ], [ 80.230018334296773, 12.940082407956242 ], [ 80.229856847000576, 12.93978450667124 ], [ 80.229743224660027, 12.939546433005992 ], [ 80.229694022450531, 12.939452669367995 ], [ 80.229693235693958, 12.939441690938338 ], [ 80.229605981425919, 12.938223128823289 ], [ 80.229603612740277, 12.938149092103988 ], [ 80.229546063059942, 12.937938032421583 ], [ 80.229329198962716, 12.937142696950062 ], [ 80.229498288412856, 12.937048709975665 ], [ 80.229459200561223, 12.936870792258992 ], [ 80.229168776839956, 12.935693006097312 ], [ 80.229150941959219, 12.935614033752783 ], [ 80.229144895451327, 12.935589758862278 ], [ 80.229014330169406, 12.935018791795706 ], [ 80.228839142881057, 12.934302243771446 ], [ 80.228836695387159, 12.934292943150039 ], [ 80.228836739413367, 12.934292415226139 ], [ 80.228836682054549, 12.934292181772514 ], [ 80.228849347244946, 12.934139107954209 ], [ 80.229309887958635, 12.933985065080899 ], [ 80.229310188786215, 12.933984964698698 ], [ 80.229266571783455, 12.933677829409095 ], [ 80.229247032437925, 12.933537617651693 ], [ 80.229207053572679, 12.93325075536173 ], [ 80.229156827550113, 12.932890362913575 ], [ 80.229156707428842, 12.932889554202005 ], [ 80.229127993135862, 12.932697405989837 ], [ 80.229114861289133, 12.93260953390312 ], [ 80.229112070396766, 12.932589880057987 ], [ 80.229095402237419, 12.932478342690587 ], [ 80.228965823582342, 12.932513850404776 ], [ 80.228914171285496, 12.932528003185027 ], [ 80.228408748854449, 12.932666496172747 ], [ 80.228329951804682, 12.93237091373112 ], [ 80.228302651196685, 12.932268503556251 ], [ 80.228134691421459, 12.931638452570956 ], [ 80.22808443890527, 12.931442887798617 ], [ 80.22798688811568, 12.931050397100659 ], [ 80.22785935737123, 12.930524978642906 ], [ 80.227824976459019, 12.930383330426354 ], [ 80.227783646404205, 12.930213051788654 ], [ 80.227758080833212, 12.930107723412043 ], [ 80.22752786812616, 12.929227173118125 ], [ 80.228359534630371, 12.928969563421735 ], [ 80.228365059267588, 12.928967708053083 ], [ 80.228357528015422, 12.928937396822473 ], [ 80.228327149001686, 12.928815121260861 ], [ 80.228296238246813, 12.928690705685828 ], [ 80.22827283917394, 12.92859997305313 ], [ 80.22826336968275, 12.928563255242196 ], [ 80.228248153822463, 12.92850425626971 ], [ 80.228120946863811, 12.928011000409251 ], [ 80.228098783168591, 12.927925057358541 ], [ 80.228019208946847, 12.92761650173661 ], [ 80.2279947533317, 12.927521674442714 ], [ 80.227967917410098, 12.927417613627419 ], [ 80.227893025792056, 12.927127213734794 ], [ 80.227885463939714, 12.927097893407655 ], [ 80.227796017271999, 12.92675105263379 ], [ 80.227695156594507, 12.926359954439068 ], [ 80.227626870215985, 12.925961942288293 ], [ 80.227592690871475, 12.925762724967869 ], [ 80.227564093549034, 12.925596047411545 ], [ 80.227508351574642, 12.92527114907092 ], [ 80.227496016704407, 12.92519925471063 ], [ 80.227459225839183, 12.924984819153716 ], [ 80.227406104816254, 12.924675197811021 ], [ 80.227376728014448, 12.924503971597874 ], [ 80.227293193551702, 12.924017088109506 ], [ 80.227276090984219, 12.92391739620288 ], [ 80.227274577773812, 12.923908577559882 ], [ 80.227270798868474, 12.923886540006558 ], [ 80.227119465907904, 12.923973125271631 ], [ 80.226967216759562, 12.924061448320337 ], [ 80.226269814239984, 12.924466022590837 ], [ 80.225181594118254, 12.926727559615777 ], [ 80.225072819033372, 12.926953613666859 ], [ 80.224883074011061, 12.927068381362021 ], [ 80.224349199297038, 12.927391295740017 ], [ 80.223540343427857, 12.927873676353546 ], [ 80.223538904586604, 12.927874534682452 ], [ 80.223523826312388, 12.927883527330938 ], [ 80.223562436843125, 12.927949635306245 ], [ 80.223689572880602, 12.928167315603032 ], [ 80.222767074214701, 12.92681930731489 ], [ 80.222164896443772, 12.925998217237561 ], [ 80.221718544021101, 12.924961215953713 ], [ 80.220624446688532, 12.922419276829404 ], [ 80.220622230986635, 12.922414129833326 ], [ 80.220616966756182, 12.922401899269342 ], [ 80.220594844547534, 12.922350501747214 ], [ 80.220476238957403, 12.921761852737333 ], [ 80.220228012459884, 12.920761187248125 ], [ 80.222120365905425, 12.920049118595552 ], [ 80.2221461249828, 12.920049195301649 ], [ 80.222882514809527, 12.920051387069529 ], [ 80.222889398955814, 12.920038487409091 ], [ 80.223167474436636, 12.9195173702792 ], [ 80.22383958184659, 12.918222555078284 ], [ 80.224005803989144, 12.917902324713648 ], [ 80.224545234893327, 12.916016734818243 ], [ 80.224416967052917, 12.915725549958397 ], [ 80.223980623419976, 12.914734991928151 ], [ 80.223955071312176, 12.914676985605576 ], [ 80.222596683688678, 12.915019658959586 ], [ 80.222084188558767, 12.915202475275112 ], [ 80.219523922735632, 12.916115752032821 ], [ 80.219496805112172, 12.91609675965811 ], [ 80.218172451437368, 12.915169213948984 ], [ 80.216329617225824, 12.9125982956214 ], [ 80.21622556432807, 12.912465582345558 ], [ 80.216041426014613, 12.912230725371497 ], [ 80.214672373077477, 12.910289610974406 ], [ 80.213954154777085, 12.909283394219381 ], [ 80.213953891052412, 12.909283133016572 ], [ 80.213952588969448, 12.90928184332784 ], [ 80.213735397883639, 12.90520208383767 ], [ 80.213712282621003, 12.904767881168421 ], [ 80.213632614001497, 12.903271369562665 ], [ 80.213613836286711, 12.902918662879449 ], [ 80.213608372276013, 12.902816014187456 ], [ 80.213606625776222, 12.902783216270567 ], [ 80.21360637245995, 12.902778445847476 ], [ 80.21354685400479, 12.901660445380745 ], [ 80.213502596896944, 12.900829101750404 ], [ 80.213475002610181, 12.900310773067933 ], [ 80.21343267673457, 12.899515702692478 ], [ 80.213315668121652, 12.897317794099669 ], [ 80.213257924164481, 12.896233124744461 ], [ 80.213268799656433, 12.893615819978621 ], [ 80.213272451636826, 12.892736633948243 ], [ 80.213274029944245, 12.892356697596849 ], [ 80.213274422616379, 12.892262247658794 ], [ 80.213275033855766, 12.892115223558957 ], [ 80.21327631268619, 12.891807257143851 ], [ 80.21327691693061, 12.891661876856935 ], [ 80.213277050978945, 12.891629577359211 ], [ 80.213277139684564, 12.891608255640545 ], [ 80.213276291577188, 12.891597387297123 ], [ 80.213129230727063, 12.891619919216344 ], [ 80.21311767880232, 12.8915536887739 ], [ 80.21186854729001, 12.884392387062496 ], [ 80.211310146409943, 12.88224501368231 ], [ 80.211125633873834, 12.8815354469178 ], [ 80.210943459977258, 12.880834871239895 ], [ 80.210658766858487, 12.879740037438932 ], [ 80.210608014337055, 12.879564229678049 ], [ 80.210537592969246, 12.879471240005053 ], [ 80.210442550594365, 12.879345737862126 ], [ 80.209444783346541, 12.877534688361816 ], [ 80.208855438101295, 12.876464952930938 ], [ 80.20830895354807, 12.875451418130419 ], [ 80.208029585047413, 12.875015092244613 ], [ 80.208086987326055, 12.874771948560859 ], [ 80.208251851786329, 12.874284210112735 ], [ 80.208717300290118, 12.87290720291057 ], [ 80.209927954336663, 12.869731253561525 ], [ 80.210257523573389, 12.868866667643864 ], [ 80.210328062276005, 12.868666761926868 ], [ 80.212755138568454, 12.861788194032357 ], [ 80.213222646132294, 12.860527459026434 ], [ 80.217253364374557, 12.855872677643983 ], [ 80.217397147864546, 12.85493745303941 ], [ 80.219973309886669, 12.854153972992478 ], [ 80.219890130868365, 12.852477652847092 ], [ 80.226405103703001, 12.852342078256324 ], [ 80.229612936282976, 12.852375331752601 ], [ 80.230210303552312, 12.852265189412044 ], [ 80.230951841969784, 12.852258478183685 ], [ 80.23215351156928, 12.852092938839165 ], [ 80.233272290570369, 12.854234109329255 ], [ 80.235512957753684, 12.857434944995445 ], [ 80.236837041564698, 12.858919987175868 ], [ 80.236983226327638, 12.859083939385604 ], [ 80.236991203101653, 12.859092886218711 ], [ 80.239692063028542, 12.858661599313711 ], [ 80.239861075657075, 12.858804486599867 ], [ 80.240817418543287, 12.858659725578111 ], [ 80.248585606657926, 12.857100807702782 ], [ 80.249088755113888, 12.857140157038049 ], [ 80.24966179101358, 12.861451931721204 ], [ 80.250108471327678, 12.865047121784334 ], [ 80.250266050171632, 12.866479603436959 ], [ 80.250733651000147, 12.870665050837223 ], [ 80.251278216732601, 12.874379336569335 ], [ 80.251803737180822, 12.878896862395028 ], [ 80.252768383825384, 12.885946082189143 ], [ 80.252949944629222, 12.887253340775056 ], [ 80.253092385276773, 12.888278933868765 ], [ 80.253556267149477, 12.892456159441682 ], [ 80.253775470259598, 12.894020144714151 ], [ 80.254068625642873, 12.896316008755322 ], [ 80.254225034986746, 12.898170034951406 ], [ 80.254551089629729, 12.901014686020046 ], [ 80.254892421098887, 12.903883003347616 ], [ 80.255112172634426, 12.905739846579774 ], [ 80.255480843442257, 12.908945289036236 ], [ 80.255603295164221, 12.910148379189534 ], [ 80.256015791431423, 12.914085513348601 ], [ 80.256264230043456, 12.91570384507342 ], [ 80.25628325228567, 12.915702756295447 ], [ 80.25641110307231, 12.916636743444665 ], [ 80.256829092792401, 12.919339475102912 ], [ 80.256858859282531, 12.919671827413751 ], [ 80.257216742085276, 12.92284256099911 ], [ 80.257212473908879, 12.922963637706646 ], [ 80.257712058334064, 12.925171300775729 ], [ 80.258424614012299, 12.931765451243885 ], [ 80.258391427824364, 12.93215814661902 ], [ 80.258306701556847, 12.932190662591116 ], [ 80.258932616439935, 12.936066480632382 ], [ 80.259281874883243, 12.938229134331142 ], [ 80.259331521559062, 12.938536549416993 ], [ 80.259400826133614, 12.938769612162108 ], [ 80.259517036282887, 12.939160407791436 ], [ 80.259513574811876, 12.939161302173174 ], [ 80.259677626441558, 12.939913011424947 ], [ 80.259686038149766, 12.939946869838032 ], [ 80.260289915756161, 12.942377412769607 ], [ 80.260477604064917, 12.94336166575359 ], [ 80.260581240853512, 12.943818312191187 ], [ 80.260633568303987, 12.944134043400954 ], [ 80.261485622930053, 12.949097690813586 ], [ 80.261753500609544, 12.950543689149775 ], [ 80.261887319798674, 12.951086422432098 ], [ 80.262007374365794, 12.951564672028418 ], [ 80.262099672443213, 12.952101491670287 ], [ 80.262164197366005, 12.95238330412133 ], [ 80.262452569995276, 12.953746635695179 ], [ 80.262459474895238, 12.953778685868564 ], [ 80.26263055402417, 12.954688882779894 ], [ 80.26277328494325, 12.955616349294884 ], [ 80.262783112805977, 12.955669269593679 ], [ 80.262910165775935, 12.956344900767798 ], [ 80.262756941730345, 12.956355773442723 ], [ 80.262508027447964, 12.956373435228034 ], [ 80.262399920992962, 12.956372292804714 ], [ 80.261699658884311, 12.956385825576655 ], [ 80.258960136288991, 12.956438751067898 ], [ 80.255214869458683, 12.95690649579972 ], [ 80.253554996746686, 12.957113777870745 ], [ 80.253482895997507, 12.957169624767266 ], [ 80.253078403554881, 12.957245702602251 ], [ 80.252585614324403, 12.957338386300874 ], [ 80.252573370805223, 12.957802759883169 ] ] ] } },
{ "type": "Feature", "properties": { "objectid": 15, "zone": "03", "st_area(shape)": 31466475.396133065, "st_perimeter(shape)": 36619.006792971777 }, "geometry": { "type": "Polygon", "coordinates": [ [ [ 80.205439304827664, 13.174884496163648 ], [ 80.205087457092546, 13.175197468816393 ], [ 80.203669419567163, 13.175433228159136 ], [ 80.202760364583852, 13.175939370286173 ], [ 80.202468577871002, 13.175944994104084 ], [ 80.201909055823535, 13.176393502087533 ], [ 80.201650552896012, 13.17658459538346 ], [ 80.20132312014654, 13.176605054805753 ], [ 80.201177100099329, 13.176862588862498 ], [ 80.201255397803678, 13.177147086117085 ], [ 80.201347393748406, 13.177461441343963 ], [ 80.201466387234134, 13.177808277373652 ], [ 80.201386472435686, 13.178016601165851 ], [ 80.201525462178083, 13.17811181460462 ], [ 80.201499587210762, 13.178507488203202 ], [ 80.201365161213602, 13.178672859149714 ], [ 80.201326618544542, 13.178760980750784 ], [ 80.2011681132836, 13.178768508946868 ], [ 80.200744922541901, 13.179001146901468 ], [ 80.200373371438971, 13.179375562282202 ], [ 80.200131970391794, 13.179272818873123 ], [ 80.200131891010329, 13.179036209273558 ], [ 80.200003056166963, 13.178951774749304 ], [ 80.200001063266043, 13.178523124980501 ], [ 80.199924926875369, 13.178430026404364 ], [ 80.199990565435755, 13.178327094105708 ], [ 80.199959343215227, 13.178229518903185 ], [ 80.199961516821915, 13.178054394213017 ], [ 80.199924665096958, 13.177878692072808 ], [ 80.199973763905859, 13.177748345881362 ], [ 80.200012295965564, 13.177374136561454 ], [ 80.199911981915832, 13.177236874772884 ], [ 80.19998676999117, 13.177140186322426 ], [ 80.199846437429116, 13.177069262320925 ], [ 80.19986326762961, 13.176924852217192 ], [ 80.199676322091847, 13.176828183574013 ], [ 80.199667611959242, 13.176469701567719 ], [ 80.199391346356762, 13.176428105186103 ], [ 80.19940415842585, 13.176293862735003 ], [ 80.199209097646701, 13.176008904677229 ], [ 80.199007260263585, 13.175977756591315 ], [ 80.198690681365562, 13.175741572592843 ], [ 80.198680112718478, 13.17506760205087 ], [ 80.198897202438303, 13.174849518353913 ], [ 80.198923224073738, 13.174560743125816 ], [ 80.19857067942317, 13.174302373003972 ], [ 80.198168996210498, 13.17421483825756 ], [ 80.198148680375439, 13.174143476577111 ], [ 80.197990242764959, 13.174096571567397 ], [ 80.197716433647514, 13.17384931110888 ], [ 80.197561407017048, 13.174047041379037 ], [ 80.197297102758512, 13.173987138130256 ], [ 80.197140882172874, 13.173951731667122 ], [ 80.196949412692405, 13.174118138825913 ], [ 80.196756997553749, 13.174090877596452 ], [ 80.196456427321181, 13.174242676589081 ], [ 80.196310613457229, 13.17428241781059 ], [ 80.196187171087573, 13.174442867349121 ], [ 80.196021324604502, 13.174516568982941 ], [ 80.195989038373526, 13.174720417155493 ], [ 80.195824365162977, 13.174837135932851 ], [ 80.195539617090574, 13.17481835844784 ], [ 80.195391840257443, 13.174932348664298 ], [ 80.195266801010675, 13.17488905856303 ], [ 80.194857578016013, 13.17499510682215 ], [ 80.194689888106282, 13.175123280348574 ], [ 80.194680199800175, 13.17545224173532 ], [ 80.194446354563453, 13.1754980111886 ], [ 80.194236547698679, 13.175609075252593 ], [ 80.194103886249636, 13.175605378129621 ], [ 80.19405625956793, 13.175674767970747 ], [ 80.19396837429737, 13.175725239751699 ], [ 80.193876930124759, 13.175686594413449 ], [ 80.193545100152875, 13.175473339731738 ], [ 80.193343300798006, 13.175084180572341 ], [ 80.19324775011863, 13.17482911329785 ], [ 80.193297772996786, 13.174626227361195 ], [ 80.193206723963996, 13.17454936161352 ], [ 80.193199275792907, 13.17436848528757 ], [ 80.193331046543804, 13.173973071966691 ], [ 80.193284343020025, 13.173901211983013 ], [ 80.193524738896627, 13.172889617655732 ], [ 80.193390970044902, 13.172726350007704 ], [ 80.193344088126523, 13.172491481418675 ], [ 80.193103578991881, 13.172549909048136 ], [ 80.193015491248786, 13.172785022258683 ], [ 80.192793897626061, 13.172988991415338 ], [ 80.192956429852373, 13.173618466584829 ], [ 80.192872949232253, 13.173659097239877 ], [ 80.192715012945271, 13.173838370885294 ], [ 80.192665422426899, 13.174026935875743 ], [ 80.192755655598361, 13.174133026802945 ], [ 80.192670181426024, 13.174280438205402 ], [ 80.192709727650012, 13.174460574654821 ], [ 80.192679270969407, 13.174765291842688 ], [ 80.192405426101757, 13.174920787624407 ], [ 80.192262379083914, 13.174907751973665 ], [ 80.192156321374341, 13.174687365390128 ], [ 80.192162179230834, 13.174336681971768 ], [ 80.191913441646363, 13.174264139340888 ], [ 80.191929402270333, 13.173979399650072 ], [ 80.19167703702567, 13.173769058550862 ], [ 80.191714739377048, 13.172895039378929 ], [ 80.191485520650616, 13.172516054090922 ], [ 80.191490351576135, 13.172296876577287 ], [ 80.191201791442936, 13.171967853415127 ], [ 80.191135805448951, 13.17093158624871 ], [ 80.190583283271096, 13.169475098668153 ], [ 80.190721737960743, 13.16935734294128 ], [ 80.190337236707052, 13.16810829242799 ], [ 80.190022278432025, 13.167083402406965 ], [ 80.19143773642584, 13.166594386368264 ], [ 80.191385099703894, 13.165944355591314 ], [ 80.191383631062507, 13.165937237789855 ], [ 80.191387009830819, 13.165936432864543 ], [ 80.191320759583647, 13.165697124910528 ], [ 80.192510776072936, 13.165255667031067 ], [ 80.192702714181735, 13.165351636325974 ], [ 80.193508854564385, 13.165217279432792 ], [ 80.193566436449416, 13.165006148205386 ], [ 80.193720310022641, 13.164881864755133 ], [ 80.193796443736474, 13.164820371930888 ], [ 80.193846935550283, 13.164779591066516 ], [ 80.194032478822947, 13.164629728168229 ], [ 80.194065475429767, 13.164603077998159 ], [ 80.193932778108064, 13.16434127212248 ], [ 80.193780281583926, 13.164040402229196 ], [ 80.193625477914864, 13.163734978797704 ], [ 80.193530044350609, 13.163546689267433 ], [ 80.193384349318748, 13.163259236862107 ], [ 80.193355302575142, 13.163201929125888 ], [ 80.19335006896695, 13.163044901925893 ], [ 80.193336109760907, 13.162626115390101 ], [ 80.193063741109853, 13.162451943662935 ], [ 80.192851652544221, 13.162316318274785 ], [ 80.192720850765113, 13.162232673707951 ], [ 80.192576929800822, 13.1621075275831 ], [ 80.192260183857314, 13.16183210022489 ], [ 80.191958298409702, 13.161569592980133 ], [ 80.191849859128055, 13.161475299332908 ], [ 80.191796243075331, 13.161428676556973 ], [ 80.191810761886103, 13.160951362633885 ], [ 80.191818097883313, 13.160710156119869 ], [ 80.191823975697957, 13.1605169108184 ], [ 80.19182591770803, 13.160453069213869 ], [ 80.1918266590787, 13.160428715669456 ], [ 80.191831333221273, 13.16027503255712 ], [ 80.191847056998299, 13.160170975741218 ], [ 80.191867871749693, 13.160033224426464 ], [ 80.191879403316563, 13.159956909100927 ], [ 80.191893784984487, 13.159861733424298 ], [ 80.191898013000113, 13.159833752432588 ], [ 80.191928844551839, 13.159629712879136 ], [ 80.192413054947522, 13.159686119802737 ], [ 80.192515192252714, 13.159705347384151 ], [ 80.192516657405221, 13.159705361033081 ], [ 80.192414520129489, 13.159686124410541 ], [ 80.19193030973625, 13.159629716585517 ], [ 80.191955672094323, 13.159461868580815 ], [ 80.19196178159288, 13.15942144205226 ], [ 80.191964584555436, 13.159402887164784 ], [ 80.191967176238435, 13.1593857367072 ], [ 80.191978864285602, 13.159308386577065 ], [ 80.19202245978461, 13.159019876218538 ], [ 80.191967573275051, 13.157778747950386 ], [ 80.191988992120983, 13.157319606966899 ], [ 80.192099410072203, 13.155476505652706 ], [ 80.1924497983169, 13.155192702201735 ], [ 80.192519227664079, 13.154700300691742 ], [ 80.192519265439742, 13.154700034981611 ], [ 80.192407541972059, 13.15471943286656 ], [ 80.192151732590617, 13.15437207088938 ], [ 80.191099665066915, 13.152933327221024 ], [ 80.191059491212116, 13.152888908586123 ], [ 80.191057075418485, 13.152885627849287 ], [ 80.190750855310242, 13.152548239955669 ], [ 80.190237791813985, 13.151982953370407 ], [ 80.18996860003142, 13.151691741147488 ], [ 80.189797228449478, 13.151497541848661 ], [ 80.189475545305726, 13.151143113393982 ], [ 80.188285181543762, 13.150108538941808 ], [ 80.18814333563202, 13.150108705679894 ], [ 80.187843404604649, 13.150109874596851 ], [ 80.18730109059652, 13.150312320045497 ], [ 80.187298983056735, 13.150311835069266 ], [ 80.1872929166977, 13.150314092606076 ], [ 80.186695278811456, 13.150180623818059 ], [ 80.186687747427285, 13.150171088018247 ], [ 80.186687076262203, 13.150170933087724 ], [ 80.186324674377346, 13.149717766883585 ], [ 80.186343448566689, 13.149302018844667 ], [ 80.186350348975751, 13.149149189238361 ], [ 80.1858861086681, 13.148873115325605 ], [ 80.185592256660243, 13.148681338338845 ], [ 80.185052278421693, 13.148360438836411 ], [ 80.184479467781188, 13.148036607625967 ], [ 80.183489767649604, 13.147448040413583 ], [ 80.183277665554172, 13.147305807417613 ], [ 80.18314374860887, 13.147226220110817 ], [ 80.18218770042381, 13.147707794063786 ], [ 80.180781617211366, 13.148428162937963 ], [ 80.179843903839711, 13.149042152241337 ], [ 80.178468335332653, 13.150722383739378 ], [ 80.178000286267874, 13.150369999231799 ], [ 80.177736758178852, 13.149211621242655 ], [ 80.178092663989887, 13.14754168994765 ], [ 80.177455794617941, 13.147799657726022 ], [ 80.176949071298765, 13.148004909411293 ], [ 80.175498897568488, 13.148592298097858 ], [ 80.17474781756961, 13.14748467964824 ], [ 80.175044263453898, 13.145909316564882 ], [ 80.175847781788988, 13.145177534150747 ], [ 80.176413578922663, 13.144303882428945 ], [ 80.176654626033539, 13.143931676884304 ], [ 80.176851872297931, 13.143160496347463 ], [ 80.176724931620527, 13.14365628165012 ], [ 80.17720386365481, 13.141780239588005 ], [ 80.177239842898501, 13.141536340686624 ], [ 80.177413786644962, 13.140299811214161 ], [ 80.177474799160976, 13.1398660869383 ], [ 80.177471071282696, 13.139832194567843 ], [ 80.177422803975176, 13.139393419903509 ], [ 80.177305105624342, 13.138933038412683 ], [ 80.177105840614104, 13.138662737086054 ], [ 80.176591613674333, 13.138661190640841 ], [ 80.175515114746105, 13.138780189053985 ], [ 80.174670732616164, 13.139266885566444 ], [ 80.174348453567845, 13.139555200421309 ], [ 80.174030015541661, 13.139842103986156 ], [ 80.17400279614894, 13.139852099939914 ], [ 80.173897981125535, 13.139890584087491 ], [ 80.173767932759603, 13.139976643575967 ], [ 80.172769534340247, 13.140637334632164 ], [ 80.171263365766009, 13.141685667713007 ], [ 80.17039574500177, 13.142406042564984 ], [ 80.170203959874527, 13.142560305417874 ], [ 80.169548871424809, 13.142403503878324 ], [ 80.169530198125486, 13.142382898876249 ], [ 80.169324434193044, 13.142146058884043 ], [ 80.169316626020745, 13.142147223552914 ], [ 80.169305615094984, 13.14213507292453 ], [ 80.169106675882816, 13.142177690399361 ], [ 80.168422748201039, 13.141464362182646 ], [ 80.168187946835658, 13.141220855002029 ], [ 80.168188958201071, 13.141220521016223 ], [ 80.168201645995964, 13.141216328709788 ], [ 80.168292701249683, 13.141186243849145 ], [ 80.16842684341978, 13.141141923716374 ], [ 80.168494392462577, 13.141119605581238 ], [ 80.168527421157862, 13.141108692291263 ], [ 80.168632825728977, 13.141095786934843 ], [ 80.168698037814991, 13.141087446981466 ], [ 80.168812338252138, 13.141072827963415 ], [ 80.168843005550485, 13.141068905320228 ], [ 80.168894581632273, 13.141045778649532 ], [ 80.168904508958505, 13.141041326927994 ], [ 80.168960085214167, 13.141014689598896 ], [ 80.169056086417498, 13.140968677107582 ], [ 80.169140728758506, 13.140928108086248 ], [ 80.169249910092262, 13.140875778131692 ], [ 80.16931609032396, 13.140862102889367 ], [ 80.16940500320932, 13.140813048317113 ], [ 80.169426865863514, 13.140800985797492 ], [ 80.169672726053534, 13.140665339650088 ], [ 80.169849663338354, 13.140581146228369 ], [ 80.169888654172766, 13.140572288208453 ], [ 80.169950233292496, 13.140540506280612 ], [ 80.169950172913801, 13.140540079314539 ], [ 80.169965355894149, 13.140532701421204 ], [ 80.17019044283127, 13.140423310068879 ], [ 80.170427741550284, 13.140307984915014 ], [ 80.17045172285971, 13.140296329687493 ], [ 80.17047467676268, 13.140283742554187 ], [ 80.170564267567258, 13.140234617406875 ], [ 80.170715173126368, 13.140151871059897 ], [ 80.170748957856759, 13.140133345839518 ], [ 80.170760849799123, 13.140126825292626 ], [ 80.170843577628759, 13.140081462792143 ], [ 80.170896585759721, 13.140052396257435 ], [ 80.170946805187995, 13.140027913032473 ], [ 80.171202979672799, 13.139896557247241 ], [ 80.171229519941349, 13.13988442103043 ], [ 80.171263301650157, 13.139868974449177 ], [ 80.171389376111023, 13.139814854355246 ], [ 80.171554151664836, 13.13974412076044 ], [ 80.17157453240651, 13.139735371599983 ], [ 80.171728425939506, 13.13966930997425 ], [ 80.17184469188625, 13.139619400449556 ], [ 80.171913614361657, 13.139589814406612 ], [ 80.171962606983286, 13.139568782784229 ], [ 80.172188226826407, 13.139471930414407 ], [ 80.172236701085936, 13.139451121304184 ], [ 80.172363184436975, 13.139396825708632 ], [ 80.172606720064309, 13.139335398392225 ], [ 80.172613102384346, 13.139333788695691 ], [ 80.172719518703076, 13.139306946975889 ], [ 80.172848406076838, 13.139274437773382 ], [ 80.172876640612756, 13.139263243554391 ], [ 80.172965870861532, 13.139225671740016 ], [ 80.173122623565476, 13.139159669971379 ], [ 80.173214538566867, 13.139120967435552 ], [ 80.173251260395872, 13.139105505618931 ], [ 80.173399486385946, 13.139043093872663 ], [ 80.173464790541061, 13.139015596166166 ], [ 80.17346630109958, 13.139014959959532 ], [ 80.173505108831861, 13.138996751589648 ], [ 80.173531969681264, 13.138984147789067 ], [ 80.173822999764042, 13.138847593737047 ], [ 80.173827358443305, 13.138845548928142 ], [ 80.173985563934011, 13.138776740185266 ], [ 80.174109711447841, 13.138722745412814 ], [ 80.17413016263049, 13.138713849788756 ], [ 80.174178364950265, 13.13869288571026 ], [ 80.174402037996799, 13.138595603699434 ], [ 80.174641633854336, 13.138491395048312 ], [ 80.174740069019947, 13.138419892129349 ], [ 80.174931879444088, 13.138280562595416 ], [ 80.174989587799217, 13.138238642894102 ], [ 80.174998559553956, 13.138232126333905 ], [ 80.175042087422156, 13.138200255367206 ], [ 80.175132467946426, 13.13813407827319 ], [ 80.175600548114545, 13.13779135058512 ], [ 80.175638356580365, 13.137765609582239 ], [ 80.175717066542148, 13.137712025312425 ], [ 80.175842263976548, 13.137626788250753 ], [ 80.176031198710717, 13.137498158588667 ], [ 80.176158002100721, 13.137411828832876 ], [ 80.176167811114013, 13.137405151253745 ], [ 80.17628660514292, 13.137158994112271 ], [ 80.176294949414185, 13.137141703118907 ], [ 80.176305210451517, 13.137135309988858 ], [ 80.176847108022372, 13.136797633652412 ], [ 80.176923587174358, 13.136749976861855 ], [ 80.176939984248776, 13.136745523813646 ], [ 80.17755586918517, 13.136578248021964 ], [ 80.17765762012246, 13.136550611645252 ], [ 80.177708698235236, 13.13653855135923 ], [ 80.178253303429869, 13.136409957263149 ], [ 80.178452327836823, 13.136276973561207 ], [ 80.180758709952215, 13.135618163369392 ], [ 80.181512293846737, 13.135402900224813 ], [ 80.181593282419882, 13.135384422414866 ], [ 80.182009974123346, 13.135344978369202 ], [ 80.182432475433657, 13.135204528170908 ], [ 80.183343381445823, 13.136160490806686 ], [ 80.183752744762671, 13.136581431554301 ], [ 80.185174659233965, 13.138043541583519 ], [ 80.187515660907493, 13.139086227431131 ], [ 80.188142652186954, 13.138927661344114 ], [ 80.188138196234405, 13.138422906846191 ], [ 80.188413202541867, 13.13808328410215 ], [ 80.188837221240846, 13.137790882572576 ], [ 80.189168709106923, 13.137505273746203 ], [ 80.189110915386962, 13.136771186430591 ], [ 80.189094244755154, 13.136488292686108 ], [ 80.188551215918295, 13.135714874000715 ], [ 80.188654927286407, 13.135220464383837 ], [ 80.189375400908162, 13.135162007406914 ], [ 80.18938662953974, 13.135075406018906 ], [ 80.190248586017447, 13.135235704986295 ], [ 80.190593110424487, 13.135203236930627 ], [ 80.190893854241025, 13.135174894824107 ], [ 80.191183498002601, 13.135191514928415 ], [ 80.191487099198568, 13.135003248672779 ], [ 80.191583641687458, 13.134701382027218 ], [ 80.191957434223809, 13.134185837708747 ], [ 80.192680118152794, 13.133486539704517 ], [ 80.192852718248062, 13.132978360797473 ], [ 80.193322568884184, 13.131594989057515 ], [ 80.193562228432128, 13.131261431799816 ], [ 80.193881949071553, 13.129999726627831 ], [ 80.193882574309058, 13.129997259265927 ], [ 80.194547080599193, 13.13002356757813 ], [ 80.194605828874813, 13.130025894364591 ], [ 80.194514292683309, 13.128847539225839 ], [ 80.194486882171574, 13.128384782588689 ], [ 80.194727343004004, 13.128279547766855 ], [ 80.194731735073603, 13.128277625655336 ], [ 80.19547309584074, 13.128306427724167 ], [ 80.195512140663823, 13.128307944929247 ], [ 80.19551409643978, 13.128307671650422 ], [ 80.195521903927244, 13.128307975447727 ], [ 80.196249698458473, 13.128206378714609 ], [ 80.196692384917014, 13.128051865305034 ], [ 80.196739349887821, 13.128035472582463 ], [ 80.197010523347743, 13.128422380319391 ], [ 80.19750895088147, 13.128385656393348 ], [ 80.197802611754923, 13.128359346051729 ], [ 80.197948975690949, 13.128346232248798 ], [ 80.197976971202337, 13.128349155009719 ], [ 80.198007557161233, 13.128346414805778 ], [ 80.198543718964672, 13.128402388436669 ], [ 80.198890506655957, 13.12849542173092 ], [ 80.198954893205737, 13.128889825095996 ], [ 80.198972392454806, 13.128889182438844 ], [ 80.199820779580648, 13.128857964551562 ], [ 80.199821597644714, 13.128858324247433 ], [ 80.199830542876143, 13.12885799490785 ], [ 80.200155351820527, 13.129000668397303 ], [ 80.200351542189253, 13.128986182739466 ], [ 80.200479674771188, 13.128965411201339 ], [ 80.200684546934781, 13.128932198594109 ], [ 80.201494922851595, 13.128752571042458 ], [ 80.201581382893053, 13.12873340567443 ], [ 80.201583366659378, 13.128761028303233 ], [ 80.201588786457464, 13.128836503745163 ], [ 80.201647855944472, 13.128837027870897 ], [ 80.201735267453103, 13.128825200139977 ], [ 80.201943628889154, 13.128797007418024 ], [ 80.202023257949094, 13.12878224579182 ], [ 80.202023699252692, 13.128782145891606 ], [ 80.202025512082756, 13.128781285304767 ], [ 80.202026891315967, 13.128779851929508 ], [ 80.202032643051098, 13.12877111365043 ], [ 80.202041478077604, 13.128761768278091 ], [ 80.202051837412668, 13.128754060587033 ], [ 80.202063401096893, 13.128748224672778 ], [ 80.202075816122871, 13.128744443894108 ], [ 80.202244139098312, 13.128700660722625 ], [ 80.202251373369904, 13.12869735394338 ], [ 80.202325180347529, 13.128705116374555 ], [ 80.202328894571465, 13.128704538358983 ], [ 80.20234572117819, 13.12870020702989 ], [ 80.202479433912075, 13.128664315739591 ], [ 80.202523917213426, 13.128655866551878 ], [ 80.202621714379774, 13.128637288414151 ], [ 80.202666190874169, 13.128631519180539 ], [ 80.202755095859487, 13.128619988678857 ], [ 80.202816004368671, 13.128612090334519 ], [ 80.202878126546125, 13.128604032981592 ], [ 80.203055238651942, 13.128575651228671 ], [ 80.203257043742951, 13.128540704568026 ], [ 80.203558855805696, 13.128497063388343 ], [ 80.203779399187866, 13.128458836955154 ], [ 80.20404279877954, 13.128413746300518 ], [ 80.204089079565975, 13.128404875621019 ], [ 80.204089444195162, 13.128404807126493 ], [ 80.204211195616764, 13.128379246199414 ], [ 80.204243179396855, 13.128369859299623 ], [ 80.204278856754243, 13.12835656056127 ], [ 80.204272913011337, 13.128349884677567 ], [ 80.20432998734384, 13.128340537365409 ], [ 80.205015445813189, 13.128228271806817 ], [ 80.205056328680044, 13.128223131214776 ], [ 80.205311426396051, 13.128191058257379 ], [ 80.205355664406056, 13.128189989572425 ], [ 80.205399972830435, 13.128191123690023 ], [ 80.205444170877939, 13.128194451914373 ], [ 80.205552261941463, 13.12820446036689 ], [ 80.205646613577997, 13.128215284439445 ], [ 80.205740679627311, 13.128228283063889 ], [ 80.205834406604524, 13.128243449746307 ], [ 80.20592774472658, 13.128260774387599 ], [ 80.205937789133145, 13.1282660550724 ], [ 80.205946819327934, 13.128272873357773 ], [ 80.205954588649945, 13.128281047645935 ], [ 80.205960893002924, 13.128290356686328 ], [ 80.205965557904847, 13.128300550385868 ], [ 80.205968460620326, 13.128311352589744 ], [ 80.205969522725098, 13.128322478237964 ], [ 80.205974025553161, 13.12840611200062 ], [ 80.205975329791613, 13.128430318326185 ], [ 80.2059996286401, 13.128428402278777 ], [ 80.206000002439723, 13.128431797739946 ], [ 80.206002090015858, 13.128439317047949 ], [ 80.20600540043074, 13.128446120397822 ], [ 80.20600989299956, 13.12845223659791 ], [ 80.206015427200199, 13.128457469910806 ], [ 80.206021824593293, 13.128461653416043 ], [ 80.206028879889686, 13.128464649948391 ], [ 80.206036366439491, 13.128466366581788 ], [ 80.206044184764451, 13.128466754183341 ], [ 80.206129543458815, 13.128456897867308 ], [ 80.206266070294191, 13.128441132258546 ], [ 80.206425348351743, 13.128422740452518 ], [ 80.206439813009936, 13.128419312985486 ], [ 80.206453366423275, 13.128413224405755 ], [ 80.206507006710808, 13.128414304827764 ], [ 80.20650907107121, 13.128421301442307 ], [ 80.206524908389355, 13.128435438368335 ], [ 80.206535129777279, 13.128440772019179 ], [ 80.206557507646295, 13.128453297055284 ], [ 80.206566103328797, 13.128458107595256 ], [ 80.206595891874883, 13.1284796078049 ], [ 80.206622784781203, 13.128499016748123 ], [ 80.206677795849629, 13.128541831282115 ], [ 80.206732766953593, 13.128587906171209 ], [ 80.206749951010877, 13.128607285176145 ], [ 80.206764331192588, 13.128628174567806 ], [ 80.206776008844798, 13.128650616251512 ], [ 80.206782855093962, 13.128669027560514 ], [ 80.206785940252374, 13.128677323920011 ], [ 80.206792213016939, 13.128681539573545 ], [ 80.206797274328011, 13.128683210734787 ], [ 80.206889535059759, 13.128667783964966 ], [ 80.207054957628259, 13.128659980627493 ], [ 80.207234025262537, 13.128648000290454 ], [ 80.207367250278139, 13.128668508855718 ], [ 80.207384847667939, 13.12867178375838 ], [ 80.207395803706532, 13.128677609707079 ], [ 80.207408463952419, 13.128689401288616 ], [ 80.207409294744039, 13.128689823388864 ], [ 80.207420233992849, 13.128693405098748 ], [ 80.20756487387375, 13.128695769181787 ], [ 80.207572215329648, 13.128694117236956 ], [ 80.207603553142917, 13.128687068859973 ], [ 80.207962048989913, 13.128672660212782 ], [ 80.207963849800308, 13.128672665754888 ], [ 80.207993432170298, 13.128672756794669 ], [ 80.208472203810928, 13.128611542610201 ], [ 80.208514380008808, 13.128606149561787 ], [ 80.209035627824221, 13.128844489389758 ], [ 80.209239991569362, 13.128937933798003 ], [ 80.209256906234302, 13.128947003206731 ], [ 80.209351278777774, 13.128997604720894 ], [ 80.209664744744074, 13.129165679948004 ], [ 80.209753594181876, 13.129209620409386 ], [ 80.210107266578149, 13.129412677631645 ], [ 80.210452237303372, 13.129588222279123 ], [ 80.210477693964236, 13.12960338038064 ], [ 80.210581260974465, 13.129665047064474 ], [ 80.210617825088576, 13.129703373707079 ], [ 80.210614425571833, 13.129709981914413 ], [ 80.210613303790566, 13.129710543589081 ], [ 80.210606887258066, 13.129713761793351 ], [ 80.210744303801334, 13.12970470018969 ], [ 80.210843955120268, 13.129697734341439 ], [ 80.210891067933105, 13.129691524199153 ], [ 80.210990318083915, 13.129678441154702 ], [ 80.211205342389277, 13.12963230693693 ], [ 80.211205542961423, 13.129633056217129 ], [ 80.211312667796051, 13.129605594415759 ], [ 80.211313044560157, 13.129605481643091 ], [ 80.211313461968416, 13.129605352719663 ], [ 80.211313595006089, 13.12960529345116 ], [ 80.211314920798955, 13.129604691710229 ], [ 80.211314964251144, 13.129604662909468 ], [ 80.211316121811507, 13.129603874390769 ], [ 80.211316241085939, 13.129603791571274 ], [ 80.211316272553617, 13.129603760021231 ], [ 80.211317382147726, 13.129602680207867 ], [ 80.211318307895226, 13.129601391868421 ], [ 80.211318371038317, 13.129601263667626 ], [ 80.211318992370082, 13.129599966257574 ], [ 80.211319006361251, 13.129599918378631 ], [ 80.211319376877555, 13.129598583128313 ], [ 80.211319413295513, 13.129598445803756 ], [ 80.211319417112648, 13.129598406031302 ], [ 80.211319559459554, 13.129596874777665 ], [ 80.211319349779302, 13.129594931945046 ], [ 80.211306439412098, 13.129536545301306 ], [ 80.211304090550883, 13.129440265877509 ], [ 80.211339138414488, 13.129439445593738 ], [ 80.211341406370735, 13.129532460661084 ], [ 80.21136921882804, 13.129658231267697 ], [ 80.211415016226809, 13.129774004252939 ], [ 80.211424222296429, 13.129791116140744 ], [ 80.21142541267217, 13.129793344084302 ], [ 80.211450639565641, 13.129848743060533 ], [ 80.211468870779555, 13.129906717418747 ], [ 80.211473010547536, 13.129924862635793 ], [ 80.211478185337242, 13.129949688432706 ], [ 80.211486147881658, 13.129987888438684 ], [ 80.211480592572997, 13.130121100406326 ], [ 80.211496843722102, 13.130221673001834 ], [ 80.211544260867399, 13.130366500595887 ], [ 80.211579320550101, 13.130430275319524 ], [ 80.211605723553433, 13.130471579829697 ], [ 80.211639669310529, 13.130511478833386 ], [ 80.211678949656772, 13.130546360576234 ], [ 80.21168259600077, 13.130549135841338 ], [ 80.211698046949223, 13.130560750417599 ], [ 80.211818287567439, 13.130614504555229 ], [ 80.211847725838979, 13.130626595070593 ], [ 80.211906702614669, 13.130644805158699 ], [ 80.211912556442542, 13.130646201065387 ], [ 80.211954114783467, 13.130655869304032 ], [ 80.212051186908383, 13.130678448407131 ], [ 80.212342382271899, 13.130734866844836 ], [ 80.212607630917901, 13.130841307385371 ], [ 80.212657422039811, 13.130880016017104 ], [ 80.21274867067315, 13.130757324168624 ], [ 80.212895486622529, 13.130624923126998 ], [ 80.212896785620856, 13.13062375527595 ], [ 80.212948673958678, 13.130582138806965 ], [ 80.212964385664407, 13.130572146786008 ], [ 80.213004920308649, 13.130546367651755 ], [ 80.213055206709484, 13.130521083084719 ], [ 80.21317447643149, 13.130467816036079 ], [ 80.213267116299505, 13.130426440740349 ], [ 80.21371167588255, 13.130259834367285 ], [ 80.213946513551065, 13.130273373175909 ], [ 80.214102597291841, 13.130282371861624 ], [ 80.214151623431277, 13.130285198879399 ], [ 80.21419639022605, 13.130314974797741 ], [ 80.214239637307074, 13.130352379204945 ], [ 80.214267559324682, 13.130382647995086 ], [ 80.214364490877315, 13.130498265619583 ], [ 80.214378772381508, 13.130516192209036 ], [ 80.21440975694172, 13.130562843332306 ], [ 80.214487838428951, 13.130697736668738 ], [ 80.214493994751351, 13.130704978098183 ], [ 80.214504336385986, 13.130716688131336 ], [ 80.214544828632313, 13.130755308350558 ], [ 80.214590211776041, 13.130788295947513 ], [ 80.214608672442878, 13.130799282092276 ], [ 80.214611112839606, 13.130800376372214 ], [ 80.214673150963961, 13.130828168702644 ], [ 80.21467892721887, 13.13083075783603 ], [ 80.214765141948661, 13.130850755703792 ], [ 80.214936587587175, 13.130872292110425 ], [ 80.215086388431914, 13.130870173073902 ], [ 80.215168636034193, 13.130869008893997 ], [ 80.215410340434318, 13.13085368945198 ], [ 80.21570212501419, 13.130838471793743 ], [ 80.215967378434613, 13.130835765565706 ], [ 80.21607903832377, 13.130853512247732 ], [ 80.21610204196179, 13.13085716832933 ], [ 80.2161705590499, 13.130854253991913 ], [ 80.216357059787953, 13.130831984096199 ], [ 80.216526555684382, 13.130801012843207 ], [ 80.21683164187165, 13.130740042785975 ], [ 80.216913617387405, 13.130723125387668 ], [ 80.216979267427249, 13.1307026373838 ], [ 80.217056210986001, 13.130673281106441 ], [ 80.217074471233474, 13.130666314754304 ], [ 80.217119525941484, 13.130645818300501 ], [ 80.217344256161923, 13.130526089611065 ], [ 80.21747713590635, 13.130471578872278 ], [ 80.217530271381676, 13.130448720767786 ], [ 80.217656228016963, 13.130394536992009 ], [ 80.217674857213368, 13.130386709122913 ], [ 80.217810075697344, 13.130342928061662 ], [ 80.217955125153452, 13.130236397324097 ], [ 80.218143330750195, 13.130098171159005 ], [ 80.218586050260114, 13.129968865441425 ], [ 80.219100689961934, 13.129977838374922 ], [ 80.22038136862875, 13.130010213321574 ], [ 80.221106234102294, 13.130028535427705 ], [ 80.221651609610078, 13.129970377207735 ], [ 80.221693077806407, 13.129971283848743 ], [ 80.221832602164085, 13.129974335176669 ], [ 80.222170457892105, 13.129907126631078 ], [ 80.222643948609274, 13.129870432310241 ], [ 80.222712482204926, 13.129865121068805 ], [ 80.222717461954247, 13.129877814627084 ], [ 80.222722986069698, 13.129872594258568 ], [ 80.222792710360721, 13.129873550803188 ], [ 80.222816202705403, 13.129872018628962 ], [ 80.223128641905305, 13.129851646718144 ], [ 80.223277586982277, 13.129841934157639 ], [ 80.223488414091136, 13.129761669124832 ], [ 80.22389678583086, 13.129540008824018 ], [ 80.224208725998366, 13.129438928073892 ], [ 80.224294842917033, 13.129479073200201 ], [ 80.224624762274573, 13.129373706023705 ], [ 80.224703875040319, 13.129326819909775 ], [ 80.224724460224195, 13.128787292403613 ], [ 80.22472688576245, 13.128723709075665 ], [ 80.224726904084861, 13.128723455958243 ], [ 80.224737107394375, 13.128597313593636 ], [ 80.224749150704895, 13.128471326864696 ], [ 80.224763404769604, 13.128320818884935 ], [ 80.224784984790077, 13.128092948037388 ], [ 80.224790100892221, 13.128038939117637 ], [ 80.224793708570417, 13.128000831225542 ], [ 80.224803095817776, 13.127845406069016 ], [ 80.224820826106296, 13.127649545430916 ], [ 80.224829673361796, 13.127535100965172 ], [ 80.224838463648922, 13.127414988875298 ], [ 80.224850097435535, 13.127295106873285 ], [ 80.224864566207771, 13.127175520938623 ], [ 80.224894201411146, 13.126845039012784 ], [ 80.224915820994184, 13.12665829884887 ], [ 80.224920768009085, 13.126604642945958 ], [ 80.224923363014852, 13.126550828056642 ], [ 80.224923447550282, 13.12653121827868 ], [ 80.224922653430312, 13.126482890647655 ], [ 80.224922372914875, 13.126465840431196 ], [ 80.224921476384651, 13.126443119100081 ], [ 80.224931437733218, 13.126257229925706 ], [ 80.224931466340522, 13.126256638672778 ], [ 80.224945914421752, 13.12625633496882 ], [ 80.225263183568273, 13.126249671396495 ], [ 80.225299977790257, 13.126246378773166 ], [ 80.225530682548822, 13.126186895668294 ], [ 80.225793624969739, 13.12611910036305 ], [ 80.225828462727833, 13.126110118050251 ], [ 80.225914269602725, 13.126111119350643 ], [ 80.226117131428595, 13.126112995192029 ], [ 80.226218419620977, 13.126113404577751 ], [ 80.226264978263146, 13.126113591550109 ], [ 80.226292951455136, 13.126113704567082 ], [ 80.226494841599731, 13.126118022115952 ], [ 80.226586055545297, 13.126119321547646 ], [ 80.226589918775545, 13.126119156838506 ], [ 80.226687238571358, 13.126115014185725 ], [ 80.226677661978158, 13.126106628904784 ], [ 80.226669629182808, 13.126096354890832 ], [ 80.226663358274436, 13.126084959551099 ], [ 80.226659012551707, 13.126072735429169 ], [ 80.226657867141455, 13.126066414422812 ], [ 80.226656701760589, 13.126059989374765 ], [ 80.226657472645755, 13.125813509899778 ], [ 80.226666758308355, 13.125798398063795 ], [ 80.226674099703288, 13.125793166783806 ], [ 80.226682587774306, 13.125790016773706 ], [ 80.226691620318789, 13.125789172271393 ], [ 80.226699580441576, 13.125790527150341 ], [ 80.226701424399067, 13.125791186418152 ], [ 80.226790046707848, 13.125841781579227 ], [ 80.226848009361575, 13.125875170143418 ], [ 80.227076741094876, 13.126006922810097 ], [ 80.227147974800829, 13.126047953577174 ], [ 80.227187963594801, 13.126070987586308 ], [ 80.227217046270894, 13.126087740904195 ], [ 80.227337601165615, 13.126157181912502 ], [ 80.227657957812426, 13.126352909200287 ], [ 80.22766719618069, 13.126359128804284 ], [ 80.227711686735248, 13.126389080629021 ], [ 80.227779704224972, 13.126269259068913 ], [ 80.227777116084184, 13.126262293572209 ], [ 80.227775859978806, 13.126258913563175 ], [ 80.227773802206471, 13.126255819585271 ], [ 80.227769726150527, 13.126249689615982 ], [ 80.227761624141635, 13.12624206469888 ], [ 80.227751096945155, 13.126237626100185 ], [ 80.227741519842439, 13.126231457925961 ], [ 80.227733192994734, 13.126223749148123 ], [ 80.227726375801922, 13.12621474286761 ], [ 80.22772528762799, 13.126206923795639 ], [ 80.227726321378526, 13.126199085772654 ], [ 80.22772940522313, 13.126191778329854 ], [ 80.227734324450594, 13.12618551440217 ], [ 80.227740731735352, 13.126180732383169 ], [ 80.227748178594354, 13.126177767285416 ], [ 80.227752461167853, 13.126177441062955 ], [ 80.227836744157273, 13.126171024612866 ], [ 80.227842306611748, 13.126170600959147 ], [ 80.227851474983936, 13.126170283061967 ], [ 80.228124222256554, 13.126160836737876 ], [ 80.228137250597385, 13.126161103660955 ], [ 80.228401897580412, 13.126166533783652 ], [ 80.228526525662815, 13.126170421016916 ], [ 80.228562403856543, 13.126174490701271 ], [ 80.228563681725674, 13.126172968260217 ], [ 80.228564410886023, 13.12617256175211 ], [ 80.228565432077275, 13.126171993365233 ], [ 80.228567422019012, 13.126171697329927 ], [ 80.22858463236436, 13.126172233553323 ], [ 80.228734684386723, 13.126176914803677 ], [ 80.228962671115951, 13.126190929183942 ], [ 80.229031239566794, 13.126196583209412 ], [ 80.229031503334781, 13.126196609316738 ], [ 80.229071153598753, 13.126199872841909 ], [ 80.22907288592009, 13.126198466591251 ], [ 80.229107220671025, 13.126170589293782 ], [ 80.229125013015917, 13.126172055826189 ], [ 80.229280320423044, 13.126184860360485 ], [ 80.229532283888659, 13.126209666093475 ], [ 80.230798281695414, 13.126293572603593 ], [ 80.230839822064354, 13.126296325214398 ], [ 80.231035196565472, 13.126309273739292 ], [ 80.231328916939049, 13.126328739357929 ], [ 80.231511006706512, 13.126326273919309 ], [ 80.231515045801785, 13.126326517450728 ], [ 80.231561903561627, 13.126329339168073 ], [ 80.231713490625594, 13.12634036164012 ], [ 80.231852896055315, 13.126343754287703 ], [ 80.231906047902243, 13.126346437396714 ], [ 80.231997676108477, 13.126351062665481 ], [ 80.232085432979957, 13.126355491897685 ], [ 80.232232154995259, 13.126361621449464 ], [ 80.232614593106788, 13.126453810166231 ], [ 80.232654722764394, 13.126466137265718 ], [ 80.233154080131413, 13.126356603596042 ], [ 80.233154740078177, 13.126283621174744 ], [ 80.23315512916416, 13.126283695573255 ], [ 80.233163926423217, 13.126213257370425 ], [ 80.233158640439882, 13.126093004278008 ], [ 80.233142691334578, 13.125940419951238 ], [ 80.23312673559478, 13.125790276915344 ], [ 80.233116058411582, 13.125702692410421 ], [ 80.233110901562384, 13.125660388091346 ], [ 80.233091307282109, 13.125523344963998 ], [ 80.233071256098071, 13.125408099585195 ], [ 80.23306975895909, 13.125398828083652 ], [ 80.233053428827787, 13.125273042798755 ], [ 80.233032778106192, 13.125165502944355 ], [ 80.233025284435215, 13.125126480199144 ], [ 80.233004557089799, 13.125027589593889 ], [ 80.232983319061276, 13.124909834257798 ], [ 80.232981339197252, 13.124898855111246 ], [ 80.2329544236065, 13.124772550017106 ], [ 80.232928939161297, 13.124645270851346 ], [ 80.232907980381896, 13.124487772677861 ], [ 80.232896999206559, 13.124369743184957 ], [ 80.232885906993118, 13.124257771432083 ], [ 80.232884682568226, 13.124227206167262 ], [ 80.232880940820337, 13.124133792207733 ], [ 80.232878888039025, 13.124102009243217 ], [ 80.232784334080918, 13.124104004226519 ], [ 80.232594598539507, 13.124106603382275 ], [ 80.23253011073966, 13.124105176020686 ], [ 80.232528201172727, 13.124104550053838 ], [ 80.23252565309356, 13.124101582140334 ], [ 80.232525777677864, 13.124097704441807 ], [ 80.232543073412117, 13.124057308880976 ], [ 80.232642455642292, 13.123858585717475 ], [ 80.232779737771267, 13.123551548620545 ], [ 80.232879261667406, 13.123310589241306 ], [ 80.232888184867278, 13.12328726422049 ], [ 80.232895042795718, 13.123261761181556 ], [ 80.232899220390067, 13.123236074743383 ], [ 80.232910850295497, 13.123164571697426 ], [ 80.232912861031636, 13.123152208370316 ], [ 80.23291349491754, 13.123144144884934 ], [ 80.23291405777654, 13.123136970910785 ], [ 80.232917127149648, 13.123115230671557 ], [ 80.232918017573922, 13.123108928408218 ], [ 80.232924098114538, 13.123081239432942 ], [ 80.232932261977666, 13.123054071148387 ], [ 80.232939321209045, 13.123043375721196 ], [ 80.232948189858817, 13.123034064574169 ], [ 80.232958592101397, 13.123026430747112 ], [ 80.232963585135465, 13.123023969950461 ], [ 80.232970201560065, 13.123020706548498 ], [ 80.232976005882492, 13.123019016730023 ], [ 80.232982660637987, 13.123017077175971 ], [ 80.23299557507552, 13.123015650861896 ], [ 80.233018139318716, 13.123011830065083 ], [ 80.233049110457173, 13.123006587605603 ], [ 80.233154207288706, 13.122991930885972 ], [ 80.233210347776648, 13.122984101436383 ], [ 80.233274370710376, 13.122975588371832 ], [ 80.233339038149936, 13.122966889138773 ], [ 80.23349564097964, 13.12294904014124 ], [ 80.233598465381249, 13.122938905560146 ], [ 80.233641246973249, 13.122937790548798 ], [ 80.23366871270116, 13.122939611058383 ], [ 80.233697719551017, 13.122943062789924 ], [ 80.233731397179525, 13.122949206630569 ], [ 80.23376034120605, 13.122956857226949 ], [ 80.233817142675903, 13.122977466389292 ], [ 80.233827535392734, 13.122981237046917 ], [ 80.233843237560038, 13.122984037936806 ], [ 80.233875076360647, 13.122983402094848 ], [ 80.233901496242936, 13.122977976000872 ], [ 80.233985216544639, 13.122962531978462 ], [ 80.234085038809525, 13.122944117642863 ], [ 80.234193191816502, 13.122931589007711 ], [ 80.234251340016996, 13.122924853945372 ], [ 80.234313356885522, 13.122917671046341 ], [ 80.23440325306693, 13.122911024939127 ], [ 80.234450990629881, 13.122907495874843 ], [ 80.234476933059653, 13.122907888573513 ], [ 80.234617263786078, 13.122915766256282 ], [ 80.234727831974425, 13.122921722606604 ], [ 80.234968533381277, 13.122933702343929 ], [ 80.235008834765068, 13.122935708233697 ], [ 80.23502293313966, 13.122935070172034 ], [ 80.235050563644023, 13.122929555328083 ], [ 80.23508379554282, 13.122923230692708 ], [ 80.235143012335868, 13.122923257425176 ], [ 80.235238838212496, 13.122923298852884 ], [ 80.235314815081793, 13.12292084088304 ], [ 80.235381745546093, 13.122918676108238 ], [ 80.235406440427624, 13.122916176120047 ], [ 80.235497192254911, 13.122906993203518 ], [ 80.23552620713275, 13.122906067568127 ], [ 80.235558155966103, 13.122905051179769 ], [ 80.235669552391258, 13.122901533669648 ], [ 80.235761137141736, 13.122898360573435 ], [ 80.235831942570769, 13.122894903340471 ], [ 80.235831985940905, 13.12289489985244 ], [ 80.235921192965421, 13.122889746698133 ], [ 80.235993752645314, 13.122884931107206 ], [ 80.236053599766066, 13.122880701666945 ], [ 80.236092814556116, 13.122876685870674 ], [ 80.236129457327237, 13.122872065671727 ], [ 80.236129533013866, 13.122872053237618 ], [ 80.236166023194656, 13.122866656785186 ], [ 80.236187458179799, 13.122862843207303 ], [ 80.236222737448017, 13.122856127557052 ], [ 80.236222806685291, 13.122856112391197 ], [ 80.236264508560339, 13.122847042287585 ], [ 80.236264583341182, 13.122847024425596 ], [ 80.236316980648695, 13.122833629649328 ], [ 80.236341290892838, 13.122826623752102 ], [ 80.236359250263135, 13.122821447181561 ], [ 80.236364838137604, 13.122818740332979 ], [ 80.236423653102648, 13.122790247406078 ], [ 80.236434815919381, 13.122784838188435 ], [ 80.236438758122958, 13.122784476449002 ], [ 80.236440564550833, 13.122785341691532 ], [ 80.236442483881731, 13.122787885446646 ], [ 80.236443030904539, 13.122789393450482 ], [ 80.236491231214998, 13.122922244447569 ], [ 80.236498379092936, 13.122931196335099 ], [ 80.236503197742849, 13.122934410555169 ], [ 80.236511451178842, 13.122937270571931 ], [ 80.236520268064865, 13.122937512819078 ], [ 80.236523484078276, 13.122936902080999 ], [ 80.236548985055521, 13.122932673752221 ], [ 80.236575272441655, 13.12292831393248 ], [ 80.236618541396567, 13.122921139984973 ], [ 80.236669015383612, 13.122912770351025 ], [ 80.23676300844285, 13.122877756634507 ], [ 80.236802898773433, 13.1228628978691 ], [ 80.236982917118993, 13.122792475967286 ], [ 80.237028933557838, 13.122771781589597 ], [ 80.237089914024679, 13.122744360963836 ], [ 80.237190277858247, 13.122699229983356 ], [ 80.237190309268897, 13.122699215609371 ], [ 80.23727844932101, 13.122660102837964 ], [ 80.23735095902947, 13.122628387035402 ], [ 80.237378524756906, 13.122616330828849 ], [ 80.237381537866568, 13.122609716556003 ], [ 80.237362304880818, 13.122551043610956 ], [ 80.237334815365585, 13.122467181673834 ], [ 80.237307046188903, 13.122382470774811 ], [ 80.237307986115667, 13.122377429982777 ], [ 80.237327200030947, 13.122372870099378 ], [ 80.237359814077223, 13.122372709914151 ], [ 80.237371997878583, 13.122373657426657 ], [ 80.237399839541638, 13.122380709393756 ], [ 80.237435514990551, 13.122396869868847 ], [ 80.237478719824139, 13.122416443353591 ], [ 80.237481933964574, 13.122421225191628 ], [ 80.237482461608536, 13.122440391983108 ], [ 80.237485167108019, 13.122493456104969 ], [ 80.237490952124617, 13.122551879443863 ], [ 80.237499902113839, 13.122608292193336 ], [ 80.237504601410237, 13.12263286754977 ], [ 80.237508036375203, 13.122664173575062 ], [ 80.237506183882459, 13.122704283418727 ], [ 80.237538973617035, 13.122720165886925 ], [ 80.237543968828945, 13.122715786312206 ], [ 80.237576171395631, 13.122713255903392 ], [ 80.237607431556512, 13.122709987592804 ], [ 80.237659564547286, 13.122702703181035 ], [ 80.237696696790636, 13.122696102219006 ], [ 80.237744781460435, 13.122685595021785 ], [ 80.237779221567564, 13.122676951647845 ], [ 80.237825787690113, 13.122663164960192 ], [ 80.237941070960218, 13.122621531852001 ], [ 80.238014043785228, 13.122595177272068 ], [ 80.238108668674769, 13.122561004006268 ], [ 80.238182105361844, 13.122534395767488 ], [ 80.238273344012327, 13.122500977364798 ], [ 80.238352138322554, 13.12247211721489 ], [ 80.238426493887204, 13.122444884113113 ], [ 80.238528979824906, 13.122407346838687 ], [ 80.238557032629515, 13.122397071389933 ], [ 80.238590245018216, 13.122387749746412 ], [ 80.238622641368949, 13.122382190736902 ], [ 80.238683997074588, 13.122372746146473 ], [ 80.238767323131597, 13.122384546269995 ], [ 80.239383607829453, 13.122562220128929 ], [ 80.240974504351442, 13.122410626416439 ], [ 80.24243223465281, 13.122271711029734 ], [ 80.242264627408645, 13.122860269802876 ], [ 80.242168977663752, 13.123185678124536 ], [ 80.2420964397581, 13.123525350236791 ], [ 80.242083426420166, 13.123590355855812 ], [ 80.242070203223264, 13.123656406101182 ], [ 80.241986449202727, 13.124074774903695 ], [ 80.241945719156661, 13.124254046580035 ], [ 80.241884889568013, 13.124521779405002 ], [ 80.241808665149037, 13.124860265055718 ], [ 80.241753062003227, 13.12512240722817 ], [ 80.241739619441162, 13.125179904951239 ], [ 80.241687996402689, 13.125401006720807 ], [ 80.241606715598152, 13.12573384244485 ], [ 80.241548627049738, 13.12596396883789 ], [ 80.24146993922831, 13.126292862617902 ], [ 80.241388901405983, 13.126665964382358 ], [ 80.241382879659511, 13.126699416178967 ], [ 80.241379694543056, 13.126733241628948 ], [ 80.241379365230031, 13.126767205699242 ], [ 80.241376203396825, 13.126922131361638 ], [ 80.241474128112301, 13.126941054439417 ], [ 80.241474607556682, 13.126941147175657 ], [ 80.241474167895859, 13.126947332356691 ], [ 80.241472960413219, 13.127070577301895 ], [ 80.241470353584646, 13.127336598962541 ], [ 80.241468257207487, 13.127657249738963 ], [ 80.241461621177891, 13.127898123900829 ], [ 80.241459625773984, 13.127970559106583 ], [ 80.241457288071217, 13.128040898292035 ], [ 80.241456129448764, 13.128113626208465 ], [ 80.241457024424818, 13.128186360177029 ], [ 80.24145997502383, 13.128259042335527 ], [ 80.241464975878756, 13.128331618416702 ], [ 80.241468022894992, 13.128375883938459 ], [ 80.241467452737695, 13.128374686013123 ], [ 80.241467534861911, 13.128375883404271 ], [ 80.241469087203726, 13.12838982156549 ], [ 80.241573679302164, 13.12865160200646 ], [ 80.241595711583884, 13.128706745739006 ], [ 80.241512694920544, 13.129028148099806 ], [ 80.241510478226985, 13.129067764126416 ], [ 80.241552007670478, 13.129201191421327 ], [ 80.241562556781162, 13.12922507959393 ], [ 80.241570318814397, 13.129242657340241 ], [ 80.241625295586914, 13.129416390598866 ], [ 80.241638739868264, 13.129458875661893 ], [ 80.241664418569954, 13.129530440300002 ], [ 80.24167244829539, 13.129537749933817 ], [ 80.241711186573639, 13.12962083356568 ], [ 80.241693618917168, 13.129635322097624 ], [ 80.24167573761531, 13.12966814579584 ], [ 80.24160802929137, 13.129792434394417 ], [ 80.241608564641254, 13.129792349169769 ], [ 80.241623648579989, 13.129789949593825 ], [ 80.241623822782543, 13.129790002550276 ], [ 80.241631303424199, 13.129792253426594 ], [ 80.241637899950561, 13.129796706115194 ], [ 80.241667998345818, 13.12984162099 ], [ 80.241694730280173, 13.129879326772006 ], [ 80.241722977612994, 13.129915955604288 ], [ 80.241752696242074, 13.129951448583999 ], [ 80.241783837441304, 13.129985750411437 ], [ 80.241816351564637, 13.13001880487996 ], [ 80.241824627155111, 13.130026571850708 ], [ 80.241850187109748, 13.130050559394258 ], [ 80.241885290720788, 13.130080964066103 ], [ 80.241887648562724, 13.130082847208968 ], [ 80.241890981935157, 13.130085509925935 ], [ 80.24192160534875, 13.130109969900609 ], [ 80.241966180968262, 13.130152712123872 ], [ 80.241971894236116, 13.130158190268089 ], [ 80.241991725561434, 13.13017720505211 ], [ 80.242094211207615, 13.130275475125721 ], [ 80.242099312775409, 13.130280365549861 ], [ 80.242131658861808, 13.130311382344361 ], [ 80.242172360085675, 13.130350409557316 ], [ 80.242320890185411, 13.130522775269897 ], [ 80.24232123480499, 13.130522611721819 ], [ 80.24236692974489, 13.130500910045781 ], [ 80.242367078703623, 13.130501072334571 ], [ 80.242321377294715, 13.130522777608345 ], [ 80.242327460299421, 13.130529835551833 ], [ 80.242319981062522, 13.13053464100657 ], [ 80.242318601874544, 13.130535526669767 ], [ 80.242303907789903, 13.130544962943855 ], [ 80.242274748821984, 13.130558586430267 ], [ 80.242243380847384, 13.130573535281838 ], [ 80.242222103696164, 13.130579232322988 ], [ 80.242213821969443, 13.13058067905364 ], [ 80.242200386776801, 13.130583026553234 ], [ 80.242189151578557, 13.130583978130527 ], [ 80.242178174766622, 13.130584907863479 ], [ 80.242151760300075, 13.130585334610258 ], [ 80.242117186447771, 13.130582812264814 ], [ 80.242099616677436, 13.130578717878562 ], [ 80.242088344789494, 13.130577493859469 ], [ 80.242078448918932, 13.130576418563399 ], [ 80.242074974388302, 13.130576462581013 ], [ 80.242066675551115, 13.130576569245246 ], [ 80.242056292549066, 13.130576702321237 ], [ 80.241921158807628, 13.130607821643009 ], [ 80.2418738372468, 13.130618719690052 ], [ 80.241880864168976, 13.130655510227731 ], [ 80.241902134110532, 13.130781210244344 ], [ 80.241912900927588, 13.1308448409573 ], [ 80.242011198021174, 13.13142574417776 ], [ 80.24215219942181, 13.13236925700236 ], [ 80.242173419644018, 13.132511248562258 ], [ 80.242266031369994, 13.133308676014842 ], [ 80.242281773810006, 13.133444224440161 ], [ 80.242332414453998, 13.133632816928218 ], [ 80.242359406678091, 13.133746470039954 ], [ 80.242381766379282, 13.133843357560853 ], [ 80.242365965777793, 13.133873602330995 ], [ 80.242373701659005, 13.13398101677755 ], [ 80.242389075972284, 13.134174071559158 ], [ 80.242393930880993, 13.134238075449812 ], [ 80.242409474578366, 13.134442993711938 ], [ 80.242421428315112, 13.134587493307754 ], [ 80.242423950366245, 13.13461798191519 ], [ 80.242424256560142, 13.134623432375603 ], [ 80.242427631663901, 13.134683521280753 ], [ 80.242434205584843, 13.1347498594273 ], [ 80.242443601768301, 13.134815873142401 ], [ 80.242455515342343, 13.134879894200056 ], [ 80.242463887159758, 13.134949618409802 ], [ 80.242469638704264, 13.135019987728853 ], [ 80.242472683234013, 13.135089803848878 ], [ 80.242467416013525, 13.135211734755787 ], [ 80.242456798248824, 13.13531124495853 ], [ 80.242453726299203, 13.135340046146004 ], [ 80.242436361906201, 13.135454213304101 ], [ 80.24243132692817, 13.135481129800999 ], [ 80.242422665543856, 13.135510961579335 ], [ 80.242403186413313, 13.135542428825431 ], [ 80.242385165142807, 13.135588581710328 ], [ 80.242380013398872, 13.135612655989791 ], [ 80.242375665437862, 13.135651103845703 ], [ 80.242372791436267, 13.135662883316966 ], [ 80.242369109232854, 13.135677976979766 ], [ 80.242202752254698, 13.135685047795908 ], [ 80.241951350455039, 13.135689917556391 ], [ 80.241881091252012, 13.135693660906425 ], [ 80.241693909010593, 13.135703630335122 ], [ 80.241630569426889, 13.135707004308687 ], [ 80.2414005398131, 13.135718043441086 ], [ 80.241399107863543, 13.135718073577374 ], [ 80.241383205971331, 13.135718426332966 ], [ 80.241358134777357, 13.13571898080539 ], [ 80.241135369928287, 13.135723909808426 ], [ 80.24083740095341, 13.135717516837389 ], [ 80.24057188760878, 13.13572227216766 ], [ 80.240256259922845, 13.135729819640762 ], [ 80.240078305616009, 13.135727413267977 ], [ 80.239955347884347, 13.135725251558322 ], [ 80.239914477044096, 13.13572531344008 ], [ 80.239798477939914, 13.135736794749132 ], [ 80.239530012204668, 13.135739192998267 ], [ 80.23932351276062, 13.13575755866853 ], [ 80.239311737973551, 13.135579493305945 ], [ 80.239300391453199, 13.135579369332959 ], [ 80.239323051687322, 13.135970546552839 ], [ 80.239320325765533, 13.135975534142787 ], [ 80.239310275155859, 13.135977308280159 ], [ 80.239304606449096, 13.135978311442781 ], [ 80.239305167010542, 13.136032669401034 ], [ 80.239308636330549, 13.136055317871831 ], [ 80.239317238746324, 13.136131966200601 ], [ 80.23931189901451, 13.136137889130941 ], [ 80.238918736919175, 13.13614946978945 ], [ 80.238919632675263, 13.136180343300168 ], [ 80.23887547886045, 13.13667703981187 ], [ 80.238888369709514, 13.136745188789781 ], [ 80.238916107450919, 13.136905402934778 ], [ 80.238962101379428, 13.137129145239733 ], [ 80.238988373745798, 13.137244855325594 ], [ 80.239004154655703, 13.137314357379667 ], [ 80.239022626772737, 13.137354809438264 ], [ 80.239139822302491, 13.137611440703429 ], [ 80.239247735735262, 13.137957677735953 ], [ 80.239531756446809, 13.138932136044845 ], [ 80.239622830037632, 13.139597458837118 ], [ 80.23962238042833, 13.139600254167542 ], [ 80.239554082426821, 13.140024145365775 ], [ 80.239542409875966, 13.140096585293559 ], [ 80.239538127399868, 13.140123172090735 ], [ 80.23954620131866, 13.140276526698509 ], [ 80.239546566547915, 13.140283458394867 ], [ 80.239546412277207, 13.140284420901004 ], [ 80.239546814072284, 13.140288166339955 ], [ 80.239550270445704, 13.140312042656101 ], [ 80.239646181296706, 13.140974772020677 ], [ 80.239647312345312, 13.14098258575809 ], [ 80.239686486131788, 13.141019790560494 ], [ 80.239702246163461, 13.141144148813471 ], [ 80.239750355926873, 13.141523762406612 ], [ 80.239788194806465, 13.141866072198884 ], [ 80.23981986622384, 13.142163984298222 ], [ 80.239820251060138, 13.142173240723961 ], [ 80.239825757682439, 13.142185675148953 ], [ 80.239835468868705, 13.142195340716599 ], [ 80.240009718685997, 13.142193026621378 ], [ 80.240236225553133, 13.142190018700784 ], [ 80.240240806717367, 13.142197987301461 ], [ 80.240243668195035, 13.142224528308036 ], [ 80.240244494696825, 13.142413504648344 ], [ 80.240250616778809, 13.142521584291041 ], [ 80.240268788849619, 13.142554781976122 ], [ 80.240310853356092, 13.142631626789266 ], [ 80.24031064089499, 13.142646706241866 ], [ 80.240162961290068, 13.142858548319891 ], [ 80.240036846830634, 13.143006175182883 ], [ 80.239971763562977, 13.143082359713484 ], [ 80.239965331901374, 13.143089888877352 ], [ 80.239951125948423, 13.143106518334092 ], [ 80.239891152861105, 13.1431752538608 ], [ 80.239664762100915, 13.143361991334148 ], [ 80.239663946114419, 13.143362119124248 ], [ 80.239444584309169, 13.14339643168312 ], [ 80.239381228450696, 13.143425711793595 ], [ 80.239286850629611, 13.143469328253293 ], [ 80.239244171417951, 13.143489053450264 ], [ 80.239037442384543, 13.143584591357168 ], [ 80.239094594566055, 13.143738866987833 ], [ 80.239166089723199, 13.143927913172687 ], [ 80.239283207123634, 13.144240186205458 ], [ 80.239576484967003, 13.145012436191822 ], [ 80.239629045581239, 13.145165010016582 ], [ 80.239758182289037, 13.145539868450014 ], [ 80.239789907332693, 13.145631960862188 ], [ 80.239803499204825, 13.145659005587408 ], [ 80.23982164226571, 13.145658523962295 ], [ 80.240073189218307, 13.145648142589497 ], [ 80.240393881841001, 13.145635513146432 ], [ 80.240595226791882, 13.145636263577043 ], [ 80.240631850117893, 13.145634555252956 ], [ 80.240845425434259, 13.145632593784505 ], [ 80.240876846297184, 13.145629913427941 ], [ 80.241245464395931, 13.145596961724694 ], [ 80.241730355898525, 13.145521470386903 ], [ 80.241767493627847, 13.14551568823253 ], [ 80.241785522021544, 13.145511384118439 ], [ 80.242225633117997, 13.145406307554053 ], [ 80.24239865142934, 13.14536500145292 ], [ 80.242566287052071, 13.145317094154517 ], [ 80.242666363330059, 13.145290883582618 ], [ 80.242807122223425, 13.145310555686283 ], [ 80.242919641428784, 13.145394321257823 ], [ 80.242932186103644, 13.145408846044832 ], [ 80.243041993662018, 13.145535989343086 ], [ 80.243080372599323, 13.145654997050528 ], [ 80.24308982272882, 13.145684895707788 ], [ 80.243098650202214, 13.145722882321797 ], [ 80.243134588435353, 13.145877535058329 ], [ 80.243771738254082, 13.14576774643178 ], [ 80.244431928097939, 13.145651701819311 ], [ 80.244945018860591, 13.145540695601213 ], [ 80.245117064448721, 13.145509351688416 ], [ 80.245792797347292, 13.145420852829863 ], [ 80.245811080452199, 13.14548627404298 ], [ 80.24582780223507, 13.145506472091652 ], [ 80.245837783280379, 13.145518527112724 ], [ 80.245845265560519, 13.145530074784949 ], [ 80.245857803998817, 13.145549420565324 ], [ 80.245923069074721, 13.145546280088219 ], [ 80.246026672453823, 13.146170160099958 ], [ 80.247110068644332, 13.145971743607792 ], [ 80.24722079781003, 13.145874918008101 ], [ 80.247278113767962, 13.145870819881504 ], [ 80.247641758916785, 13.145856028603784 ], [ 80.247730939139501, 13.145852400685396 ], [ 80.247904500170762, 13.14582603329092 ], [ 80.247916327882876, 13.145966984283932 ], [ 80.248402682743517, 13.147666441752051 ], [ 80.248853938295667, 13.147706253301401 ], [ 80.248918666795788, 13.147711964363593 ], [ 80.249997472655991, 13.147807137908574 ], [ 80.250037147250083, 13.147809751963056 ], [ 80.250949938111845, 13.147869897847983 ], [ 80.25276594715173, 13.147780306354401 ], [ 80.254608087309492, 13.147501295205133 ], [ 80.255129536850632, 13.147422313941371 ], [ 80.255389962447538, 13.147382868153235 ], [ 80.255392614811825, 13.147385690588493 ], [ 80.255442384165264, 13.147378762175634 ], [ 80.255456209922926, 13.147453373692855 ], [ 80.255561172955311, 13.148019818861533 ], [ 80.255665238676656, 13.14840697359039 ], [ 80.255982996035314, 13.149589109024136 ], [ 80.256073300076793, 13.14981274215741 ], [ 80.256136477266182, 13.149922917339445 ], [ 80.256159989852605, 13.149961514848092 ], [ 80.25644930633382, 13.150869453384303 ], [ 80.256746590361985, 13.15193932390045 ], [ 80.256821601434297, 13.153170664799081 ], [ 80.257054422396109, 13.154867919424193 ], [ 80.257062820031479, 13.155159127070167 ], [ 80.257194007754549, 13.156140391361735 ], [ 80.257315218308264, 13.156797213418884 ], [ 80.257474829983209, 13.157218692992002 ], [ 80.258056988808477, 13.158937251006073 ], [ 80.25805664139699, 13.158938638841535 ], [ 80.257918104371797, 13.159492309406819 ], [ 80.257768723303101, 13.16006774314382 ], [ 80.256967893555839, 13.160817834143437 ], [ 80.256860476413621, 13.161153381716241 ], [ 80.256876273118777, 13.161357179818774 ], [ 80.256876098927535, 13.161357420733836 ], [ 80.256876265908431, 13.161359572289339 ], [ 80.256772193343181, 13.161503724740522 ], [ 80.256201556789776, 13.161711247137369 ], [ 80.25596405443315, 13.161892751812436 ], [ 80.256078683360428, 13.162671781872936 ], [ 80.256157214090479, 13.162710481852125 ], [ 80.256407040197999, 13.163649408262431 ], [ 80.256436135559738, 13.163776671593798 ], [ 80.25645441200713, 13.163846528114281 ], [ 80.256453831025325, 13.163846728970475 ], [ 80.256437985623251, 13.163852214920588 ], [ 80.256324856542179, 13.163891383221042 ], [ 80.256302361215276, 13.163899025383492 ], [ 80.256253779429414, 13.163915530807225 ], [ 80.256212669916252, 13.163929496296216 ], [ 80.256094931235893, 13.163969495651017 ], [ 80.255877693552534, 13.164043410315395 ], [ 80.255849774194246, 13.164054850593905 ], [ 80.255720316894966, 13.164107770151118 ], [ 80.25557094244401, 13.164168858217671 ], [ 80.255567419173389, 13.164169911329839 ], [ 80.255482593006846, 13.164204989377165 ], [ 80.255391140027498, 13.16424280867002 ], [ 80.255390781576054, 13.164242955917697 ], [ 80.255390211555621, 13.164243192970838 ], [ 80.255368138277788, 13.164252524397446 ], [ 80.255234137868172, 13.164309265195422 ], [ 80.255204959304692, 13.16432151099856 ], [ 80.254941211442102, 13.164433014561258 ], [ 80.254908582816995, 13.164446808237315 ], [ 80.254656290812036, 13.164553466631418 ], [ 80.254491516027514, 13.164624617278291 ], [ 80.254419278270433, 13.164657758570261 ], [ 80.253960077758222, 13.164868433739205 ], [ 80.25395520839588, 13.16487096398113 ], [ 80.253924041975878, 13.164889995232796 ], [ 80.253800285429961, 13.164961441845104 ], [ 80.253779122799116, 13.164973801198302 ], [ 80.253760545656931, 13.164987351651687 ], [ 80.253362758851424, 13.165160295107878 ], [ 80.252450046291386, 13.165557109291838 ], [ 80.252209880064058, 13.16566776173298 ], [ 80.252008709427571, 13.165756041259097 ], [ 80.251812948655186, 13.165850640404674 ], [ 80.250672860547837, 13.166401567123142 ], [ 80.250667691355645, 13.166984655286035 ], [ 80.250667670370561, 13.166987005215185 ], [ 80.250429909310014, 13.167007257433232 ], [ 80.249172052448984, 13.167114389354579 ], [ 80.248570379955908, 13.167079309153012 ], [ 80.24738724492866, 13.167010323192049 ], [ 80.246496420930114, 13.166954753836585 ], [ 80.24649642784631, 13.166952491574868 ], [ 80.246484352581575, 13.166951825904693 ], [ 80.244816622064675, 13.166858023604926 ], [ 80.244478376957957, 13.166733932776548 ], [ 80.244185019260954, 13.166626309684849 ], [ 80.243815717248651, 13.166547125332871 ], [ 80.243398874957478, 13.166457747558264 ], [ 80.242471094350918, 13.166258812949406 ], [ 80.242149602624195, 13.166203584584519 ], [ 80.241242866120345, 13.166050908180729 ], [ 80.241040037584099, 13.165898161640071 ], [ 80.240455044429865, 13.165457613269972 ], [ 80.240111361233829, 13.165379446220035 ], [ 80.239830312342946, 13.165315524339894 ], [ 80.239645352444853, 13.16527345711622 ], [ 80.2392964519331, 13.165194102622399 ], [ 80.239065675770959, 13.165234799706464 ], [ 80.238928025597914, 13.165259074156456 ], [ 80.238850542262014, 13.165272738171137 ], [ 80.238615415852067, 13.165314201353231 ], [ 80.238449340233558, 13.165343487231031 ], [ 80.238144485623991, 13.165291127993342 ], [ 80.238069620725071, 13.165278269761073 ], [ 80.237816238430355, 13.165234750354953 ], [ 80.237813630730116, 13.165241365788816 ], [ 80.237717831715258, 13.165484504985061 ], [ 80.237711739701865, 13.165485813337567 ], [ 80.23771000153971, 13.165490223325339 ], [ 80.237379433593361, 13.165561203032166 ], [ 80.237090625999471, 13.165623215718917 ], [ 80.236226948265482, 13.165751230093909 ], [ 80.236188041375243, 13.165756996967888 ], [ 80.236181715208701, 13.165757934773779 ], [ 80.236137876785548, 13.165897292435069 ], [ 80.234876461556311, 13.166162549328032 ], [ 80.234502485645436, 13.166241190837452 ], [ 80.233894609306176, 13.166360518415035 ], [ 80.233894504057346, 13.166360537993011 ], [ 80.23357022720667, 13.166423117083168 ], [ 80.232757222619256, 13.166580010418508 ], [ 80.232082306003591, 13.166710253798279 ], [ 80.231794789954492, 13.165977579962949 ], [ 80.231513043397243, 13.166025010214746 ], [ 80.231447512697301, 13.165682509728477 ], [ 80.23133828856885, 13.165363444209291 ], [ 80.231331953825133, 13.165344940047127 ], [ 80.231318167905272, 13.165304667881943 ], [ 80.231217916746246, 13.165011816244172 ], [ 80.231172257442836, 13.164773271684906 ], [ 80.231134752074524, 13.1645773233629 ], [ 80.231075376394912, 13.16426711255399 ], [ 80.231059301152655, 13.164183128750141 ], [ 80.230772637227886, 13.164098233025484 ], [ 80.230729267399482, 13.164085389299421 ], [ 80.229172892386501, 13.163624462009619 ], [ 80.228579563760192, 13.16319248516657 ], [ 80.228571732541766, 13.163198203218672 ], [ 80.228111440542307, 13.163501326136224 ], [ 80.227893353540878, 13.163468947865358 ], [ 80.227527120320843, 13.163474627557283 ], [ 80.227503155064127, 13.163475000306244 ], [ 80.227287837435341, 13.163480223202887 ], [ 80.227239455641239, 13.163480996229369 ], [ 80.227000769110447, 13.163487086183093 ], [ 80.226679765429637, 13.163489756989762 ], [ 80.226646456398655, 13.163490034603129 ], [ 80.226478499720699, 13.163494891330187 ], [ 80.226380030613882, 13.163497739381684 ], [ 80.225959031146814, 13.163508143439079 ], [ 80.225957568567679, 13.163508180621909 ], [ 80.22595652018407, 13.163508247083294 ], [ 80.225955098038213, 13.163508336830775 ], [ 80.2254378188386, 13.163541025433439 ], [ 80.225380507540649, 13.163544645573726 ], [ 80.225380997779382, 13.163549838887123 ], [ 80.22538617795054, 13.163604691570447 ], [ 80.225394560321476, 13.163693460878363 ], [ 80.225461432011812, 13.164401598422577 ], [ 80.225485778283414, 13.164659411801981 ], [ 80.225494361621131, 13.16475031016256 ], [ 80.225532387537768, 13.16515299635398 ], [ 80.225567504261008, 13.165524850974593 ], [ 80.2255761384354, 13.16564099163174 ], [ 80.225618870183709, 13.166215819085776 ], [ 80.225619290537495, 13.166418296429923 ], [ 80.225620712012429, 13.167101522276271 ], [ 80.225621352801781, 13.167409735720481 ], [ 80.225622395092472, 13.167911128683093 ], [ 80.225622569849506, 13.167995290789824 ], [ 80.225620172051237, 13.168203094297363 ], [ 80.225620171758592, 13.168203187427588 ], [ 80.225615989711173, 13.168565649170912 ], [ 80.226059753325018, 13.168974307091192 ], [ 80.226117083414721, 13.169027101765781 ], [ 80.226191455607932, 13.169095590224856 ], [ 80.226667661382876, 13.169532617978241 ], [ 80.226712533584859, 13.16979436842832 ], [ 80.226732653195569, 13.16991173356354 ], [ 80.22674253632124, 13.169969382566217 ], [ 80.226746662991616, 13.170069554341648 ], [ 80.226748619555465, 13.170117057101498 ], [ 80.226756273543259, 13.170302863157882 ], [ 80.226756867772565, 13.170317270431605 ], [ 80.226760400202821, 13.170403039452014 ], [ 80.226764051023707, 13.170491658821307 ], [ 80.226766697830442, 13.170555905557922 ], [ 80.226775284548495, 13.170582392420545 ], [ 80.226799530444438, 13.170657177421965 ], [ 80.226783102418835, 13.170685694754715 ], [ 80.226752812568705, 13.170738274994294 ], [ 80.226731507026258, 13.170873232801775 ], [ 80.226713154737766, 13.170989481962579 ], [ 80.226690131029258, 13.171135321880238 ], [ 80.226666366401119, 13.171285847760984 ], [ 80.226659690678559, 13.171328133571134 ], [ 80.22600120821194, 13.17128820304462 ], [ 80.225450297562674, 13.171589003210897 ], [ 80.224902875320836, 13.171707965675697 ], [ 80.223526099933977, 13.170884151239971 ], [ 80.22328466009175, 13.170691856304998 ], [ 80.222971405962952, 13.170708401160482 ], [ 80.22242393556256, 13.169910525859876 ], [ 80.221825360843994, 13.169908218596902 ], [ 80.221699438658135, 13.169842956945022 ], [ 80.22150231579522, 13.169908146559308 ], [ 80.220791754591858, 13.169731579970557 ], [ 80.220321466738142, 13.169432466919154 ], [ 80.220244606050699, 13.169271164707565 ], [ 80.22009328922293, 13.169186271251091 ], [ 80.220138793214289, 13.168840000259975 ], [ 80.219886609540211, 13.168640400955841 ], [ 80.219497118270908, 13.16862115922647 ], [ 80.218921877785547, 13.169008346592285 ], [ 80.217727030614057, 13.169718975272845 ], [ 80.217577709546134, 13.170942809184041 ], [ 80.217504399700871, 13.170995140401535 ], [ 80.217449537974773, 13.171348062220304 ], [ 80.217379431206169, 13.171498136365843 ], [ 80.217430292081417, 13.171760820295717 ], [ 80.217350626832157, 13.171946296604281 ], [ 80.217189791646092, 13.172095181582446 ], [ 80.216529099684564, 13.172299687649272 ], [ 80.216514726195328, 13.172034579689022 ], [ 80.21509903298103, 13.172205267323303 ], [ 80.214805481715572, 13.172158951100831 ], [ 80.212781058433364, 13.173012377593166 ], [ 80.210815267582035, 13.173732992323673 ], [ 80.210568694448781, 13.173823379762474 ], [ 80.209390715909052, 13.174138066662019 ], [ 80.208446578745551, 13.174572125393352 ], [ 80.208082024094139, 13.17450752579275 ], [ 80.206216289898052, 13.17436758791168 ], [ 80.205439304827664, 13.174884496163648 ] ] ] } }
]
}
